# XENOASIS Real 3D UFO Spaceship Model
# Generated 10/3/2026 6:46:50 PM
v 0.0000 0.1600 0.0000
v 0.0000 0.1600 2.6000
v 0.0000 0.0000 2.6000
v 0.6729 0.1600 2.5114
v 0.6729 0.0000 2.5114
v 1.3000 0.1600 2.2517
v 1.3000 0.0000 2.2517
v 1.8385 0.1600 1.8385
v 1.8385 0.0000 1.8385
v 2.2517 0.1600 1.3000
v 2.2517 0.0000 1.3000
v 2.5114 0.1600 0.6729
v 2.5114 0.0000 0.6729
v 2.6000 0.1600 0.0000
v 2.6000 0.0000 0.0000
v 2.5114 0.1600 -0.6729
v 2.5114 0.0000 -0.6729
v 2.2517 0.1600 -1.3000
v 2.2517 0.0000 -1.3000
v 1.8385 0.1600 -1.8385
v 1.8385 0.0000 -1.8385
v 1.3000 0.1600 -2.2517
v 1.3000 0.0000 -2.2517
v 0.6729 0.1600 -2.5114
v 0.6729 0.0000 -2.5114
v 0.0000 0.1600 -2.6000
v 0.0000 0.0000 -2.6000
v -0.6729 0.1600 -2.5114
v -0.6729 0.0000 -2.5114
v -1.3000 0.1600 -2.2517
v -1.3000 0.0000 -2.2517
v -1.8385 0.1600 -1.8385
v -1.8385 0.0000 -1.8385
v -2.2517 0.1600 -1.3000
v -2.2517 0.0000 -1.3000
v -2.5114 0.1600 -0.6729
v -2.5114 0.0000 -0.6729
v -2.6000 0.1600 0.0000
v -2.6000 0.0000 0.0000
v -2.5114 0.1600 0.6729
v -2.5114 0.0000 0.6729
v -2.2517 0.1600 1.3000
v -2.2517 0.0000 1.3000
v -1.8385 0.1600 1.8385
v -1.8385 0.0000 1.8385
v -1.3000 0.1600 2.2517
v -1.3000 0.0000 2.2517
v -0.6729 0.1600 2.5114
v -0.6729 0.0000 2.5114
v 0.0000 0.0200 -2.9500
v -0.5755 0.0200 -2.8933
v -0.0098 0.0200 -0.0490
v 0.0000 0.0200 -0.0500
v -0.5755 0.0200 -2.8933
v -1.1289 0.0200 -2.7254
v -0.0191 0.0200 -0.0462
v -0.0098 0.0200 -0.0490
v -1.1289 0.0200 -2.7254
v -1.6389 0.0200 -2.4528
v -0.0278 0.0200 -0.0416
v -0.0191 0.0200 -0.0462
v -1.6389 0.0200 -2.4528
v -2.0860 0.0200 -2.0860
v -0.0354 0.0200 -0.0354
v -0.0278 0.0200 -0.0416
v -2.0860 0.0200 -2.0860
v -2.4528 0.0200 -1.6389
v -0.0416 0.0200 -0.0278
v -0.0354 0.0200 -0.0354
v -2.4528 0.0200 -1.6389
v -2.7254 0.0200 -1.1289
v -0.0462 0.0200 -0.0191
v -0.0416 0.0200 -0.0278
v -2.7254 0.0200 -1.1289
v -2.8933 0.0200 -0.5755
v -0.0490 0.0200 -0.0098
v -0.0462 0.0200 -0.0191
v -2.8933 0.0200 -0.5755
v -2.9500 0.0200 0.0000
v -0.0500 0.0200 0.0000
v -0.0490 0.0200 -0.0098
v -2.9500 0.0200 0.0000
v -2.8933 0.0200 0.5755
v -0.0490 0.0200 0.0098
v -0.0500 0.0200 0.0000
v -2.8933 0.0200 0.5755
v -2.7254 0.0200 1.1289
v -0.0462 0.0200 0.0191
v -0.0490 0.0200 0.0098
v -2.7254 0.0200 1.1289
v -2.4528 0.0200 1.6389
v -0.0416 0.0200 0.0278
v -0.0462 0.0200 0.0191
v -2.4528 0.0200 1.6389
v -2.0860 0.0200 2.0860
v -0.0354 0.0200 0.0354
v -0.0416 0.0200 0.0278
v -2.0860 0.0200 2.0860
v -1.6389 0.0200 2.4528
v -0.0278 0.0200 0.0416
v -0.0354 0.0200 0.0354
v -1.6389 0.0200 2.4528
v -1.1289 0.0200 2.7254
v -0.0191 0.0200 0.0462
v -0.0278 0.0200 0.0416
v -1.1289 0.0200 2.7254
v -0.5755 0.0200 2.8933
v -0.0098 0.0200 0.0490
v -0.0191 0.0200 0.0462
v -0.5755 0.0200 2.8933
v 0.0000 0.0200 2.9500
v 0.0000 0.0200 0.0500
v -0.0098 0.0200 0.0490
v 0.0000 0.0200 2.9500
v 0.5755 0.0200 2.8933
v 0.0098 0.0200 0.0490
v 0.0000 0.0200 0.0500
v 0.5755 0.0200 2.8933
v 1.1289 0.0200 2.7254
v 0.0191 0.0200 0.0462
v 0.0098 0.0200 0.0490
v 1.1289 0.0200 2.7254
v 1.6389 0.0200 2.4528
v 0.0278 0.0200 0.0416
v 0.0191 0.0200 0.0462
v 1.6389 0.0200 2.4528
v 2.0860 0.0200 2.0860
v 0.0354 0.0200 0.0354
v 0.0278 0.0200 0.0416
v 2.0860 0.0200 2.0860
v 2.4528 0.0200 1.6389
v 0.0416 0.0200 0.0278
v 0.0354 0.0200 0.0354
v 2.4528 0.0200 1.6389
v 2.7254 0.0200 1.1289
v 0.0462 0.0200 0.0191
v 0.0416 0.0200 0.0278
v 2.7254 0.0200 1.1289
v 2.8933 0.0200 0.5755
v 0.0490 0.0200 0.0098
v 0.0462 0.0200 0.0191
v 2.8933 0.0200 0.5755
v 2.9500 0.0200 0.0000
v 0.0500 0.0200 0.0000
v 0.0490 0.0200 0.0098
v 2.9500 0.0200 0.0000
v 2.8933 0.0200 -0.5755
v 0.0490 0.0200 -0.0098
v 0.0500 0.0200 0.0000
v 2.8933 0.0200 -0.5755
v 2.7254 0.0200 -1.1289
v 0.0462 0.0200 -0.0191
v 0.0490 0.0200 -0.0098
v 2.7254 0.0200 -1.1289
v 2.4528 0.0200 -1.6389
v 0.0416 0.0200 -0.0278
v 0.0462 0.0200 -0.0191
v 2.4528 0.0200 -1.6389
v 2.0860 0.0200 -2.0860
v 0.0354 0.0200 -0.0354
v 0.0416 0.0200 -0.0278
v 2.0860 0.0200 -2.0860
v 1.6389 0.0200 -2.4528
v 0.0278 0.0200 -0.0416
v 0.0354 0.0200 -0.0354
v 1.6389 0.0200 -2.4528
v 1.1289 0.0200 -2.7254
v 0.0191 0.0200 -0.0462
v 0.0278 0.0200 -0.0416
v 1.1289 0.0200 -2.7254
v 0.5755 0.0200 -2.8933
v 0.0098 0.0200 -0.0490
v 0.0191 0.0200 -0.0462
v 0.5755 0.0200 -2.8933
v 0.0000 0.0200 -2.9500
v 0.0000 0.0200 -0.0500
v 0.0098 0.0200 -0.0490
v 0.0000 0.0200 -2.9500
v -0.5755 0.0200 -2.8933
v -0.5755 0.1600 -2.8933
v 0.0000 0.1600 -2.9500
v -0.5755 0.0200 -2.8933
v -1.1289 0.0200 -2.7254
v -1.1289 0.1600 -2.7254
v -0.5755 0.1600 -2.8933
v -1.1289 0.0200 -2.7254
v -1.6389 0.0200 -2.4528
v -1.6389 0.1600 -2.4528
v -1.1289 0.1600 -2.7254
v -1.6389 0.0200 -2.4528
v -2.0860 0.0200 -2.0860
v -2.0860 0.1600 -2.0860
v -1.6389 0.1600 -2.4528
v -2.0860 0.0200 -2.0860
v -2.4528 0.0200 -1.6389
v -2.4528 0.1600 -1.6389
v -2.0860 0.1600 -2.0860
v -2.4528 0.0200 -1.6389
v -2.7254 0.0200 -1.1289
v -2.7254 0.1600 -1.1289
v -2.4528 0.1600 -1.6389
v -2.7254 0.0200 -1.1289
v -2.8933 0.0200 -0.5755
v -2.8933 0.1600 -0.5755
v -2.7254 0.1600 -1.1289
v -2.8933 0.0200 -0.5755
v -2.9500 0.0200 0.0000
v -2.9500 0.1600 0.0000
v -2.8933 0.1600 -0.5755
v -2.9500 0.0200 0.0000
v -2.8933 0.0200 0.5755
v -2.8933 0.1600 0.5755
v -2.9500 0.1600 0.0000
v -2.8933 0.0200 0.5755
v -2.7254 0.0200 1.1289
v -2.7254 0.1600 1.1289
v -2.8933 0.1600 0.5755
v -2.7254 0.0200 1.1289
v -2.4528 0.0200 1.6389
v -2.4528 0.1600 1.6389
v -2.7254 0.1600 1.1289
v -2.4528 0.0200 1.6389
v -2.0860 0.0200 2.0860
v -2.0860 0.1600 2.0860
v -2.4528 0.1600 1.6389
v -2.0860 0.0200 2.0860
v -1.6389 0.0200 2.4528
v -1.6389 0.1600 2.4528
v -2.0860 0.1600 2.0860
v -1.6389 0.0200 2.4528
v -1.1289 0.0200 2.7254
v -1.1289 0.1600 2.7254
v -1.6389 0.1600 2.4528
v -1.1289 0.0200 2.7254
v -0.5755 0.0200 2.8933
v -0.5755 0.1600 2.8933
v -1.1289 0.1600 2.7254
v -0.5755 0.0200 2.8933
v 0.0000 0.0200 2.9500
v 0.0000 0.1600 2.9500
v -0.5755 0.1600 2.8933
v 0.0000 0.0200 2.9500
v 0.5755 0.0200 2.8933
v 0.5755 0.1600 2.8933
v 0.0000 0.1600 2.9500
v 0.5755 0.0200 2.8933
v 1.1289 0.0200 2.7254
v 1.1289 0.1600 2.7254
v 0.5755 0.1600 2.8933
v 1.1289 0.0200 2.7254
v 1.6389 0.0200 2.4528
v 1.6389 0.1600 2.4528
v 1.1289 0.1600 2.7254
v 1.6389 0.0200 2.4528
v 2.0860 0.0200 2.0860
v 2.0860 0.1600 2.0860
v 1.6389 0.1600 2.4528
v 2.0860 0.0200 2.0860
v 2.4528 0.0200 1.6389
v 2.4528 0.1600 1.6389
v 2.0860 0.1600 2.0860
v 2.4528 0.0200 1.6389
v 2.7254 0.0200 1.1289
v 2.7254 0.1600 1.1289
v 2.4528 0.1600 1.6389
v 2.7254 0.0200 1.1289
v 2.8933 0.0200 0.5755
v 2.8933 0.1600 0.5755
v 2.7254 0.1600 1.1289
v 2.8933 0.0200 0.5755
v 2.9500 0.0200 0.0000
v 2.9500 0.1600 0.0000
v 2.8933 0.1600 0.5755
v 2.9500 0.0200 0.0000
v 2.8933 0.0200 -0.5755
v 2.8933 0.1600 -0.5755
v 2.9500 0.1600 0.0000
v 2.8933 0.0200 -0.5755
v 2.7254 0.0200 -1.1289
v 2.7254 0.1600 -1.1289
v 2.8933 0.1600 -0.5755
v 2.7254 0.0200 -1.1289
v 2.4528 0.0200 -1.6389
v 2.4528 0.1600 -1.6389
v 2.7254 0.1600 -1.1289
v 2.4528 0.0200 -1.6389
v 2.0860 0.0200 -2.0860
v 2.0860 0.1600 -2.0860
v 2.4528 0.1600 -1.6389
v 2.0860 0.0200 -2.0860
v 1.6389 0.0200 -2.4528
v 1.6389 0.1600 -2.4528
v 2.0860 0.1600 -2.0860
v 1.6389 0.0200 -2.4528
v 1.1289 0.0200 -2.7254
v 1.1289 0.1600 -2.7254
v 1.6389 0.1600 -2.4528
v 1.1289 0.0200 -2.7254
v 0.5755 0.0200 -2.8933
v 0.5755 0.1600 -2.8933
v 1.1289 0.1600 -2.7254
v 0.5755 0.0200 -2.8933
v 0.0000 0.0200 -2.9500
v 0.0000 0.1600 -2.9500
v 0.5755 0.1600 -2.8933
v 0.0000 0.1650 2.4500
v 0.6341 0.1650 2.3665
v 0.6470 0.1650 2.4148
v 0.0000 0.1650 2.5000
v 0.6341 0.1650 2.3665
v 1.2250 0.1650 2.1218
v 1.2500 0.1650 2.1651
v 0.6470 0.1650 2.4148
v 1.2250 0.1650 2.1218
v 1.7324 0.1650 1.7324
v 1.7678 0.1650 1.7678
v 1.2500 0.1650 2.1651
v 1.7324 0.1650 1.7324
v 2.1218 0.1650 1.2250
v 2.1651 0.1650 1.2500
v 1.7678 0.1650 1.7678
v 2.1218 0.1650 1.2250
v 2.3665 0.1650 0.6341
v 2.4148 0.1650 0.6470
v 2.1651 0.1650 1.2500
v 2.3665 0.1650 0.6341
v 2.4500 0.1650 0.0000
v 2.5000 0.1650 0.0000
v 2.4148 0.1650 0.6470
v 2.4500 0.1650 0.0000
v 2.3665 0.1650 -0.6341
v 2.4148 0.1650 -0.6470
v 2.5000 0.1650 0.0000
v 2.3665 0.1650 -0.6341
v 2.1218 0.1650 -1.2250
v 2.1651 0.1650 -1.2500
v 2.4148 0.1650 -0.6470
v 2.1218 0.1650 -1.2250
v 1.7324 0.1650 -1.7324
v 1.7678 0.1650 -1.7678
v 2.1651 0.1650 -1.2500
v 1.7324 0.1650 -1.7324
v 1.2250 0.1650 -2.1218
v 1.2500 0.1650 -2.1651
v 1.7678 0.1650 -1.7678
v 1.2250 0.1650 -2.1218
v 0.6341 0.1650 -2.3665
v 0.6470 0.1650 -2.4148
v 1.2500 0.1650 -2.1651
v 0.6341 0.1650 -2.3665
v 0.0000 0.1650 -2.4500
v 0.0000 0.1650 -2.5000
v 0.6470 0.1650 -2.4148
v 0.0000 0.1650 -2.4500
v -0.6341 0.1650 -2.3665
v -0.6470 0.1650 -2.4148
v 0.0000 0.1650 -2.5000
v -0.6341 0.1650 -2.3665
v -1.2250 0.1650 -2.1218
v -1.2500 0.1650 -2.1651
v -0.6470 0.1650 -2.4148
v -1.2250 0.1650 -2.1218
v -1.7324 0.1650 -1.7324
v -1.7678 0.1650 -1.7678
v -1.2500 0.1650 -2.1651
v -1.7324 0.1650 -1.7324
v -2.1218 0.1650 -1.2250
v -2.1651 0.1650 -1.2500
v -1.7678 0.1650 -1.7678
v -2.1218 0.1650 -1.2250
v -2.3665 0.1650 -0.6341
v -2.4148 0.1650 -0.6470
v -2.1651 0.1650 -1.2500
v -2.3665 0.1650 -0.6341
v -2.4500 0.1650 0.0000
v -2.5000 0.1650 0.0000
v -2.4148 0.1650 -0.6470
v -2.4500 0.1650 0.0000
v -2.3665 0.1650 0.6341
v -2.4148 0.1650 0.6470
v -2.5000 0.1650 0.0000
v -2.3665 0.1650 0.6341
v -2.1218 0.1650 1.2250
v -2.1651 0.1650 1.2500
v -2.4148 0.1650 0.6470
v -2.1218 0.1650 1.2250
v -1.7324 0.1650 1.7324
v -1.7678 0.1650 1.7678
v -2.1651 0.1650 1.2500
v -1.7324 0.1650 1.7324
v -1.2250 0.1650 2.1218
v -1.2500 0.1650 2.1651
v -1.7678 0.1650 1.7678
v -1.2250 0.1650 2.1218
v -0.6341 0.1650 2.3665
v -0.6470 0.1650 2.4148
v -1.2500 0.1650 2.1651
v -0.6341 0.1650 2.3665
v 0.0000 0.1650 2.4500
v 0.0000 0.1650 2.5000
v -0.6470 0.1650 2.4148
v -1.4048 0.1600 0.6551
v -1.9486 0.1600 0.9086
v -1.3595 0.7500 0.6339
v -1.9032 0.9800 0.8875
v -1.2981 0.1600 0.8470
v -1.8006 0.1600 1.1749
v -1.2562 0.7500 0.8197
v -1.7587 0.9800 1.1476
v -1.1654 0.1600 1.0220
v -1.6165 0.1600 1.4176
v -1.1278 0.7500 0.9890
v -1.5789 0.9800 1.3846
v -1.0092 0.1600 1.1764
v -1.3999 0.1600 1.6318
v -0.9767 0.7500 1.1385
v -1.3673 0.9800 1.5939
v -0.8328 0.1600 1.3073
v -1.1552 0.1600 1.8133
v -0.8059 0.7500 1.2651
v -1.1283 0.9800 1.7711
v -0.6397 0.1600 1.4118
v -0.8873 0.1600 1.9584
v -0.6191 0.7500 1.3663
v -0.8667 0.9800 1.9128
v -0.4337 0.1600 1.4881
v -0.6016 0.1600 2.0641
v -0.4197 0.7500 1.4401
v -0.5876 0.9800 2.0161
v -0.2191 0.1600 1.5344
v -0.3039 0.1600 2.1284
v -0.2120 0.7500 1.4849
v -0.2968 0.9800 2.0789
v 0.0000 0.1600 1.5500
v 0.0000 0.1600 2.1500
v 0.0000 0.7500 1.5000
v 0.0000 0.9800 2.1000
v 0.2191 0.1600 1.5344
v 0.3039 0.1600 2.1284
v 0.2120 0.7500 1.4849
v 0.2968 0.9800 2.0789
v 0.4337 0.1600 1.4881
v 0.6016 0.1600 2.0641
v 0.4197 0.7500 1.4401
v 0.5876 0.9800 2.0161
v 0.6397 0.1600 1.4118
v 0.8873 0.1600 1.9584
v 0.6191 0.7500 1.3663
v 0.8667 0.9800 1.9128
v 0.8328 0.1600 1.3073
v 1.1552 0.1600 1.8133
v 0.8059 0.7500 1.2651
v 1.1283 0.9800 1.7711
v 1.0092 0.1600 1.1764
v 1.3999 0.1600 1.6318
v 0.9767 0.7500 1.1385
v 1.3673 0.9800 1.5939
v 1.1654 0.1600 1.0220
v 1.6165 0.1600 1.4176
v 1.1278 0.7500 0.9890
v 1.5789 0.9800 1.3846
v 1.2981 0.1600 0.8470
v 1.8006 0.1600 1.1749
v 1.2562 0.7500 0.8197
v 1.7587 0.9800 1.1476
v 1.4048 0.1600 0.6551
v 1.9486 0.1600 0.9086
v 1.3595 0.7500 0.6339
v 1.9032 0.9800 0.8875
v -0.4600 0.6768 1.8643
v -0.4600 1.0847 1.6994
v 0.4600 1.0847 1.6994
v 0.4600 0.6768 1.8643
v 0.4600 0.6843 1.8828
v 0.4600 1.0922 1.7180
v -0.4600 1.0922 1.7180
v -0.4600 0.6843 1.8828
v -0.4600 0.6843 1.8828
v -0.4600 1.0922 1.7180
v -0.4600 1.0847 1.6994
v -0.4600 0.6768 1.8643
v 0.4600 0.6768 1.8643
v 0.4600 1.0847 1.6994
v 0.4600 1.0922 1.7180
v 0.4600 0.6843 1.8828
v -0.4600 1.0847 1.6994
v -0.4600 1.0922 1.7180
v 0.4600 1.0922 1.7180
v 0.4600 1.0847 1.6994
v -0.4600 0.6768 1.8643
v 0.4600 0.6768 1.8643
v 0.4600 0.6843 1.8828
v -0.4600 0.6843 1.8828
v -0.4400 0.6931 1.8512
v -0.4400 1.0639 1.7014
v 0.4400 1.0639 1.7014
v 0.4400 0.6931 1.8512
v 0.4400 0.6961 1.8586
v 0.4400 1.0669 1.7088
v -0.4400 1.0669 1.7088
v -0.4400 0.6961 1.8586
v -0.4400 0.6961 1.8586
v -0.4400 1.0669 1.7088
v -0.4400 1.0639 1.7014
v -0.4400 0.6931 1.8512
v 0.4400 0.6931 1.8512
v 0.4400 1.0639 1.7014
v 0.4400 1.0669 1.7088
v 0.4400 0.6961 1.8586
v -0.4400 1.0639 1.7014
v -0.4400 1.0669 1.7088
v 0.4400 1.0669 1.7088
v 0.4400 1.0639 1.7014
v -0.4400 0.6931 1.8512
v 0.4400 0.6931 1.8512
v 0.4400 0.6961 1.8586
v -0.4400 0.6961 1.8586
v -0.4460 1.0600 1.6997
v -0.4460 1.0656 1.6975
v 0.4460 1.0656 1.6975
v 0.4460 1.0600 1.6997
v 0.4460 1.0615 1.7034
v 0.4460 1.0671 1.7012
v -0.4460 1.0671 1.7012
v -0.4460 1.0615 1.7034
v -0.4460 1.0615 1.7034
v -0.4460 1.0671 1.7012
v -0.4460 1.0656 1.6975
v -0.4460 1.0600 1.6997
v 0.4460 1.0600 1.6997
v 0.4460 1.0656 1.6975
v 0.4460 1.0671 1.7012
v 0.4460 1.0615 1.7034
v -0.4460 1.0656 1.6975
v -0.4460 1.0671 1.7012
v 0.4460 1.0671 1.7012
v 0.4460 1.0656 1.6975
v -0.4460 1.0600 1.6997
v 0.4460 1.0600 1.6997
v 0.4460 1.0615 1.7034
v -0.4460 1.0615 1.7034
v -0.4460 0.6892 1.8496
v -0.4460 0.6947 1.8473
v 0.4460 0.6947 1.8473
v 0.4460 0.6892 1.8496
v 0.4460 0.6907 1.8533
v 0.4460 0.6962 1.8510
v -0.4460 0.6962 1.8510
v -0.4460 0.6907 1.8533
v -0.4460 0.6907 1.8533
v -0.4460 0.6962 1.8510
v -0.4460 0.6947 1.8473
v -0.4460 0.6892 1.8496
v 0.4460 0.6892 1.8496
v 0.4460 0.6947 1.8473
v 0.4460 0.6962 1.8510
v 0.4460 0.6907 1.8533
v -0.4460 0.6947 1.8473
v -0.4460 0.6962 1.8510
v 0.4460 0.6962 1.8510
v 0.4460 0.6947 1.8473
v -0.4460 0.6892 1.8496
v 0.4460 0.6892 1.8496
v 0.4460 0.6907 1.8533
v -0.4460 0.6907 1.8533
v -0.4430 0.6919 1.8484
v -0.4430 1.0628 1.6986
v -0.4370 1.0628 1.6986
v -0.4370 0.6919 1.8484
v -0.4370 0.6934 1.8521
v -0.4370 1.0643 1.7023
v -0.4430 1.0643 1.7023
v -0.4430 0.6934 1.8521
v -0.4430 0.6934 1.8521
v -0.4430 1.0643 1.7023
v -0.4430 1.0628 1.6986
v -0.4430 0.6919 1.8484
v -0.4370 0.6919 1.8484
v -0.4370 1.0628 1.6986
v -0.4370 1.0643 1.7023
v -0.4370 0.6934 1.8521
v -0.4430 1.0628 1.6986
v -0.4430 1.0643 1.7023
v -0.4370 1.0643 1.7023
v -0.4370 1.0628 1.6986
v -0.4430 0.6919 1.8484
v -0.4370 0.6919 1.8484
v -0.4370 0.6934 1.8521
v -0.4430 0.6934 1.8521
v 0.4370 0.6919 1.8484
v 0.4370 1.0628 1.6986
v 0.4430 1.0628 1.6986
v 0.4430 0.6919 1.8484
v 0.4430 0.6934 1.8521
v 0.4430 1.0643 1.7023
v 0.4370 1.0643 1.7023
v 0.4370 0.6934 1.8521
v 0.4370 0.6934 1.8521
v 0.4370 1.0643 1.7023
v 0.4370 1.0628 1.6986
v 0.4370 0.6919 1.8484
v 0.4430 0.6919 1.8484
v 0.4430 1.0628 1.6986
v 0.4430 1.0643 1.7023
v 0.4430 0.6934 1.8521
v 0.4370 1.0628 1.6986
v 0.4370 1.0643 1.7023
v 0.4430 1.0643 1.7023
v 0.4430 1.0628 1.6986
v 0.4370 0.6919 1.8484
v 0.4430 0.6919 1.8484
v 0.4430 0.6934 1.8521
v 0.4370 0.6934 1.8521
v -1.3905 0.6907 1.2710
v -1.3024 1.0708 1.1452
v -0.6307 1.0708 1.6155
v -0.7188 0.6907 1.7413
v -0.7294 0.6982 1.7565
v -0.6413 1.0783 1.6307
v -1.3130 1.0783 1.1603
v -1.4011 0.6982 1.2862
v -1.4011 0.6982 1.2862
v -1.3130 1.0783 1.1603
v -1.3024 1.0708 1.1452
v -1.3905 0.6907 1.2710
v -0.7188 0.6907 1.7413
v -0.6307 1.0708 1.6155
v -0.6413 1.0783 1.6307
v -0.7294 0.6982 1.7565
v -1.3024 1.0708 1.1452
v -1.3130 1.0783 1.1603
v -0.6413 1.0783 1.6307
v -0.6307 1.0708 1.6155
v -1.3905 0.6907 1.2710
v -0.7188 0.6907 1.7413
v -0.7294 0.6982 1.7565
v -1.4011 0.6982 1.2862
v -1.3666 0.7070 1.2717
v -1.2871 1.0500 1.1582
v -0.6481 1.0500 1.6056
v -0.7276 0.7070 1.7191
v -0.7319 0.7100 1.7252
v -0.6524 1.0530 1.6117
v -1.2913 1.0530 1.1643
v -1.3708 0.7100 1.2778
v -1.3708 0.7100 1.2778
v -1.2913 1.0530 1.1643
v -1.2871 1.0500 1.1582
v -1.3666 0.7070 1.2717
v -0.7276 0.7070 1.7191
v -0.6481 1.0500 1.6056
v -0.6524 1.0530 1.6117
v -0.7319 0.7100 1.7252
v -1.2871 1.0500 1.1582
v -1.2913 1.0530 1.1643
v -0.6524 1.0530 1.6117
v -0.6481 1.0500 1.6056
v -1.3666 0.7070 1.2717
v -0.7276 0.7070 1.7191
v -0.7319 0.7100 1.7252
v -1.3708 0.7100 1.2778
v -1.2911 1.0461 1.1534
v -1.2898 1.0517 1.1516
v -0.6410 1.0517 1.6058
v -0.6423 1.0461 1.6077
v -0.6444 1.0476 1.6107
v -0.6431 1.0532 1.6089
v -1.2919 1.0532 1.1546
v -1.2932 1.0476 1.1564
v -1.2932 1.0476 1.1564
v -1.2919 1.0532 1.1546
v -1.2898 1.0517 1.1516
v -1.2911 1.0461 1.1534
v -0.6423 1.0461 1.6077
v -0.6410 1.0517 1.6058
v -0.6431 1.0532 1.6089
v -0.6444 1.0476 1.6107
v -1.2898 1.0517 1.1516
v -1.2919 1.0532 1.1546
v -0.6431 1.0532 1.6089
v -0.6410 1.0517 1.6058
v -1.2911 1.0461 1.1534
v -0.6423 1.0461 1.6077
v -0.6444 1.0476 1.6107
v -1.2932 1.0476 1.1564
v -1.3706 0.7031 1.2669
v -1.3693 0.7086 1.2651
v -0.7205 0.7086 1.7194
v -0.7218 0.7031 1.7212
v -0.7239 0.7046 1.7243
v -0.7226 0.7101 1.7224
v -1.3714 0.7101 1.2681
v -1.3727 0.7046 1.2700
v -1.3727 0.7046 1.2700
v -1.3714 0.7101 1.2681
v -1.3693 0.7086 1.2651
v -1.3706 0.7031 1.2669
v -0.7218 0.7031 1.7212
v -0.7205 0.7086 1.7194
v -0.7226 0.7101 1.7224
v -0.7239 0.7046 1.7243
v -1.3693 0.7086 1.2651
v -1.3714 0.7101 1.2681
v -0.7226 0.7101 1.7224
v -0.7205 0.7086 1.7194
v -1.3706 0.7031 1.2669
v -0.7218 0.7031 1.7212
v -0.7239 0.7046 1.7243
v -1.3727 0.7046 1.2700
v -1.3674 0.7058 1.2677
v -1.2879 1.0489 1.1542
v -1.2830 1.0489 1.1576
v -1.3625 0.7058 1.2712
v -1.3647 0.7073 1.2742
v -1.2852 1.0504 1.1607
v -1.2901 1.0504 1.1572
v -1.3696 0.7073 1.2708
v -1.3696 0.7073 1.2708
v -1.2901 1.0504 1.1572
v -1.2879 1.0489 1.1542
v -1.3674 0.7058 1.2677
v -1.3625 0.7058 1.2712
v -1.2830 1.0489 1.1576
v -1.2852 1.0504 1.1607
v -1.3647 0.7073 1.2742
v -1.2879 1.0489 1.1542
v -1.2901 1.0504 1.1572
v -1.2852 1.0504 1.1607
v -1.2830 1.0489 1.1576
v -1.3674 0.7058 1.2677
v -1.3625 0.7058 1.2712
v -1.3647 0.7073 1.2742
v -1.3696 0.7073 1.2708
v -0.7285 0.7058 1.7151
v -0.6490 1.0489 1.6016
v -0.6441 1.0489 1.6050
v -0.7236 0.7058 1.7186
v -0.7257 0.7073 1.7216
v -0.6462 1.0504 1.6081
v -0.6511 1.0504 1.6046
v -0.7306 0.7073 1.7182
v -0.7306 0.7073 1.7182
v -0.6511 1.0504 1.6046
v -0.6490 1.0489 1.6016
v -0.7285 0.7058 1.7151
v -0.7236 0.7058 1.7186
v -0.6441 1.0489 1.6050
v -0.6462 1.0504 1.6081
v -0.7257 0.7073 1.7216
v -0.6490 1.0489 1.6016
v -0.6511 1.0504 1.6046
v -0.6462 1.0504 1.6081
v -0.6441 1.0489 1.6050
v -0.7285 0.7058 1.7151
v -0.7236 0.7058 1.7186
v -0.7257 0.7073 1.7216
v -0.7306 0.7073 1.7182
v 0.7188 0.6907 1.7413
v 0.6307 1.0708 1.6155
v 1.3024 1.0708 1.1452
v 1.3905 0.6907 1.2710
v 1.4011 0.6982 1.2862
v 1.3130 1.0783 1.1603
v 0.6413 1.0783 1.6307
v 0.7294 0.6982 1.7565
v 0.7294 0.6982 1.7565
v 0.6413 1.0783 1.6307
v 0.6307 1.0708 1.6155
v 0.7188 0.6907 1.7413
v 1.3905 0.6907 1.2710
v 1.3024 1.0708 1.1452
v 1.3130 1.0783 1.1603
v 1.4011 0.6982 1.2862
v 0.6307 1.0708 1.6155
v 0.6413 1.0783 1.6307
v 1.3130 1.0783 1.1603
v 1.3024 1.0708 1.1452
v 0.7188 0.6907 1.7413
v 1.3905 0.6907 1.2710
v 1.4011 0.6982 1.2862
v 0.7294 0.6982 1.7565
v 0.7276 0.7070 1.7191
v 0.6481 1.0500 1.6056
v 1.2871 1.0500 1.1582
v 1.3666 0.7070 1.2717
v 1.3708 0.7100 1.2778
v 1.2913 1.0530 1.1643
v 0.6524 1.0530 1.6117
v 0.7319 0.7100 1.7252
v 0.7319 0.7100 1.7252
v 0.6524 1.0530 1.6117
v 0.6481 1.0500 1.6056
v 0.7276 0.7070 1.7191
v 1.3666 0.7070 1.2717
v 1.2871 1.0500 1.1582
v 1.2913 1.0530 1.1643
v 1.3708 0.7100 1.2778
v 0.6481 1.0500 1.6056
v 0.6524 1.0530 1.6117
v 1.2913 1.0530 1.1643
v 1.2871 1.0500 1.1582
v 0.7276 0.7070 1.7191
v 1.3666 0.7070 1.2717
v 1.3708 0.7100 1.2778
v 0.7319 0.7100 1.7252
v 0.6423 1.0461 1.6077
v 0.6410 1.0517 1.6058
v 1.2898 1.0517 1.1516
v 1.2911 1.0461 1.1534
v 1.2932 1.0476 1.1564
v 1.2919 1.0532 1.1546
v 0.6431 1.0532 1.6089
v 0.6444 1.0476 1.6107
v 0.6444 1.0476 1.6107
v 0.6431 1.0532 1.6089
v 0.6410 1.0517 1.6058
v 0.6423 1.0461 1.6077
v 1.2911 1.0461 1.1534
v 1.2898 1.0517 1.1516
v 1.2919 1.0532 1.1546
v 1.2932 1.0476 1.1564
v 0.6410 1.0517 1.6058
v 0.6431 1.0532 1.6089
v 1.2919 1.0532 1.1546
v 1.2898 1.0517 1.1516
v 0.6423 1.0461 1.6077
v 1.2911 1.0461 1.1534
v 1.2932 1.0476 1.1564
v 0.6444 1.0476 1.6107
v 0.7218 0.7031 1.7212
v 0.7205 0.7086 1.7194
v 1.3693 0.7086 1.2651
v 1.3706 0.7031 1.2669
v 1.3727 0.7046 1.2700
v 1.3714 0.7101 1.2681
v 0.7226 0.7101 1.7224
v 0.7239 0.7046 1.7243
v 0.7239 0.7046 1.7243
v 0.7226 0.7101 1.7224
v 0.7205 0.7086 1.7194
v 0.7218 0.7031 1.7212
v 1.3706 0.7031 1.2669
v 1.3693 0.7086 1.2651
v 1.3714 0.7101 1.2681
v 1.3727 0.7046 1.2700
v 0.7205 0.7086 1.7194
v 0.7226 0.7101 1.7224
v 1.3714 0.7101 1.2681
v 1.3693 0.7086 1.2651
v 0.7218 0.7031 1.7212
v 1.3706 0.7031 1.2669
v 1.3727 0.7046 1.2700
v 0.7239 0.7046 1.7243
v 0.7236 0.7058 1.7186
v 0.6441 1.0489 1.6050
v 0.6490 1.0489 1.6016
v 0.7285 0.7058 1.7151
v 0.7306 0.7073 1.7182
v 0.6511 1.0504 1.6046
v 0.6462 1.0504 1.6081
v 0.7257 0.7073 1.7216
v 0.7257 0.7073 1.7216
v 0.6462 1.0504 1.6081
v 0.6441 1.0489 1.6050
v 0.7236 0.7058 1.7186
v 0.7285 0.7058 1.7151
v 0.6490 1.0489 1.6016
v 0.6511 1.0504 1.6046
v 0.7306 0.7073 1.7182
v 0.6441 1.0489 1.6050
v 0.6462 1.0504 1.6081
v 0.6511 1.0504 1.6046
v 0.6490 1.0489 1.6016
v 0.7236 0.7058 1.7186
v 0.7285 0.7058 1.7151
v 0.7306 0.7073 1.7182
v 0.7257 0.7073 1.7216
v 1.3625 0.7058 1.2712
v 1.2830 1.0489 1.1576
v 1.2879 1.0489 1.1542
v 1.3674 0.7058 1.2677
v 1.3696 0.7073 1.2708
v 1.2901 1.0504 1.1572
v 1.2852 1.0504 1.1607
v 1.3647 0.7073 1.2742
v 1.3647 0.7073 1.2742
v 1.2852 1.0504 1.1607
v 1.2830 1.0489 1.1576
v 1.3625 0.7058 1.2712
v 1.3674 0.7058 1.2677
v 1.2879 1.0489 1.1542
v 1.2901 1.0504 1.1572
v 1.3696 0.7073 1.2708
v 1.2830 1.0489 1.1576
v 1.2852 1.0504 1.1607
v 1.2901 1.0504 1.1572
v 1.2879 1.0489 1.1542
v 1.3625 0.7058 1.2712
v 1.3674 0.7058 1.2677
v 1.3696 0.7073 1.2708
v 1.3647 0.7073 1.2742
v 0.0000 0.3575 1.0500
v 0.0000 0.3425 1.0500
v 0.0000 0.3575 1.1500
v 0.0000 0.3425 1.1500
v 0.0383 0.3575 1.1424
v 0.0383 0.3425 1.1424
v 0.0707 0.3575 1.1207
v 0.0707 0.3425 1.1207
v 0.0924 0.3575 1.0883
v 0.0924 0.3425 1.0883
v 0.1000 0.3575 1.0500
v 0.1000 0.3425 1.0500
v 0.0924 0.3575 1.0117
v 0.0924 0.3425 1.0117
v 0.0707 0.3575 0.9793
v 0.0707 0.3425 0.9793
v 0.0383 0.3575 0.9576
v 0.0383 0.3425 0.9576
v 0.0000 0.3575 0.9500
v 0.0000 0.3425 0.9500
v -0.0383 0.3575 0.9576
v -0.0383 0.3425 0.9576
v -0.0707 0.3575 0.9793
v -0.0707 0.3425 0.9793
v -0.0924 0.3575 1.0117
v -0.0924 0.3425 1.0117
v -0.1000 0.3575 1.0500
v -0.1000 0.3425 1.0500
v -0.0924 0.3575 1.0883
v -0.0924 0.3425 1.0883
v -0.0707 0.3575 1.1207
v -0.0707 0.3425 1.1207
v -0.0383 0.3575 1.1424
v -0.0383 0.3425 1.1424
v 0.0000 0.3300 0.0000
v 0.0000 0.1100 0.0000
v 0.0000 0.3300 0.2400
v 0.0000 0.1100 0.2400
v 0.0918 0.3300 0.2217
v 0.0918 0.1100 0.2217
v 0.1697 0.3300 0.1697
v 0.1697 0.1100 0.1697
v 0.2217 0.3300 0.0918
v 0.2217 0.1100 0.0918
v 0.2400 0.3300 0.0000
v 0.2400 0.1100 0.0000
v 0.2217 0.3300 -0.0918
v 0.2217 0.1100 -0.0918
v 0.1697 0.3300 -0.1697
v 0.1697 0.1100 -0.1697
v 0.0918 0.3300 -0.2217
v 0.0918 0.1100 -0.2217
v 0.0000 0.3300 -0.2400
v 0.0000 0.1100 -0.2400
v -0.0918 0.3300 -0.2217
v -0.0918 0.1100 -0.2217
v -0.1697 0.3300 -0.1697
v -0.1697 0.1100 -0.1697
v -0.2217 0.3300 -0.0918
v -0.2217 0.1100 -0.0918
v -0.2400 0.3300 0.0000
v -0.2400 0.1100 0.0000
v -0.2217 0.3300 0.0918
v -0.2217 0.1100 0.0918
v -0.1697 0.3300 0.1697
v -0.1697 0.1100 0.1697
v -0.0918 0.3300 0.2217
v -0.0918 0.1100 0.2217
v 0.0000 0.3500 0.0000
v 0.0000 0.3100 0.0000
v 0.0000 0.3500 0.3200
v 0.0000 0.3100 0.3200
v 0.1225 0.3500 0.2956
v 0.1225 0.3100 0.2956
v 0.2263 0.3500 0.2263
v 0.2263 0.3100 0.2263
v 0.2956 0.3500 0.1225
v 0.2956 0.3100 0.1225
v 0.3200 0.3500 0.0000
v 0.3200 0.3100 0.0000
v 0.2956 0.3500 -0.1225
v 0.2956 0.3100 -0.1225
v 0.2263 0.3500 -0.2263
v 0.2263 0.3100 -0.2263
v 0.1225 0.3500 -0.2956
v 0.1225 0.3100 -0.2956
v 0.0000 0.3500 -0.3200
v 0.0000 0.3100 -0.3200
v -0.1225 0.3500 -0.2956
v -0.1225 0.3100 -0.2956
v -0.2263 0.3500 -0.2263
v -0.2263 0.3100 -0.2263
v -0.2956 0.3500 -0.1225
v -0.2956 0.3100 -0.1225
v -0.3200 0.3500 0.0000
v -0.3200 0.3100 0.0000
v -0.2956 0.3500 0.1225
v -0.2956 0.3100 0.1225
v -0.2263 0.3500 0.2263
v -0.2263 0.3100 0.2263
v -0.1225 0.3500 0.2956
v -0.1225 0.3100 0.2956
v 0.0000 0.2600 0.2200
v 0.0000 0.2600 0.2600
v 0.0000 0.2400 0.2200
v 0.0000 0.2400 0.2600
v 0.0842 0.2600 0.2033
v 0.0995 0.2600 0.2402
v 0.0842 0.2400 0.2033
v 0.0995 0.2400 0.2402
v 0.1556 0.2600 0.1556
v 0.1838 0.2600 0.1838
v 0.1556 0.2400 0.1556
v 0.1838 0.2400 0.1838
v 0.2033 0.2600 0.0842
v 0.2402 0.2600 0.0995
v 0.2033 0.2400 0.0842
v 0.2402 0.2400 0.0995
v 0.2200 0.2600 0.0000
v 0.2600 0.2600 0.0000
v 0.2200 0.2400 0.0000
v 0.2600 0.2400 0.0000
v 0.2033 0.2600 -0.0842
v 0.2402 0.2600 -0.0995
v 0.2033 0.2400 -0.0842
v 0.2402 0.2400 -0.0995
v 0.1556 0.2600 -0.1556
v 0.1838 0.2600 -0.1838
v 0.1556 0.2400 -0.1556
v 0.1838 0.2400 -0.1838
v 0.0842 0.2600 -0.2033
v 0.0995 0.2600 -0.2402
v 0.0842 0.2400 -0.2033
v 0.0995 0.2400 -0.2402
v 0.0000 0.2600 -0.2200
v 0.0000 0.2600 -0.2600
v 0.0000 0.2400 -0.2200
v 0.0000 0.2400 -0.2600
v -0.0842 0.2600 -0.2033
v -0.0995 0.2600 -0.2402
v -0.0842 0.2400 -0.2033
v -0.0995 0.2400 -0.2402
v -0.1556 0.2600 -0.1556
v -0.1838 0.2600 -0.1838
v -0.1556 0.2400 -0.1556
v -0.1838 0.2400 -0.1838
v -0.2033 0.2600 -0.0842
v -0.2402 0.2600 -0.0995
v -0.2033 0.2400 -0.0842
v -0.2402 0.2400 -0.0995
v -0.2200 0.2600 0.0000
v -0.2600 0.2600 0.0000
v -0.2200 0.2400 0.0000
v -0.2600 0.2400 0.0000
v -0.2033 0.2600 0.0842
v -0.2402 0.2600 0.0995
v -0.2033 0.2400 0.0842
v -0.2402 0.2400 0.0995
v -0.1556 0.2600 0.1556
v -0.1838 0.2600 0.1838
v -0.1556 0.2400 0.1556
v -0.1838 0.2400 0.1838
v -0.0842 0.2600 0.2033
v -0.0995 0.2600 0.2402
v -0.0842 0.2400 0.2033
v -0.0995 0.2400 0.2402
v -0.3500 0.3200 -0.2900
v -0.3500 0.4400 -0.2900
v 0.3500 0.4400 -0.2900
v 0.3500 0.3200 -0.2900
v 0.3500 0.3200 0.2900
v 0.3500 0.4400 0.2900
v -0.3500 0.4400 0.2900
v -0.3500 0.3200 0.2900
v -0.3500 0.3200 0.2900
v -0.3500 0.4400 0.2900
v -0.3500 0.4400 -0.2900
v -0.3500 0.3200 -0.2900
v 0.3500 0.3200 -0.2900
v 0.3500 0.4400 -0.2900
v 0.3500 0.4400 0.2900
v 0.3500 0.3200 0.2900
v -0.3500 0.4400 -0.2900
v -0.3500 0.4400 0.2900
v 0.3500 0.4400 0.2900
v 0.3500 0.4400 -0.2900
v -0.3500 0.3200 -0.2900
v 0.3500 0.3200 -0.2900
v 0.3500 0.3200 0.2900
v -0.3500 0.3200 0.2900
v -0.3628 0.3691 -0.2700
v -0.3938 0.4850 -0.2700
v -0.2972 0.5109 -0.2700
v -0.2662 0.3950 -0.2700
v -0.2662 0.3950 0.2700
v -0.2972 0.5109 0.2700
v -0.3938 0.4850 0.2700
v -0.3628 0.3691 0.2700
v -0.3628 0.3691 0.2700
v -0.3938 0.4850 0.2700
v -0.3938 0.4850 -0.2700
v -0.3628 0.3691 -0.2700
v -0.2662 0.3950 -0.2700
v -0.2972 0.5109 -0.2700
v -0.2972 0.5109 0.2700
v -0.2662 0.3950 0.2700
v -0.3938 0.4850 -0.2700
v -0.3938 0.4850 0.2700
v -0.2972 0.5109 0.2700
v -0.2972 0.5109 -0.2700
v -0.3628 0.3691 -0.2700
v -0.2662 0.3950 -0.2700
v -0.2662 0.3950 0.2700
v -0.3628 0.3691 0.2700
v 0.2662 0.3950 -0.2700
v 0.2972 0.5109 -0.2700
v 0.3938 0.4850 -0.2700
v 0.3628 0.3691 -0.2700
v 0.3628 0.3691 0.2700
v 0.3938 0.4850 0.2700
v 0.2972 0.5109 0.2700
v 0.2662 0.3950 0.2700
v 0.2662 0.3950 0.2700
v 0.2972 0.5109 0.2700
v 0.2972 0.5109 -0.2700
v 0.2662 0.3950 -0.2700
v 0.3628 0.3691 -0.2700
v 0.3938 0.4850 -0.2700
v 0.3938 0.4850 0.2700
v 0.3628 0.3691 0.2700
v 0.2972 0.5109 -0.2700
v 0.2972 0.5109 0.2700
v 0.3938 0.4850 0.2700
v 0.3938 0.4850 -0.2700
v 0.2662 0.3950 -0.2700
v 0.3628 0.3691 -0.2700
v 0.3628 0.3691 0.2700
v 0.2662 0.3950 0.2700
v -0.2700 0.3800 -0.2300
v -0.2700 0.4600 -0.2300
v 0.2700 0.4600 -0.2300
v 0.2700 0.3800 -0.2300
v 0.2700 0.3800 0.2700
v 0.2700 0.4600 0.2700
v -0.2700 0.4600 0.2700
v -0.2700 0.3800 0.2700
v -0.2700 0.3800 0.2700
v -0.2700 0.4600 0.2700
v -0.2700 0.4600 -0.2300
v -0.2700 0.3800 -0.2300
v 0.2700 0.3800 -0.2300
v 0.2700 0.4600 -0.2300
v 0.2700 0.4600 0.2700
v 0.2700 0.3800 0.2700
v -0.2700 0.4600 -0.2300
v -0.2700 0.4600 0.2700
v 0.2700 0.4600 0.2700
v 0.2700 0.4600 -0.2300
v -0.2700 0.3800 -0.2300
v 0.2700 0.3800 -0.2300
v 0.2700 0.3800 0.2700
v -0.2700 0.3800 0.2700
v -0.2800 0.4225 -0.2400
v -0.2800 0.4375 -0.2400
v 0.2800 0.4375 -0.2400
v 0.2800 0.4225 -0.2400
v 0.2800 0.4225 0.2800
v 0.2800 0.4375 0.2800
v -0.2800 0.4375 0.2800
v -0.2800 0.4225 0.2800
v -0.2800 0.4225 0.2800
v -0.2800 0.4375 0.2800
v -0.2800 0.4375 -0.2400
v -0.2800 0.4225 -0.2400
v 0.2800 0.4225 -0.2400
v 0.2800 0.4375 -0.2400
v 0.2800 0.4375 0.2800
v 0.2800 0.4225 0.2800
v -0.2800 0.4375 -0.2400
v -0.2800 0.4375 0.2800
v 0.2800 0.4375 0.2800
v 0.2800 0.4375 -0.2400
v -0.2800 0.4225 -0.2400
v 0.2800 0.4225 -0.2400
v 0.2800 0.4225 0.2800
v -0.2800 0.4225 0.2800
v -0.3100 0.3812 -0.3033
v -0.3100 0.7138 -0.3740
v 0.3100 0.7138 -0.3740
v 0.3100 0.3812 -0.3033
v 0.3100 0.4062 -0.1860
v 0.3100 0.7388 -0.2567
v -0.3100 0.7388 -0.2567
v -0.3100 0.4062 -0.1860
v -0.3100 0.4062 -0.1860
v -0.3100 0.7388 -0.2567
v -0.3100 0.7138 -0.3740
v -0.3100 0.3812 -0.3033
v 0.3100 0.3812 -0.3033
v 0.3100 0.7138 -0.3740
v 0.3100 0.7388 -0.2567
v 0.3100 0.4062 -0.1860
v -0.3100 0.7138 -0.3740
v -0.3100 0.7388 -0.2567
v 0.3100 0.7388 -0.2567
v 0.3100 0.7138 -0.3740
v -0.3100 0.3812 -0.3033
v 0.3100 0.3812 -0.3033
v 0.3100 0.4062 -0.1860
v -0.3100 0.4062 -0.1860
v -0.3578 0.3987 -0.2865
v -0.3729 0.6922 -0.3470
v -0.2953 0.6922 -0.3664
v -0.2802 0.3987 -0.3059
v -0.2471 0.4278 -0.1730
v -0.2622 0.7213 -0.2335
v -0.3398 0.7213 -0.2141
v -0.3247 0.4278 -0.1536
v -0.3247 0.4278 -0.1536
v -0.3398 0.7213 -0.2141
v -0.3729 0.6922 -0.3470
v -0.3578 0.3987 -0.2865
v -0.2802 0.3987 -0.3059
v -0.2953 0.6922 -0.3664
v -0.2622 0.7213 -0.2335
v -0.2471 0.4278 -0.1730
v -0.3729 0.6922 -0.3470
v -0.3398 0.7213 -0.2141
v -0.2622 0.7213 -0.2335
v -0.2953 0.6922 -0.3664
v -0.3578 0.3987 -0.2865
v -0.2802 0.3987 -0.3059
v -0.2471 0.4278 -0.1730
v -0.3247 0.4278 -0.1536
v 0.2802 0.3987 -0.3059
v 0.2953 0.6922 -0.3664
v 0.3729 0.6922 -0.3470
v 0.3578 0.3987 -0.2865
v 0.3247 0.4278 -0.1536
v 0.3398 0.7213 -0.2141
v 0.2622 0.7213 -0.2335
v 0.2471 0.4278 -0.1730
v 0.2471 0.4278 -0.1730
v 0.2622 0.7213 -0.2335
v 0.2953 0.6922 -0.3664
v 0.2802 0.3987 -0.3059
v 0.3578 0.3987 -0.2865
v 0.3729 0.6922 -0.3470
v 0.3398 0.7213 -0.2141
v 0.3247 0.4278 -0.1536
v 0.2953 0.6922 -0.3664
v 0.2622 0.7213 -0.2335
v 0.3398 0.7213 -0.2141
v 0.3729 0.6922 -0.3470
v 0.2802 0.3987 -0.3059
v 0.3578 0.3987 -0.2865
v 0.3247 0.4278 -0.1536
v 0.2471 0.4278 -0.1730
v -0.2500 0.4060 -0.2330
v -0.2500 0.6994 -0.2954
v 0.2500 0.6994 -0.2954
v 0.2500 0.4060 -0.2330
v 0.2500 0.4206 -0.1646
v 0.2500 0.7140 -0.2270
v -0.2500 0.7140 -0.2270
v -0.2500 0.4206 -0.1646
v -0.2500 0.4206 -0.1646
v -0.2500 0.7140 -0.2270
v -0.2500 0.6994 -0.2954
v -0.2500 0.4060 -0.2330
v 0.2500 0.4060 -0.2330
v 0.2500 0.6994 -0.2954
v 0.2500 0.7140 -0.2270
v 0.2500 0.4206 -0.1646
v -0.2500 0.6994 -0.2954
v -0.2500 0.7140 -0.2270
v 0.2500 0.7140 -0.2270
v 0.2500 0.6994 -0.2954
v -0.2500 0.4060 -0.2330
v 0.2500 0.4060 -0.2330
v 0.2500 0.4206 -0.1646
v -0.2500 0.4206 -0.1646
v -0.2600 0.4019 -0.1941
v -0.2600 0.7149 -0.2606
v 0.2600 0.7149 -0.2606
v 0.2600 0.4019 -0.1941
v 0.2600 0.4051 -0.1794
v 0.2600 0.7181 -0.2459
v -0.2600 0.7181 -0.2459
v -0.2600 0.4051 -0.1794
v -0.2600 0.4051 -0.1794
v -0.2600 0.7181 -0.2459
v -0.2600 0.7149 -0.2606
v -0.2600 0.4019 -0.1941
v 0.2600 0.4019 -0.1941
v 0.2600 0.7149 -0.2606
v 0.2600 0.7181 -0.2459
v 0.2600 0.4051 -0.1794
v -0.2600 0.7149 -0.2606
v -0.2600 0.7181 -0.2459
v 0.2600 0.7181 -0.2459
v 0.2600 0.7149 -0.2606
v -0.2600 0.4019 -0.1941
v 0.2600 0.4019 -0.1941
v 0.2600 0.4051 -0.1794
v -0.2600 0.4051 -0.1794
v -0.2800 0.2544 -0.3232
v -0.2800 0.6848 -0.4146
v 0.2800 0.6848 -0.4146
v 0.2800 0.2544 -0.3232
v 0.2800 0.2752 -0.2254
v 0.2800 0.7056 -0.3168
v -0.2800 0.7056 -0.3168
v -0.2800 0.2752 -0.2254
v -0.2800 0.2752 -0.2254
v -0.2800 0.7056 -0.3168
v -0.2800 0.6848 -0.4146
v -0.2800 0.2544 -0.3232
v 0.2800 0.2544 -0.3232
v 0.2800 0.6848 -0.4146
v 0.2800 0.7056 -0.3168
v 0.2800 0.2752 -0.2254
v -0.2800 0.6848 -0.4146
v -0.2800 0.7056 -0.3168
v 0.2800 0.7056 -0.3168
v 0.2800 0.6848 -0.4146
v -0.2800 0.2544 -0.3232
v 0.2800 0.2544 -0.3232
v 0.2800 0.2752 -0.2254
v -0.2800 0.2752 -0.2254
v -0.1800 0.1700 -0.3000
v -0.1800 0.3900 -0.3000
v 0.1800 0.3900 -0.3000
v 0.1800 0.1700 -0.3000
v 0.1800 0.1700 -0.1400
v 0.1800 0.3900 -0.1400
v -0.1800 0.3900 -0.1400
v -0.1800 0.1700 -0.1400
v -0.1800 0.1700 -0.1400
v -0.1800 0.3900 -0.1400
v -0.1800 0.3900 -0.3000
v -0.1800 0.1700 -0.3000
v 0.1800 0.1700 -0.3000
v 0.1800 0.3900 -0.3000
v 0.1800 0.3900 -0.1400
v 0.1800 0.1700 -0.1400
v -0.1800 0.3900 -0.3000
v -0.1800 0.3900 -0.1400
v 0.1800 0.3900 -0.1400
v 0.1800 0.3900 -0.3000
v -0.1800 0.1700 -0.3000
v 0.1800 0.1700 -0.3000
v 0.1800 0.1700 -0.1400
v -0.1800 0.1700 -0.1400
v 0.0000 0.5750 -0.3800
v 0.0000 0.5450 -0.3800
v 0.0000 0.5750 -0.3000
v 0.0000 0.5450 -0.3000
v 0.0306 0.5750 -0.3061
v 0.0306 0.5450 -0.3061
v 0.0566 0.5750 -0.3234
v 0.0566 0.5450 -0.3234
v 0.0739 0.5750 -0.3494
v 0.0739 0.5450 -0.3494
v 0.0800 0.5750 -0.3800
v 0.0800 0.5450 -0.3800
v 0.0739 0.5750 -0.4106
v 0.0739 0.5450 -0.4106
v 0.0566 0.5750 -0.4366
v 0.0566 0.5450 -0.4366
v 0.0306 0.5750 -0.4539
v 0.0306 0.5450 -0.4539
v 0.0000 0.5750 -0.4600
v 0.0000 0.5450 -0.4600
v -0.0306 0.5750 -0.4539
v -0.0306 0.5450 -0.4539
v -0.0566 0.5750 -0.4366
v -0.0566 0.5450 -0.4366
v -0.0739 0.5750 -0.4106
v -0.0739 0.5450 -0.4106
v -0.0800 0.5750 -0.3800
v -0.0800 0.5450 -0.3800
v -0.0739 0.5750 -0.3494
v -0.0739 0.5450 -0.3494
v -0.0566 0.5750 -0.3234
v -0.0566 0.5450 -0.3234
v -0.0306 0.5750 -0.3061
v -0.0306 0.5450 -0.3061
v -0.2400 0.6681 -0.3577
v -0.2400 0.6877 -0.3619
v 0.2400 0.6877 -0.3619
v 0.2400 0.6681 -0.3577
v 0.2400 0.6723 -0.3381
v 0.2400 0.6919 -0.3423
v -0.2400 0.6919 -0.3423
v -0.2400 0.6723 -0.3381
v -0.2400 0.6723 -0.3381
v -0.2400 0.6919 -0.3423
v -0.2400 0.6877 -0.3619
v -0.2400 0.6681 -0.3577
v 0.2400 0.6681 -0.3577
v 0.2400 0.6877 -0.3619
v 0.2400 0.6919 -0.3423
v 0.2400 0.6723 -0.3381
v -0.2400 0.6877 -0.3619
v -0.2400 0.6919 -0.3423
v 0.2400 0.6919 -0.3423
v 0.2400 0.6877 -0.3619
v -0.2400 0.6681 -0.3577
v 0.2400 0.6681 -0.3577
v 0.2400 0.6723 -0.3381
v -0.2400 0.6723 -0.3381
v -0.2600 0.3681 -0.2477
v -0.2600 0.3877 -0.2519
v 0.2600 0.3877 -0.2519
v 0.2600 0.3681 -0.2477
v 0.2600 0.3723 -0.2281
v 0.2600 0.3919 -0.2323
v -0.2600 0.3919 -0.2323
v -0.2600 0.3723 -0.2281
v -0.2600 0.3723 -0.2281
v -0.2600 0.3919 -0.2323
v -0.2600 0.3877 -0.2519
v -0.2600 0.3681 -0.2477
v 0.2600 0.3681 -0.2477
v 0.2600 0.3877 -0.2519
v 0.2600 0.3919 -0.2323
v 0.2600 0.3723 -0.2281
v -0.2600 0.3877 -0.2519
v -0.2600 0.3919 -0.2323
v 0.2600 0.3919 -0.2323
v 0.2600 0.3877 -0.2519
v -0.2600 0.3681 -0.2477
v 0.2600 0.3681 -0.2477
v 0.2600 0.3723 -0.2281
v -0.2600 0.3723 -0.2281
v -0.4600 0.4600 -0.1700
v -0.4600 0.5400 -0.1700
v -0.3400 0.5400 -0.1700
v -0.3400 0.4600 -0.1700
v -0.3400 0.4600 0.2700
v -0.3400 0.5400 0.2700
v -0.4600 0.5400 0.2700
v -0.4600 0.4600 0.2700
v -0.4600 0.4600 0.2700
v -0.4600 0.5400 0.2700
v -0.4600 0.5400 -0.1700
v -0.4600 0.4600 -0.1700
v -0.3400 0.4600 -0.1700
v -0.3400 0.5400 -0.1700
v -0.3400 0.5400 0.2700
v -0.3400 0.4600 0.2700
v -0.4600 0.5400 -0.1700
v -0.4600 0.5400 0.2700
v -0.3400 0.5400 0.2700
v -0.3400 0.5400 -0.1700
v -0.4600 0.4600 -0.1700
v -0.3400 0.4600 -0.1700
v -0.3400 0.4600 0.2700
v -0.4600 0.4600 0.2700
v 0.3400 0.4600 -0.1700
v 0.3400 0.5400 -0.1700
v 0.4600 0.5400 -0.1700
v 0.4600 0.4600 -0.1700
v 0.4600 0.4600 0.2700
v 0.4600 0.5400 0.2700
v 0.3400 0.5400 0.2700
v 0.3400 0.4600 0.2700
v 0.3400 0.4600 0.2700
v 0.3400 0.5400 0.2700
v 0.3400 0.5400 -0.1700
v 0.3400 0.4600 -0.1700
v 0.4600 0.4600 -0.1700
v 0.4600 0.5400 -0.1700
v 0.4600 0.5400 0.2700
v 0.4600 0.4600 0.2700
v 0.3400 0.5400 -0.1700
v 0.3400 0.5400 0.2700
v 0.4600 0.5400 0.2700
v 0.4600 0.5400 -0.1700
v 0.3400 0.4600 -0.1700
v 0.4600 0.4600 -0.1700
v 0.4600 0.4600 0.2700
v 0.3400 0.4600 0.2700
v -0.4500 0.5350 -0.1400
v -0.4500 0.5550 -0.1400
v -0.3500 0.5550 -0.1400
v -0.3500 0.5350 -0.1400
v -0.3500 0.5350 0.2000
v -0.3500 0.5550 0.2000
v -0.4500 0.5550 0.2000
v -0.4500 0.5350 0.2000
v -0.4500 0.5350 0.2000
v -0.4500 0.5550 0.2000
v -0.4500 0.5550 -0.1400
v -0.4500 0.5350 -0.1400
v -0.3500 0.5350 -0.1400
v -0.3500 0.5550 -0.1400
v -0.3500 0.5550 0.2000
v -0.3500 0.5350 0.2000
v -0.4500 0.5550 -0.1400
v -0.4500 0.5550 0.2000
v -0.3500 0.5550 0.2000
v -0.3500 0.5550 -0.1400
v -0.4500 0.5350 -0.1400
v -0.3500 0.5350 -0.1400
v -0.3500 0.5350 0.2000
v -0.4500 0.5350 0.2000
v 0.3500 0.5350 -0.1400
v 0.3500 0.5550 -0.1400
v 0.4500 0.5550 -0.1400
v 0.4500 0.5350 -0.1400
v 0.4500 0.5350 0.2000
v 0.4500 0.5550 0.2000
v 0.3500 0.5550 0.2000
v 0.3500 0.5350 0.2000
v 0.3500 0.5350 0.2000
v 0.3500 0.5550 0.2000
v 0.3500 0.5550 -0.1400
v 0.3500 0.5350 -0.1400
v 0.4500 0.5350 -0.1400
v 0.4500 0.5550 -0.1400
v 0.4500 0.5550 0.2000
v 0.4500 0.5350 0.2000
v 0.3500 0.5550 -0.1400
v 0.3500 0.5550 0.2000
v 0.4500 0.5550 0.2000
v 0.4500 0.5550 -0.1400
v 0.3500 0.5350 -0.1400
v 0.4500 0.5350 -0.1400
v 0.4500 0.5350 0.2000
v 0.3500 0.5350 0.2000
v -0.4200 0.5412 0.1697
v -0.4200 0.6285 0.1915
v -0.3800 0.6285 0.1915
v -0.3800 0.5412 0.1697
v -0.3800 0.5315 0.2085
v -0.3800 0.6188 0.2303
v -0.4200 0.6188 0.2303
v -0.4200 0.5315 0.2085
v -0.4200 0.5315 0.2085
v -0.4200 0.6188 0.2303
v -0.4200 0.6285 0.1915
v -0.4200 0.5412 0.1697
v -0.3800 0.5412 0.1697
v -0.3800 0.6285 0.1915
v -0.3800 0.6188 0.2303
v -0.3800 0.5315 0.2085
v -0.4200 0.6285 0.1915
v -0.4200 0.6188 0.2303
v -0.3800 0.6188 0.2303
v -0.3800 0.6285 0.1915
v -0.4200 0.5412 0.1697
v -0.3800 0.5412 0.1697
v -0.3800 0.5315 0.2085
v -0.4200 0.5315 0.2085
v 0.3800 0.5412 0.1697
v 0.3800 0.6285 0.1915
v 0.4200 0.6285 0.1915
v 0.4200 0.5412 0.1697
v 0.4200 0.5315 0.2085
v 0.4200 0.6188 0.2303
v 0.3800 0.6188 0.2303
v 0.3800 0.5315 0.2085
v 0.3800 0.5315 0.2085
v 0.3800 0.6188 0.2303
v 0.3800 0.6285 0.1915
v 0.3800 0.5412 0.1697
v 0.4200 0.5412 0.1697
v 0.4200 0.6285 0.1915
v 0.4200 0.6188 0.2303
v 0.4200 0.5315 0.2085
v 0.3800 0.6285 0.1915
v 0.3800 0.6188 0.2303
v 0.4200 0.6188 0.2303
v 0.4200 0.6285 0.1915
v 0.3800 0.5412 0.1697
v 0.4200 0.5412 0.1697
v 0.4200 0.5315 0.2085
v 0.3800 0.5315 0.2085
v -1.3500 0.3900 -1.2000
v -1.3500 0.2100 -1.2000
v -1.3500 0.3900 -1.0600
v -1.3500 0.2100 -1.0600
v -1.2800 0.3900 -1.0788
v -1.2800 0.2100 -1.0788
v -1.2288 0.3900 -1.1300
v -1.2288 0.2100 -1.1300
v -1.2100 0.3900 -1.2000
v -1.2100 0.2100 -1.2000
v -1.2288 0.3900 -1.2700
v -1.2288 0.2100 -1.2700
v -1.2800 0.3900 -1.3212
v -1.2800 0.2100 -1.3212
v -1.3500 0.3900 -1.3400
v -1.3500 0.2100 -1.3400
v -1.4200 0.3900 -1.3212
v -1.4200 0.2100 -1.3212
v -1.4712 0.3900 -1.2700
v -1.4712 0.2100 -1.2700
v -1.4900 0.3900 -1.2000
v -1.4900 0.2100 -1.2000
v -1.4712 0.3900 -1.1300
v -1.4712 0.2100 -1.1300
v -1.4200 0.3900 -1.0788
v -1.4200 0.2100 -1.0788
v -1.6871 0.3900 -1.3076
v -1.6871 0.4900 -1.3076
v -1.2158 0.4900 -1.5274
v -1.2158 0.3900 -1.5274
v -1.0129 0.3900 -1.0924
v -1.0129 0.4900 -1.0924
v -1.4842 0.4900 -0.8726
v -1.4842 0.3900 -0.8726
v -1.4842 0.3900 -0.8726
v -1.4842 0.4900 -0.8726
v -1.6871 0.4900 -1.3076
v -1.6871 0.3900 -1.3076
v -1.2158 0.3900 -1.5274
v -1.2158 0.4900 -1.5274
v -1.0129 0.4900 -1.0924
v -1.0129 0.3900 -1.0924
v -1.6871 0.4900 -1.3076
v -1.4842 0.4900 -0.8726
v -1.0129 0.4900 -1.0924
v -1.2158 0.4900 -1.5274
v -1.6871 0.3900 -1.3076
v -1.2158 0.3900 -1.5274
v -1.0129 0.3900 -1.0924
v -1.4842 0.3900 -0.8726
v -1.6543 0.4943 -1.2846
v -1.6998 1.1049 -1.3822
v -1.2647 1.1049 -1.5850
v -1.2192 0.4943 -1.4875
v -1.1693 0.5151 -1.3804
v -1.2148 1.1257 -1.4779
v -1.6498 1.1257 -1.2751
v -1.6043 0.5151 -1.1775
v -1.6043 0.5151 -1.1775
v -1.6498 1.1257 -1.2751
v -1.6998 1.1049 -1.3822
v -1.6543 0.4943 -1.2846
v -1.2192 0.4943 -1.4875
v -1.2647 1.1049 -1.5850
v -1.2148 1.1257 -1.4779
v -1.1693 0.5151 -1.3804
v -1.6998 1.1049 -1.3822
v -1.6498 1.1257 -1.2751
v -1.2148 1.1257 -1.4779
v -1.2647 1.1049 -1.5850
v -1.6543 0.4943 -1.2846
v -1.2192 0.4943 -1.4875
v -1.1693 0.5151 -1.3804
v -1.6043 0.5151 -1.1775
v -1.5789 0.5389 -1.2176
v -1.6185 1.0707 -1.3026
v -1.2560 1.0707 -1.4716
v -1.2164 0.5389 -1.3866
v -1.1914 0.5493 -1.3331
v -1.2310 1.0811 -1.4181
v -1.5935 1.0811 -1.2490
v -1.5539 0.5493 -1.1640
v -1.5539 0.5493 -1.1640
v -1.5935 1.0811 -1.2490
v -1.6185 1.0707 -1.3026
v -1.5789 0.5389 -1.2176
v -1.2164 0.5389 -1.3866
v -1.2560 1.0707 -1.4716
v -1.2310 1.0811 -1.4181
v -1.1914 0.5493 -1.3331
v -1.6185 1.0707 -1.3026
v -1.5935 1.0811 -1.2490
v -1.2310 1.0811 -1.4181
v -1.2560 1.0707 -1.4716
v -1.5789 0.5389 -1.2176
v -1.2164 0.5389 -1.3866
v -1.1914 0.5493 -1.3331
v -1.5539 0.5493 -1.1640
v -1.6007 1.1255 -1.3591
v -1.6026 1.1501 -1.3630
v -1.3125 1.1501 -1.4983
v -1.3107 1.1255 -1.4943
v -1.3003 1.1299 -1.4720
v -1.3021 1.1545 -1.4759
v -1.5922 1.1545 -1.3407
v -1.5903 1.1299 -1.3368
v -1.5903 1.1299 -1.3368
v -1.5922 1.1545 -1.3407
v -1.6026 1.1501 -1.3630
v -1.6007 1.1255 -1.3591
v -1.3107 1.1255 -1.4943
v -1.3125 1.1501 -1.4983
v -1.3021 1.1545 -1.4759
v -1.3003 1.1299 -1.4720
v -1.6026 1.1501 -1.3630
v -1.5922 1.1545 -1.3407
v -1.3021 1.1545 -1.4759
v -1.3125 1.1501 -1.4983
v -1.6007 1.1255 -1.3591
v -1.3107 1.1255 -1.4943
v -1.3003 1.1299 -1.4720
v -1.5903 1.1299 -1.3368
v 1.3500 0.3900 -1.2000
v 1.3500 0.2100 -1.2000
v 1.3500 0.3900 -1.0600
v 1.3500 0.2100 -1.0600
v 1.4200 0.3900 -1.0788
v 1.4200 0.2100 -1.0788
v 1.4712 0.3900 -1.1300
v 1.4712 0.2100 -1.1300
v 1.4900 0.3900 -1.2000
v 1.4900 0.2100 -1.2000
v 1.4712 0.3900 -1.2700
v 1.4712 0.2100 -1.2700
v 1.4200 0.3900 -1.3212
v 1.4200 0.2100 -1.3212
v 1.3500 0.3900 -1.3400
v 1.3500 0.2100 -1.3400
v 1.2800 0.3900 -1.3212
v 1.2800 0.2100 -1.3212
v 1.2288 0.3900 -1.2700
v 1.2288 0.2100 -1.2700
v 1.2100 0.3900 -1.2000
v 1.2100 0.2100 -1.2000
v 1.2288 0.3900 -1.1300
v 1.2288 0.2100 -1.1300
v 1.2800 0.3900 -1.0788
v 1.2800 0.2100 -1.0788
v 1.2158 0.3900 -1.5274
v 1.2158 0.4900 -1.5274
v 1.6871 0.4900 -1.3076
v 1.6871 0.3900 -1.3076
v 1.4842 0.3900 -0.8726
v 1.4842 0.4900 -0.8726
v 1.0129 0.4900 -1.0924
v 1.0129 0.3900 -1.0924
v 1.0129 0.3900 -1.0924
v 1.0129 0.4900 -1.0924
v 1.2158 0.4900 -1.5274
v 1.2158 0.3900 -1.5274
v 1.6871 0.3900 -1.3076
v 1.6871 0.4900 -1.3076
v 1.4842 0.4900 -0.8726
v 1.4842 0.3900 -0.8726
v 1.2158 0.4900 -1.5274
v 1.0129 0.4900 -1.0924
v 1.4842 0.4900 -0.8726
v 1.6871 0.4900 -1.3076
v 1.2158 0.3900 -1.5274
v 1.6871 0.3900 -1.3076
v 1.4842 0.3900 -0.8726
v 1.0129 0.3900 -1.0924
v 1.2192 0.4943 -1.4875
v 1.2647 1.1049 -1.5850
v 1.6998 1.1049 -1.3822
v 1.6543 0.4943 -1.2846
v 1.6043 0.5151 -1.1775
v 1.6498 1.1257 -1.2751
v 1.2148 1.1257 -1.4779
v 1.1693 0.5151 -1.3804
v 1.1693 0.5151 -1.3804
v 1.2148 1.1257 -1.4779
v 1.2647 1.1049 -1.5850
v 1.2192 0.4943 -1.4875
v 1.6543 0.4943 -1.2846
v 1.6998 1.1049 -1.3822
v 1.6498 1.1257 -1.2751
v 1.6043 0.5151 -1.1775
v 1.2647 1.1049 -1.5850
v 1.2148 1.1257 -1.4779
v 1.6498 1.1257 -1.2751
v 1.6998 1.1049 -1.3822
v 1.2192 0.4943 -1.4875
v 1.6543 0.4943 -1.2846
v 1.6043 0.5151 -1.1775
v 1.1693 0.5151 -1.3804
v 1.2164 0.5389 -1.3866
v 1.2560 1.0707 -1.4716
v 1.6185 1.0707 -1.3026
v 1.5789 0.5389 -1.2176
v 1.5539 0.5493 -1.1640
v 1.5935 1.0811 -1.2490
v 1.2310 1.0811 -1.4181
v 1.1914 0.5493 -1.3331
v 1.1914 0.5493 -1.3331
v 1.2310 1.0811 -1.4181
v 1.2560 1.0707 -1.4716
v 1.2164 0.5389 -1.3866
v 1.5789 0.5389 -1.2176
v 1.6185 1.0707 -1.3026
v 1.5935 1.0811 -1.2490
v 1.5539 0.5493 -1.1640
v 1.2560 1.0707 -1.4716
v 1.2310 1.0811 -1.4181
v 1.5935 1.0811 -1.2490
v 1.6185 1.0707 -1.3026
v 1.2164 0.5389 -1.3866
v 1.5789 0.5389 -1.2176
v 1.5539 0.5493 -1.1640
v 1.1914 0.5493 -1.3331
v 1.3107 1.1255 -1.4943
v 1.3125 1.1501 -1.4983
v 1.6026 1.1501 -1.3630
v 1.6007 1.1255 -1.3591
v 1.5903 1.1299 -1.3368
v 1.5922 1.1545 -1.3407
v 1.3021 1.1545 -1.4759
v 1.3003 1.1299 -1.4720
v 1.3003 1.1299 -1.4720
v 1.3021 1.1545 -1.4759
v 1.3125 1.1501 -1.4983
v 1.3107 1.1255 -1.4943
v 1.6007 1.1255 -1.3591
v 1.6026 1.1501 -1.3630
v 1.5922 1.1545 -1.3407
v 1.5903 1.1299 -1.3368
v 1.3125 1.1501 -1.4983
v 1.3021 1.1545 -1.4759
v 1.5922 1.1545 -1.3407
v 1.6026 1.1501 -1.3630
v 1.3107 1.1255 -1.4943
v 1.6007 1.1255 -1.3591
v 1.5903 1.1299 -1.3368
v 1.3003 1.1299 -1.4720
v -1.0779 0.1600 2.4209
v -1.2766 0.1600 2.3222
v -1.2766 1.1000 2.3222
v -1.0779 1.1000 2.4209
v -1.2766 0.1600 2.3222
v -1.4665 0.1600 2.2072
v -1.4665 1.1000 2.2072
v -1.2766 1.1000 2.3222
v -1.4665 0.1600 2.2072
v -1.6460 0.1600 2.0768
v -1.6460 1.1000 2.0768
v -1.4665 1.1000 2.2072
v -1.6460 0.1600 2.0768
v -1.8141 0.1600 1.9318
v -1.8141 1.1000 1.9318
v -1.6460 1.1000 2.0768
v -1.8141 0.1600 1.9318
v -1.9693 0.1600 1.7732
v -1.9693 1.1000 1.7732
v -1.8141 1.1000 1.9318
v -1.9693 0.1600 1.7732
v -2.1108 0.1600 1.6022
v -2.1108 1.1000 1.6022
v -1.9693 1.1000 1.7732
v -2.1108 0.1600 1.6022
v -2.2375 0.1600 1.4199
v -2.2375 1.1000 1.4199
v -2.1108 1.1000 1.6022
v -2.2375 0.1600 1.4199
v -2.3484 0.1600 1.2277
v -2.3484 1.1000 1.2277
v -2.2375 1.1000 1.4199
v -2.3484 0.1600 1.2277
v -2.4429 0.1600 1.0269
v -2.4429 1.1000 1.0269
v -2.3484 1.1000 1.2277
v -2.4429 0.1600 1.0269
v -2.5203 0.1600 0.8189
v -2.5203 1.1000 0.8189
v -2.4429 1.1000 1.0269
v -1.3393 0.1600 2.4361
v -1.1307 0.1600 2.5397
v -1.1307 1.1000 2.5397
v -1.3393 1.1000 2.4361
v -1.5384 0.1600 2.3155
v -1.3393 0.1600 2.4361
v -1.3393 1.1000 2.4361
v -1.5384 1.1000 2.3155
v -1.7268 0.1600 2.1787
v -1.5384 0.1600 2.3155
v -1.5384 1.1000 2.3155
v -1.7268 1.1000 2.1787
v -1.9030 0.1600 2.0265
v -1.7268 0.1600 2.1787
v -1.7268 1.1000 2.1787
v -1.9030 1.1000 2.0265
v -2.0659 0.1600 1.8602
v -1.9030 0.1600 2.0265
v -1.9030 1.1000 2.0265
v -2.0659 1.1000 1.8602
v -2.2144 0.1600 1.6808
v -2.0659 0.1600 1.8602
v -2.0659 1.1000 1.8602
v -2.2144 1.1000 1.6808
v -2.3472 0.1600 1.4896
v -2.2144 0.1600 1.6808
v -2.2144 1.1000 1.6808
v -2.3472 1.1000 1.4896
v -2.4636 0.1600 1.2880
v -2.3472 0.1600 1.4896
v -2.3472 1.1000 1.4896
v -2.4636 1.1000 1.2880
v -2.5628 0.1600 1.0773
v -2.4636 0.1600 1.2880
v -2.4636 1.1000 1.2880
v -2.5628 1.1000 1.0773
v -2.6439 0.1600 0.8591
v -2.5628 0.1600 1.0773
v -2.5628 1.1000 1.0773
v -2.6439 1.1000 0.8591
v -1.0657 1.1000 2.3935
v -1.2300 1.1000 2.3133
v -1.2300 2.1000 2.3133
v -1.0657 2.1000 2.3935
v -1.2300 1.1000 2.3133
v -1.3884 1.1000 2.2219
v -1.3884 2.1000 2.2219
v -1.2300 2.1000 2.3133
v -1.3884 1.1000 2.2219
v -1.5400 1.1000 2.1196
v -1.5400 2.1000 2.1196
v -1.3884 2.1000 2.2219
v -1.5400 1.1000 2.1196
v -1.6841 1.1000 2.0070
v -1.6841 2.1000 2.0070
v -1.5400 2.1000 2.1196
v -1.6841 1.1000 2.0070
v -1.8200 1.1000 1.8847
v -1.8200 2.1000 1.8847
v -1.6841 2.1000 2.0070
v -1.8200 1.1000 1.8847
v -1.9470 1.1000 1.7531
v -1.9470 2.1000 1.7531
v -1.8200 2.1000 1.8847
v -1.9470 1.1000 1.7531
v -2.0646 1.1000 1.6130
v -2.0646 2.1000 1.6130
v -1.9470 2.1000 1.7531
v -2.0646 1.1000 1.6130
v -2.1721 1.1000 1.4651
v -2.1721 2.1000 1.4651
v -2.0646 2.1000 1.6130
v -2.1721 1.1000 1.4651
v -2.2690 1.1000 1.3100
v -2.2690 2.1000 1.3100
v -2.1721 2.1000 1.4651
v -2.2690 1.1000 1.3100
v -2.3548 1.1000 1.1485
v -2.3548 2.1000 1.1485
v -2.2690 2.1000 1.3100
v -2.3548 1.1000 1.1485
v -2.4292 1.1000 0.9815
v -2.4292 2.1000 0.9815
v -2.3548 2.1000 1.1485
v -2.4292 1.1000 0.9815
v -2.4918 1.1000 0.8096
v -2.4918 2.1000 0.8096
v -2.4292 2.1000 0.9815
v -1.3051 1.1000 2.4546
v -1.1307 1.1000 2.5397
v -1.1307 2.1000 2.5397
v -1.3051 2.1000 2.4546
v -1.4732 1.1000 2.3576
v -1.3051 1.1000 2.4546
v -1.3051 2.1000 2.4546
v -1.4732 2.1000 2.3576
v -1.6340 1.1000 2.2491
v -1.4732 1.1000 2.3576
v -1.4732 2.1000 2.3576
v -1.6340 2.1000 2.2491
v -1.7869 1.1000 2.1296
v -1.6340 1.1000 2.2491
v -1.6340 2.1000 2.2491
v -1.7869 2.1000 2.1296
v -1.9312 1.1000 1.9998
v -1.7869 1.1000 2.1296
v -1.7869 2.1000 2.1296
v -1.9312 2.1000 1.9998
v -2.0659 1.1000 1.8602
v -1.9312 1.1000 1.9998
v -1.9312 2.1000 1.9998
v -2.0659 2.1000 1.8602
v -2.1907 1.1000 1.7115
v -2.0659 1.1000 1.8602
v -2.0659 2.1000 1.8602
v -2.1907 2.1000 1.7115
v -2.3047 1.1000 1.5546
v -2.1907 1.1000 1.7115
v -2.1907 2.1000 1.7115
v -2.3047 2.1000 1.5546
v -2.4076 1.1000 1.3900
v -2.3047 1.1000 1.5546
v -2.3047 2.1000 1.5546
v -2.4076 2.1000 1.3900
v -2.4986 1.1000 1.2187
v -2.4076 1.1000 1.3900
v -2.4076 2.1000 1.3900
v -2.4986 2.1000 1.2187
v -2.5776 1.1000 1.0414
v -2.4986 1.1000 1.2187
v -2.4986 2.1000 1.2187
v -2.5776 2.1000 1.0414
v -2.6439 1.1000 0.8591
v -2.5776 1.1000 1.0414
v -2.5776 2.1000 1.0414
v -2.6439 2.1000 0.8591
v -2.5203 0.1600 0.8189
v -2.5750 0.1600 0.6261
v -2.5750 1.2500 0.6261
v -2.5203 1.2500 0.8189
v -2.5750 0.1600 0.6261
v -2.6149 0.1600 0.4298
v -2.6149 1.2500 0.4298
v -2.5750 1.2500 0.6261
v -2.6149 0.1600 0.4298
v -2.6399 0.1600 0.2310
v -2.6399 1.2500 0.2310
v -2.6149 1.2500 0.4298
v -2.6399 0.1600 0.2310
v -2.6498 0.1600 0.0308
v -2.6498 1.2500 0.0308
v -2.6399 1.2500 0.2310
v -2.6498 0.1600 0.0308
v -2.6446 0.1600 -0.1695
v -2.6446 1.2500 -0.1695
v -2.6498 1.2500 0.0308
v -2.6446 0.1600 -0.1695
v -2.6242 0.1600 -0.3688
v -2.6242 1.2500 -0.3688
v -2.6446 1.2500 -0.1695
v -2.7013 0.1600 0.6568
v -2.6439 0.1600 0.8591
v -2.6439 1.2500 0.8591
v -2.7013 1.2500 0.6568
v -2.7432 0.1600 0.4509
v -2.7013 0.1600 0.6568
v -2.7013 1.2500 0.6568
v -2.7432 1.2500 0.4509
v -2.7694 0.1600 0.2423
v -2.7432 0.1600 0.4509
v -2.7432 1.2500 0.4509
v -2.7694 1.2500 0.2423
v -2.7798 0.1600 0.0323
v -2.7694 0.1600 0.2423
v -2.7694 1.2500 0.2423
v -2.7798 1.2500 0.0323
v -2.7743 0.1600 -0.1778
v -2.7798 0.1600 0.0323
v -2.7798 1.2500 0.0323
v -2.7743 1.2500 -0.1778
v -2.7529 0.1600 -0.3869
v -2.7743 0.1600 -0.1778
v -2.7743 1.2500 -0.1778
v -2.7529 1.2500 -0.3869
v -2.5298 1.2500 0.8220
v -2.5847 1.2500 0.6285
v -2.5847 1.9500 0.6285
v -2.5298 1.9500 0.8220
v -2.5847 1.2500 0.6285
v -2.6248 1.2500 0.4314
v -2.6248 1.9500 0.4314
v -2.5847 1.9500 0.6285
v -2.6248 1.2500 0.4314
v -2.6499 1.2500 0.2318
v -2.6499 1.9500 0.2318
v -2.6248 1.9500 0.4314
v -2.6499 1.2500 0.2318
v -2.6598 1.2500 0.0309
v -2.6598 1.9500 0.0309
v -2.6499 1.9500 0.2318
v -2.6598 1.2500 0.0309
v -2.6546 1.2500 -0.1701
v -2.6546 1.9500 -0.1701
v -2.6598 1.9500 0.0309
v -2.6546 1.2500 -0.1701
v -2.6341 1.2500 -0.3702
v -2.6341 1.9500 -0.3702
v -2.6546 1.9500 -0.1701
v -2.5203 1.9500 0.8189
v -2.5750 1.9500 0.6261
v -2.5750 2.1000 0.6261
v -2.5203 2.1000 0.8189
v -2.5750 1.9500 0.6261
v -2.6149 1.9500 0.4298
v -2.6149 2.1000 0.4298
v -2.5750 2.1000 0.6261
v -2.6149 1.9500 0.4298
v -2.6399 1.9500 0.2310
v -2.6399 2.1000 0.2310
v -2.6149 2.1000 0.4298
v -2.6399 1.9500 0.2310
v -2.6498 1.9500 0.0308
v -2.6498 2.1000 0.0308
v -2.6399 2.1000 0.2310
v -2.6498 1.9500 0.0308
v -2.6446 1.9500 -0.1695
v -2.6446 2.1000 -0.1695
v -2.6498 2.1000 0.0308
v -2.6446 1.9500 -0.1695
v -2.6242 1.9500 -0.3688
v -2.6242 2.1000 -0.3688
v -2.6446 2.1000 -0.1695
v -2.7013 1.9500 0.6568
v -2.6439 1.9500 0.8591
v -2.6439 2.1000 0.8591
v -2.7013 2.1000 0.6568
v -2.7432 1.9500 0.4509
v -2.7013 1.9500 0.6568
v -2.7013 2.1000 0.6568
v -2.7432 2.1000 0.4509
v -2.7694 1.9500 0.2423
v -2.7432 1.9500 0.4509
v -2.7432 2.1000 0.4509
v -2.7694 2.1000 0.2423
v -2.7798 1.9500 0.0323
v -2.7694 1.9500 0.2423
v -2.7694 2.1000 0.2423
v -2.7798 2.1000 0.0323
v -2.7743 1.9500 -0.1778
v -2.7798 1.9500 0.0323
v -2.7798 2.1000 0.0323
v -2.7743 2.1000 -0.1778
v -2.7529 1.9500 -0.3869
v -2.7743 1.9500 -0.1778
v -2.7743 2.1000 -0.1778
v -2.7529 2.1000 -0.3869
v -2.6242 0.1600 -0.3688
v -2.5897 0.1600 -0.5623
v -2.5897 2.1000 -0.5623
v -2.6242 2.1000 -0.3688
v -2.5897 0.1600 -0.5623
v -2.5409 0.1600 -0.7526
v -2.5409 2.1000 -0.7526
v -2.5897 2.1000 -0.5623
v -2.5409 0.1600 -0.7526
v -2.4781 0.1600 -0.9389
v -2.4781 2.1000 -0.9389
v -2.5409 2.1000 -0.7526
v -2.4781 0.1600 -0.9389
v -2.4017 0.1600 -1.1199
v -2.4017 2.1000 -1.1199
v -2.4781 2.1000 -0.9389
v -2.7167 0.1600 -0.5899
v -2.7529 0.1600 -0.3869
v -2.7529 2.1000 -0.3869
v -2.7167 2.1000 -0.5899
v -2.6655 0.1600 -0.7896
v -2.7167 0.1600 -0.5899
v -2.7167 2.1000 -0.5899
v -2.6655 2.1000 -0.7896
v -2.5997 0.1600 -0.9849
v -2.6655 0.1600 -0.7896
v -2.6655 2.1000 -0.7896
v -2.5997 2.1000 -0.9849
v -2.5195 0.1600 -1.1749
v -2.5997 0.1600 -0.9849
v -2.5997 2.1000 -0.9849
v -2.5195 2.1000 -1.1749
v -1.0779 2.1000 2.4209
v -1.3125 2.1000 2.3022
v -1.0896 2.6500 1.9112
v -0.8948 2.6500 2.0098
v -1.3125 2.1000 2.3022
v -1.5342 2.1000 2.1608
v -1.2736 2.6500 1.7938
v -1.0896 2.6500 1.9112
v -1.5342 2.1000 2.1608
v -1.7407 2.1000 1.9981
v -1.4451 2.6500 1.6588
v -1.2736 2.6500 1.7938
v -1.7407 2.1000 1.9981
v -1.9302 2.1000 1.8157
v -1.6024 2.6500 1.5074
v -1.4451 2.6500 1.6588
v -1.9302 2.1000 1.8157
v -2.1006 2.1000 1.6155
v -1.7439 2.6500 1.3412
v -1.6024 2.6500 1.5074
v -2.1006 2.1000 1.6155
v -2.2504 2.1000 1.3994
v -1.8682 2.6500 1.1617
v -1.7439 2.6500 1.3412
v -2.2504 2.1000 1.3994
v -2.3780 2.1000 1.1695
v -1.9742 2.6500 0.9709
v -1.8682 2.6500 1.1617
v -2.3780 2.1000 1.1695
v -2.4822 2.1000 0.9280
v -2.0607 2.6500 0.7705
v -1.9742 2.6500 0.9709
v -2.4822 2.1000 0.9280
v -2.5619 2.1000 0.6775
v -2.1269 2.6500 0.5624
v -2.0607 2.6500 0.7705
v -2.5619 2.1000 0.6775
v -2.6165 2.1000 0.4203
v -2.1722 2.6500 0.3489
v -2.1269 2.6500 0.5624
v -2.6165 2.1000 0.4203
v -2.6452 2.1000 0.1589
v -2.1960 2.6500 0.1319
v -2.1722 2.6500 0.3489
v -2.6452 2.1000 0.1589
v -2.6480 2.1000 -0.1040
v -2.1983 2.6500 -0.0864
v -2.1960 2.6500 0.1319
v -2.6480 2.1000 -0.1040
v -2.6246 2.1000 -0.3659
v -2.1789 2.6500 -0.3038
v -2.1983 2.6500 -0.0864
v -2.6246 2.1000 -0.3659
v -2.5754 2.1000 -0.6243
v -2.1381 2.6500 -0.5182
v -2.1789 2.6500 -0.3038
v -2.5754 2.1000 -0.6243
v -2.5009 2.1000 -0.8764
v -2.0762 2.6500 -0.7276
v -2.1381 2.6500 -0.5182
v -2.5009 2.1000 -0.8764
v -2.4017 2.1000 -1.1199
v -1.9939 2.6500 -0.9298
v -2.0762 2.6500 -0.7276
v -1.3768 2.1000 2.4151
v -1.1307 2.1000 2.5397
v -0.9355 2.6500 2.1012
v -1.1391 2.6500 1.9981
v -1.6094 2.1000 2.2668
v -1.3768 2.1000 2.4151
v -1.1391 2.6500 1.9981
v -1.3315 2.6500 1.8754
v -1.8261 2.1000 2.0961
v -1.6094 2.1000 2.2668
v -1.3315 2.6500 1.8754
v -1.5108 2.6500 1.7342
v -2.0249 2.1000 1.9048
v -1.8261 2.1000 2.0961
v -1.5108 2.6500 1.7342
v -1.6753 2.6500 1.5759
v -2.2037 2.1000 1.6948
v -2.0249 2.1000 1.9048
v -1.6753 2.6500 1.5759
v -1.8232 2.6500 1.4021
v -2.3608 2.1000 1.4680
v -2.2037 2.1000 1.6948
v -1.8232 2.6500 1.4021
v -1.9532 2.6500 1.2146
v -2.4946 2.1000 1.2268
v -2.3608 2.1000 1.4680
v -1.9532 2.6500 1.2146
v -2.0639 2.6500 1.0150
v -2.6039 2.1000 0.9736
v -2.4946 2.1000 1.2268
v -2.0639 2.6500 1.0150
v -2.1543 2.6500 0.8055
v -2.6876 2.1000 0.7107
v -2.6039 2.1000 0.9736
v -2.1543 2.6500 0.8055
v -2.2236 2.6500 0.5880
v -2.7448 2.1000 0.4409
v -2.6876 2.1000 0.7107
v -2.2236 2.6500 0.5880
v -2.2709 2.6500 0.3648
v -2.7750 2.1000 0.1667
v -2.7448 2.1000 0.4409
v -2.2709 2.6500 0.3648
v -2.2959 2.6500 0.1379
v -2.7779 2.1000 -0.1091
v -2.7750 2.1000 0.1667
v -2.2959 2.6500 0.1379
v -2.2982 2.6500 -0.0903
v -2.7534 2.1000 -0.3839
v -2.7779 2.1000 -0.1091
v -2.2982 2.6500 -0.0903
v -2.2780 2.6500 -0.3176
v -2.7018 2.1000 -0.6549
v -2.7534 2.1000 -0.3839
v -2.2780 2.6500 -0.3176
v -2.2353 2.6500 -0.5418
v -2.6236 2.1000 -0.9194
v -2.7018 2.1000 -0.6549
v -2.2353 2.6500 -0.5418
v -2.1706 2.6500 -0.7607
v -2.5195 2.1000 -1.1749
v -2.6236 2.1000 -0.9194
v -2.1706 2.6500 -0.7607
v -2.0845 2.6500 -0.9720
v -1.8702 0.6200 -0.0230
v -1.8702 1.0200 -0.0230
v -1.7960 1.0200 0.5220
v -1.7960 0.6200 0.5220
v -2.3905 0.6200 0.6029
v -2.3905 1.0200 0.6029
v -2.4647 1.0200 0.0579
v -2.4647 0.6200 0.0579
v -2.4647 0.6200 0.0579
v -2.4647 1.0200 0.0579
v -1.8702 1.0200 -0.0230
v -1.8702 0.6200 -0.0230
v -1.7960 0.6200 0.5220
v -1.7960 1.0200 0.5220
v -2.3905 1.0200 0.6029
v -2.3905 0.6200 0.6029
v -1.8702 1.0200 -0.0230
v -2.4647 1.0200 0.0579
v -2.3905 1.0200 0.6029
v -1.7960 1.0200 0.5220
v -1.8702 0.6200 -0.0230
v -1.7960 0.6200 0.5220
v -2.3905 0.6200 0.6029
v -2.4647 0.6200 0.0579
v -1.8384 1.0200 -0.0122
v -1.8384 1.0400 -0.0122
v -1.7683 1.0400 0.5031
v -1.7683 1.0200 0.5031
v -1.8079 1.0200 0.5084
v -1.8079 1.0400 0.5084
v -1.8781 1.0400 -0.0068
v -1.8781 1.0200 -0.0068
v -1.8781 1.0200 -0.0068
v -1.8781 1.0400 -0.0068
v -1.8384 1.0400 -0.0122
v -1.8384 1.0200 -0.0122
v -1.7683 1.0200 0.5031
v -1.7683 1.0400 0.5031
v -1.8079 1.0400 0.5084
v -1.8079 1.0200 0.5084
v -1.8384 1.0400 -0.0122
v -1.8781 1.0400 -0.0068
v -1.8079 1.0400 0.5084
v -1.7683 1.0400 0.5031
v -1.8384 1.0200 -0.0122
v -1.7683 1.0200 0.5031
v -1.8079 1.0200 0.5084
v -1.8781 1.0200 -0.0068
v -2.3883 1.0322 0.0929
v -2.3025 1.2985 0.0812
v -2.2405 1.2985 0.5370
v -2.3263 1.0322 0.5487
v -2.3545 1.0415 0.5526
v -2.2688 1.3078 0.5409
v -2.3308 1.3078 0.0851
v -2.4166 1.0415 0.0968
v -2.4166 1.0415 0.0968
v -2.3308 1.3078 0.0851
v -2.3025 1.2985 0.0812
v -2.3883 1.0322 0.0929
v -2.3263 1.0322 0.5487
v -2.2405 1.2985 0.5370
v -2.2688 1.3078 0.5409
v -2.3545 1.0415 0.5526
v -2.3025 1.2985 0.0812
v -2.3308 1.3078 0.0851
v -2.2688 1.3078 0.5409
v -2.2405 1.2985 0.5370
v -2.3883 1.0322 0.0929
v -2.3263 1.0322 0.5487
v -2.3545 1.0415 0.5526
v -2.4166 1.0415 0.0968
v -1.8462 0.6200 -0.2992
v -1.8462 1.0200 -0.2992
v -1.8534 1.0200 0.2508
v -1.8534 0.6200 0.2508
v -2.4534 0.6200 0.2429
v -2.4534 1.0200 0.2429
v -2.4462 1.0200 -0.3070
v -2.4462 0.6200 -0.3070
v -2.4462 0.6200 -0.3070
v -2.4462 1.0200 -0.3070
v -1.8462 1.0200 -0.2992
v -1.8462 0.6200 -0.2992
v -1.8534 0.6200 0.2508
v -1.8534 1.0200 0.2508
v -2.4534 1.0200 0.2429
v -2.4534 0.6200 0.2429
v -1.8462 1.0200 -0.2992
v -2.4462 1.0200 -0.3070
v -2.4534 1.0200 0.2429
v -1.8534 1.0200 0.2508
v -1.8462 0.6200 -0.2992
v -1.8534 0.6200 0.2508
v -2.4534 0.6200 0.2429
v -2.4462 0.6200 -0.3070
v -1.8164 1.0200 -0.2838
v -1.8164 1.0400 -0.2838
v -1.8232 1.0400 0.2362
v -1.8232 1.0200 0.2362
v -1.8632 1.0200 0.2356
v -1.8632 1.0400 0.2356
v -1.8564 1.0400 -0.2843
v -1.8564 1.0200 -0.2843
v -1.8564 1.0200 -0.2843
v -1.8564 1.0400 -0.2843
v -1.8164 1.0400 -0.2838
v -1.8164 1.0200 -0.2838
v -1.8232 1.0200 0.2362
v -1.8232 1.0400 0.2362
v -1.8632 1.0400 0.2356
v -1.8632 1.0200 0.2356
v -1.8164 1.0400 -0.2838
v -1.8564 1.0400 -0.2843
v -1.8632 1.0400 0.2356
v -1.8232 1.0400 0.2362
v -1.8164 1.0200 -0.2838
v -1.8232 1.0200 0.2362
v -1.8632 1.0200 0.2356
v -1.8564 1.0200 -0.2843
v -2.3758 1.0322 -0.2611
v -2.2893 1.2985 -0.2600
v -2.2953 1.2985 0.2000
v -2.3818 1.0322 0.1988
v -2.4103 1.0415 0.1985
v -2.3238 1.3078 0.1996
v -2.3178 1.3078 -0.2604
v -2.4043 1.0415 -0.2615
v -2.4043 1.0415 -0.2615
v -2.3178 1.3078 -0.2604
v -2.2893 1.2985 -0.2600
v -2.3758 1.0322 -0.2611
v -2.3818 1.0322 0.1988
v -2.2953 1.2985 0.2000
v -2.3238 1.3078 0.1996
v -2.4103 1.0415 0.1985
v -2.2893 1.2985 -0.2600
v -2.3178 1.3078 -0.2604
v -2.3238 1.3078 0.1996
v -2.2953 1.2985 0.2000
v -2.3758 1.0322 -0.2611
v -2.3818 1.0322 0.1988
v -2.4103 1.0415 0.1985
v -2.4043 1.0415 -0.2615
v -1.7817 0.6200 -0.5688
v -1.7817 1.0200 -0.5688
v -1.8701 1.0200 -0.0259
v -1.8701 0.6200 -0.0259
v -2.4623 0.6200 -0.1224
v -2.4623 1.0200 -0.1224
v -2.3739 1.0200 -0.6652
v -2.3739 0.6200 -0.6652
v -2.3739 0.6200 -0.6652
v -2.3739 1.0200 -0.6652
v -1.7817 1.0200 -0.5688
v -1.7817 0.6200 -0.5688
v -1.8701 0.6200 -0.0259
v -1.8701 1.0200 -0.0259
v -2.4623 1.0200 -0.1224
v -2.4623 0.6200 -0.1224
v -1.7817 1.0200 -0.5688
v -2.3739 1.0200 -0.6652
v -2.4623 1.0200 -0.1224
v -1.8701 1.0200 -0.0259
v -1.7817 0.6200 -0.5688
v -1.8701 0.6200 -0.0259
v -2.4623 0.6200 -0.1224
v -2.3739 0.6200 -0.6652
v -1.7545 1.0200 -0.5492
v -1.7545 1.0400 -0.5492
v -1.8381 1.0400 -0.0359
v -1.8381 1.0200 -0.0359
v -1.8776 1.0200 -0.0424
v -1.8776 1.0400 -0.0424
v -1.7940 1.0400 -0.5556
v -1.7940 1.0200 -0.5556
v -1.7940 1.0200 -0.5556
v -1.7940 1.0400 -0.5556
v -1.7545 1.0400 -0.5492
v -1.7545 1.0200 -0.5492
v -1.8381 1.0200 -0.0359
v -1.8381 1.0400 -0.0359
v -1.8776 1.0400 -0.0424
v -1.8776 1.0200 -0.0424
v -1.7545 1.0400 -0.5492
v -1.7940 1.0400 -0.5556
v -1.8776 1.0400 -0.0424
v -1.8381 1.0400 -0.0359
v -1.7545 1.0200 -0.5492
v -1.8381 1.0200 -0.0359
v -1.8776 1.0200 -0.0424
v -1.7940 1.0200 -0.5556
v -2.3111 1.0322 -0.6094
v -2.2257 1.2985 -0.5955
v -2.2996 1.2985 -0.1415
v -2.3850 1.0322 -0.1554
v -2.4132 1.0415 -0.1600
v -2.3278 1.3078 -0.1461
v -2.2539 1.3078 -0.6001
v -2.3393 1.0415 -0.6140
v -2.3393 1.0415 -0.6140
v -2.2539 1.3078 -0.6001
v -2.2257 1.2985 -0.5955
v -2.3111 1.0322 -0.6094
v -2.3850 1.0322 -0.1554
v -2.2996 1.2985 -0.1415
v -2.3278 1.3078 -0.1461
v -2.4132 1.0415 -0.1600
v -2.2257 1.2985 -0.5955
v -2.2539 1.3078 -0.6001
v -2.3278 1.3078 -0.1461
v -2.2996 1.2985 -0.1415
v -2.3111 1.0322 -0.6094
v -2.3850 1.0322 -0.1554
v -2.4132 1.0415 -0.1600
v -2.3393 1.0415 -0.6140
v -1.6781 0.6200 -0.8259
v -1.6781 1.0200 -0.8259
v -1.8458 1.0200 -0.3021
v -1.8458 0.6200 -0.3021
v -2.4172 0.6200 -0.4850
v -2.4172 1.0200 -0.4850
v -2.2495 1.0200 -1.0088
v -2.2495 0.6200 -1.0088
v -2.2495 0.6200 -1.0088
v -2.2495 1.0200 -1.0088
v -1.6781 1.0200 -0.8259
v -1.6781 0.6200 -0.8259
v -1.8458 0.6200 -0.3021
v -1.8458 1.0200 -0.3021
v -2.4172 1.0200 -0.4850
v -2.4172 0.6200 -0.4850
v -1.6781 1.0200 -0.8259
v -2.2495 1.0200 -1.0088
v -2.4172 1.0200 -0.4850
v -1.8458 1.0200 -0.3021
v -1.6781 0.6200 -0.8259
v -1.8458 0.6200 -0.3021
v -2.4172 0.6200 -0.4850
v -2.2495 0.6200 -1.0088
v -1.6541 1.0200 -0.8025
v -1.6541 1.0400 -0.8025
v -1.8126 1.0400 -0.3072
v -1.8126 1.0200 -0.3072
v -1.8507 1.0200 -0.3194
v -1.8507 1.0400 -0.3194
v -1.6922 1.0400 -0.8147
v -1.6922 1.0200 -0.8147
v -1.6922 1.0200 -0.8147
v -1.6922 1.0400 -0.8147
v -1.6541 1.0400 -0.8025
v -1.6541 1.0200 -0.8025
v -1.8126 1.0200 -0.3072
v -1.8126 1.0400 -0.3072
v -1.8507 1.0400 -0.3194
v -1.8507 1.0200 -0.3194
v -1.6541 1.0400 -0.8025
v -1.6922 1.0400 -0.8147
v -1.8507 1.0400 -0.3194
v -1.8126 1.0400 -0.3072
v -1.6541 1.0200 -0.8025
v -1.8126 1.0200 -0.3072
v -1.8507 1.0200 -0.3194
v -1.6922 1.0200 -0.8147
v -2.1956 1.0322 -0.9443
v -2.1132 1.2985 -0.9179
v -2.2535 1.2985 -0.4798
v -2.3359 1.0322 -0.5062
v -2.3630 1.0415 -0.5149
v -2.2806 1.3078 -0.4885
v -2.1404 1.3078 -0.9266
v -2.2228 1.0415 -0.9530
v -2.2228 1.0415 -0.9530
v -2.1404 1.3078 -0.9266
v -2.1132 1.2985 -0.9179
v -2.1956 1.0322 -0.9443
v -2.3359 1.0322 -0.5062
v -2.2535 1.2985 -0.4798
v -2.2806 1.3078 -0.4885
v -2.3630 1.0415 -0.5149
v -2.1132 1.2985 -0.9179
v -2.1404 1.3078 -0.9266
v -2.2806 1.3078 -0.4885
v -2.2535 1.2985 -0.4798
v -2.1956 1.0322 -0.9443
v -2.3359 1.0322 -0.5062
v -2.3630 1.0415 -0.5149
v -2.2228 1.0415 -0.9530
v 1.0779 0.1600 2.4209
v 1.2766 0.1600 2.3222
v 1.2766 1.1000 2.3222
v 1.0779 1.1000 2.4209
v 1.2766 0.1600 2.3222
v 1.4665 0.1600 2.2072
v 1.4665 1.1000 2.2072
v 1.2766 1.1000 2.3222
v 1.4665 0.1600 2.2072
v 1.6460 0.1600 2.0768
v 1.6460 1.1000 2.0768
v 1.4665 1.1000 2.2072
v 1.6460 0.1600 2.0768
v 1.8141 0.1600 1.9318
v 1.8141 1.1000 1.9318
v 1.6460 1.1000 2.0768
v 1.8141 0.1600 1.9318
v 1.9693 0.1600 1.7732
v 1.9693 1.1000 1.7732
v 1.8141 1.1000 1.9318
v 1.9693 0.1600 1.7732
v 2.1108 0.1600 1.6022
v 2.1108 1.1000 1.6022
v 1.9693 1.1000 1.7732
v 2.1108 0.1600 1.6022
v 2.2375 0.1600 1.4199
v 2.2375 1.1000 1.4199
v 2.1108 1.1000 1.6022
v 2.2375 0.1600 1.4199
v 2.3484 0.1600 1.2277
v 2.3484 1.1000 1.2277
v 2.2375 1.1000 1.4199
v 2.3484 0.1600 1.2277
v 2.4429 0.1600 1.0269
v 2.4429 1.1000 1.0269
v 2.3484 1.1000 1.2277
v 2.4429 0.1600 1.0269
v 2.5203 0.1600 0.8189
v 2.5203 1.1000 0.8189
v 2.4429 1.1000 1.0269
v 1.3393 0.1600 2.4361
v 1.1307 0.1600 2.5397
v 1.1307 1.1000 2.5397
v 1.3393 1.1000 2.4361
v 1.5384 0.1600 2.3155
v 1.3393 0.1600 2.4361
v 1.3393 1.1000 2.4361
v 1.5384 1.1000 2.3155
v 1.7268 0.1600 2.1787
v 1.5384 0.1600 2.3155
v 1.5384 1.1000 2.3155
v 1.7268 1.1000 2.1787
v 1.9030 0.1600 2.0265
v 1.7268 0.1600 2.1787
v 1.7268 1.1000 2.1787
v 1.9030 1.1000 2.0265
v 2.0659 0.1600 1.8602
v 1.9030 0.1600 2.0265
v 1.9030 1.1000 2.0265
v 2.0659 1.1000 1.8602
v 2.2144 0.1600 1.6808
v 2.0659 0.1600 1.8602
v 2.0659 1.1000 1.8602
v 2.2144 1.1000 1.6808
v 2.3472 0.1600 1.4896
v 2.2144 0.1600 1.6808
v 2.2144 1.1000 1.6808
v 2.3472 1.1000 1.4896
v 2.4636 0.1600 1.2880
v 2.3472 0.1600 1.4896
v 2.3472 1.1000 1.4896
v 2.4636 1.1000 1.2880
v 2.5628 0.1600 1.0773
v 2.4636 0.1600 1.2880
v 2.4636 1.1000 1.2880
v 2.5628 1.1000 1.0773
v 2.6439 0.1600 0.8591
v 2.5628 0.1600 1.0773
v 2.5628 1.1000 1.0773
v 2.6439 1.1000 0.8591
v 1.0657 1.1000 2.3935
v 1.2300 1.1000 2.3133
v 1.2300 2.1000 2.3133
v 1.0657 2.1000 2.3935
v 1.2300 1.1000 2.3133
v 1.3884 1.1000 2.2219
v 1.3884 2.1000 2.2219
v 1.2300 2.1000 2.3133
v 1.3884 1.1000 2.2219
v 1.5400 1.1000 2.1196
v 1.5400 2.1000 2.1196
v 1.3884 2.1000 2.2219
v 1.5400 1.1000 2.1196
v 1.6841 1.1000 2.0070
v 1.6841 2.1000 2.0070
v 1.5400 2.1000 2.1196
v 1.6841 1.1000 2.0070
v 1.8200 1.1000 1.8847
v 1.8200 2.1000 1.8847
v 1.6841 2.1000 2.0070
v 1.8200 1.1000 1.8847
v 1.9470 1.1000 1.7531
v 1.9470 2.1000 1.7531
v 1.8200 2.1000 1.8847
v 1.9470 1.1000 1.7531
v 2.0646 1.1000 1.6130
v 2.0646 2.1000 1.6130
v 1.9470 2.1000 1.7531
v 2.0646 1.1000 1.6130
v 2.1721 1.1000 1.4651
v 2.1721 2.1000 1.4651
v 2.0646 2.1000 1.6130
v 2.1721 1.1000 1.4651
v 2.2690 1.1000 1.3100
v 2.2690 2.1000 1.3100
v 2.1721 2.1000 1.4651
v 2.2690 1.1000 1.3100
v 2.3548 1.1000 1.1485
v 2.3548 2.1000 1.1485
v 2.2690 2.1000 1.3100
v 2.3548 1.1000 1.1485
v 2.4292 1.1000 0.9815
v 2.4292 2.1000 0.9815
v 2.3548 2.1000 1.1485
v 2.4292 1.1000 0.9815
v 2.4918 1.1000 0.8096
v 2.4918 2.1000 0.8096
v 2.4292 2.1000 0.9815
v 1.3051 1.1000 2.4546
v 1.1307 1.1000 2.5397
v 1.1307 2.1000 2.5397
v 1.3051 2.1000 2.4546
v 1.4732 1.1000 2.3576
v 1.3051 1.1000 2.4546
v 1.3051 2.1000 2.4546
v 1.4732 2.1000 2.3576
v 1.6340 1.1000 2.2491
v 1.4732 1.1000 2.3576
v 1.4732 2.1000 2.3576
v 1.6340 2.1000 2.2491
v 1.7869 1.1000 2.1296
v 1.6340 1.1000 2.2491
v 1.6340 2.1000 2.2491
v 1.7869 2.1000 2.1296
v 1.9312 1.1000 1.9998
v 1.7869 1.1000 2.1296
v 1.7869 2.1000 2.1296
v 1.9312 2.1000 1.9998
v 2.0659 1.1000 1.8602
v 1.9312 1.1000 1.9998
v 1.9312 2.1000 1.9998
v 2.0659 2.1000 1.8602
v 2.1907 1.1000 1.7115
v 2.0659 1.1000 1.8602
v 2.0659 2.1000 1.8602
v 2.1907 2.1000 1.7115
v 2.3047 1.1000 1.5546
v 2.1907 1.1000 1.7115
v 2.1907 2.1000 1.7115
v 2.3047 2.1000 1.5546
v 2.4076 1.1000 1.3900
v 2.3047 1.1000 1.5546
v 2.3047 2.1000 1.5546
v 2.4076 2.1000 1.3900
v 2.4986 1.1000 1.2187
v 2.4076 1.1000 1.3900
v 2.4076 2.1000 1.3900
v 2.4986 2.1000 1.2187
v 2.5776 1.1000 1.0414
v 2.4986 1.1000 1.2187
v 2.4986 2.1000 1.2187
v 2.5776 2.1000 1.0414
v 2.6439 1.1000 0.8591
v 2.5776 1.1000 1.0414
v 2.5776 2.1000 1.0414
v 2.6439 2.1000 0.8591
v 2.5203 0.1600 0.8189
v 2.5750 0.1600 0.6261
v 2.5750 1.2500 0.6261
v 2.5203 1.2500 0.8189
v 2.5750 0.1600 0.6261
v 2.6149 0.1600 0.4298
v 2.6149 1.2500 0.4298
v 2.5750 1.2500 0.6261
v 2.6149 0.1600 0.4298
v 2.6399 0.1600 0.2310
v 2.6399 1.2500 0.2310
v 2.6149 1.2500 0.4298
v 2.6399 0.1600 0.2310
v 2.6498 0.1600 0.0308
v 2.6498 1.2500 0.0308
v 2.6399 1.2500 0.2310
v 2.6498 0.1600 0.0308
v 2.6446 0.1600 -0.1695
v 2.6446 1.2500 -0.1695
v 2.6498 1.2500 0.0308
v 2.6446 0.1600 -0.1695
v 2.6242 0.1600 -0.3688
v 2.6242 1.2500 -0.3688
v 2.6446 1.2500 -0.1695
v 2.7013 0.1600 0.6568
v 2.6439 0.1600 0.8591
v 2.6439 1.2500 0.8591
v 2.7013 1.2500 0.6568
v 2.7432 0.1600 0.4509
v 2.7013 0.1600 0.6568
v 2.7013 1.2500 0.6568
v 2.7432 1.2500 0.4509
v 2.7694 0.1600 0.2423
v 2.7432 0.1600 0.4509
v 2.7432 1.2500 0.4509
v 2.7694 1.2500 0.2423
v 2.7798 0.1600 0.0323
v 2.7694 0.1600 0.2423
v 2.7694 1.2500 0.2423
v 2.7798 1.2500 0.0323
v 2.7743 0.1600 -0.1778
v 2.7798 0.1600 0.0323
v 2.7798 1.2500 0.0323
v 2.7743 1.2500 -0.1778
v 2.7529 0.1600 -0.3869
v 2.7743 0.1600 -0.1778
v 2.7743 1.2500 -0.1778
v 2.7529 1.2500 -0.3869
v 2.5298 1.2500 0.8220
v 2.5847 1.2500 0.6285
v 2.5847 1.9500 0.6285
v 2.5298 1.9500 0.8220
v 2.5847 1.2500 0.6285
v 2.6248 1.2500 0.4314
v 2.6248 1.9500 0.4314
v 2.5847 1.9500 0.6285
v 2.6248 1.2500 0.4314
v 2.6499 1.2500 0.2318
v 2.6499 1.9500 0.2318
v 2.6248 1.9500 0.4314
v 2.6499 1.2500 0.2318
v 2.6598 1.2500 0.0309
v 2.6598 1.9500 0.0309
v 2.6499 1.9500 0.2318
v 2.6598 1.2500 0.0309
v 2.6546 1.2500 -0.1701
v 2.6546 1.9500 -0.1701
v 2.6598 1.9500 0.0309
v 2.6546 1.2500 -0.1701
v 2.6341 1.2500 -0.3702
v 2.6341 1.9500 -0.3702
v 2.6546 1.9500 -0.1701
v 2.5203 1.9500 0.8189
v 2.5750 1.9500 0.6261
v 2.5750 2.1000 0.6261
v 2.5203 2.1000 0.8189
v 2.5750 1.9500 0.6261
v 2.6149 1.9500 0.4298
v 2.6149 2.1000 0.4298
v 2.5750 2.1000 0.6261
v 2.6149 1.9500 0.4298
v 2.6399 1.9500 0.2310
v 2.6399 2.1000 0.2310
v 2.6149 2.1000 0.4298
v 2.6399 1.9500 0.2310
v 2.6498 1.9500 0.0308
v 2.6498 2.1000 0.0308
v 2.6399 2.1000 0.2310
v 2.6498 1.9500 0.0308
v 2.6446 1.9500 -0.1695
v 2.6446 2.1000 -0.1695
v 2.6498 2.1000 0.0308
v 2.6446 1.9500 -0.1695
v 2.6242 1.9500 -0.3688
v 2.6242 2.1000 -0.3688
v 2.6446 2.1000 -0.1695
v 2.7013 1.9500 0.6568
v 2.6439 1.9500 0.8591
v 2.6439 2.1000 0.8591
v 2.7013 2.1000 0.6568
v 2.7432 1.9500 0.4509
v 2.7013 1.9500 0.6568
v 2.7013 2.1000 0.6568
v 2.7432 2.1000 0.4509
v 2.7694 1.9500 0.2423
v 2.7432 1.9500 0.4509
v 2.7432 2.1000 0.4509
v 2.7694 2.1000 0.2423
v 2.7798 1.9500 0.0323
v 2.7694 1.9500 0.2423
v 2.7694 2.1000 0.2423
v 2.7798 2.1000 0.0323
v 2.7743 1.9500 -0.1778
v 2.7798 1.9500 0.0323
v 2.7798 2.1000 0.0323
v 2.7743 2.1000 -0.1778
v 2.7529 1.9500 -0.3869
v 2.7743 1.9500 -0.1778
v 2.7743 2.1000 -0.1778
v 2.7529 2.1000 -0.3869
v 2.6242 0.1600 -0.3688
v 2.5897 0.1600 -0.5623
v 2.5897 2.1000 -0.5623
v 2.6242 2.1000 -0.3688
v 2.5897 0.1600 -0.5623
v 2.5409 0.1600 -0.7526
v 2.5409 2.1000 -0.7526
v 2.5897 2.1000 -0.5623
v 2.5409 0.1600 -0.7526
v 2.4781 0.1600 -0.9389
v 2.4781 2.1000 -0.9389
v 2.5409 2.1000 -0.7526
v 2.4781 0.1600 -0.9389
v 2.4017 0.1600 -1.1199
v 2.4017 2.1000 -1.1199
v 2.4781 2.1000 -0.9389
v 2.7167 0.1600 -0.5899
v 2.7529 0.1600 -0.3869
v 2.7529 2.1000 -0.3869
v 2.7167 2.1000 -0.5899
v 2.6655 0.1600 -0.7896
v 2.7167 0.1600 -0.5899
v 2.7167 2.1000 -0.5899
v 2.6655 2.1000 -0.7896
v 2.5997 0.1600 -0.9849
v 2.6655 0.1600 -0.7896
v 2.6655 2.1000 -0.7896
v 2.5997 2.1000 -0.9849
v 2.5195 0.1600 -1.1749
v 2.5997 0.1600 -0.9849
v 2.5997 2.1000 -0.9849
v 2.5195 2.1000 -1.1749
v 1.0779 2.1000 2.4209
v 1.3125 2.1000 2.3022
v 1.0896 2.6500 1.9112
v 0.8948 2.6500 2.0098
v 1.3125 2.1000 2.3022
v 1.5342 2.1000 2.1608
v 1.2736 2.6500 1.7938
v 1.0896 2.6500 1.9112
v 1.5342 2.1000 2.1608
v 1.7407 2.1000 1.9981
v 1.4451 2.6500 1.6588
v 1.2736 2.6500 1.7938
v 1.7407 2.1000 1.9981
v 1.9302 2.1000 1.8157
v 1.6024 2.6500 1.5074
v 1.4451 2.6500 1.6588
v 1.9302 2.1000 1.8157
v 2.1006 2.1000 1.6155
v 1.7439 2.6500 1.3412
v 1.6024 2.6500 1.5074
v 2.1006 2.1000 1.6155
v 2.2504 2.1000 1.3994
v 1.8682 2.6500 1.1617
v 1.7439 2.6500 1.3412
v 2.2504 2.1000 1.3994
v 2.3780 2.1000 1.1695
v 1.9742 2.6500 0.9709
v 1.8682 2.6500 1.1617
v 2.3780 2.1000 1.1695
v 2.4822 2.1000 0.9280
v 2.0607 2.6500 0.7705
v 1.9742 2.6500 0.9709
v 2.4822 2.1000 0.9280
v 2.5619 2.1000 0.6775
v 2.1269 2.6500 0.5624
v 2.0607 2.6500 0.7705
v 2.5619 2.1000 0.6775
v 2.6165 2.1000 0.4203
v 2.1722 2.6500 0.3489
v 2.1269 2.6500 0.5624
v 2.6165 2.1000 0.4203
v 2.6452 2.1000 0.1589
v 2.1960 2.6500 0.1319
v 2.1722 2.6500 0.3489
v 2.6452 2.1000 0.1589
v 2.6480 2.1000 -0.1040
v 2.1983 2.6500 -0.0864
v 2.1960 2.6500 0.1319
v 2.6480 2.1000 -0.1040
v 2.6246 2.1000 -0.3659
v 2.1789 2.6500 -0.3038
v 2.1983 2.6500 -0.0864
v 2.6246 2.1000 -0.3659
v 2.5754 2.1000 -0.6243
v 2.1381 2.6500 -0.5182
v 2.1789 2.6500 -0.3038
v 2.5754 2.1000 -0.6243
v 2.5009 2.1000 -0.8764
v 2.0762 2.6500 -0.7276
v 2.1381 2.6500 -0.5182
v 2.5009 2.1000 -0.8764
v 2.4017 2.1000 -1.1199
v 1.9939 2.6500 -0.9298
v 2.0762 2.6500 -0.7276
v 1.3768 2.1000 2.4151
v 1.1307 2.1000 2.5397
v 0.9355 2.6500 2.1012
v 1.1391 2.6500 1.9981
v 1.6094 2.1000 2.2668
v 1.3768 2.1000 2.4151
v 1.1391 2.6500 1.9981
v 1.3315 2.6500 1.8754
v 1.8261 2.1000 2.0961
v 1.6094 2.1000 2.2668
v 1.3315 2.6500 1.8754
v 1.5108 2.6500 1.7342
v 2.0249 2.1000 1.9048
v 1.8261 2.1000 2.0961
v 1.5108 2.6500 1.7342
v 1.6753 2.6500 1.5759
v 2.2037 2.1000 1.6948
v 2.0249 2.1000 1.9048
v 1.6753 2.6500 1.5759
v 1.8232 2.6500 1.4021
v 2.3608 2.1000 1.4680
v 2.2037 2.1000 1.6948
v 1.8232 2.6500 1.4021
v 1.9532 2.6500 1.2146
v 2.4946 2.1000 1.2268
v 2.3608 2.1000 1.4680
v 1.9532 2.6500 1.2146
v 2.0639 2.6500 1.0150
v 2.6039 2.1000 0.9736
v 2.4946 2.1000 1.2268
v 2.0639 2.6500 1.0150
v 2.1543 2.6500 0.8055
v 2.6876 2.1000 0.7107
v 2.6039 2.1000 0.9736
v 2.1543 2.6500 0.8055
v 2.2236 2.6500 0.5880
v 2.7448 2.1000 0.4409
v 2.6876 2.1000 0.7107
v 2.2236 2.6500 0.5880
v 2.2709 2.6500 0.3648
v 2.7750 2.1000 0.1667
v 2.7448 2.1000 0.4409
v 2.2709 2.6500 0.3648
v 2.2959 2.6500 0.1379
v 2.7779 2.1000 -0.1091
v 2.7750 2.1000 0.1667
v 2.2959 2.6500 0.1379
v 2.2982 2.6500 -0.0903
v 2.7534 2.1000 -0.3839
v 2.7779 2.1000 -0.1091
v 2.2982 2.6500 -0.0903
v 2.2780 2.6500 -0.3176
v 2.7018 2.1000 -0.6549
v 2.7534 2.1000 -0.3839
v 2.2780 2.6500 -0.3176
v 2.2353 2.6500 -0.5418
v 2.6236 2.1000 -0.9194
v 2.7018 2.1000 -0.6549
v 2.2353 2.6500 -0.5418
v 2.1706 2.6500 -0.7607
v 2.5195 2.1000 -1.1749
v 2.6236 2.1000 -0.9194
v 2.1706 2.6500 -0.7607
v 2.0845 2.6500 -0.9720
v 1.7960 0.6200 0.5220
v 1.7960 1.0200 0.5220
v 1.8702 1.0200 -0.0230
v 1.8702 0.6200 -0.0230
v 2.4647 0.6200 0.0579
v 2.4647 1.0200 0.0579
v 2.3905 1.0200 0.6029
v 2.3905 0.6200 0.6029
v 2.3905 0.6200 0.6029
v 2.3905 1.0200 0.6029
v 1.7960 1.0200 0.5220
v 1.7960 0.6200 0.5220
v 1.8702 0.6200 -0.0230
v 1.8702 1.0200 -0.0230
v 2.4647 1.0200 0.0579
v 2.4647 0.6200 0.0579
v 1.7960 1.0200 0.5220
v 2.3905 1.0200 0.6029
v 2.4647 1.0200 0.0579
v 1.8702 1.0200 -0.0230
v 1.7960 0.6200 0.5220
v 1.8702 0.6200 -0.0230
v 2.4647 0.6200 0.0579
v 2.3905 0.6200 0.6029
v 1.7683 1.0200 0.5031
v 1.7683 1.0400 0.5031
v 1.8384 1.0400 -0.0122
v 1.8384 1.0200 -0.0122
v 1.8781 1.0200 -0.0068
v 1.8781 1.0400 -0.0068
v 1.8079 1.0400 0.5084
v 1.8079 1.0200 0.5084
v 1.8079 1.0200 0.5084
v 1.8079 1.0400 0.5084
v 1.7683 1.0400 0.5031
v 1.7683 1.0200 0.5031
v 1.8384 1.0200 -0.0122
v 1.8384 1.0400 -0.0122
v 1.8781 1.0400 -0.0068
v 1.8781 1.0200 -0.0068
v 1.7683 1.0400 0.5031
v 1.8079 1.0400 0.5084
v 1.8781 1.0400 -0.0068
v 1.8384 1.0400 -0.0122
v 1.7683 1.0200 0.5031
v 1.8384 1.0200 -0.0122
v 1.8781 1.0200 -0.0068
v 1.8079 1.0200 0.5084
v 2.3263 1.0322 0.5487
v 2.2405 1.2985 0.5370
v 2.3025 1.2985 0.0812
v 2.3883 1.0322 0.0929
v 2.4166 1.0415 0.0968
v 2.3308 1.3078 0.0851
v 2.2688 1.3078 0.5409
v 2.3545 1.0415 0.5526
v 2.3545 1.0415 0.5526
v 2.2688 1.3078 0.5409
v 2.2405 1.2985 0.5370
v 2.3263 1.0322 0.5487
v 2.3883 1.0322 0.0929
v 2.3025 1.2985 0.0812
v 2.3308 1.3078 0.0851
v 2.4166 1.0415 0.0968
v 2.2405 1.2985 0.5370
v 2.2688 1.3078 0.5409
v 2.3308 1.3078 0.0851
v 2.3025 1.2985 0.0812
v 2.3263 1.0322 0.5487
v 2.3883 1.0322 0.0929
v 2.4166 1.0415 0.0968
v 2.3545 1.0415 0.5526
v 1.8534 0.6200 0.2508
v 1.8534 1.0200 0.2508
v 1.8462 1.0200 -0.2992
v 1.8462 0.6200 -0.2992
v 2.4462 0.6200 -0.3070
v 2.4462 1.0200 -0.3070
v 2.4534 1.0200 0.2429
v 2.4534 0.6200 0.2429
v 2.4534 0.6200 0.2429
v 2.4534 1.0200 0.2429
v 1.8534 1.0200 0.2508
v 1.8534 0.6200 0.2508
v 1.8462 0.6200 -0.2992
v 1.8462 1.0200 -0.2992
v 2.4462 1.0200 -0.3070
v 2.4462 0.6200 -0.3070
v 1.8534 1.0200 0.2508
v 2.4534 1.0200 0.2429
v 2.4462 1.0200 -0.3070
v 1.8462 1.0200 -0.2992
v 1.8534 0.6200 0.2508
v 1.8462 0.6200 -0.2992
v 2.4462 0.6200 -0.3070
v 2.4534 0.6200 0.2429
v 1.8232 1.0200 0.2362
v 1.8232 1.0400 0.2362
v 1.8164 1.0400 -0.2838
v 1.8164 1.0200 -0.2838
v 1.8564 1.0200 -0.2843
v 1.8564 1.0400 -0.2843
v 1.8632 1.0400 0.2356
v 1.8632 1.0200 0.2356
v 1.8632 1.0200 0.2356
v 1.8632 1.0400 0.2356
v 1.8232 1.0400 0.2362
v 1.8232 1.0200 0.2362
v 1.8164 1.0200 -0.2838
v 1.8164 1.0400 -0.2838
v 1.8564 1.0400 -0.2843
v 1.8564 1.0200 -0.2843
v 1.8232 1.0400 0.2362
v 1.8632 1.0400 0.2356
v 1.8564 1.0400 -0.2843
v 1.8164 1.0400 -0.2838
v 1.8232 1.0200 0.2362
v 1.8164 1.0200 -0.2838
v 1.8564 1.0200 -0.2843
v 1.8632 1.0200 0.2356
v 2.3818 1.0322 0.1988
v 2.2953 1.2985 0.2000
v 2.2893 1.2985 -0.2600
v 2.3758 1.0322 -0.2611
v 2.4043 1.0415 -0.2615
v 2.3178 1.3078 -0.2604
v 2.3238 1.3078 0.1996
v 2.4103 1.0415 0.1985
v 2.4103 1.0415 0.1985
v 2.3238 1.3078 0.1996
v 2.2953 1.2985 0.2000
v 2.3818 1.0322 0.1988
v 2.3758 1.0322 -0.2611
v 2.2893 1.2985 -0.2600
v 2.3178 1.3078 -0.2604
v 2.4043 1.0415 -0.2615
v 2.2953 1.2985 0.2000
v 2.3238 1.3078 0.1996
v 2.3178 1.3078 -0.2604
v 2.2893 1.2985 -0.2600
v 2.3818 1.0322 0.1988
v 2.3758 1.0322 -0.2611
v 2.4043 1.0415 -0.2615
v 2.4103 1.0415 0.1985
v 1.8701 0.6200 -0.0259
v 1.8701 1.0200 -0.0259
v 1.7817 1.0200 -0.5688
v 1.7817 0.6200 -0.5688
v 2.3739 0.6200 -0.6652
v 2.3739 1.0200 -0.6652
v 2.4623 1.0200 -0.1224
v 2.4623 0.6200 -0.1224
v 2.4623 0.6200 -0.1224
v 2.4623 1.0200 -0.1224
v 1.8701 1.0200 -0.0259
v 1.8701 0.6200 -0.0259
v 1.7817 0.6200 -0.5688
v 1.7817 1.0200 -0.5688
v 2.3739 1.0200 -0.6652
v 2.3739 0.6200 -0.6652
v 1.8701 1.0200 -0.0259
v 2.4623 1.0200 -0.1224
v 2.3739 1.0200 -0.6652
v 1.7817 1.0200 -0.5688
v 1.8701 0.6200 -0.0259
v 1.7817 0.6200 -0.5688
v 2.3739 0.6200 -0.6652
v 2.4623 0.6200 -0.1224
v 1.8381 1.0200 -0.0359
v 1.8381 1.0400 -0.0359
v 1.7545 1.0400 -0.5492
v 1.7545 1.0200 -0.5492
v 1.7940 1.0200 -0.5556
v 1.7940 1.0400 -0.5556
v 1.8776 1.0400 -0.0424
v 1.8776 1.0200 -0.0424
v 1.8776 1.0200 -0.0424
v 1.8776 1.0400 -0.0424
v 1.8381 1.0400 -0.0359
v 1.8381 1.0200 -0.0359
v 1.7545 1.0200 -0.5492
v 1.7545 1.0400 -0.5492
v 1.7940 1.0400 -0.5556
v 1.7940 1.0200 -0.5556
v 1.8381 1.0400 -0.0359
v 1.8776 1.0400 -0.0424
v 1.7940 1.0400 -0.5556
v 1.7545 1.0400 -0.5492
v 1.8381 1.0200 -0.0359
v 1.7545 1.0200 -0.5492
v 1.7940 1.0200 -0.5556
v 1.8776 1.0200 -0.0424
v 2.3850 1.0322 -0.1554
v 2.2996 1.2985 -0.1415
v 2.2257 1.2985 -0.5955
v 2.3111 1.0322 -0.6094
v 2.3393 1.0415 -0.6140
v 2.2539 1.3078 -0.6001
v 2.3278 1.3078 -0.1461
v 2.4132 1.0415 -0.1600
v 2.4132 1.0415 -0.1600
v 2.3278 1.3078 -0.1461
v 2.2996 1.2985 -0.1415
v 2.3850 1.0322 -0.1554
v 2.3111 1.0322 -0.6094
v 2.2257 1.2985 -0.5955
v 2.2539 1.3078 -0.6001
v 2.3393 1.0415 -0.6140
v 2.2996 1.2985 -0.1415
v 2.3278 1.3078 -0.1461
v 2.2539 1.3078 -0.6001
v 2.2257 1.2985 -0.5955
v 2.3850 1.0322 -0.1554
v 2.3111 1.0322 -0.6094
v 2.3393 1.0415 -0.6140
v 2.4132 1.0415 -0.1600
v 1.8458 0.6200 -0.3021
v 1.8458 1.0200 -0.3021
v 1.6781 1.0200 -0.8259
v 1.6781 0.6200 -0.8259
v 2.2495 0.6200 -1.0088
v 2.2495 1.0200 -1.0088
v 2.4172 1.0200 -0.4850
v 2.4172 0.6200 -0.4850
v 2.4172 0.6200 -0.4850
v 2.4172 1.0200 -0.4850
v 1.8458 1.0200 -0.3021
v 1.8458 0.6200 -0.3021
v 1.6781 0.6200 -0.8259
v 1.6781 1.0200 -0.8259
v 2.2495 1.0200 -1.0088
v 2.2495 0.6200 -1.0088
v 1.8458 1.0200 -0.3021
v 2.4172 1.0200 -0.4850
v 2.2495 1.0200 -1.0088
v 1.6781 1.0200 -0.8259
v 1.8458 0.6200 -0.3021
v 1.6781 0.6200 -0.8259
v 2.2495 0.6200 -1.0088
v 2.4172 0.6200 -0.4850
v 1.8126 1.0200 -0.3072
v 1.8126 1.0400 -0.3072
v 1.6541 1.0400 -0.8025
v 1.6541 1.0200 -0.8025
v 1.6922 1.0200 -0.8147
v 1.6922 1.0400 -0.8147
v 1.8507 1.0400 -0.3194
v 1.8507 1.0200 -0.3194
v 1.8507 1.0200 -0.3194
v 1.8507 1.0400 -0.3194
v 1.8126 1.0400 -0.3072
v 1.8126 1.0200 -0.3072
v 1.6541 1.0200 -0.8025
v 1.6541 1.0400 -0.8025
v 1.6922 1.0400 -0.8147
v 1.6922 1.0200 -0.8147
v 1.8126 1.0400 -0.3072
v 1.8507 1.0400 -0.3194
v 1.6922 1.0400 -0.8147
v 1.6541 1.0400 -0.8025
v 1.8126 1.0200 -0.3072
v 1.6541 1.0200 -0.8025
v 1.6922 1.0200 -0.8147
v 1.8507 1.0200 -0.3194
v 2.3359 1.0322 -0.5062
v 2.2535 1.2985 -0.4798
v 2.1132 1.2985 -0.9179
v 2.1956 1.0322 -0.9443
v 2.2228 1.0415 -0.9530
v 2.1404 1.3078 -0.9266
v 2.2806 1.3078 -0.4885
v 2.3630 1.0415 -0.5149
v 2.3630 1.0415 -0.5149
v 2.2806 1.3078 -0.4885
v 2.2535 1.2985 -0.4798
v 2.3359 1.0322 -0.5062
v 2.1956 1.0322 -0.9443
v 2.1132 1.2985 -0.9179
v 2.1404 1.3078 -0.9266
v 2.2228 1.0415 -0.9530
v 2.2535 1.2985 -0.4798
v 2.2806 1.3078 -0.4885
v 2.1404 1.3078 -0.9266
v 2.1132 1.2985 -0.9179
v 2.3359 1.0322 -0.5062
v 2.1956 1.0322 -0.9443
v 2.2228 1.0415 -0.9530
v 2.3630 1.0415 -0.5149
v -2.5092 0.1029 -0.5999
v -2.6603 0.1919 -0.6404
v -2.6241 0.1919 -0.7756
v -2.4730 0.1029 -0.7351
v -2.1814 0.6334 -0.6570
v -2.3325 0.7224 -0.6975
v -2.3687 0.7224 -0.5622
v -2.2176 0.6334 -0.5217
v -2.2176 0.6334 -0.5217
v -2.3687 0.7224 -0.5622
v -2.6603 0.1919 -0.6404
v -2.5092 0.1029 -0.5999
v -2.4730 0.1029 -0.7351
v -2.6241 0.1919 -0.7756
v -2.3325 0.7224 -0.6975
v -2.1814 0.6334 -0.6570
v -2.6603 0.1919 -0.6404
v -2.3687 0.7224 -0.5622
v -2.3325 0.7224 -0.6975
v -2.6241 0.1919 -0.7756
v -2.5092 0.1029 -0.5999
v -2.4730 0.1029 -0.7351
v -2.1814 0.6334 -0.6570
v -2.2176 0.6334 -0.5217
v -2.2322 0.6073 -0.5257
v -2.3819 0.6990 -0.5658
v -2.3456 0.6990 -0.7010
v -2.1960 0.6073 -0.6609
v -1.9044 1.1175 -0.5828
v -2.0541 1.2091 -0.6229
v -2.0903 1.2091 -0.4876
v -1.9407 1.1175 -0.4475
v -1.9407 1.1175 -0.4475
v -2.0903 1.2091 -0.4876
v -2.3819 0.6990 -0.5658
v -2.2322 0.6073 -0.5257
v -2.1960 0.6073 -0.6609
v -2.3456 0.6990 -0.7010
v -2.0541 1.2091 -0.6229
v -1.9044 1.1175 -0.5828
v -2.3819 0.6990 -0.5658
v -2.0903 1.2091 -0.4876
v -2.0541 1.2091 -0.6229
v -2.3456 0.6990 -0.7010
v -2.2322 0.6073 -0.5257
v -2.1960 0.6073 -0.6609
v -1.9044 1.1175 -0.5828
v -1.9407 1.1175 -0.4475
v -1.9562 1.0913 -0.4517
v -2.1025 1.1886 -0.4909
v -2.0663 1.1886 -0.6261
v -1.9200 1.0913 -0.5869
v -1.6284 1.5615 -0.5088
v -1.7747 1.6587 -0.5480
v -1.8109 1.6587 -0.4128
v -1.6646 1.5615 -0.3736
v -1.6646 1.5615 -0.3736
v -1.8109 1.6587 -0.4128
v -2.1025 1.1886 -0.4909
v -1.9562 1.0913 -0.4517
v -1.9200 1.0913 -0.5869
v -2.0663 1.1886 -0.6261
v -1.7747 1.6587 -0.5480
v -1.6284 1.5615 -0.5088
v -2.1025 1.1886 -0.4909
v -1.8109 1.6587 -0.4128
v -1.7747 1.6587 -0.5480
v -2.0663 1.1886 -0.6261
v -1.9562 1.0913 -0.4517
v -1.9200 1.0913 -0.5869
v -1.6284 1.5615 -0.5088
v -1.6646 1.5615 -0.3736
v -1.6815 1.5359 -0.3781
v -1.8218 1.6423 -0.4157
v -1.7855 1.6423 -0.5509
v -1.6453 1.5359 -0.5133
v -1.3537 1.9480 -0.4352
v -1.4940 2.0544 -0.4728
v -1.5302 2.0544 -0.3375
v -1.3899 1.9480 -0.3000
v -1.3899 1.9480 -0.3000
v -1.5302 2.0544 -0.3375
v -1.8218 1.6423 -0.4157
v -1.6815 1.5359 -0.3781
v -1.6453 1.5359 -0.5133
v -1.7855 1.6423 -0.5509
v -1.4940 2.0544 -0.4728
v -1.3537 1.9480 -0.4352
v -1.8218 1.6423 -0.4157
v -1.5302 2.0544 -0.3375
v -1.4940 2.0544 -0.4728
v -1.7855 1.6423 -0.5509
v -1.6815 1.5359 -0.3781
v -1.6453 1.5359 -0.5133
v -1.3537 1.9480 -0.4352
v -1.3899 1.9480 -0.3000
v -1.4091 1.9234 -0.3051
v -1.5388 2.0433 -0.3399
v -1.5026 2.0433 -0.4751
v -1.3729 1.9234 -0.4403
v -1.0813 2.2616 -0.3622
v -1.2110 2.3815 -0.3970
v -1.2472 2.3815 -0.2617
v -1.1175 2.2616 -0.2270
v -1.1175 2.2616 -0.2270
v -1.2472 2.3815 -0.2617
v -1.5388 2.0433 -0.3399
v -1.4091 1.9234 -0.3051
v -1.3729 1.9234 -0.4403
v -1.5026 2.0433 -0.4751
v -1.2110 2.3815 -0.3970
v -1.0813 2.2616 -0.3622
v -1.5388 2.0433 -0.3399
v -1.2472 2.3815 -0.2617
v -1.2110 2.3815 -0.3970
v -1.5026 2.0433 -0.4751
v -1.4091 1.9234 -0.3051
v -1.3729 1.9234 -0.4403
v -1.0813 2.2616 -0.3622
v -1.1175 2.2616 -0.2270
v -1.1406 2.2384 -0.2332
v -1.2519 2.3767 -0.2630
v -1.2156 2.3767 -0.3982
v -1.1044 2.2384 -0.3684
v -0.8128 2.4897 -0.2903
v -0.9240 2.6280 -0.3201
v -0.9603 2.6280 -0.1848
v -0.8490 2.4897 -0.1550
v -0.8490 2.4897 -0.1550
v -0.9603 2.6280 -0.1848
v -1.2519 2.3767 -0.2630
v -1.1406 2.2384 -0.2332
v -1.1044 2.2384 -0.3684
v -1.2156 2.3767 -0.3982
v -0.9240 2.6280 -0.3201
v -0.8128 2.4897 -0.2903
v -1.2519 2.3767 -0.2630
v -0.9603 2.6280 -0.1848
v -0.9240 2.6280 -0.3201
v -1.2156 2.3767 -0.3982
v -1.1406 2.2384 -0.2332
v -1.1044 2.2384 -0.3684
v -0.8128 2.4897 -0.2903
v -0.8490 2.4897 -0.1550
v -0.8789 2.4691 -0.1630
v -0.9582 2.6293 -0.1843
v -0.9220 2.6293 -0.3195
v -0.8426 2.4691 -0.2983
v -0.5511 2.6238 -0.2201
v -0.6304 2.7840 -0.2414
v -0.6666 2.7840 -0.1061
v -0.5873 2.6238 -0.0849
v -0.5873 2.6238 -0.0849
v -0.6666 2.7840 -0.1061
v -0.9582 2.6293 -0.1843
v -0.8789 2.4691 -0.1630
v -0.8426 2.4691 -0.2983
v -0.9220 2.6293 -0.3195
v -0.6304 2.7840 -0.2414
v -0.5511 2.6238 -0.2201
v -0.9582 2.6293 -0.1843
v -0.6666 2.7840 -0.1061
v -0.6304 2.7840 -0.2414
v -0.9220 2.6293 -0.3195
v -0.8789 2.4691 -0.1630
v -0.8426 2.4691 -0.2983
v -0.5511 2.6238 -0.2201
v -0.5873 2.6238 -0.0849
v -0.6260 2.6103 -0.0953
v -0.6557 2.7877 -0.1032
v -0.6194 2.7877 -0.2384
v -0.5898 2.6103 -0.2305
v -0.2982 2.6626 -0.1524
v -0.3278 2.8399 -0.1603
v -0.3641 2.8399 -0.0251
v -0.3344 2.6626 -0.0171
v -0.3344 2.6626 -0.0171
v -0.3641 2.8399 -0.0251
v -0.6557 2.7877 -0.1032
v -0.6260 2.6103 -0.0953
v -0.5898 2.6103 -0.2305
v -0.6194 2.7877 -0.2384
v -0.3278 2.8399 -0.1603
v -0.2982 2.6626 -0.1524
v -0.6557 2.7877 -0.1032
v -0.3641 2.8399 -0.0251
v -0.3278 2.8399 -0.1603
v -0.6194 2.7877 -0.2384
v -0.6260 2.6103 -0.0953
v -0.5898 2.6103 -0.2305
v -0.2982 2.6626 -0.1524
v -0.3344 2.6626 -0.0171
v -2.4832 0.1627 -0.6447
v -2.5168 0.1825 -0.6537
v -2.5064 0.1825 -0.6923
v -2.4728 0.1627 -0.6833
v -2.2090 0.6428 -0.6126
v -2.2426 0.6625 -0.6216
v -2.2530 0.6625 -0.5830
v -2.2194 0.6428 -0.5740
v -2.2194 0.6428 -0.5740
v -2.2530 0.6625 -0.5830
v -2.5168 0.1825 -0.6537
v -2.4832 0.1627 -0.6447
v -2.4728 0.1627 -0.6833
v -2.5064 0.1825 -0.6923
v -2.2426 0.6625 -0.6216
v -2.2090 0.6428 -0.6126
v -2.5168 0.1825 -0.6537
v -2.2530 0.6625 -0.5830
v -2.2426 0.6625 -0.6216
v -2.5064 0.1825 -0.6923
v -2.4832 0.1627 -0.6447
v -2.4728 0.1627 -0.6833
v -2.2090 0.6428 -0.6126
v -2.2194 0.6428 -0.5740
v -2.2057 0.6672 -0.5703
v -2.2389 0.6876 -0.5792
v -2.2286 0.6876 -0.6178
v -2.1953 0.6672 -0.6089
v -1.9315 1.1288 -0.5382
v -1.9647 1.1492 -0.5472
v -1.9751 1.1492 -0.5085
v -1.9418 1.1288 -0.4996
v -1.9418 1.1288 -0.4996
v -1.9751 1.1492 -0.5085
v -2.2389 0.6876 -0.5792
v -2.2057 0.6672 -0.5703
v -2.1953 0.6672 -0.6089
v -2.2286 0.6876 -0.6178
v -1.9647 1.1492 -0.5472
v -1.9315 1.1288 -0.5382
v -2.2389 0.6876 -0.5792
v -1.9751 1.1492 -0.5085
v -1.9647 1.1492 -0.5472
v -2.2286 0.6876 -0.6178
v -2.2057 0.6672 -0.5703
v -2.1953 0.6672 -0.6089
v -1.9315 1.1288 -0.5382
v -1.9418 1.1288 -0.4996
v -1.9283 1.1515 -0.4960
v -1.9608 1.1732 -0.5047
v -1.9505 1.1732 -0.5433
v -1.9180 1.1515 -0.5346
v -1.6541 1.5769 -0.4639
v -1.6867 1.5985 -0.4726
v -1.6970 1.5985 -0.4340
v -1.6645 1.5769 -0.4253
v -1.6645 1.5769 -0.4253
v -1.6970 1.5985 -0.4340
v -1.9608 1.1732 -0.5047
v -1.9283 1.1515 -0.4960
v -1.9180 1.1515 -0.5346
v -1.9505 1.1732 -0.5433
v -1.6867 1.5985 -0.4726
v -1.6541 1.5769 -0.4639
v -1.9608 1.1732 -0.5047
v -1.6970 1.5985 -0.4340
v -1.6867 1.5985 -0.4726
v -1.9505 1.1732 -0.5433
v -1.9283 1.1515 -0.4960
v -1.9180 1.1515 -0.5346
v -1.6541 1.5769 -0.4639
v -1.6645 1.5769 -0.4253
v -1.6513 1.5969 -0.4218
v -1.6825 1.6206 -0.4301
v -1.6721 1.6206 -0.4687
v -1.6409 1.5969 -0.4604
v -1.3771 1.9698 -0.3897
v -1.4083 1.9934 -0.3981
v -1.4186 1.9934 -0.3594
v -1.3875 1.9698 -0.3511
v -1.3875 1.9698 -0.3511
v -1.4186 1.9934 -0.3594
v -1.6825 1.6206 -0.4301
v -1.6513 1.5969 -0.4218
v -1.6409 1.5969 -0.4604
v -1.6721 1.6206 -0.4687
v -1.4083 1.9934 -0.3981
v -1.3771 1.9698 -0.3897
v -1.6825 1.6206 -0.4301
v -1.4186 1.9934 -0.3594
v -1.4083 1.9934 -0.3981
v -1.6721 1.6206 -0.4687
v -1.6513 1.5969 -0.4218
v -1.6409 1.5969 -0.4604
v -1.3771 1.9698 -0.3897
v -1.3875 1.9698 -0.3511
v -1.3748 1.9861 -0.3477
v -1.4036 2.0128 -0.3554
v -1.3932 2.0128 -0.3940
v -1.3644 1.9861 -0.3863
v -1.1006 2.2921 -0.3156
v -1.1294 2.3188 -0.3233
v -1.1398 2.3188 -0.2847
v -1.1109 2.2921 -0.2770
v -1.1109 2.2921 -0.2770
v -1.1398 2.3188 -0.2847
v -1.4036 2.0128 -0.3554
v -1.3748 1.9861 -0.3477
v -1.3644 1.9861 -0.3863
v -1.3932 2.0128 -0.3940
v -1.1294 2.3188 -0.3233
v -1.1006 2.2921 -0.3156
v -1.4036 2.0128 -0.3554
v -1.1398 2.3188 -0.2847
v -1.1294 2.3188 -0.3233
v -1.3932 2.0128 -0.3940
v -1.3748 1.9861 -0.3477
v -1.3644 1.9861 -0.3863
v -1.1006 2.2921 -0.3156
v -1.1109 2.2921 -0.2770
v -1.0991 2.3041 -0.2738
v -1.1238 2.3349 -0.2804
v -1.1135 2.3349 -0.3191
v -1.0888 2.3041 -0.3124
v -0.8249 2.5315 -0.2417
v -0.8497 2.5622 -0.2484
v -0.8600 2.5622 -0.2097
v -0.8353 2.5315 -0.2031
v -0.8353 2.5315 -0.2031
v -0.8600 2.5622 -0.2097
v -1.1238 2.3349 -0.2804
v -1.0991 2.3041 -0.2738
v -1.0888 2.3041 -0.3124
v -1.1135 2.3349 -0.3191
v -0.8497 2.5622 -0.2484
v -0.8249 2.5315 -0.2417
v -1.1238 2.3349 -0.2804
v -0.8600 2.5622 -0.2097
v -0.8497 2.5622 -0.2484
v -1.1135 2.3349 -0.3191
v -1.0991 2.3041 -0.2738
v -1.0888 2.3041 -0.3124
v -0.8249 2.5315 -0.2417
v -0.8353 2.5315 -0.2031
v -0.8249 2.5387 -0.2003
v -0.8426 2.5743 -0.2051
v -0.8322 2.5743 -0.2437
v -0.8146 2.5387 -0.2390
v -0.5508 2.6788 -0.1683
v -0.5684 2.7143 -0.1730
v -0.5788 2.7143 -0.1344
v -0.5611 2.6788 -0.1296
v -0.5611 2.6788 -0.1296
v -0.5788 2.7143 -0.1344
v -0.8426 2.5743 -0.2051
v -0.8249 2.5387 -0.2003
v -0.8146 2.5387 -0.2390
v -0.8322 2.5743 -0.2437
v -0.5684 2.7143 -0.1730
v -0.5508 2.6788 -0.1683
v -0.8426 2.5743 -0.2051
v -0.5788 2.7143 -0.1344
v -0.5684 2.7143 -0.1730
v -0.8322 2.5743 -0.2437
v -0.8249 2.5387 -0.2003
v -0.8146 2.5387 -0.2390
v -0.5508 2.6788 -0.1683
v -0.5611 2.6788 -0.1296
v -0.9850 0.1029 2.3845
v -1.0486 0.1919 2.5274
v -1.1765 0.1919 2.4705
v -1.1129 0.1029 2.3275
v -0.9901 0.6334 2.0518
v -1.0538 0.7224 2.1947
v -0.9259 0.7224 2.2516
v -0.8622 0.6334 2.1087
v -0.8622 0.6334 2.1087
v -0.9259 0.7224 2.2516
v -1.0486 0.1919 2.5274
v -0.9850 0.1029 2.3845
v -1.1129 0.1029 2.3275
v -1.1765 0.1919 2.4705
v -1.0538 0.7224 2.1947
v -0.9901 0.6334 2.0518
v -1.0486 0.1919 2.5274
v -0.9259 0.7224 2.2516
v -1.0538 0.7224 2.1947
v -1.1765 0.1919 2.4705
v -0.9850 0.1029 2.3845
v -1.1129 0.1029 2.3275
v -0.9901 0.6334 2.0518
v -0.8622 0.6334 2.1087
v -0.8684 0.6073 2.1225
v -0.9314 0.6990 2.2640
v -1.0593 0.6990 2.2071
v -0.9963 0.6073 2.0656
v -0.8735 1.1175 1.7898
v -0.9365 1.2091 1.9313
v -0.8086 1.2091 1.9883
v -0.7456 1.1175 1.8468
v -0.7456 1.1175 1.8468
v -0.8086 1.2091 1.9883
v -0.9314 0.6990 2.2640
v -0.8684 0.6073 2.1225
v -0.9963 0.6073 2.0656
v -1.0593 0.6990 2.2071
v -0.9365 1.2091 1.9313
v -0.8735 1.1175 1.7898
v -0.9314 0.6990 2.2640
v -0.8086 1.2091 1.9883
v -0.9365 1.2091 1.9313
v -1.0593 0.6990 2.2071
v -0.8684 0.6073 2.1225
v -0.9963 0.6073 2.0656
v -0.8735 1.1175 1.7898
v -0.7456 1.1175 1.8468
v -0.7522 1.0913 1.8615
v -0.8138 1.1886 1.9998
v -0.9417 1.1886 1.9429
v -0.8800 1.0913 1.8045
v -0.7573 1.5615 1.5287
v -0.8189 1.6587 1.6671
v -0.6910 1.6587 1.7241
v -0.6294 1.5615 1.5857
v -0.6294 1.5615 1.5857
v -0.6910 1.6587 1.7241
v -0.8138 1.1886 1.9998
v -0.7522 1.0913 1.8615
v -0.8800 1.0913 1.8045
v -0.9417 1.1886 1.9429
v -0.8189 1.6587 1.6671
v -0.7573 1.5615 1.5287
v -0.8138 1.1886 1.9998
v -0.6910 1.6587 1.7241
v -0.8189 1.6587 1.6671
v -0.9417 1.1886 1.9429
v -0.7522 1.0913 1.8615
v -0.8800 1.0913 1.8045
v -0.7573 1.5615 1.5287
v -0.6294 1.5615 1.5857
v -0.6365 1.5359 1.6017
v -0.6955 1.6423 1.7343
v -0.8234 1.6423 1.6774
v -0.7644 1.5359 1.5447
v -0.6416 1.9480 1.2690
v -0.7007 2.0544 1.4016
v -0.5728 2.0544 1.4586
v -0.5137 1.9480 1.3259
v -0.5137 1.9480 1.3259
v -0.5728 2.0544 1.4586
v -0.6955 1.6423 1.7343
v -0.6365 1.5359 1.6017
v -0.7644 1.5359 1.5447
v -0.8234 1.6423 1.6774
v -0.7007 2.0544 1.4016
v -0.6416 1.9480 1.2690
v -0.6955 1.6423 1.7343
v -0.5728 2.0544 1.4586
v -0.7007 2.0544 1.4016
v -0.8234 1.6423 1.6774
v -0.6365 1.5359 1.6017
v -0.7644 1.5359 1.5447
v -0.6416 1.9480 1.2690
v -0.5137 1.9480 1.3259
v -0.5218 1.9234 1.3440
v -0.5764 2.0433 1.4667
v -0.7043 2.0433 1.4098
v -0.6497 1.9234 1.2871
v -0.5269 2.2616 1.0113
v -0.5815 2.3815 1.1340
v -0.4536 2.3815 1.1909
v -0.3990 2.2616 1.0682
v -0.3990 2.2616 1.0682
v -0.4536 2.3815 1.1909
v -0.5764 2.0433 1.4667
v -0.5218 1.9234 1.3440
v -0.6497 1.9234 1.2871
v -0.7043 2.0433 1.4098
v -0.5815 2.3815 1.1340
v -0.5269 2.2616 1.0113
v -0.5764 2.0433 1.4667
v -0.4536 2.3815 1.1909
v -0.5815 2.3815 1.1340
v -0.7043 2.0433 1.4098
v -0.5218 1.9234 1.3440
v -0.6497 1.9234 1.2871
v -0.5269 2.2616 1.0113
v -0.3990 2.2616 1.0682
v -0.4087 2.2384 1.0901
v -0.4556 2.3767 1.1953
v -0.5835 2.3767 1.1384
v -0.5366 2.2384 1.0332
v -0.4138 2.4897 0.7574
v -0.4607 2.6280 0.8626
v -0.3328 2.6280 0.9195
v -0.2859 2.4897 0.8143
v -0.2859 2.4897 0.8143
v -0.3328 2.6280 0.9195
v -0.4556 2.3767 1.1953
v -0.4087 2.2384 1.0901
v -0.5366 2.2384 1.0332
v -0.5835 2.3767 1.1384
v -0.4607 2.6280 0.8626
v -0.4138 2.4897 0.7574
v -0.4556 2.3767 1.1953
v -0.3328 2.6280 0.9195
v -0.4607 2.6280 0.8626
v -0.5835 2.3767 1.1384
v -0.4087 2.2384 1.0901
v -0.5366 2.2384 1.0332
v -0.4138 2.4897 0.7574
v -0.2859 2.4897 0.8143
v -0.2985 2.4691 0.8426
v -0.3319 2.6293 0.9176
v -0.4598 2.6293 0.8606
v -0.4264 2.4691 0.7856
v -0.3036 2.6238 0.5098
v -0.3370 2.7840 0.5849
v -0.2091 2.7840 0.6418
v -0.1757 2.6238 0.5668
v -0.1757 2.6238 0.5668
v -0.2091 2.7840 0.6418
v -0.3319 2.6293 0.9176
v -0.2985 2.4691 0.8426
v -0.4264 2.4691 0.7856
v -0.4598 2.6293 0.8606
v -0.3370 2.7840 0.5849
v -0.3036 2.6238 0.5098
v -0.3319 2.6293 0.9176
v -0.2091 2.7840 0.6418
v -0.3370 2.7840 0.5849
v -0.4598 2.6293 0.8606
v -0.2985 2.4691 0.8426
v -0.4264 2.4691 0.7856
v -0.3036 2.6238 0.5098
v -0.1757 2.6238 0.5668
v -0.1920 2.6103 0.6034
v -0.2045 2.7877 0.6314
v -0.3324 2.7877 0.5745
v -0.3199 2.6103 0.5465
v -0.1971 2.6626 0.2707
v -0.2096 2.8399 0.2987
v -0.0817 2.8399 0.3557
v -0.0692 2.6626 0.3276
v -0.0692 2.6626 0.3276
v -0.0817 2.8399 0.3557
v -0.2045 2.7877 0.6314
v -0.1920 2.6103 0.6034
v -0.3199 2.6103 0.5465
v -0.3324 2.7877 0.5745
v -0.2096 2.8399 0.2987
v -0.1971 2.6626 0.2707
v -0.2045 2.7877 0.6314
v -0.0817 2.8399 0.3557
v -0.2096 2.8399 0.2987
v -0.3324 2.7877 0.5745
v -0.1920 2.6103 0.6034
v -0.3199 2.6103 0.5465
v -0.1971 2.6626 0.2707
v -0.0692 2.6626 0.3276
v -1.0252 0.1627 2.3518
v -1.0393 0.1825 2.3835
v -1.0759 0.1825 2.3673
v -1.0617 0.1627 2.3355
v -0.9506 0.6428 2.0860
v -0.9648 0.6625 2.1178
v -0.9282 0.6625 2.1340
v -0.9141 0.6428 2.1023
v -0.9141 0.6428 2.1023
v -0.9282 0.6625 2.1340
v -1.0393 0.1825 2.3835
v -1.0252 0.1627 2.3518
v -1.0617 0.1627 2.3355
v -1.0759 0.1825 2.3673
v -0.9648 0.6625 2.1178
v -0.9506 0.6428 2.0860
v -1.0393 0.1825 2.3835
v -0.9282 0.6625 2.1340
v -0.9648 0.6625 2.1178
v -1.0759 0.1825 2.3673
v -1.0252 0.1627 2.3518
v -1.0617 0.1627 2.3355
v -0.9506 0.6428 2.0860
v -0.9141 0.6428 2.1023
v -0.9083 0.6672 2.0893
v -0.9223 0.6876 2.1207
v -0.9589 0.6876 2.1045
v -0.9449 0.6672 2.0730
v -0.8338 1.1288 1.8235
v -0.8478 1.1492 1.8550
v -0.8112 1.1492 1.8712
v -0.7972 1.1288 1.8398
v -0.7972 1.1288 1.8398
v -0.8112 1.1492 1.8712
v -0.9223 0.6876 2.1207
v -0.9083 0.6672 2.0893
v -0.9449 0.6672 2.0730
v -0.9589 0.6876 2.1045
v -0.8478 1.1492 1.8550
v -0.8338 1.1288 1.8235
v -0.9223 0.6876 2.1207
v -0.8112 1.1492 1.8712
v -0.8478 1.1492 1.8550
v -0.9589 0.6876 2.1045
v -0.9083 0.6672 2.0893
v -0.9449 0.6672 2.0730
v -0.8338 1.1288 1.8235
v -0.7972 1.1288 1.8398
v -0.7915 1.1515 1.8270
v -0.8052 1.1732 1.8577
v -0.8418 1.1732 1.8415
v -0.8281 1.1515 1.8107
v -0.7170 1.5769 1.5612
v -0.7307 1.5985 1.5920
v -0.6941 1.5985 1.6082
v -0.6804 1.5769 1.5775
v -0.6804 1.5769 1.5775
v -0.6941 1.5985 1.6082
v -0.8052 1.1732 1.8577
v -0.7915 1.1515 1.8270
v -0.8281 1.1515 1.8107
v -0.8418 1.1732 1.8415
v -0.7307 1.5985 1.5920
v -0.7170 1.5769 1.5612
v -0.8052 1.1732 1.8577
v -0.6941 1.5985 1.6082
v -0.7307 1.5985 1.5920
v -0.8418 1.1732 1.8415
v -0.7915 1.1515 1.8270
v -0.8281 1.1515 1.8107
v -0.7170 1.5769 1.5612
v -0.6804 1.5769 1.5775
v -0.6749 1.5969 1.5650
v -0.6880 1.6206 1.5945
v -0.7245 1.6206 1.5782
v -0.7114 1.5969 1.5487
v -0.6003 1.9698 1.2992
v -0.6135 1.9934 1.3287
v -0.5769 1.9934 1.3449
v -0.5638 1.9698 1.3155
v -0.5638 1.9698 1.3155
v -0.5769 1.9934 1.3449
v -0.6880 1.6206 1.5945
v -0.6749 1.5969 1.5650
v -0.7114 1.5969 1.5487
v -0.7245 1.6206 1.5782
v -0.6135 1.9934 1.3287
v -0.6003 1.9698 1.2992
v -0.6880 1.6206 1.5945
v -0.5769 1.9934 1.3449
v -0.6135 1.9934 1.3287
v -0.7245 1.6206 1.5782
v -0.6749 1.5969 1.5650
v -0.7114 1.5969 1.5487
v -0.6003 1.9698 1.2992
v -0.5638 1.9698 1.3155
v -0.5584 1.9861 1.3034
v -0.5706 2.0128 1.3307
v -0.6071 2.0128 1.3144
v -0.5950 1.9861 1.2872
v -0.4839 2.2921 1.0377
v -0.4960 2.3188 1.0649
v -0.4595 2.3188 1.0812
v -0.4473 2.2921 1.0539
v -0.4473 2.2921 1.0539
v -0.4595 2.3188 1.0812
v -0.5706 2.0128 1.3307
v -0.5584 1.9861 1.3034
v -0.5950 1.9861 1.2872
v -0.6071 2.0128 1.3144
v -0.4960 2.3188 1.0649
v -0.4839 2.2921 1.0377
v -0.5706 2.0128 1.3307
v -0.4595 2.3188 1.0812
v -0.4960 2.3188 1.0649
v -0.6071 2.0128 1.3144
v -0.5584 1.9861 1.3034
v -0.5950 1.9861 1.2872
v -0.4839 2.2921 1.0377
v -0.4473 2.2921 1.0539
v -0.4424 2.3041 1.0427
v -0.4528 2.3349 1.0661
v -0.4893 2.3349 1.0499
v -0.4789 2.3041 1.0265
v -0.3678 2.5315 0.7770
v -0.3782 2.5622 0.8003
v -0.3417 2.5622 0.8166
v -0.3313 2.5315 0.7932
v -0.3313 2.5315 0.7932
v -0.3417 2.5622 0.8166
v -0.4528 2.3349 1.0661
v -0.4424 2.3041 1.0427
v -0.4789 2.3041 1.0265
v -0.4893 2.3349 1.0499
v -0.3782 2.5622 0.8003
v -0.3678 2.5315 0.7770
v -0.4528 2.3349 1.0661
v -0.3417 2.5622 0.8166
v -0.3782 2.5622 0.8003
v -0.4893 2.3349 1.0499
v -0.4424 2.3041 1.0427
v -0.4789 2.3041 1.0265
v -0.3678 2.5315 0.7770
v -0.3313 2.5315 0.7932
v -0.3269 2.5387 0.7835
v -0.3343 2.5743 0.8001
v -0.3709 2.5743 0.7839
v -0.3635 2.5387 0.7672
v -0.2524 2.6788 0.5177
v -0.2598 2.7143 0.5343
v -0.2233 2.7143 0.5506
v -0.2158 2.6788 0.5339
v -0.2158 2.6788 0.5339
v -0.2233 2.7143 0.5506
v -0.3343 2.5743 0.8001
v -0.3269 2.5387 0.7835
v -0.3635 2.5387 0.7672
v -0.3709 2.5743 0.7839
v -0.2598 2.7143 0.5343
v -0.2524 2.6788 0.5177
v -0.3343 2.5743 0.8001
v -0.2233 2.7143 0.5506
v -0.2598 2.7143 0.5343
v -0.3709 2.5743 0.7839
v -0.3269 2.5387 0.7835
v -0.3635 2.5387 0.7672
v -0.2524 2.6788 0.5177
v -0.2158 2.6788 0.5339
v 1.1129 0.1029 2.3275
v 1.1765 0.1919 2.4705
v 1.0486 0.1919 2.5274
v 0.9850 0.1029 2.3845
v 0.8622 0.6334 2.1087
v 0.9259 0.7224 2.2516
v 1.0538 0.7224 2.1947
v 0.9901 0.6334 2.0518
v 0.9901 0.6334 2.0518
v 1.0538 0.7224 2.1947
v 1.1765 0.1919 2.4705
v 1.1129 0.1029 2.3275
v 0.9850 0.1029 2.3845
v 1.0486 0.1919 2.5274
v 0.9259 0.7224 2.2516
v 0.8622 0.6334 2.1087
v 1.1765 0.1919 2.4705
v 1.0538 0.7224 2.1947
v 0.9259 0.7224 2.2516
v 1.0486 0.1919 2.5274
v 1.1129 0.1029 2.3275
v 0.9850 0.1029 2.3845
v 0.8622 0.6334 2.1087
v 0.9901 0.6334 2.0518
v 0.9963 0.6073 2.0656
v 1.0593 0.6990 2.2071
v 0.9314 0.6990 2.2640
v 0.8684 0.6073 2.1225
v 0.7456 1.1175 1.8468
v 0.8086 1.2091 1.9883
v 0.9365 1.2091 1.9313
v 0.8735 1.1175 1.7898
v 0.8735 1.1175 1.7898
v 0.9365 1.2091 1.9313
v 1.0593 0.6990 2.2071
v 0.9963 0.6073 2.0656
v 0.8684 0.6073 2.1225
v 0.9314 0.6990 2.2640
v 0.8086 1.2091 1.9883
v 0.7456 1.1175 1.8468
v 1.0593 0.6990 2.2071
v 0.9365 1.2091 1.9313
v 0.8086 1.2091 1.9883
v 0.9314 0.6990 2.2640
v 0.9963 0.6073 2.0656
v 0.8684 0.6073 2.1225
v 0.7456 1.1175 1.8468
v 0.8735 1.1175 1.7898
v 0.8800 1.0913 1.8045
v 0.9417 1.1886 1.9429
v 0.8138 1.1886 1.9998
v 0.7522 1.0913 1.8615
v 0.6294 1.5615 1.5857
v 0.6910 1.6587 1.7241
v 0.8189 1.6587 1.6671
v 0.7573 1.5615 1.5287
v 0.7573 1.5615 1.5287
v 0.8189 1.6587 1.6671
v 0.9417 1.1886 1.9429
v 0.8800 1.0913 1.8045
v 0.7522 1.0913 1.8615
v 0.8138 1.1886 1.9998
v 0.6910 1.6587 1.7241
v 0.6294 1.5615 1.5857
v 0.9417 1.1886 1.9429
v 0.8189 1.6587 1.6671
v 0.6910 1.6587 1.7241
v 0.8138 1.1886 1.9998
v 0.8800 1.0913 1.8045
v 0.7522 1.0913 1.8615
v 0.6294 1.5615 1.5857
v 0.7573 1.5615 1.5287
v 0.7644 1.5359 1.5447
v 0.8234 1.6423 1.6774
v 0.6955 1.6423 1.7343
v 0.6365 1.5359 1.6017
v 0.5137 1.9480 1.3259
v 0.5728 2.0544 1.4586
v 0.7007 2.0544 1.4016
v 0.6416 1.9480 1.2690
v 0.6416 1.9480 1.2690
v 0.7007 2.0544 1.4016
v 0.8234 1.6423 1.6774
v 0.7644 1.5359 1.5447
v 0.6365 1.5359 1.6017
v 0.6955 1.6423 1.7343
v 0.5728 2.0544 1.4586
v 0.5137 1.9480 1.3259
v 0.8234 1.6423 1.6774
v 0.7007 2.0544 1.4016
v 0.5728 2.0544 1.4586
v 0.6955 1.6423 1.7343
v 0.7644 1.5359 1.5447
v 0.6365 1.5359 1.6017
v 0.5137 1.9480 1.3259
v 0.6416 1.9480 1.2690
v 0.6497 1.9234 1.2871
v 0.7043 2.0433 1.4098
v 0.5764 2.0433 1.4667
v 0.5218 1.9234 1.3440
v 0.3990 2.2616 1.0682
v 0.4536 2.3815 1.1909
v 0.5815 2.3815 1.1340
v 0.5269 2.2616 1.0113
v 0.5269 2.2616 1.0113
v 0.5815 2.3815 1.1340
v 0.7043 2.0433 1.4098
v 0.6497 1.9234 1.2871
v 0.5218 1.9234 1.3440
v 0.5764 2.0433 1.4667
v 0.4536 2.3815 1.1909
v 0.3990 2.2616 1.0682
v 0.7043 2.0433 1.4098
v 0.5815 2.3815 1.1340
v 0.4536 2.3815 1.1909
v 0.5764 2.0433 1.4667
v 0.6497 1.9234 1.2871
v 0.5218 1.9234 1.3440
v 0.3990 2.2616 1.0682
v 0.5269 2.2616 1.0113
v 0.5366 2.2384 1.0332
v 0.5835 2.3767 1.1384
v 0.4556 2.3767 1.1953
v 0.4087 2.2384 1.0901
v 0.2859 2.4897 0.8143
v 0.3328 2.6280 0.9195
v 0.4607 2.6280 0.8626
v 0.4138 2.4897 0.7574
v 0.4138 2.4897 0.7574
v 0.4607 2.6280 0.8626
v 0.5835 2.3767 1.1384
v 0.5366 2.2384 1.0332
v 0.4087 2.2384 1.0901
v 0.4556 2.3767 1.1953
v 0.3328 2.6280 0.9195
v 0.2859 2.4897 0.8143
v 0.5835 2.3767 1.1384
v 0.4607 2.6280 0.8626
v 0.3328 2.6280 0.9195
v 0.4556 2.3767 1.1953
v 0.5366 2.2384 1.0332
v 0.4087 2.2384 1.0901
v 0.2859 2.4897 0.8143
v 0.4138 2.4897 0.7574
v 0.4264 2.4691 0.7856
v 0.4598 2.6293 0.8606
v 0.3319 2.6293 0.9176
v 0.2985 2.4691 0.8426
v 0.1757 2.6238 0.5668
v 0.2091 2.7840 0.6418
v 0.3370 2.7840 0.5849
v 0.3036 2.6238 0.5098
v 0.3036 2.6238 0.5098
v 0.3370 2.7840 0.5849
v 0.4598 2.6293 0.8606
v 0.4264 2.4691 0.7856
v 0.2985 2.4691 0.8426
v 0.3319 2.6293 0.9176
v 0.2091 2.7840 0.6418
v 0.1757 2.6238 0.5668
v 0.4598 2.6293 0.8606
v 0.3370 2.7840 0.5849
v 0.2091 2.7840 0.6418
v 0.3319 2.6293 0.9176
v 0.4264 2.4691 0.7856
v 0.2985 2.4691 0.8426
v 0.1757 2.6238 0.5668
v 0.3036 2.6238 0.5098
v 0.3199 2.6103 0.5465
v 0.3324 2.7877 0.5745
v 0.2045 2.7877 0.6314
v 0.1920 2.6103 0.6034
v 0.0692 2.6626 0.3276
v 0.0817 2.8399 0.3557
v 0.2096 2.8399 0.2987
v 0.1971 2.6626 0.2707
v 0.1971 2.6626 0.2707
v 0.2096 2.8399 0.2987
v 0.3324 2.7877 0.5745
v 0.3199 2.6103 0.5465
v 0.1920 2.6103 0.6034
v 0.2045 2.7877 0.6314
v 0.0817 2.8399 0.3557
v 0.0692 2.6626 0.3276
v 0.3324 2.7877 0.5745
v 0.2096 2.8399 0.2987
v 0.0817 2.8399 0.3557
v 0.2045 2.7877 0.6314
v 0.3199 2.6103 0.5465
v 0.1920 2.6103 0.6034
v 0.0692 2.6626 0.3276
v 0.1971 2.6626 0.2707
v 1.0617 0.1627 2.3355
v 1.0759 0.1825 2.3673
v 1.0393 0.1825 2.3835
v 1.0252 0.1627 2.3518
v 0.9141 0.6428 2.1023
v 0.9282 0.6625 2.1340
v 0.9648 0.6625 2.1178
v 0.9506 0.6428 2.0860
v 0.9506 0.6428 2.0860
v 0.9648 0.6625 2.1178
v 1.0759 0.1825 2.3673
v 1.0617 0.1627 2.3355
v 1.0252 0.1627 2.3518
v 1.0393 0.1825 2.3835
v 0.9282 0.6625 2.1340
v 0.9141 0.6428 2.1023
v 1.0759 0.1825 2.3673
v 0.9648 0.6625 2.1178
v 0.9282 0.6625 2.1340
v 1.0393 0.1825 2.3835
v 1.0617 0.1627 2.3355
v 1.0252 0.1627 2.3518
v 0.9141 0.6428 2.1023
v 0.9506 0.6428 2.0860
v 0.9449 0.6672 2.0730
v 0.9589 0.6876 2.1045
v 0.9223 0.6876 2.1207
v 0.9083 0.6672 2.0893
v 0.7972 1.1288 1.8398
v 0.8112 1.1492 1.8712
v 0.8478 1.1492 1.8550
v 0.8338 1.1288 1.8235
v 0.8338 1.1288 1.8235
v 0.8478 1.1492 1.8550
v 0.9589 0.6876 2.1045
v 0.9449 0.6672 2.0730
v 0.9083 0.6672 2.0893
v 0.9223 0.6876 2.1207
v 0.8112 1.1492 1.8712
v 0.7972 1.1288 1.8398
v 0.9589 0.6876 2.1045
v 0.8478 1.1492 1.8550
v 0.8112 1.1492 1.8712
v 0.9223 0.6876 2.1207
v 0.9449 0.6672 2.0730
v 0.9083 0.6672 2.0893
v 0.7972 1.1288 1.8398
v 0.8338 1.1288 1.8235
v 0.8281 1.1515 1.8107
v 0.8418 1.1732 1.8415
v 0.8052 1.1732 1.8577
v 0.7915 1.1515 1.8270
v 0.6804 1.5769 1.5775
v 0.6941 1.5985 1.6082
v 0.7307 1.5985 1.5920
v 0.7170 1.5769 1.5612
v 0.7170 1.5769 1.5612
v 0.7307 1.5985 1.5920
v 0.8418 1.1732 1.8415
v 0.8281 1.1515 1.8107
v 0.7915 1.1515 1.8270
v 0.8052 1.1732 1.8577
v 0.6941 1.5985 1.6082
v 0.6804 1.5769 1.5775
v 0.8418 1.1732 1.8415
v 0.7307 1.5985 1.5920
v 0.6941 1.5985 1.6082
v 0.8052 1.1732 1.8577
v 0.8281 1.1515 1.8107
v 0.7915 1.1515 1.8270
v 0.6804 1.5769 1.5775
v 0.7170 1.5769 1.5612
v 0.7114 1.5969 1.5487
v 0.7245 1.6206 1.5782
v 0.6880 1.6206 1.5945
v 0.6749 1.5969 1.5650
v 0.5638 1.9698 1.3155
v 0.5769 1.9934 1.3449
v 0.6135 1.9934 1.3287
v 0.6003 1.9698 1.2992
v 0.6003 1.9698 1.2992
v 0.6135 1.9934 1.3287
v 0.7245 1.6206 1.5782
v 0.7114 1.5969 1.5487
v 0.6749 1.5969 1.5650
v 0.6880 1.6206 1.5945
v 0.5769 1.9934 1.3449
v 0.5638 1.9698 1.3155
v 0.7245 1.6206 1.5782
v 0.6135 1.9934 1.3287
v 0.5769 1.9934 1.3449
v 0.6880 1.6206 1.5945
v 0.7114 1.5969 1.5487
v 0.6749 1.5969 1.5650
v 0.5638 1.9698 1.3155
v 0.6003 1.9698 1.2992
v 0.5950 1.9861 1.2872
v 0.6071 2.0128 1.3144
v 0.5706 2.0128 1.3307
v 0.5584 1.9861 1.3034
v 0.4473 2.2921 1.0539
v 0.4595 2.3188 1.0812
v 0.4960 2.3188 1.0649
v 0.4839 2.2921 1.0377
v 0.4839 2.2921 1.0377
v 0.4960 2.3188 1.0649
v 0.6071 2.0128 1.3144
v 0.5950 1.9861 1.2872
v 0.5584 1.9861 1.3034
v 0.5706 2.0128 1.3307
v 0.4595 2.3188 1.0812
v 0.4473 2.2921 1.0539
v 0.6071 2.0128 1.3144
v 0.4960 2.3188 1.0649
v 0.4595 2.3188 1.0812
v 0.5706 2.0128 1.3307
v 0.5950 1.9861 1.2872
v 0.5584 1.9861 1.3034
v 0.4473 2.2921 1.0539
v 0.4839 2.2921 1.0377
v 0.4789 2.3041 1.0265
v 0.4893 2.3349 1.0499
v 0.4528 2.3349 1.0661
v 0.4424 2.3041 1.0427
v 0.3313 2.5315 0.7932
v 0.3417 2.5622 0.8166
v 0.3782 2.5622 0.8003
v 0.3678 2.5315 0.7770
v 0.3678 2.5315 0.7770
v 0.3782 2.5622 0.8003
v 0.4893 2.3349 1.0499
v 0.4789 2.3041 1.0265
v 0.4424 2.3041 1.0427
v 0.4528 2.3349 1.0661
v 0.3417 2.5622 0.8166
v 0.3313 2.5315 0.7932
v 0.4893 2.3349 1.0499
v 0.3782 2.5622 0.8003
v 0.3417 2.5622 0.8166
v 0.4528 2.3349 1.0661
v 0.4789 2.3041 1.0265
v 0.4424 2.3041 1.0427
v 0.3313 2.5315 0.7932
v 0.3678 2.5315 0.7770
v 0.3635 2.5387 0.7672
v 0.3709 2.5743 0.7839
v 0.3343 2.5743 0.8001
v 0.3269 2.5387 0.7835
v 0.2158 2.6788 0.5339
v 0.2233 2.7143 0.5506
v 0.2598 2.7143 0.5343
v 0.2524 2.6788 0.5177
v 0.2524 2.6788 0.5177
v 0.2598 2.7143 0.5343
v 0.3709 2.5743 0.7839
v 0.3635 2.5387 0.7672
v 0.3269 2.5387 0.7835
v 0.3343 2.5743 0.8001
v 0.2233 2.7143 0.5506
v 0.2158 2.6788 0.5339
v 0.3709 2.5743 0.7839
v 0.2598 2.7143 0.5343
v 0.2233 2.7143 0.5506
v 0.3343 2.5743 0.8001
v 0.3635 2.5387 0.7672
v 0.3269 2.5387 0.7835
v 0.2158 2.6788 0.5339
v 0.2524 2.6788 0.5177
v 2.4730 0.1029 -0.7351
v 2.6241 0.1919 -0.7756
v 2.6603 0.1919 -0.6404
v 2.5092 0.1029 -0.5999
v 2.2176 0.6334 -0.5217
v 2.3687 0.7224 -0.5622
v 2.3325 0.7224 -0.6975
v 2.1814 0.6334 -0.6570
v 2.1814 0.6334 -0.6570
v 2.3325 0.7224 -0.6975
v 2.6241 0.1919 -0.7756
v 2.4730 0.1029 -0.7351
v 2.5092 0.1029 -0.5999
v 2.6603 0.1919 -0.6404
v 2.3687 0.7224 -0.5622
v 2.2176 0.6334 -0.5217
v 2.6241 0.1919 -0.7756
v 2.3325 0.7224 -0.6975
v 2.3687 0.7224 -0.5622
v 2.6603 0.1919 -0.6404
v 2.4730 0.1029 -0.7351
v 2.5092 0.1029 -0.5999
v 2.2176 0.6334 -0.5217
v 2.1814 0.6334 -0.6570
v 2.1960 0.6073 -0.6609
v 2.3456 0.6990 -0.7010
v 2.3819 0.6990 -0.5658
v 2.2322 0.6073 -0.5257
v 1.9407 1.1175 -0.4475
v 2.0903 1.2091 -0.4876
v 2.0541 1.2091 -0.6229
v 1.9044 1.1175 -0.5828
v 1.9044 1.1175 -0.5828
v 2.0541 1.2091 -0.6229
v 2.3456 0.6990 -0.7010
v 2.1960 0.6073 -0.6609
v 2.2322 0.6073 -0.5257
v 2.3819 0.6990 -0.5658
v 2.0903 1.2091 -0.4876
v 1.9407 1.1175 -0.4475
v 2.3456 0.6990 -0.7010
v 2.0541 1.2091 -0.6229
v 2.0903 1.2091 -0.4876
v 2.3819 0.6990 -0.5658
v 2.1960 0.6073 -0.6609
v 2.2322 0.6073 -0.5257
v 1.9407 1.1175 -0.4475
v 1.9044 1.1175 -0.5828
v 1.9200 1.0913 -0.5869
v 2.0663 1.1886 -0.6261
v 2.1025 1.1886 -0.4909
v 1.9562 1.0913 -0.4517
v 1.6646 1.5615 -0.3736
v 1.8109 1.6587 -0.4128
v 1.7747 1.6587 -0.5480
v 1.6284 1.5615 -0.5088
v 1.6284 1.5615 -0.5088
v 1.7747 1.6587 -0.5480
v 2.0663 1.1886 -0.6261
v 1.9200 1.0913 -0.5869
v 1.9562 1.0913 -0.4517
v 2.1025 1.1886 -0.4909
v 1.8109 1.6587 -0.4128
v 1.6646 1.5615 -0.3736
v 2.0663 1.1886 -0.6261
v 1.7747 1.6587 -0.5480
v 1.8109 1.6587 -0.4128
v 2.1025 1.1886 -0.4909
v 1.9200 1.0913 -0.5869
v 1.9562 1.0913 -0.4517
v 1.6646 1.5615 -0.3736
v 1.6284 1.5615 -0.5088
v 1.6453 1.5359 -0.5133
v 1.7855 1.6423 -0.5509
v 1.8218 1.6423 -0.4157
v 1.6815 1.5359 -0.3781
v 1.3899 1.9480 -0.3000
v 1.5302 2.0544 -0.3375
v 1.4940 2.0544 -0.4728
v 1.3537 1.9480 -0.4352
v 1.3537 1.9480 -0.4352
v 1.4940 2.0544 -0.4728
v 1.7855 1.6423 -0.5509
v 1.6453 1.5359 -0.5133
v 1.6815 1.5359 -0.3781
v 1.8218 1.6423 -0.4157
v 1.5302 2.0544 -0.3375
v 1.3899 1.9480 -0.3000
v 1.7855 1.6423 -0.5509
v 1.4940 2.0544 -0.4728
v 1.5302 2.0544 -0.3375
v 1.8218 1.6423 -0.4157
v 1.6453 1.5359 -0.5133
v 1.6815 1.5359 -0.3781
v 1.3899 1.9480 -0.3000
v 1.3537 1.9480 -0.4352
v 1.3729 1.9234 -0.4403
v 1.5026 2.0433 -0.4751
v 1.5388 2.0433 -0.3399
v 1.4091 1.9234 -0.3051
v 1.1175 2.2616 -0.2270
v 1.2472 2.3815 -0.2617
v 1.2110 2.3815 -0.3970
v 1.0813 2.2616 -0.3622
v 1.0813 2.2616 -0.3622
v 1.2110 2.3815 -0.3970
v 1.5026 2.0433 -0.4751
v 1.3729 1.9234 -0.4403
v 1.4091 1.9234 -0.3051
v 1.5388 2.0433 -0.3399
v 1.2472 2.3815 -0.2617
v 1.1175 2.2616 -0.2270
v 1.5026 2.0433 -0.4751
v 1.2110 2.3815 -0.3970
v 1.2472 2.3815 -0.2617
v 1.5388 2.0433 -0.3399
v 1.3729 1.9234 -0.4403
v 1.4091 1.9234 -0.3051
v 1.1175 2.2616 -0.2270
v 1.0813 2.2616 -0.3622
v 1.1044 2.2384 -0.3684
v 1.2156 2.3767 -0.3982
v 1.2519 2.3767 -0.2630
v 1.1406 2.2384 -0.2332
v 0.8490 2.4897 -0.1550
v 0.9603 2.6280 -0.1848
v 0.9240 2.6280 -0.3201
v 0.8128 2.4897 -0.2903
v 0.8128 2.4897 -0.2903
v 0.9240 2.6280 -0.3201
v 1.2156 2.3767 -0.3982
v 1.1044 2.2384 -0.3684
v 1.1406 2.2384 -0.2332
v 1.2519 2.3767 -0.2630
v 0.9603 2.6280 -0.1848
v 0.8490 2.4897 -0.1550
v 1.2156 2.3767 -0.3982
v 0.9240 2.6280 -0.3201
v 0.9603 2.6280 -0.1848
v 1.2519 2.3767 -0.2630
v 1.1044 2.2384 -0.3684
v 1.1406 2.2384 -0.2332
v 0.8490 2.4897 -0.1550
v 0.8128 2.4897 -0.2903
v 0.8426 2.4691 -0.2983
v 0.9220 2.6293 -0.3195
v 0.9582 2.6293 -0.1843
v 0.8789 2.4691 -0.1630
v 0.5873 2.6238 -0.0849
v 0.6666 2.7840 -0.1061
v 0.6304 2.7840 -0.2414
v 0.5511 2.6238 -0.2201
v 0.5511 2.6238 -0.2201
v 0.6304 2.7840 -0.2414
v 0.9220 2.6293 -0.3195
v 0.8426 2.4691 -0.2983
v 0.8789 2.4691 -0.1630
v 0.9582 2.6293 -0.1843
v 0.6666 2.7840 -0.1061
v 0.5873 2.6238 -0.0849
v 0.9220 2.6293 -0.3195
v 0.6304 2.7840 -0.2414
v 0.6666 2.7840 -0.1061
v 0.9582 2.6293 -0.1843
v 0.8426 2.4691 -0.2983
v 0.8789 2.4691 -0.1630
v 0.5873 2.6238 -0.0849
v 0.5511 2.6238 -0.2201
v 0.5898 2.6103 -0.2305
v 0.6194 2.7877 -0.2384
v 0.6557 2.7877 -0.1032
v 0.6260 2.6103 -0.0953
v 0.3344 2.6626 -0.0171
v 0.3641 2.8399 -0.0251
v 0.3278 2.8399 -0.1603
v 0.2982 2.6626 -0.1524
v 0.2982 2.6626 -0.1524
v 0.3278 2.8399 -0.1603
v 0.6194 2.7877 -0.2384
v 0.5898 2.6103 -0.2305
v 0.6260 2.6103 -0.0953
v 0.6557 2.7877 -0.1032
v 0.3641 2.8399 -0.0251
v 0.3344 2.6626 -0.0171
v 0.6194 2.7877 -0.2384
v 0.3278 2.8399 -0.1603
v 0.3641 2.8399 -0.0251
v 0.6557 2.7877 -0.1032
v 0.5898 2.6103 -0.2305
v 0.6260 2.6103 -0.0953
v 0.3344 2.6626 -0.0171
v 0.2982 2.6626 -0.1524
v 2.4728 0.1627 -0.6833
v 2.5064 0.1825 -0.6923
v 2.5168 0.1825 -0.6537
v 2.4832 0.1627 -0.6447
v 2.2194 0.6428 -0.5740
v 2.2530 0.6625 -0.5830
v 2.2426 0.6625 -0.6216
v 2.2090 0.6428 -0.6126
v 2.2090 0.6428 -0.6126
v 2.2426 0.6625 -0.6216
v 2.5064 0.1825 -0.6923
v 2.4728 0.1627 -0.6833
v 2.4832 0.1627 -0.6447
v 2.5168 0.1825 -0.6537
v 2.2530 0.6625 -0.5830
v 2.2194 0.6428 -0.5740
v 2.5064 0.1825 -0.6923
v 2.2426 0.6625 -0.6216
v 2.2530 0.6625 -0.5830
v 2.5168 0.1825 -0.6537
v 2.4728 0.1627 -0.6833
v 2.4832 0.1627 -0.6447
v 2.2194 0.6428 -0.5740
v 2.2090 0.6428 -0.6126
v 2.1953 0.6672 -0.6089
v 2.2286 0.6876 -0.6178
v 2.2389 0.6876 -0.5792
v 2.2057 0.6672 -0.5703
v 1.9418 1.1288 -0.4996
v 1.9751 1.1492 -0.5085
v 1.9647 1.1492 -0.5472
v 1.9315 1.1288 -0.5382
v 1.9315 1.1288 -0.5382
v 1.9647 1.1492 -0.5472
v 2.2286 0.6876 -0.6178
v 2.1953 0.6672 -0.6089
v 2.2057 0.6672 -0.5703
v 2.2389 0.6876 -0.5792
v 1.9751 1.1492 -0.5085
v 1.9418 1.1288 -0.4996
v 2.2286 0.6876 -0.6178
v 1.9647 1.1492 -0.5472
v 1.9751 1.1492 -0.5085
v 2.2389 0.6876 -0.5792
v 2.1953 0.6672 -0.6089
v 2.2057 0.6672 -0.5703
v 1.9418 1.1288 -0.4996
v 1.9315 1.1288 -0.5382
v 1.9180 1.1515 -0.5346
v 1.9505 1.1732 -0.5433
v 1.9608 1.1732 -0.5047
v 1.9283 1.1515 -0.4960
v 1.6645 1.5769 -0.4253
v 1.6970 1.5985 -0.4340
v 1.6867 1.5985 -0.4726
v 1.6541 1.5769 -0.4639
v 1.6541 1.5769 -0.4639
v 1.6867 1.5985 -0.4726
v 1.9505 1.1732 -0.5433
v 1.9180 1.1515 -0.5346
v 1.9283 1.1515 -0.4960
v 1.9608 1.1732 -0.5047
v 1.6970 1.5985 -0.4340
v 1.6645 1.5769 -0.4253
v 1.9505 1.1732 -0.5433
v 1.6867 1.5985 -0.4726
v 1.6970 1.5985 -0.4340
v 1.9608 1.1732 -0.5047
v 1.9180 1.1515 -0.5346
v 1.9283 1.1515 -0.4960
v 1.6645 1.5769 -0.4253
v 1.6541 1.5769 -0.4639
v 1.6409 1.5969 -0.4604
v 1.6721 1.6206 -0.4687
v 1.6825 1.6206 -0.4301
v 1.6513 1.5969 -0.4218
v 1.3875 1.9698 -0.3511
v 1.4186 1.9934 -0.3594
v 1.4083 1.9934 -0.3981
v 1.3771 1.9698 -0.3897
v 1.3771 1.9698 -0.3897
v 1.4083 1.9934 -0.3981
v 1.6721 1.6206 -0.4687
v 1.6409 1.5969 -0.4604
v 1.6513 1.5969 -0.4218
v 1.6825 1.6206 -0.4301
v 1.4186 1.9934 -0.3594
v 1.3875 1.9698 -0.3511
v 1.6721 1.6206 -0.4687
v 1.4083 1.9934 -0.3981
v 1.4186 1.9934 -0.3594
v 1.6825 1.6206 -0.4301
v 1.6409 1.5969 -0.4604
v 1.6513 1.5969 -0.4218
v 1.3875 1.9698 -0.3511
v 1.3771 1.9698 -0.3897
v 1.3644 1.9861 -0.3863
v 1.3932 2.0128 -0.3940
v 1.4036 2.0128 -0.3554
v 1.3748 1.9861 -0.3477
v 1.1109 2.2921 -0.2770
v 1.1398 2.3188 -0.2847
v 1.1294 2.3188 -0.3233
v 1.1006 2.2921 -0.3156
v 1.1006 2.2921 -0.3156
v 1.1294 2.3188 -0.3233
v 1.3932 2.0128 -0.3940
v 1.3644 1.9861 -0.3863
v 1.3748 1.9861 -0.3477
v 1.4036 2.0128 -0.3554
v 1.1398 2.3188 -0.2847
v 1.1109 2.2921 -0.2770
v 1.3932 2.0128 -0.3940
v 1.1294 2.3188 -0.3233
v 1.1398 2.3188 -0.2847
v 1.4036 2.0128 -0.3554
v 1.3644 1.9861 -0.3863
v 1.3748 1.9861 -0.3477
v 1.1109 2.2921 -0.2770
v 1.1006 2.2921 -0.3156
v 1.0888 2.3041 -0.3124
v 1.1135 2.3349 -0.3191
v 1.1238 2.3349 -0.2804
v 1.0991 2.3041 -0.2738
v 0.8353 2.5315 -0.2031
v 0.8600 2.5622 -0.2097
v 0.8497 2.5622 -0.2484
v 0.8249 2.5315 -0.2417
v 0.8249 2.5315 -0.2417
v 0.8497 2.5622 -0.2484
v 1.1135 2.3349 -0.3191
v 1.0888 2.3041 -0.3124
v 1.0991 2.3041 -0.2738
v 1.1238 2.3349 -0.2804
v 0.8600 2.5622 -0.2097
v 0.8353 2.5315 -0.2031
v 1.1135 2.3349 -0.3191
v 0.8497 2.5622 -0.2484
v 0.8600 2.5622 -0.2097
v 1.1238 2.3349 -0.2804
v 1.0888 2.3041 -0.3124
v 1.0991 2.3041 -0.2738
v 0.8353 2.5315 -0.2031
v 0.8249 2.5315 -0.2417
v 0.8146 2.5387 -0.2390
v 0.8322 2.5743 -0.2437
v 0.8426 2.5743 -0.2051
v 0.8249 2.5387 -0.2003
v 0.5611 2.6788 -0.1296
v 0.5788 2.7143 -0.1344
v 0.5684 2.7143 -0.1730
v 0.5508 2.6788 -0.1683
v 0.5508 2.6788 -0.1683
v 0.5684 2.7143 -0.1730
v 0.8322 2.5743 -0.2437
v 0.8146 2.5387 -0.2390
v 0.8249 2.5387 -0.2003
v 0.8426 2.5743 -0.2051
v 0.5788 2.7143 -0.1344
v 0.5611 2.6788 -0.1296
v 0.8322 2.5743 -0.2437
v 0.5684 2.7143 -0.1730
v 0.5788 2.7143 -0.1344
v 0.8426 2.5743 -0.2051
v 0.8146 2.5387 -0.2390
v 0.8249 2.5387 -0.2003
v 0.5611 2.6788 -0.1296
v 0.5508 2.6788 -0.1683
v -0.9152 0.9800 2.0555
v -0.7695 0.9800 2.1143
v -0.7695 2.2000 2.1143
v -0.9152 2.2000 2.0555
v -0.7695 0.9800 2.1143
v -0.6202 0.9800 2.1628
v -0.6202 2.2000 2.1628
v -0.7695 2.2000 2.1143
v -0.6202 0.9800 2.1628
v -0.4678 0.9800 2.2008
v -0.4678 2.2000 2.2008
v -0.6202 2.2000 2.1628
v -0.4678 0.9800 2.2008
v -0.3131 0.9800 2.2281
v -0.3131 2.2000 2.2281
v -0.4678 2.2000 2.2008
v -0.3131 0.9800 2.2281
v -0.1570 0.9800 2.2445
v -0.1570 2.2000 2.2445
v -0.3131 2.2000 2.2281
v -0.1570 0.9800 2.2445
v 0.0000 0.9800 2.2500
v 0.0000 2.2000 2.2500
v -0.1570 2.2000 2.2445
v 0.0000 0.9800 2.2500
v 0.1570 0.9800 2.2445
v 0.1570 2.2000 2.2445
v 0.0000 2.2000 2.2500
v 0.1570 0.9800 2.2445
v 0.3131 0.9800 2.2281
v 0.3131 2.2000 2.2281
v 0.1570 2.2000 2.2445
v 0.3131 0.9800 2.2281
v 0.4678 0.9800 2.2008
v 0.4678 2.2000 2.2008
v 0.3131 2.2000 2.2281
v 0.4678 0.9800 2.2008
v 0.6202 0.9800 2.1628
v 0.6202 2.2000 2.1628
v 0.4678 2.2000 2.2008
v 0.6202 0.9800 2.1628
v 0.7695 0.9800 2.1143
v 0.7695 2.2000 2.1143
v 0.6202 2.2000 2.1628
v 0.7695 0.9800 2.1143
v 0.9152 0.9800 2.0555
v 0.9152 2.2000 2.0555
v 0.7695 2.2000 2.1143
v -0.9152 2.2000 2.0555
v -0.7695 2.2000 2.1143
v -0.7524 2.6500 2.0673
v -0.8948 2.6500 2.0098
v -0.7695 2.2000 2.1143
v -0.6202 2.2000 2.1628
v -0.6064 2.6500 2.1148
v -0.7524 2.6500 2.0673
v -0.6202 2.2000 2.1628
v -0.4678 2.2000 2.2008
v -0.4574 2.6500 2.1519
v -0.6064 2.6500 2.1148
v -0.4678 2.2000 2.2008
v -0.3131 2.2000 2.2281
v -0.3062 2.6500 2.1786
v -0.4574 2.6500 2.1519
v -0.3131 2.2000 2.2281
v -0.1570 2.2000 2.2445
v -0.1535 2.6500 2.1946
v -0.3062 2.6500 2.1786
v -0.1570 2.2000 2.2445
v 0.0000 2.2000 2.2500
v 0.0000 2.6500 2.2000
v -0.1535 2.6500 2.1946
v 0.0000 2.2000 2.2500
v 0.1570 2.2000 2.2445
v 0.1535 2.6500 2.1946
v 0.0000 2.6500 2.2000
v 0.1570 2.2000 2.2445
v 0.3131 2.2000 2.2281
v 0.3062 2.6500 2.1786
v 0.1535 2.6500 2.1946
v 0.3131 2.2000 2.2281
v 0.4678 2.2000 2.2008
v 0.4574 2.6500 2.1519
v 0.3062 2.6500 2.1786
v 0.4678 2.2000 2.2008
v 0.6202 2.2000 2.1628
v 0.6064 2.6500 2.1148
v 0.4574 2.6500 2.1519
v 0.6202 2.2000 2.1628
v 0.7695 2.2000 2.1143
v 0.7524 2.6500 2.0673
v 0.6064 2.6500 2.1148
v 0.7695 2.2000 2.1143
v 0.9152 2.2000 2.0555
v 0.8948 2.6500 2.0098
v 0.7524 2.6500 2.0673
v -0.8037 2.2000 2.2083
v -0.9558 2.2000 2.1468
v -0.9355 2.6500 2.1012
v -0.7866 2.6500 2.1613
v -0.6477 2.2000 2.2590
v -0.8037 2.2000 2.2083
v -0.7866 2.6500 2.1613
v -0.6340 2.6500 2.2109
v -0.4886 2.2000 2.2986
v -0.6477 2.2000 2.2590
v -0.6340 2.6500 2.2109
v -0.4782 2.6500 2.2497
v -0.3271 2.2000 2.3271
v -0.4886 2.2000 2.2986
v -0.4782 2.6500 2.2497
v -0.3201 2.6500 2.2776
v -0.1639 2.2000 2.3443
v -0.3271 2.2000 2.3271
v -0.3201 2.6500 2.2776
v -0.1604 2.6500 2.2944
v 0.0000 2.2000 2.3500
v -0.1639 2.2000 2.3443
v -0.1604 2.6500 2.2944
v 0.0000 2.6500 2.3000
v 0.1639 2.2000 2.3443
v 0.0000 2.2000 2.3500
v 0.0000 2.6500 2.3000
v 0.1604 2.6500 2.2944
v 0.3271 2.2000 2.3271
v 0.1639 2.2000 2.3443
v 0.1604 2.6500 2.2944
v 0.3201 2.6500 2.2776
v 0.4886 2.2000 2.2986
v 0.3271 2.2000 2.3271
v 0.3201 2.6500 2.2776
v 0.4782 2.6500 2.2497
v 0.6477 2.2000 2.2590
v 0.4886 2.2000 2.2986
v 0.4782 2.6500 2.2497
v 0.6340 2.6500 2.2109
v 0.8037 2.2000 2.2083
v 0.6477 2.2000 2.2590
v 0.6340 2.6500 2.2109
v 0.7866 2.6500 2.1613
v 0.9558 2.2000 2.1468
v 0.8037 2.2000 2.2083
v 0.7866 2.6500 2.1613
v 0.9355 2.6500 2.1012
v -1.0779 0.1600 2.4209
v -0.8189 0.1600 2.5203
v -0.8189 0.7500 2.5203
v -1.0779 0.7500 2.4209
v -0.8189 0.1600 2.5203
v -0.5510 0.1600 2.5921
v -0.5510 0.7500 2.5921
v -0.8189 0.7500 2.5203
v -0.5510 0.1600 2.5921
v -0.2770 0.1600 2.6355
v -0.2770 0.7500 2.6355
v -0.5510 0.7500 2.5921
v -0.2770 0.1600 2.6355
v 0.0000 0.1600 2.6500
v 0.0000 0.7500 2.6500
v -0.2770 0.7500 2.6355
v 0.0000 0.1600 2.6500
v 0.2770 0.1600 2.6355
v 0.2770 0.7500 2.6355
v 0.0000 0.7500 2.6500
v 0.2770 0.1600 2.6355
v 0.5510 0.1600 2.5921
v 0.5510 0.7500 2.5921
v 0.2770 0.7500 2.6355
v 0.5510 0.1600 2.5921
v 0.8189 0.1600 2.5203
v 0.8189 0.7500 2.5203
v 0.5510 0.7500 2.5921
v 0.8189 0.1600 2.5203
v 1.0779 0.1600 2.4209
v 1.0779 0.7500 2.4209
v 0.8189 0.7500 2.5203
v 0.0000 2.6500 -2.2000
v -0.4292 2.6500 -2.1577
v -0.0683 2.7800 -0.3433
v 0.0000 2.7800 -0.3500
v -0.4292 2.6500 -2.1577
v -0.8419 2.6500 -2.0325
v -0.1339 2.7800 -0.3234
v -0.0683 2.7800 -0.3433
v -0.8419 2.6500 -2.0325
v -1.2223 2.6500 -1.8292
v -0.1944 2.7800 -0.2910
v -0.1339 2.7800 -0.3234
v -1.2223 2.6500 -1.8292
v -1.5556 2.6500 -1.5556
v -0.2475 2.7800 -0.2475
v -0.1944 2.7800 -0.2910
v -1.5556 2.6500 -1.5556
v -1.8292 2.6500 -1.2223
v -0.2910 2.7800 -0.1944
v -0.2475 2.7800 -0.2475
v -1.8292 2.6500 -1.2223
v -2.0325 2.6500 -0.8419
v -0.3234 2.7800 -0.1339
v -0.2910 2.7800 -0.1944
v -2.0325 2.6500 -0.8419
v -2.1577 2.6500 -0.4292
v -0.3433 2.7800 -0.0683
v -0.3234 2.7800 -0.1339
v -2.1577 2.6500 -0.4292
v -2.2000 2.6500 0.0000
v -0.3500 2.7800 0.0000
v -0.3433 2.7800 -0.0683
v -2.2000 2.6500 0.0000
v -2.1577 2.6500 0.4292
v -0.3433 2.7800 0.0683
v -0.3500 2.7800 0.0000
v -2.1577 2.6500 0.4292
v -2.0325 2.6500 0.8419
v -0.3234 2.7800 0.1339
v -0.3433 2.7800 0.0683
v -2.0325 2.6500 0.8419
v -1.8292 2.6500 1.2223
v -0.2910 2.7800 0.1944
v -0.3234 2.7800 0.1339
v -1.8292 2.6500 1.2223
v -1.5556 2.6500 1.5556
v -0.2475 2.7800 0.2475
v -0.2910 2.7800 0.1944
v -1.5556 2.6500 1.5556
v -1.2223 2.6500 1.8292
v -0.1944 2.7800 0.2910
v -0.2475 2.7800 0.2475
v -1.2223 2.6500 1.8292
v -0.8419 2.6500 2.0325
v -0.1339 2.7800 0.3234
v -0.1944 2.7800 0.2910
v -0.8419 2.6500 2.0325
v -0.4292 2.6500 2.1577
v -0.0683 2.7800 0.3433
v -0.1339 2.7800 0.3234
v -0.4292 2.6500 2.1577
v 0.0000 2.6500 2.2000
v 0.0000 2.7800 0.3500
v -0.0683 2.7800 0.3433
v 0.0000 2.6500 2.2000
v 0.4292 2.6500 2.1577
v 0.0683 2.7800 0.3433
v 0.0000 2.7800 0.3500
v 0.4292 2.6500 2.1577
v 0.8419 2.6500 2.0325
v 0.1339 2.7800 0.3234
v 0.0683 2.7800 0.3433
v 0.8419 2.6500 2.0325
v 1.2223 2.6500 1.8292
v 0.1944 2.7800 0.2910
v 0.1339 2.7800 0.3234
v 1.2223 2.6500 1.8292
v 1.5556 2.6500 1.5556
v 0.2475 2.7800 0.2475
v 0.1944 2.7800 0.2910
v 1.5556 2.6500 1.5556
v 1.8292 2.6500 1.2223
v 0.2910 2.7800 0.1944
v 0.2475 2.7800 0.2475
v 1.8292 2.6500 1.2223
v 2.0325 2.6500 0.8419
v 0.3234 2.7800 0.1339
v 0.2910 2.7800 0.1944
v 2.0325 2.6500 0.8419
v 2.1577 2.6500 0.4292
v 0.3433 2.7800 0.0683
v 0.3234 2.7800 0.1339
v 2.1577 2.6500 0.4292
v 2.2000 2.6500 0.0000
v 0.3500 2.7800 0.0000
v 0.3433 2.7800 0.0683
v 2.2000 2.6500 0.0000
v 2.1577 2.6500 -0.4292
v 0.3433 2.7800 -0.0683
v 0.3500 2.7800 0.0000
v 2.1577 2.6500 -0.4292
v 2.0325 2.6500 -0.8419
v 0.3234 2.7800 -0.1339
v 0.3433 2.7800 -0.0683
v 2.0325 2.6500 -0.8419
v 1.8292 2.6500 -1.2223
v 0.2910 2.7800 -0.1944
v 0.3234 2.7800 -0.1339
v 1.8292 2.6500 -1.2223
v 1.5556 2.6500 -1.5556
v 0.2475 2.7800 -0.2475
v 0.2910 2.7800 -0.1944
v 1.5556 2.6500 -1.5556
v 1.2223 2.6500 -1.8292
v 0.1944 2.7800 -0.2910
v 0.2475 2.7800 -0.2475
v 1.2223 2.6500 -1.8292
v 0.8419 2.6500 -2.0325
v 0.1339 2.7800 -0.3234
v 0.1944 2.7800 -0.2910
v 0.8419 2.6500 -2.0325
v 0.4292 2.6500 -2.1577
v 0.0683 2.7800 -0.3433
v 0.1339 2.7800 -0.3234
v 0.4292 2.6500 -2.1577
v 0.0000 2.6500 -2.2000
v 0.0000 2.7800 -0.3500
v 0.0683 2.7800 -0.3433
v -0.4487 2.6500 -2.2558
v 0.0000 2.6500 -2.3000
v 0.0000 2.8200 -0.3500
v -0.0683 2.8200 -0.3433
v -0.8802 2.6500 -2.1249
v -0.4487 2.6500 -2.2558
v -0.0683 2.8200 -0.3433
v -0.1339 2.8200 -0.3234
v -1.2778 2.6500 -1.9124
v -0.8802 2.6500 -2.1249
v -0.1339 2.8200 -0.3234
v -0.1944 2.8200 -0.2910
v -1.6263 2.6500 -1.6263
v -1.2778 2.6500 -1.9124
v -0.1944 2.8200 -0.2910
v -0.2475 2.8200 -0.2475
v -1.9124 2.6500 -1.2778
v -1.6263 2.6500 -1.6263
v -0.2475 2.8200 -0.2475
v -0.2910 2.8200 -0.1944
v -2.1249 2.6500 -0.8802
v -1.9124 2.6500 -1.2778
v -0.2910 2.8200 -0.1944
v -0.3234 2.8200 -0.1339
v -2.2558 2.6500 -0.4487
v -2.1249 2.6500 -0.8802
v -0.3234 2.8200 -0.1339
v -0.3433 2.8200 -0.0683
v -2.3000 2.6500 0.0000
v -2.2558 2.6500 -0.4487
v -0.3433 2.8200 -0.0683
v -0.3500 2.8200 0.0000
v -2.2558 2.6500 0.4487
v -2.3000 2.6500 0.0000
v -0.3500 2.8200 0.0000
v -0.3433 2.8200 0.0683
v -2.1249 2.6500 0.8802
v -2.2558 2.6500 0.4487
v -0.3433 2.8200 0.0683
v -0.3234 2.8200 0.1339
v -1.9124 2.6500 1.2778
v -2.1249 2.6500 0.8802
v -0.3234 2.8200 0.1339
v -0.2910 2.8200 0.1944
v -1.6263 2.6500 1.6263
v -1.9124 2.6500 1.2778
v -0.2910 2.8200 0.1944
v -0.2475 2.8200 0.2475
v -1.2778 2.6500 1.9124
v -1.6263 2.6500 1.6263
v -0.2475 2.8200 0.2475
v -0.1944 2.8200 0.2910
v -0.8802 2.6500 2.1249
v -1.2778 2.6500 1.9124
v -0.1944 2.8200 0.2910
v -0.1339 2.8200 0.3234
v -0.4487 2.6500 2.2558
v -0.8802 2.6500 2.1249
v -0.1339 2.8200 0.3234
v -0.0683 2.8200 0.3433
v 0.0000 2.6500 2.3000
v -0.4487 2.6500 2.2558
v -0.0683 2.8200 0.3433
v 0.0000 2.8200 0.3500
v 0.4487 2.6500 2.2558
v 0.0000 2.6500 2.3000
v 0.0000 2.8200 0.3500
v 0.0683 2.8200 0.3433
v 0.8802 2.6500 2.1249
v 0.4487 2.6500 2.2558
v 0.0683 2.8200 0.3433
v 0.1339 2.8200 0.3234
v 1.2778 2.6500 1.9124
v 0.8802 2.6500 2.1249
v 0.1339 2.8200 0.3234
v 0.1944 2.8200 0.2910
v 1.6263 2.6500 1.6263
v 1.2778 2.6500 1.9124
v 0.1944 2.8200 0.2910
v 0.2475 2.8200 0.2475
v 1.9124 2.6500 1.2778
v 1.6263 2.6500 1.6263
v 0.2475 2.8200 0.2475
v 0.2910 2.8200 0.1944
v 2.1249 2.6500 0.8802
v 1.9124 2.6500 1.2778
v 0.2910 2.8200 0.1944
v 0.3234 2.8200 0.1339
v 2.2558 2.6500 0.4487
v 2.1249 2.6500 0.8802
v 0.3234 2.8200 0.1339
v 0.3433 2.8200 0.0683
v 2.3000 2.6500 0.0000
v 2.2558 2.6500 0.4487
v 0.3433 2.8200 0.0683
v 0.3500 2.8200 0.0000
v 2.2558 2.6500 -0.4487
v 2.3000 2.6500 0.0000
v 0.3500 2.8200 0.0000
v 0.3433 2.8200 -0.0683
v 2.1249 2.6500 -0.8802
v 2.2558 2.6500 -0.4487
v 0.3433 2.8200 -0.0683
v 0.3234 2.8200 -0.1339
v 1.9124 2.6500 -1.2778
v 2.1249 2.6500 -0.8802
v 0.3234 2.8200 -0.1339
v 0.2910 2.8200 -0.1944
v 1.6263 2.6500 -1.6263
v 1.9124 2.6500 -1.2778
v 0.2910 2.8200 -0.1944
v 0.2475 2.8200 -0.2475
v 1.2778 2.6500 -1.9124
v 1.6263 2.6500 -1.6263
v 0.2475 2.8200 -0.2475
v 0.1944 2.8200 -0.2910
v 0.8802 2.6500 -2.1249
v 1.2778 2.6500 -1.9124
v 0.1944 2.8200 -0.2910
v 0.1339 2.8200 -0.3234
v 0.4487 2.6500 -2.2558
v 0.8802 2.6500 -2.1249
v 0.1339 2.8200 -0.3234
v 0.0683 2.8200 -0.3433
v 0.0000 2.6500 -2.3000
v 0.4487 2.6500 -2.2558
v 0.0683 2.8200 -0.3433
v 0.0000 2.8200 -0.3500
v 0.0000 2.7800 0.0000
v 0.0000 2.7400 0.0000
v 0.0000 2.7800 0.3800
v 0.0000 2.7400 0.3800
v 0.1454 2.7800 0.3511
v 0.1454 2.7400 0.3511
v 0.2687 2.7800 0.2687
v 0.2687 2.7400 0.2687
v 0.3511 2.7800 0.1454
v 0.3511 2.7400 0.1454
v 0.3800 2.7800 0.0000
v 0.3800 2.7400 0.0000
v 0.3511 2.7800 -0.1454
v 0.3511 2.7400 -0.1454
v 0.2687 2.7800 -0.2687
v 0.2687 2.7400 -0.2687
v 0.1454 2.7800 -0.3511
v 0.1454 2.7400 -0.3511
v 0.0000 2.7800 -0.3800
v 0.0000 2.7400 -0.3800
v -0.1454 2.7800 -0.3511
v -0.1454 2.7400 -0.3511
v -0.2687 2.7800 -0.2687
v -0.2687 2.7400 -0.2687
v -0.3511 2.7800 -0.1454
v -0.3511 2.7400 -0.1454
v -0.3800 2.7800 0.0000
v -0.3800 2.7400 0.0000
v -0.3511 2.7800 0.1454
v -0.3511 2.7400 0.1454
v -0.2687 2.7800 0.2687
v -0.2687 2.7400 0.2687
v -0.1454 2.7800 0.3511
v -0.1454 2.7400 0.3511
v 0.0000 2.7575 0.2800
v 0.0000 2.7575 0.3600
v 0.0000 2.7425 0.2800
v 0.0000 2.7425 0.3600
v 0.1072 2.7575 0.2587
v 0.1378 2.7575 0.3326
v 0.1072 2.7425 0.2587
v 0.1378 2.7425 0.3326
v 0.1980 2.7575 0.1980
v 0.2546 2.7575 0.2546
v 0.1980 2.7425 0.1980
v 0.2546 2.7425 0.2546
v 0.2587 2.7575 0.1072
v 0.3326 2.7575 0.1378
v 0.2587 2.7425 0.1072
v 0.3326 2.7425 0.1378
v 0.2800 2.7575 0.0000
v 0.3600 2.7575 0.0000
v 0.2800 2.7425 0.0000
v 0.3600 2.7425 0.0000
v 0.2587 2.7575 -0.1072
v 0.3326 2.7575 -0.1378
v 0.2587 2.7425 -0.1072
v 0.3326 2.7425 -0.1378
v 0.1980 2.7575 -0.1980
v 0.2546 2.7575 -0.2546
v 0.1980 2.7425 -0.1980
v 0.2546 2.7425 -0.2546
v 0.1072 2.7575 -0.2587
v 0.1378 2.7575 -0.3326
v 0.1072 2.7425 -0.2587
v 0.1378 2.7425 -0.3326
v 0.0000 2.7575 -0.2800
v 0.0000 2.7575 -0.3600
v 0.0000 2.7425 -0.2800
v 0.0000 2.7425 -0.3600
v -0.1072 2.7575 -0.2587
v -0.1378 2.7575 -0.3326
v -0.1072 2.7425 -0.2587
v -0.1378 2.7425 -0.3326
v -0.1980 2.7575 -0.1980
v -0.2546 2.7575 -0.2546
v -0.1980 2.7425 -0.1980
v -0.2546 2.7425 -0.2546
v -0.2587 2.7575 -0.1072
v -0.3326 2.7575 -0.1378
v -0.2587 2.7425 -0.1072
v -0.3326 2.7425 -0.1378
v -0.2800 2.7575 0.0000
v -0.3600 2.7575 0.0000
v -0.2800 2.7425 0.0000
v -0.3600 2.7425 0.0000
v -0.2587 2.7575 0.1072
v -0.3326 2.7575 0.1378
v -0.2587 2.7425 0.1072
v -0.3326 2.7425 0.1378
v -0.1980 2.7575 0.1980
v -0.2546 2.7575 0.2546
v -0.1980 2.7425 0.1980
v -0.2546 2.7425 0.2546
v -0.1072 2.7575 0.2587
v -0.1378 2.7575 0.3326
v -0.1072 2.7425 0.2587
v -0.1378 2.7425 0.3326
v -0.6500 2.6941 -0.1995
v -0.6500 2.8688 -0.1559
v 0.6500 2.8688 -0.1559
v 0.6500 2.6941 -0.1995
v 0.6500 2.3312 1.2559
v 0.6500 2.5059 1.2995
v -0.6500 2.5059 1.2995
v -0.6500 2.3312 1.2559
v -0.6500 2.3312 1.2559
v -0.6500 2.5059 1.2995
v -0.6500 2.8688 -0.1559
v -0.6500 2.6941 -0.1995
v 0.6500 2.6941 -0.1995
v 0.6500 2.8688 -0.1559
v 0.6500 2.5059 1.2995
v 0.6500 2.3312 1.2559
v -0.6500 2.8688 -0.1559
v -0.6500 2.5059 1.2995
v 0.6500 2.5059 1.2995
v 0.6500 2.8688 -0.1559
v -0.6500 2.6941 -0.1995
v 0.6500 2.6941 -0.1995
v 0.6500 2.3312 1.2559
v -0.6500 2.3312 1.2559
v -0.5250 2.6415 -0.0589
v -0.5250 2.6609 -0.0540
v 0.5250 2.6609 -0.0540
v 0.5250 2.6415 -0.0589
v 0.5250 2.3391 1.1540
v 0.5250 2.3585 1.1589
v -0.5250 2.3585 1.1589
v -0.5250 2.3391 1.1540
v -0.5250 2.3391 1.1540
v -0.5250 2.3585 1.1589
v -0.5250 2.6609 -0.0540
v -0.5250 2.6415 -0.0589
v 0.5250 2.6415 -0.0589
v 0.5250 2.6609 -0.0540
v 0.5250 2.3585 1.1589
v 0.5250 2.3391 1.1540
v -0.5250 2.6609 -0.0540
v -0.5250 2.3585 1.1589
v 0.5250 2.3585 1.1589
v 0.5250 2.6609 -0.0540
v -0.5250 2.6415 -0.0589
v 0.5250 2.6415 -0.0589
v 0.5250 2.3391 1.1540
v -0.5250 2.3391 1.1540
v 2.4017 0.1600 -1.1199
v 2.2193 0.1600 -1.4481
v 1.8425 2.6500 -1.2022
v 1.9939 2.6500 -0.9298
v 2.2193 0.1600 -1.4481
v 1.9924 0.1600 -1.7473
v 1.6540 2.6500 -1.4506
v 1.8425 2.6500 -1.2022
v 1.9924 0.1600 -1.7473
v 1.7254 0.1600 -2.0113
v 1.4324 2.6500 -1.6698
v 1.6540 2.6500 -1.4506
v 1.7254 0.1600 -2.0113
v 1.4238 0.1600 -2.2350
v 1.1821 2.6500 -1.8555
v 1.4324 2.6500 -1.6698
v 1.4238 0.1600 -2.2350
v 1.0937 0.1600 -2.4138
v 0.9080 2.6500 -2.0039
v 1.1821 2.6500 -1.8555
v 1.0937 0.1600 -2.4138
v 0.7415 0.1600 -2.5441
v 0.6156 2.6500 -2.1121
v 0.9080 2.6500 -2.0039
v 0.7415 0.1600 -2.5441
v 0.3745 0.1600 -2.6234
v 0.3109 2.6500 -2.1779
v 0.6156 2.6500 -2.1121
v 0.3745 0.1600 -2.6234
v 0.0000 0.1600 -2.6500
v 0.0000 2.6500 -2.2000
v 0.3109 2.6500 -2.1779
v 0.0000 0.1600 -2.6500
v -0.3745 0.1600 -2.6234
v -0.3109 2.6500 -2.1779
v 0.0000 2.6500 -2.2000
v -0.3745 0.1600 -2.6234
v -0.7415 0.1600 -2.5441
v -0.6156 2.6500 -2.1121
v -0.3109 2.6500 -2.1779
v -0.7415 0.1600 -2.5441
v -1.0937 0.1600 -2.4138
v -0.9080 2.6500 -2.0039
v -0.6156 2.6500 -2.1121
v -1.0937 0.1600 -2.4138
v -1.4238 0.1600 -2.2350
v -1.1821 2.6500 -1.8555
v -0.9080 2.6500 -2.0039
v -1.4238 0.1600 -2.2350
v -1.7254 0.1600 -2.0113
v -1.4324 2.6500 -1.6698
v -1.1821 2.6500 -1.8555
v -1.7254 0.1600 -2.0113
v -1.9924 0.1600 -1.7473
v -1.6540 2.6500 -1.4506
v -1.4324 2.6500 -1.6698
v -1.9924 0.1600 -1.7473
v -2.2193 0.1600 -1.4481
v -1.8425 2.6500 -1.2022
v -1.6540 2.6500 -1.4506
v -2.2193 0.1600 -1.4481
v -2.4017 0.1600 -1.1199
v -1.9939 2.6500 -0.9298
v -1.8425 2.6500 -1.2022
v 2.3282 0.1600 -1.5192
v 2.5195 0.1600 -1.1749
v 2.0845 2.6500 -0.9720
v 1.9262 2.6500 -1.2569
v 2.0901 0.1600 -1.8330
v 2.3282 0.1600 -1.5192
v 1.9262 2.6500 -1.2569
v 1.7292 2.6500 -1.5165
v 1.8101 0.1600 -2.1100
v 2.0901 0.1600 -1.8330
v 1.7292 2.6500 -1.5165
v 1.4975 2.6500 -1.7457
v 1.4937 0.1600 -2.3446
v 1.8101 0.1600 -2.1100
v 1.4975 2.6500 -1.7457
v 1.2358 2.6500 -1.9398
v 1.1473 0.1600 -2.5322
v 1.4937 0.1600 -2.3446
v 1.2358 2.6500 -1.9398
v 0.9492 2.6500 -2.0950
v 0.7779 0.1600 -2.6689
v 1.1473 0.1600 -2.5322
v 0.9492 2.6500 -2.0950
v 0.6436 2.6500 -2.2081
v 0.3929 0.1600 -2.7521
v 0.7779 0.1600 -2.6689
v 0.6436 2.6500 -2.2081
v 0.3251 2.6500 -2.2769
v 0.0000 0.1600 -2.7800
v 0.3929 0.1600 -2.7521
v 0.3251 2.6500 -2.2769
v 0.0000 2.6500 -2.3000
v -0.3929 0.1600 -2.7521
v 0.0000 0.1600 -2.7800
v 0.0000 2.6500 -2.3000
v -0.3251 2.6500 -2.2769
v -0.7779 0.1600 -2.6689
v -0.3929 0.1600 -2.7521
v -0.3251 2.6500 -2.2769
v -0.6436 2.6500 -2.2081
v -1.1473 0.1600 -2.5322
v -0.7779 0.1600 -2.6689
v -0.6436 2.6500 -2.2081
v -0.9492 2.6500 -2.0950
v -1.4937 0.1600 -2.3446
v -1.1473 0.1600 -2.5322
v -0.9492 2.6500 -2.0950
v -1.2358 2.6500 -1.9398
v -1.8101 0.1600 -2.1100
v -1.4937 0.1600 -2.3446
v -1.2358 2.6500 -1.9398
v -1.4975 2.6500 -1.7457
v -2.0901 0.1600 -1.8330
v -1.8101 0.1600 -2.1100
v -1.4975 2.6500 -1.7457
v -1.7292 2.6500 -1.5165
v -2.3282 0.1600 -1.5192
v -2.0901 0.1600 -1.8330
v -1.7292 2.6500 -1.5165
v -1.9262 2.6500 -1.2569
v -2.5195 0.1600 -1.1749
v -2.3282 0.1600 -1.5192
v -1.9262 2.6500 -1.2569
v -2.0845 2.6500 -0.9720
v -1.1250 0.3000 -2.6000
v -1.1250 2.6000 -2.6000
v -0.7750 2.6000 -2.6000
v -0.7750 0.3000 -2.6000
v -0.7750 0.3000 -2.3000
v -0.7750 2.6000 -2.3000
v -1.1250 2.6000 -2.3000
v -1.1250 0.3000 -2.3000
v -1.1250 0.3000 -2.3000
v -1.1250 2.6000 -2.3000
v -1.1250 2.6000 -2.6000
v -1.1250 0.3000 -2.6000
v -0.7750 0.3000 -2.6000
v -0.7750 2.6000 -2.6000
v -0.7750 2.6000 -2.3000
v -0.7750 0.3000 -2.3000
v -1.1250 2.6000 -2.6000
v -1.1250 2.6000 -2.3000
v -0.7750 2.6000 -2.3000
v -0.7750 2.6000 -2.6000
v -1.1250 0.3000 -2.6000
v -0.7750 0.3000 -2.6000
v -0.7750 0.3000 -2.3000
v -1.1250 0.3000 -2.3000
v 0.7750 0.3000 -2.6000
v 0.7750 2.6000 -2.6000
v 1.1250 2.6000 -2.6000
v 1.1250 0.3000 -2.6000
v 1.1250 0.3000 -2.3000
v 1.1250 2.6000 -2.3000
v 0.7750 2.6000 -2.3000
v 0.7750 0.3000 -2.3000
v 0.7750 0.3000 -2.3000
v 0.7750 2.6000 -2.3000
v 0.7750 2.6000 -2.6000
v 0.7750 0.3000 -2.6000
v 1.1250 0.3000 -2.6000
v 1.1250 2.6000 -2.6000
v 1.1250 2.6000 -2.3000
v 1.1250 0.3000 -2.3000
v 0.7750 2.6000 -2.6000
v 0.7750 2.6000 -2.3000
v 1.1250 2.6000 -2.3000
v 1.1250 2.6000 -2.6000
v 0.7750 0.3000 -2.6000
v 1.1250 0.3000 -2.6000
v 1.1250 0.3000 -2.3000
v 0.7750 0.3000 -2.3000
v -1.1250 2.3750 -2.6000
v -1.1250 2.7250 -2.6000
v 1.1250 2.7250 -2.6000
v 1.1250 2.3750 -2.6000
v 1.1250 2.3750 -2.3000
v 1.1250 2.7250 -2.3000
v -1.1250 2.7250 -2.3000
v -1.1250 2.3750 -2.3000
v -1.1250 2.3750 -2.3000
v -1.1250 2.7250 -2.3000
v -1.1250 2.7250 -2.6000
v -1.1250 2.3750 -2.6000
v 1.1250 2.3750 -2.6000
v 1.1250 2.7250 -2.6000
v 1.1250 2.7250 -2.3000
v 1.1250 2.3750 -2.3000
v -1.1250 2.7250 -2.6000
v -1.1250 2.7250 -2.3000
v 1.1250 2.7250 -2.3000
v 1.1250 2.7250 -2.6000
v -1.1250 2.3750 -2.6000
v 1.1250 2.3750 -2.6000
v 1.1250 2.3750 -2.3000
v -1.1250 2.3750 -2.3000
v -0.7750 0.3250 -2.5400
v -0.7750 2.3750 -2.5400
v 0.7750 2.3750 -2.5400
v 0.7750 0.3250 -2.5400
v 0.7750 0.3250 -2.4200
v 0.7750 2.3750 -2.4200
v -0.7750 2.3750 -2.4200
v -0.7750 0.3250 -2.4200
v -0.7750 0.3250 -2.4200
v -0.7750 2.3750 -2.4200
v -0.7750 2.3750 -2.5400
v -0.7750 0.3250 -2.5400
v 0.7750 0.3250 -2.5400
v 0.7750 2.3750 -2.5400
v 0.7750 2.3750 -2.4200
v 0.7750 0.3250 -2.4200
v -0.7750 2.3750 -2.5400
v -0.7750 2.3750 -2.4200
v 0.7750 2.3750 -2.4200
v 0.7750 2.3750 -2.5400
v -0.7750 0.3250 -2.5400
v 0.7750 0.3250 -2.5400
v 0.7750 0.3250 -2.4200
v -0.7750 0.3250 -2.4200
v 0.0000 1.3750 -2.4100
v 0.0000 1.3250 -2.4100
v 0.0000 1.3750 -2.1700
v 0.0000 1.3250 -2.1700
v 0.1200 1.3750 -2.2022
v 0.1200 1.3250 -2.2022
v 0.2078 1.3750 -2.2900
v 0.2078 1.3250 -2.2900
v 0.2400 1.3750 -2.4100
v 0.2400 1.3250 -2.4100
v 0.2078 1.3750 -2.5300
v 0.2078 1.3250 -2.5300
v 0.1200 1.3750 -2.6178
v 0.1200 1.3250 -2.6178
v 0.0000 1.3750 -2.6500
v 0.0000 1.3250 -2.6500
v -0.1200 1.3750 -2.6178
v -0.1200 1.3250 -2.6178
v -0.2078 1.3750 -2.5300
v -0.2078 1.3250 -2.5300
v -0.2400 1.3750 -2.4100
v -0.2400 1.3250 -2.4100
v -0.2078 1.3750 -2.2900
v -0.2078 1.3250 -2.2900
v -0.1200 1.3750 -2.2022
v -0.1200 1.3250 -2.2022
vt 0.5000 0.5000
vt 0.5000 1.0000
vt 0.5000 1.0000
vt 0.6294 0.9830
vt 0.6294 0.9830
vt 0.7500 0.9330
vt 0.7500 0.9330
vt 0.8536 0.8536
vt 0.8536 0.8536
vt 0.9330 0.7500
vt 0.9330 0.7500
vt 0.9830 0.6294
vt 0.9830 0.6294
vt 1.0000 0.5000
vt 1.0000 0.5000
vt 0.9830 0.3706
vt 0.9830 0.3706
vt 0.9330 0.2500
vt 0.9330 0.2500
vt 0.8536 0.1464
vt 0.8536 0.1464
vt 0.7500 0.0670
vt 0.7500 0.0670
vt 0.6294 0.0170
vt 0.6294 0.0170
vt 0.5000 0.0000
vt 0.5000 0.0000
vt 0.3706 0.0170
vt 0.3706 0.0170
vt 0.2500 0.0670
vt 0.2500 0.0670
vt 0.1464 0.1464
vt 0.1464 0.1464
vt 0.0670 0.2500
vt 0.0670 0.2500
vt 0.0170 0.3706
vt 0.0170 0.3706
vt 0.0000 0.5000
vt 0.0000 0.5000
vt 0.0170 0.6294
vt 0.0170 0.6294
vt 0.0670 0.7500
vt 0.0670 0.7500
vt 0.1464 0.8536
vt 0.1464 0.8536
vt 0.2500 0.9330
vt 0.2500 0.9330
vt 0.3706 0.9830
vt 0.3706 0.9830
vt 0.0000 0.0000
vt 0.0313 0.0000
vt 0.0313 1.0000
vt 0.0000 1.0000
vt 0.0313 0.0000
vt 0.0625 0.0000
vt 0.0625 1.0000
vt 0.0313 1.0000
vt 0.0625 0.0000
vt 0.0938 0.0000
vt 0.0938 1.0000
vt 0.0625 1.0000
vt 0.0938 0.0000
vt 0.1250 0.0000
vt 0.1250 1.0000
vt 0.0938 1.0000
vt 0.1250 0.0000
vt 0.1563 0.0000
vt 0.1563 1.0000
vt 0.1250 1.0000
vt 0.1563 0.0000
vt 0.1875 0.0000
vt 0.1875 1.0000
vt 0.1563 1.0000
vt 0.1875 0.0000
vt 0.2188 0.0000
vt 0.2188 1.0000
vt 0.1875 1.0000
vt 0.2188 0.0000
vt 0.2500 0.0000
vt 0.2500 1.0000
vt 0.2188 1.0000
vt 0.2500 0.0000
vt 0.2813 0.0000
vt 0.2813 1.0000
vt 0.2500 1.0000
vt 0.2813 0.0000
vt 0.3125 0.0000
vt 0.3125 1.0000
vt 0.2813 1.0000
vt 0.3125 0.0000
vt 0.3438 0.0000
vt 0.3438 1.0000
vt 0.3125 1.0000
vt 0.3438 0.0000
vt 0.3750 0.0000
vt 0.3750 1.0000
vt 0.3438 1.0000
vt 0.3750 0.0000
vt 0.4063 0.0000
vt 0.4063 1.0000
vt 0.3750 1.0000
vt 0.4063 0.0000
vt 0.4375 0.0000
vt 0.4375 1.0000
vt 0.4063 1.0000
vt 0.4375 0.0000
vt 0.4688 0.0000
vt 0.4688 1.0000
vt 0.4375 1.0000
vt 0.4688 0.0000
vt 0.5000 0.0000
vt 0.5000 1.0000
vt 0.4688 1.0000
vt 0.5000 0.0000
vt 0.5313 0.0000
vt 0.5313 1.0000
vt 0.5000 1.0000
vt 0.5313 0.0000
vt 0.5625 0.0000
vt 0.5625 1.0000
vt 0.5313 1.0000
vt 0.5625 0.0000
vt 0.5938 0.0000
vt 0.5938 1.0000
vt 0.5625 1.0000
vt 0.5938 0.0000
vt 0.6250 0.0000
vt 0.6250 1.0000
vt 0.5938 1.0000
vt 0.6250 0.0000
vt 0.6563 0.0000
vt 0.6563 1.0000
vt 0.6250 1.0000
vt 0.6563 0.0000
vt 0.6875 0.0000
vt 0.6875 1.0000
vt 0.6563 1.0000
vt 0.6875 0.0000
vt 0.7188 0.0000
vt 0.7188 1.0000
vt 0.6875 1.0000
vt 0.7188 0.0000
vt 0.7500 0.0000
vt 0.7500 1.0000
vt 0.7188 1.0000
vt 0.7500 0.0000
vt 0.7813 0.0000
vt 0.7813 1.0000
vt 0.7500 1.0000
vt 0.7813 0.0000
vt 0.8125 0.0000
vt 0.8125 1.0000
vt 0.7813 1.0000
vt 0.8125 0.0000
vt 0.8438 0.0000
vt 0.8438 1.0000
vt 0.8125 1.0000
vt 0.8438 0.0000
vt 0.8750 0.0000
vt 0.8750 1.0000
vt 0.8438 1.0000
vt 0.8750 0.0000
vt 0.9063 0.0000
vt 0.9063 1.0000
vt 0.8750 1.0000
vt 0.9063 0.0000
vt 0.9375 0.0000
vt 0.9375 1.0000
vt 0.9063 1.0000
vt 0.9375 0.0000
vt 0.9688 0.0000
vt 0.9688 1.0000
vt 0.9375 1.0000
vt 0.9688 0.0000
vt 1.0000 0.0000
vt 1.0000 1.0000
vt 0.9688 1.0000
vt 0.0000 0.0000
vt 0.0313 0.0000
vt 0.0313 1.0000
vt 0.0000 1.0000
vt 0.0313 0.0000
vt 0.0625 0.0000
vt 0.0625 1.0000
vt 0.0313 1.0000
vt 0.0625 0.0000
vt 0.0938 0.0000
vt 0.0938 1.0000
vt 0.0625 1.0000
vt 0.0938 0.0000
vt 0.1250 0.0000
vt 0.1250 1.0000
vt 0.0938 1.0000
vt 0.1250 0.0000
vt 0.1563 0.0000
vt 0.1563 1.0000
vt 0.1250 1.0000
vt 0.1563 0.0000
vt 0.1875 0.0000
vt 0.1875 1.0000
vt 0.1563 1.0000
vt 0.1875 0.0000
vt 0.2188 0.0000
vt 0.2188 1.0000
vt 0.1875 1.0000
vt 0.2188 0.0000
vt 0.2500 0.0000
vt 0.2500 1.0000
vt 0.2188 1.0000
vt 0.2500 0.0000
vt 0.2813 0.0000
vt 0.2813 1.0000
vt 0.2500 1.0000
vt 0.2813 0.0000
vt 0.3125 0.0000
vt 0.3125 1.0000
vt 0.2813 1.0000
vt 0.3125 0.0000
vt 0.3438 0.0000
vt 0.3438 1.0000
vt 0.3125 1.0000
vt 0.3438 0.0000
vt 0.3750 0.0000
vt 0.3750 1.0000
vt 0.3438 1.0000
vt 0.3750 0.0000
vt 0.4063 0.0000
vt 0.4063 1.0000
vt 0.3750 1.0000
vt 0.4063 0.0000
vt 0.4375 0.0000
vt 0.4375 1.0000
vt 0.4063 1.0000
vt 0.4375 0.0000
vt 0.4688 0.0000
vt 0.4688 1.0000
vt 0.4375 1.0000
vt 0.4688 0.0000
vt 0.5000 0.0000
vt 0.5000 1.0000
vt 0.4688 1.0000
vt 0.5000 0.0000
vt 0.5313 0.0000
vt 0.5313 1.0000
vt 0.5000 1.0000
vt 0.5313 0.0000
vt 0.5625 0.0000
vt 0.5625 1.0000
vt 0.5313 1.0000
vt 0.5625 0.0000
vt 0.5938 0.0000
vt 0.5938 1.0000
vt 0.5625 1.0000
vt 0.5938 0.0000
vt 0.6250 0.0000
vt 0.6250 1.0000
vt 0.5938 1.0000
vt 0.6250 0.0000
vt 0.6563 0.0000
vt 0.6563 1.0000
vt 0.6250 1.0000
vt 0.6563 0.0000
vt 0.6875 0.0000
vt 0.6875 1.0000
vt 0.6563 1.0000
vt 0.6875 0.0000
vt 0.7188 0.0000
vt 0.7188 1.0000
vt 0.6875 1.0000
vt 0.7188 0.0000
vt 0.7500 0.0000
vt 0.7500 1.0000
vt 0.7188 1.0000
vt 0.7500 0.0000
vt 0.7813 0.0000
vt 0.7813 1.0000
vt 0.7500 1.0000
vt 0.7813 0.0000
vt 0.8125 0.0000
vt 0.8125 1.0000
vt 0.7813 1.0000
vt 0.8125 0.0000
vt 0.8438 0.0000
vt 0.8438 1.0000
vt 0.8125 1.0000
vt 0.8438 0.0000
vt 0.8750 0.0000
vt 0.8750 1.0000
vt 0.8438 1.0000
vt 0.8750 0.0000
vt 0.9063 0.0000
vt 0.9063 1.0000
vt 0.8750 1.0000
vt 0.9063 0.0000
vt 0.9375 0.0000
vt 0.9375 1.0000
vt 0.9063 1.0000
vt 0.9375 0.0000
vt 0.9688 0.0000
vt 0.9688 1.0000
vt 0.9375 1.0000
vt 0.9688 0.0000
vt 1.0000 0.0000
vt 1.0000 1.0000
vt 0.9688 1.0000
vt 0.0000 0.0000
vt 1.0000 1.0000
vt 1.0000 1.0000
vt 0.0000 0.0000
vt 0.0000 0.0000
vt 1.0000 1.0000
vt 1.0000 1.0000
vt 0.0000 0.0000
vt 0.0000 0.0000
vt 1.0000 1.0000
vt 1.0000 1.0000
vt 0.0000 0.0000
vt 0.0000 0.0000
vt 1.0000 1.0000
vt 1.0000 1.0000
vt 0.0000 0.0000
vt 0.0000 0.0000
vt 1.0000 1.0000
vt 1.0000 1.0000
vt 0.0000 0.0000
vt 0.0000 0.0000
vt 1.0000 1.0000
vt 1.0000 1.0000
vt 0.0000 0.0000
vt 0.0000 0.0000
vt 1.0000 1.0000
vt 1.0000 1.0000
vt 0.0000 0.0000
vt 0.0000 0.0000
vt 1.0000 1.0000
vt 1.0000 1.0000
vt 0.0000 0.0000
vt 0.0000 0.0000
vt 1.0000 1.0000
vt 1.0000 1.0000
vt 0.0000 0.0000
vt 0.0000 0.0000
vt 1.0000 1.0000
vt 1.0000 1.0000
vt 0.0000 0.0000
vt 0.0000 0.0000
vt 1.0000 1.0000
vt 1.0000 1.0000
vt 0.0000 0.0000
vt 0.0000 0.0000
vt 1.0000 1.0000
vt 1.0000 1.0000
vt 0.0000 0.0000
vt 0.0000 0.0000
vt 1.0000 1.0000
vt 1.0000 1.0000
vt 0.0000 0.0000
vt 0.0000 0.0000
vt 1.0000 1.0000
vt 1.0000 1.0000
vt 0.0000 0.0000
vt 0.0000 0.0000
vt 1.0000 1.0000
vt 1.0000 1.0000
vt 0.0000 0.0000
vt 0.0000 0.0000
vt 1.0000 1.0000
vt 1.0000 1.0000
vt 0.0000 0.0000
vt 0.0000 0.0000
vt 1.0000 1.0000
vt 1.0000 1.0000
vt 0.0000 0.0000
vt 0.0000 0.0000
vt 1.0000 1.0000
vt 1.0000 1.0000
vt 0.0000 0.0000
vt 0.0000 0.0000
vt 1.0000 1.0000
vt 1.0000 1.0000
vt 0.0000 0.0000
vt 0.0000 0.0000
vt 1.0000 1.0000
vt 1.0000 1.0000
vt 0.0000 0.0000
vt 0.0000 0.0000
vt 1.0000 1.0000
vt 1.0000 1.0000
vt 0.0000 0.0000
vt 0.0000 0.0000
vt 1.0000 1.0000
vt 1.0000 1.0000
vt 0.0000 0.0000
vt 0.0000 0.0000
vt 1.0000 1.0000
vt 1.0000 1.0000
vt 0.0000 0.0000
vt 0.0000 0.0000
vt 1.0000 1.0000
vt 1.0000 1.0000
vt 0.0000 0.0000
vt 0.0000 0.0000
vt 0.0000 0.0000
vt 0.0000 1.0000
vt 0.0000 1.0000
vt 0.0625 0.0000
vt 0.0625 0.0000
vt 0.0625 1.0000
vt 0.0625 1.0000
vt 0.1250 0.0000
vt 0.1250 0.0000
vt 0.1250 1.0000
vt 0.1250 1.0000
vt 0.1875 0.0000
vt 0.1875 0.0000
vt 0.1875 1.0000
vt 0.1875 1.0000
vt 0.2500 0.0000
vt 0.2500 0.0000
vt 0.2500 1.0000
vt 0.2500 1.0000
vt 0.3125 0.0000
vt 0.3125 0.0000
vt 0.3125 1.0000
vt 0.3125 1.0000
vt 0.3750 0.0000
vt 0.3750 0.0000
vt 0.3750 1.0000
vt 0.3750 1.0000
vt 0.4375 0.0000
vt 0.4375 0.0000
vt 0.4375 1.0000
vt 0.4375 1.0000
vt 0.5000 0.0000
vt 0.5000 0.0000
vt 0.5000 1.0000
vt 0.5000 1.0000
vt 0.5625 0.0000
vt 0.5625 0.0000
vt 0.5625 1.0000
vt 0.5625 1.0000
vt 0.6250 0.0000
vt 0.6250 0.0000
vt 0.6250 1.0000
vt 0.6250 1.0000
vt 0.6875 0.0000
vt 0.6875 0.0000
vt 0.6875 1.0000
vt 0.6875 1.0000
vt 0.7500 0.0000
vt 0.7500 0.0000
vt 0.7500 1.0000
vt 0.7500 1.0000
vt 0.8125 0.0000
vt 0.8125 0.0000
vt 0.8125 1.0000
vt 0.8125 1.0000
vt 0.8750 0.0000
vt 0.8750 0.0000
vt 0.8750 1.0000
vt 0.8750 1.0000
vt 0.9375 0.0000
vt 0.9375 0.0000
vt 0.9375 1.0000
vt 0.9375 1.0000
vt 1.0000 0.0000
vt 1.0000 0.0000
vt 1.0000 1.0000
vt 1.0000 1.0000
vt 0.0000 0.0000
vt 1.0000 0.0000
vt 1.0000 1.0000
vt 0.0000 1.0000
vt 0.0000 0.0000
vt 1.0000 0.0000
vt 1.0000 1.0000
vt 0.0000 1.0000
vt 0.0000 0.0000
vt 1.0000 0.0000
vt 1.0000 1.0000
vt 0.0000 1.0000
vt 0.0000 0.0000
vt 1.0000 0.0000
vt 1.0000 1.0000
vt 0.0000 1.0000
vt 0.0000 0.0000
vt 1.0000 0.0000
vt 1.0000 1.0000
vt 0.0000 1.0000
vt 0.0000 0.0000
vt 1.0000 0.0000
vt 1.0000 1.0000
vt 0.0000 1.0000
vt 0.0000 0.0000
vt 1.0000 0.0000
vt 1.0000 1.0000
vt 0.0000 1.0000
vt 0.0000 0.0000
vt 1.0000 0.0000
vt 1.0000 1.0000
vt 0.0000 1.0000
vt 0.0000 0.0000
vt 1.0000 0.0000
vt 1.0000 1.0000
vt 0.0000 1.0000
vt 0.0000 0.0000
vt 1.0000 0.0000
vt 1.0000 1.0000
vt 0.0000 1.0000
vt 0.0000 0.0000
vt 1.0000 0.0000
vt 1.0000 1.0000
vt 0.0000 1.0000
vt 0.0000 0.0000
vt 1.0000 0.0000
vt 1.0000 1.0000
vt 0.0000 1.0000
vt 0.0000 0.0000
vt 1.0000 0.0000
vt 1.0000 1.0000
vt 0.0000 1.0000
vt 0.0000 0.0000
vt 1.0000 0.0000
vt 1.0000 1.0000
vt 0.0000 1.0000
vt 0.0000 0.0000
vt 1.0000 0.0000
vt 1.0000 1.0000
vt 0.0000 1.0000
vt 0.0000 0.0000
vt 1.0000 0.0000
vt 1.0000 1.0000
vt 0.0000 1.0000
vt 0.0000 0.0000
vt 1.0000 0.0000
vt 1.0000 1.0000
vt 0.0000 1.0000
vt 0.0000 0.0000
vt 1.0000 0.0000
vt 1.0000 1.0000
vt 0.0000 1.0000
vt 0.0000 0.0000
vt 1.0000 0.0000
vt 1.0000 1.0000
vt 0.0000 1.0000
vt 0.0000 0.0000
vt 1.0000 0.0000
vt 1.0000 1.0000
vt 0.0000 1.0000
vt 0.0000 0.0000
vt 1.0000 0.0000
vt 1.0000 1.0000
vt 0.0000 1.0000
vt 0.0000 0.0000
vt 1.0000 0.0000
vt 1.0000 1.0000
vt 0.0000 1.0000
vt 0.0000 0.0000
vt 1.0000 0.0000
vt 1.0000 1.0000
vt 0.0000 1.0000
vt 0.0000 0.0000
vt 1.0000 0.0000
vt 1.0000 1.0000
vt 0.0000 1.0000
vt 0.0000 0.0000
vt 1.0000 0.0000
vt 1.0000 1.0000
vt 0.0000 1.0000
vt 0.0000 0.0000
vt 1.0000 0.0000
vt 1.0000 1.0000
vt 0.0000 1.0000
vt 0.0000 0.0000
vt 1.0000 0.0000
vt 1.0000 1.0000
vt 0.0000 1.0000
vt 0.0000 0.0000
vt 1.0000 0.0000
vt 1.0000 1.0000
vt 0.0000 1.0000
vt 0.0000 0.0000
vt 1.0000 0.0000
vt 1.0000 1.0000
vt 0.0000 1.0000
vt 0.0000 0.0000
vt 1.0000 0.0000
vt 1.0000 1.0000
vt 0.0000 1.0000
vt 0.0000 0.0000
vt 1.0000 0.0000
vt 1.0000 1.0000
vt 0.0000 1.0000
vt 0.0000 0.0000
vt 1.0000 0.0000
vt 1.0000 1.0000
vt 0.0000 1.0000
vt 0.0000 0.0000
vt 1.0000 0.0000
vt 1.0000 1.0000
vt 0.0000 1.0000
vt 0.0000 0.0000
vt 1.0000 0.0000
vt 1.0000 1.0000
vt 0.0000 1.0000
vt 0.0000 0.0000
vt 1.0000 0.0000
vt 1.0000 1.0000
vt 0.0000 1.0000
vt 0.0000 0.0000
vt 1.0000 0.0000
vt 1.0000 1.0000
vt 0.0000 1.0000
vt 0.0000 0.0000
vt 1.0000 0.0000
vt 1.0000 1.0000
vt 0.0000 1.0000
vt 0.0000 0.0000
vt 1.0000 0.0000
vt 1.0000 1.0000
vt 0.0000 1.0000
vt 0.0000 0.0000
vt 1.0000 0.0000
vt 1.0000 1.0000
vt 0.0000 1.0000
vt 0.0000 0.0000
vt 1.0000 0.0000
vt 1.0000 1.0000
vt 0.0000 1.0000
vt 0.0000 0.0000
vt 1.0000 0.0000
vt 1.0000 1.0000
vt 0.0000 1.0000
vt 0.0000 0.0000
vt 1.0000 0.0000
vt 1.0000 1.0000
vt 0.0000 1.0000
vt 0.0000 0.0000
vt 1.0000 0.0000
vt 1.0000 1.0000
vt 0.0000 1.0000
vt 0.0000 0.0000
vt 1.0000 0.0000
vt 1.0000 1.0000
vt 0.0000 1.0000
vt 0.0000 0.0000
vt 1.0000 0.0000
vt 1.0000 1.0000
vt 0.0000 1.0000
vt 0.0000 0.0000
vt 1.0000 0.0000
vt 1.0000 1.0000
vt 0.0000 1.0000
vt 0.0000 0.0000
vt 1.0000 0.0000
vt 1.0000 1.0000
vt 0.0000 1.0000
vt 0.0000 0.0000
vt 1.0000 0.0000
vt 1.0000 1.0000
vt 0.0000 1.0000
vt 0.0000 0.0000
vt 1.0000 0.0000
vt 1.0000 1.0000
vt 0.0000 1.0000
vt 0.0000 0.0000
vt 1.0000 0.0000
vt 1.0000 1.0000
vt 0.0000 1.0000
vt 0.0000 0.0000
vt 1.0000 0.0000
vt 1.0000 1.0000
vt 0.0000 1.0000
vt 0.0000 0.0000
vt 1.0000 0.0000
vt 1.0000 1.0000
vt 0.0000 1.0000
vt 0.0000 0.0000
vt 1.0000 0.0000
vt 1.0000 1.0000
vt 0.0000 1.0000
vt 0.0000 0.0000
vt 1.0000 0.0000
vt 1.0000 1.0000
vt 0.0000 1.0000
vt 0.0000 0.0000
vt 1.0000 0.0000
vt 1.0000 1.0000
vt 0.0000 1.0000
vt 0.0000 0.0000
vt 1.0000 0.0000
vt 1.0000 1.0000
vt 0.0000 1.0000
vt 0.0000 0.0000
vt 1.0000 0.0000
vt 1.0000 1.0000
vt 0.0000 1.0000
vt 0.0000 0.0000
vt 1.0000 0.0000
vt 1.0000 1.0000
vt 0.0000 1.0000
vt 0.0000 0.0000
vt 1.0000 0.0000
vt 1.0000 1.0000
vt 0.0000 1.0000
vt 0.0000 0.0000
vt 1.0000 0.0000
vt 1.0000 1.0000
vt 0.0000 1.0000
vt 0.0000 0.0000
vt 1.0000 0.0000
vt 1.0000 1.0000
vt 0.0000 1.0000
vt 0.0000 0.0000
vt 1.0000 0.0000
vt 1.0000 1.0000
vt 0.0000 1.0000
vt 0.0000 0.0000
vt 1.0000 0.0000
vt 1.0000 1.0000
vt 0.0000 1.0000
vt 0.0000 0.0000
vt 1.0000 0.0000
vt 1.0000 1.0000
vt 0.0000 1.0000
vt 0.0000 0.0000
vt 1.0000 0.0000
vt 1.0000 1.0000
vt 0.0000 1.0000
vt 0.0000 0.0000
vt 1.0000 0.0000
vt 1.0000 1.0000
vt 0.0000 1.0000
vt 0.0000 0.0000
vt 1.0000 0.0000
vt 1.0000 1.0000
vt 0.0000 1.0000
vt 0.0000 0.0000
vt 1.0000 0.0000
vt 1.0000 1.0000
vt 0.0000 1.0000
vt 0.0000 0.0000
vt 1.0000 0.0000
vt 1.0000 1.0000
vt 0.0000 1.0000
vt 0.0000 0.0000
vt 1.0000 0.0000
vt 1.0000 1.0000
vt 0.0000 1.0000
vt 0.0000 0.0000
vt 1.0000 0.0000
vt 1.0000 1.0000
vt 0.0000 1.0000
vt 0.0000 0.0000
vt 1.0000 0.0000
vt 1.0000 1.0000
vt 0.0000 1.0000
vt 0.0000 0.0000
vt 1.0000 0.0000
vt 1.0000 1.0000
vt 0.0000 1.0000
vt 0.0000 0.0000
vt 1.0000 0.0000
vt 1.0000 1.0000
vt 0.0000 1.0000
vt 0.0000 0.0000
vt 1.0000 0.0000
vt 1.0000 1.0000
vt 0.0000 1.0000
vt 0.0000 0.0000
vt 1.0000 0.0000
vt 1.0000 1.0000
vt 0.0000 1.0000
vt 0.0000 0.0000
vt 1.0000 0.0000
vt 1.0000 1.0000
vt 0.0000 1.0000
vt 0.0000 0.0000
vt 1.0000 0.0000
vt 1.0000 1.0000
vt 0.0000 1.0000
vt 0.0000 0.0000
vt 1.0000 0.0000
vt 1.0000 1.0000
vt 0.0000 1.0000
vt 0.0000 0.0000
vt 1.0000 0.0000
vt 1.0000 1.0000
vt 0.0000 1.0000
vt 0.0000 0.0000
vt 1.0000 0.0000
vt 1.0000 1.0000
vt 0.0000 1.0000
vt 0.0000 0.0000
vt 1.0000 0.0000
vt 1.0000 1.0000
vt 0.0000 1.0000
vt 0.0000 0.0000
vt 1.0000 0.0000
vt 1.0000 1.0000
vt 0.0000 1.0000
vt 0.0000 0.0000
vt 1.0000 0.0000
vt 1.0000 1.0000
vt 0.0000 1.0000
vt 0.0000 0.0000
vt 1.0000 0.0000
vt 1.0000 1.0000
vt 0.0000 1.0000
vt 0.0000 0.0000
vt 1.0000 0.0000
vt 1.0000 1.0000
vt 0.0000 1.0000
vt 0.0000 0.0000
vt 1.0000 0.0000
vt 1.0000 1.0000
vt 0.0000 1.0000
vt 0.0000 0.0000
vt 1.0000 0.0000
vt 1.0000 1.0000
vt 0.0000 1.0000
vt 0.0000 0.0000
vt 1.0000 0.0000
vt 1.0000 1.0000
vt 0.0000 1.0000
vt 0.0000 0.0000
vt 1.0000 0.0000
vt 1.0000 1.0000
vt 0.0000 1.0000
vt 0.0000 0.0000
vt 1.0000 0.0000
vt 1.0000 1.0000
vt 0.0000 1.0000
vt 0.0000 0.0000
vt 1.0000 0.0000
vt 1.0000 1.0000
vt 0.0000 1.0000
vt 0.0000 0.0000
vt 1.0000 0.0000
vt 1.0000 1.0000
vt 0.0000 1.0000
vt 0.0000 0.0000
vt 1.0000 0.0000
vt 1.0000 1.0000
vt 0.0000 1.0000
vt 0.0000 0.0000
vt 1.0000 0.0000
vt 1.0000 1.0000
vt 0.0000 1.0000
vt 0.0000 0.0000
vt 1.0000 0.0000
vt 1.0000 1.0000
vt 0.0000 1.0000
vt 0.0000 0.0000
vt 1.0000 0.0000
vt 1.0000 1.0000
vt 0.0000 1.0000
vt 0.0000 0.0000
vt 1.0000 0.0000
vt 1.0000 1.0000
vt 0.0000 1.0000
vt 0.0000 0.0000
vt 1.0000 0.0000
vt 1.0000 1.0000
vt 0.0000 1.0000
vt 0.0000 0.0000
vt 1.0000 0.0000
vt 1.0000 1.0000
vt 0.0000 1.0000
vt 0.0000 0.0000
vt 1.0000 0.0000
vt 1.0000 1.0000
vt 0.0000 1.0000
vt 0.0000 0.0000
vt 1.0000 0.0000
vt 1.0000 1.0000
vt 0.0000 1.0000
vt 0.0000 0.0000
vt 1.0000 0.0000
vt 1.0000 1.0000
vt 0.0000 1.0000
vt 0.0000 0.0000
vt 1.0000 0.0000
vt 1.0000 1.0000
vt 0.0000 1.0000
vt 0.0000 0.0000
vt 1.0000 0.0000
vt 1.0000 1.0000
vt 0.0000 1.0000
vt 0.0000 0.0000
vt 1.0000 0.0000
vt 1.0000 1.0000
vt 0.0000 1.0000
vt 0.0000 0.0000
vt 1.0000 0.0000
vt 1.0000 1.0000
vt 0.0000 1.0000
vt 0.0000 0.0000
vt 1.0000 0.0000
vt 1.0000 1.0000
vt 0.0000 1.0000
vt 0.5000 0.5000
vt 0.5000 0.5000
vt 0.5000 1.0000
vt 0.5000 1.0000
vt 0.6913 0.9619
vt 0.6913 0.9619
vt 0.8536 0.8536
vt 0.8536 0.8536
vt 0.9619 0.6913
vt 0.9619 0.6913
vt 1.0000 0.5000
vt 1.0000 0.5000
vt 0.9619 0.3087
vt 0.9619 0.3087
vt 0.8536 0.1464
vt 0.8536 0.1464
vt 0.6913 0.0381
vt 0.6913 0.0381
vt 0.5000 0.0000
vt 0.5000 0.0000
vt 0.3087 0.0381
vt 0.3087 0.0381
vt 0.1464 0.1464
vt 0.1464 0.1464
vt 0.0381 0.3087
vt 0.0381 0.3087
vt 0.0000 0.5000
vt 0.0000 0.5000
vt 0.0381 0.6913
vt 0.0381 0.6913
vt 0.1464 0.8536
vt 0.1464 0.8536
vt 0.3087 0.9619
vt 0.3087 0.9619
vt 0.5000 0.5000
vt 0.5000 0.5000
vt 0.5000 1.0000
vt 0.5000 1.0000
vt 0.6913 0.9619
vt 0.6913 0.9619
vt 0.8536 0.8536
vt 0.8536 0.8536
vt 0.9619 0.6913
vt 0.9619 0.6913
vt 1.0000 0.5000
vt 1.0000 0.5000
vt 0.9619 0.3087
vt 0.9619 0.3087
vt 0.8536 0.1464
vt 0.8536 0.1464
vt 0.6913 0.0381
vt 0.6913 0.0381
vt 0.5000 0.0000
vt 0.5000 0.0000
vt 0.3087 0.0381
vt 0.3087 0.0381
vt 0.1464 0.1464
vt 0.1464 0.1464
vt 0.0381 0.3087
vt 0.0381 0.3087
vt 0.0000 0.5000
vt 0.0000 0.5000
vt 0.0381 0.6913
vt 0.0381 0.6913
vt 0.1464 0.8536
vt 0.1464 0.8536
vt 0.3087 0.9619
vt 0.3087 0.9619
vt 0.5000 0.5000
vt 0.5000 0.5000
vt 0.5000 1.0000
vt 0.5000 1.0000
vt 0.6913 0.9619
vt 0.6913 0.9619
vt 0.8536 0.8536
vt 0.8536 0.8536
vt 0.9619 0.6913
vt 0.9619 0.6913
vt 1.0000 0.5000
vt 1.0000 0.5000
vt 0.9619 0.3087
vt 0.9619 0.3087
vt 0.8536 0.1464
vt 0.8536 0.1464
vt 0.6913 0.0381
vt 0.6913 0.0381
vt 0.5000 0.0000
vt 0.5000 0.0000
vt 0.3087 0.0381
vt 0.3087 0.0381
vt 0.1464 0.1464
vt 0.1464 0.1464
vt 0.0381 0.3087
vt 0.0381 0.3087
vt 0.0000 0.5000
vt 0.0000 0.5000
vt 0.0381 0.6913
vt 0.0381 0.6913
vt 0.1464 0.8536
vt 0.1464 0.8536
vt 0.3087 0.9619
vt 0.3087 0.9619
vt 0.0000 0.0000
vt 1.0000 0.0000
vt 0.0000 1.0000
vt 1.0000 1.0000
vt 0.0000 0.0000
vt 1.0000 0.0000
vt 0.0000 1.0000
vt 1.0000 1.0000
vt 0.0000 0.0000
vt 1.0000 0.0000
vt 0.0000 1.0000
vt 1.0000 1.0000
vt 0.0000 0.0000
vt 1.0000 0.0000
vt 0.0000 1.0000
vt 1.0000 1.0000
vt 0.0000 0.0000
vt 1.0000 0.0000
vt 0.0000 1.0000
vt 1.0000 1.0000
vt 0.0000 0.0000
vt 1.0000 0.0000
vt 0.0000 1.0000
vt 1.0000 1.0000
vt 0.0000 0.0000
vt 1.0000 0.0000
vt 0.0000 1.0000
vt 1.0000 1.0000
vt 0.0000 0.0000
vt 1.0000 0.0000
vt 0.0000 1.0000
vt 1.0000 1.0000
vt 0.0000 0.0000
vt 1.0000 0.0000
vt 0.0000 1.0000
vt 1.0000 1.0000
vt 0.0000 0.0000
vt 1.0000 0.0000
vt 0.0000 1.0000
vt 1.0000 1.0000
vt 0.0000 0.0000
vt 1.0000 0.0000
vt 0.0000 1.0000
vt 1.0000 1.0000
vt 0.0000 0.0000
vt 1.0000 0.0000
vt 0.0000 1.0000
vt 1.0000 1.0000
vt 0.0000 0.0000
vt 1.0000 0.0000
vt 0.0000 1.0000
vt 1.0000 1.0000
vt 0.0000 0.0000
vt 1.0000 0.0000
vt 0.0000 1.0000
vt 1.0000 1.0000
vt 0.0000 0.0000
vt 1.0000 0.0000
vt 0.0000 1.0000
vt 1.0000 1.0000
vt 0.0000 0.0000
vt 1.0000 0.0000
vt 0.0000 1.0000
vt 1.0000 1.0000
vt 0.0000 0.0000
vt 1.0000 0.0000
vt 1.0000 1.0000
vt 0.0000 1.0000
vt 0.0000 0.0000
vt 1.0000 0.0000
vt 1.0000 1.0000
vt 0.0000 1.0000
vt 0.0000 0.0000
vt 1.0000 0.0000
vt 1.0000 1.0000
vt 0.0000 1.0000
vt 0.0000 0.0000
vt 1.0000 0.0000
vt 1.0000 1.0000
vt 0.0000 1.0000
vt 0.0000 0.0000
vt 1.0000 0.0000
vt 1.0000 1.0000
vt 0.0000 1.0000
vt 0.0000 0.0000
vt 1.0000 0.0000
vt 1.0000 1.0000
vt 0.0000 1.0000
vt 0.0000 0.0000
vt 1.0000 0.0000
vt 1.0000 1.0000
vt 0.0000 1.0000
vt 0.0000 0.0000
vt 1.0000 0.0000
vt 1.0000 1.0000
vt 0.0000 1.0000
vt 0.0000 0.0000
vt 1.0000 0.0000
vt 1.0000 1.0000
vt 0.0000 1.0000
vt 0.0000 0.0000
vt 1.0000 0.0000
vt 1.0000 1.0000
vt 0.0000 1.0000
vt 0.0000 0.0000
vt 1.0000 0.0000
vt 1.0000 1.0000
vt 0.0000 1.0000
vt 0.0000 0.0000
vt 1.0000 0.0000
vt 1.0000 1.0000
vt 0.0000 1.0000
vt 0.0000 0.0000
vt 1.0000 0.0000
vt 1.0000 1.0000
vt 0.0000 1.0000
vt 0.0000 0.0000
vt 1.0000 0.0000
vt 1.0000 1.0000
vt 0.0000 1.0000
vt 0.0000 0.0000
vt 1.0000 0.0000
vt 1.0000 1.0000
vt 0.0000 1.0000
vt 0.0000 0.0000
vt 1.0000 0.0000
vt 1.0000 1.0000
vt 0.0000 1.0000
vt 0.0000 0.0000
vt 1.0000 0.0000
vt 1.0000 1.0000
vt 0.0000 1.0000
vt 0.0000 0.0000
vt 1.0000 0.0000
vt 1.0000 1.0000
vt 0.0000 1.0000
vt 0.0000 0.0000
vt 1.0000 0.0000
vt 1.0000 1.0000
vt 0.0000 1.0000
vt 0.0000 0.0000
vt 1.0000 0.0000
vt 1.0000 1.0000
vt 0.0000 1.0000
vt 0.0000 0.0000
vt 1.0000 0.0000
vt 1.0000 1.0000
vt 0.0000 1.0000
vt 0.0000 0.0000
vt 1.0000 0.0000
vt 1.0000 1.0000
vt 0.0000 1.0000
vt 0.0000 0.0000
vt 1.0000 0.0000
vt 1.0000 1.0000
vt 0.0000 1.0000
vt 0.0000 0.0000
vt 1.0000 0.0000
vt 1.0000 1.0000
vt 0.0000 1.0000
vt 0.0000 0.0000
vt 1.0000 0.0000
vt 1.0000 1.0000
vt 0.0000 1.0000
vt 0.0000 0.0000
vt 1.0000 0.0000
vt 1.0000 1.0000
vt 0.0000 1.0000
vt 0.0000 0.0000
vt 1.0000 0.0000
vt 1.0000 1.0000
vt 0.0000 1.0000
vt 0.0000 0.0000
vt 1.0000 0.0000
vt 1.0000 1.0000
vt 0.0000 1.0000
vt 0.0000 0.0000
vt 1.0000 0.0000
vt 1.0000 1.0000
vt 0.0000 1.0000
vt 0.0000 0.0000
vt 1.0000 0.0000
vt 1.0000 1.0000
vt 0.0000 1.0000
vt 0.0000 0.0000
vt 1.0000 0.0000
vt 1.0000 1.0000
vt 0.0000 1.0000
vt 0.0000 0.0000
vt 1.0000 0.0000
vt 1.0000 1.0000
vt 0.0000 1.0000
vt 0.0000 0.0000
vt 1.0000 0.0000
vt 1.0000 1.0000
vt 0.0000 1.0000
vt 0.0000 0.0000
vt 1.0000 0.0000
vt 1.0000 1.0000
vt 0.0000 1.0000
vt 0.0000 0.0000
vt 1.0000 0.0000
vt 1.0000 1.0000
vt 0.0000 1.0000
vt 0.0000 0.0000
vt 1.0000 0.0000
vt 1.0000 1.0000
vt 0.0000 1.0000
vt 0.0000 0.0000
vt 1.0000 0.0000
vt 1.0000 1.0000
vt 0.0000 1.0000
vt 0.0000 0.0000
vt 1.0000 0.0000
vt 1.0000 1.0000
vt 0.0000 1.0000
vt 0.0000 0.0000
vt 1.0000 0.0000
vt 1.0000 1.0000
vt 0.0000 1.0000
vt 0.0000 0.0000
vt 1.0000 0.0000
vt 1.0000 1.0000
vt 0.0000 1.0000
vt 0.0000 0.0000
vt 1.0000 0.0000
vt 1.0000 1.0000
vt 0.0000 1.0000
vt 0.0000 0.0000
vt 1.0000 0.0000
vt 1.0000 1.0000
vt 0.0000 1.0000
vt 0.0000 0.0000
vt 1.0000 0.0000
vt 1.0000 1.0000
vt 0.0000 1.0000
vt 0.0000 0.0000
vt 1.0000 0.0000
vt 1.0000 1.0000
vt 0.0000 1.0000
vt 0.0000 0.0000
vt 1.0000 0.0000
vt 1.0000 1.0000
vt 0.0000 1.0000
vt 0.0000 0.0000
vt 1.0000 0.0000
vt 1.0000 1.0000
vt 0.0000 1.0000
vt 0.0000 0.0000
vt 1.0000 0.0000
vt 1.0000 1.0000
vt 0.0000 1.0000
vt 0.0000 0.0000
vt 1.0000 0.0000
vt 1.0000 1.0000
vt 0.0000 1.0000
vt 0.0000 0.0000
vt 1.0000 0.0000
vt 1.0000 1.0000
vt 0.0000 1.0000
vt 0.0000 0.0000
vt 1.0000 0.0000
vt 1.0000 1.0000
vt 0.0000 1.0000
vt 0.0000 0.0000
vt 1.0000 0.0000
vt 1.0000 1.0000
vt 0.0000 1.0000
vt 0.0000 0.0000
vt 1.0000 0.0000
vt 1.0000 1.0000
vt 0.0000 1.0000
vt 0.0000 0.0000
vt 1.0000 0.0000
vt 1.0000 1.0000
vt 0.0000 1.0000
vt 0.0000 0.0000
vt 1.0000 0.0000
vt 1.0000 1.0000
vt 0.0000 1.0000
vt 0.0000 0.0000
vt 1.0000 0.0000
vt 1.0000 1.0000
vt 0.0000 1.0000
vt 0.0000 0.0000
vt 1.0000 0.0000
vt 1.0000 1.0000
vt 0.0000 1.0000
vt 0.0000 0.0000
vt 1.0000 0.0000
vt 1.0000 1.0000
vt 0.0000 1.0000
vt 0.0000 0.0000
vt 1.0000 0.0000
vt 1.0000 1.0000
vt 0.0000 1.0000
vt 0.0000 0.0000
vt 1.0000 0.0000
vt 1.0000 1.0000
vt 0.0000 1.0000
vt 0.0000 0.0000
vt 1.0000 0.0000
vt 1.0000 1.0000
vt 0.0000 1.0000
vt 0.0000 0.0000
vt 1.0000 0.0000
vt 1.0000 1.0000
vt 0.0000 1.0000
vt 0.0000 0.0000
vt 1.0000 0.0000
vt 1.0000 1.0000
vt 0.0000 1.0000
vt 0.0000 0.0000
vt 1.0000 0.0000
vt 1.0000 1.0000
vt 0.0000 1.0000
vt 0.0000 0.0000
vt 1.0000 0.0000
vt 1.0000 1.0000
vt 0.0000 1.0000
vt 0.0000 0.0000
vt 1.0000 0.0000
vt 1.0000 1.0000
vt 0.0000 1.0000
vt 0.0000 0.0000
vt 1.0000 0.0000
vt 1.0000 1.0000
vt 0.0000 1.0000
vt 0.0000 0.0000
vt 1.0000 0.0000
vt 1.0000 1.0000
vt 0.0000 1.0000
vt 0.0000 0.0000
vt 1.0000 0.0000
vt 1.0000 1.0000
vt 0.0000 1.0000
vt 0.0000 0.0000
vt 1.0000 0.0000
vt 1.0000 1.0000
vt 0.0000 1.0000
vt 0.0000 0.0000
vt 1.0000 0.0000
vt 1.0000 1.0000
vt 0.0000 1.0000
vt 0.0000 0.0000
vt 1.0000 0.0000
vt 1.0000 1.0000
vt 0.0000 1.0000
vt 0.0000 0.0000
vt 1.0000 0.0000
vt 1.0000 1.0000
vt 0.0000 1.0000
vt 0.5000 0.5000
vt 0.5000 0.5000
vt 0.5000 1.0000
vt 0.5000 1.0000
vt 0.6913 0.9619
vt 0.6913 0.9619
vt 0.8536 0.8536
vt 0.8536 0.8536
vt 0.9619 0.6913
vt 0.9619 0.6913
vt 1.0000 0.5000
vt 1.0000 0.5000
vt 0.9619 0.3087
vt 0.9619 0.3087
vt 0.8536 0.1464
vt 0.8536 0.1464
vt 0.6913 0.0381
vt 0.6913 0.0381
vt 0.5000 0.0000
vt 0.5000 0.0000
vt 0.3087 0.0381
vt 0.3087 0.0381
vt 0.1464 0.1464
vt 0.1464 0.1464
vt 0.0381 0.3087
vt 0.0381 0.3087
vt 0.0000 0.5000
vt 0.0000 0.5000
vt 0.0381 0.6913
vt 0.0381 0.6913
vt 0.1464 0.8536
vt 0.1464 0.8536
vt 0.3087 0.9619
vt 0.3087 0.9619
vt 0.0000 0.0000
vt 1.0000 0.0000
vt 1.0000 1.0000
vt 0.0000 1.0000
vt 0.0000 0.0000
vt 1.0000 0.0000
vt 1.0000 1.0000
vt 0.0000 1.0000
vt 0.0000 0.0000
vt 1.0000 0.0000
vt 1.0000 1.0000
vt 0.0000 1.0000
vt 0.0000 0.0000
vt 1.0000 0.0000
vt 1.0000 1.0000
vt 0.0000 1.0000
vt 0.0000 0.0000
vt 1.0000 0.0000
vt 1.0000 1.0000
vt 0.0000 1.0000
vt 0.0000 0.0000
vt 1.0000 0.0000
vt 1.0000 1.0000
vt 0.0000 1.0000
vt 0.0000 0.0000
vt 1.0000 0.0000
vt 1.0000 1.0000
vt 0.0000 1.0000
vt 0.0000 0.0000
vt 1.0000 0.0000
vt 1.0000 1.0000
vt 0.0000 1.0000
vt 0.0000 0.0000
vt 1.0000 0.0000
vt 1.0000 1.0000
vt 0.0000 1.0000
vt 0.0000 0.0000
vt 1.0000 0.0000
vt 1.0000 1.0000
vt 0.0000 1.0000
vt 0.0000 0.0000
vt 1.0000 0.0000
vt 1.0000 1.0000
vt 0.0000 1.0000
vt 0.0000 0.0000
vt 1.0000 0.0000
vt 1.0000 1.0000
vt 0.0000 1.0000
vt 0.0000 0.0000
vt 1.0000 0.0000
vt 1.0000 1.0000
vt 0.0000 1.0000
vt 0.0000 0.0000
vt 1.0000 0.0000
vt 1.0000 1.0000
vt 0.0000 1.0000
vt 0.0000 0.0000
vt 1.0000 0.0000
vt 1.0000 1.0000
vt 0.0000 1.0000
vt 0.0000 0.0000
vt 1.0000 0.0000
vt 1.0000 1.0000
vt 0.0000 1.0000
vt 0.0000 0.0000
vt 1.0000 0.0000
vt 1.0000 1.0000
vt 0.0000 1.0000
vt 0.0000 0.0000
vt 1.0000 0.0000
vt 1.0000 1.0000
vt 0.0000 1.0000
vt 0.0000 0.0000
vt 1.0000 0.0000
vt 1.0000 1.0000
vt 0.0000 1.0000
vt 0.0000 0.0000
vt 1.0000 0.0000
vt 1.0000 1.0000
vt 0.0000 1.0000
vt 0.0000 0.0000
vt 1.0000 0.0000
vt 1.0000 1.0000
vt 0.0000 1.0000
vt 0.0000 0.0000
vt 1.0000 0.0000
vt 1.0000 1.0000
vt 0.0000 1.0000
vt 0.0000 0.0000
vt 1.0000 0.0000
vt 1.0000 1.0000
vt 0.0000 1.0000
vt 0.0000 0.0000
vt 1.0000 0.0000
vt 1.0000 1.0000
vt 0.0000 1.0000
vt 0.0000 0.0000
vt 1.0000 0.0000
vt 1.0000 1.0000
vt 0.0000 1.0000
vt 0.0000 0.0000
vt 1.0000 0.0000
vt 1.0000 1.0000
vt 0.0000 1.0000
vt 0.0000 0.0000
vt 1.0000 0.0000
vt 1.0000 1.0000
vt 0.0000 1.0000
vt 0.0000 0.0000
vt 1.0000 0.0000
vt 1.0000 1.0000
vt 0.0000 1.0000
vt 0.0000 0.0000
vt 1.0000 0.0000
vt 1.0000 1.0000
vt 0.0000 1.0000
vt 0.0000 0.0000
vt 1.0000 0.0000
vt 1.0000 1.0000
vt 0.0000 1.0000
vt 0.0000 0.0000
vt 1.0000 0.0000
vt 1.0000 1.0000
vt 0.0000 1.0000
vt 0.0000 0.0000
vt 1.0000 0.0000
vt 1.0000 1.0000
vt 0.0000 1.0000
vt 0.0000 0.0000
vt 1.0000 0.0000
vt 1.0000 1.0000
vt 0.0000 1.0000
vt 0.0000 0.0000
vt 1.0000 0.0000
vt 1.0000 1.0000
vt 0.0000 1.0000
vt 0.0000 0.0000
vt 1.0000 0.0000
vt 1.0000 1.0000
vt 0.0000 1.0000
vt 0.0000 0.0000
vt 1.0000 0.0000
vt 1.0000 1.0000
vt 0.0000 1.0000
vt 0.0000 0.0000
vt 1.0000 0.0000
vt 1.0000 1.0000
vt 0.0000 1.0000
vt 0.0000 0.0000
vt 1.0000 0.0000
vt 1.0000 1.0000
vt 0.0000 1.0000
vt 0.0000 0.0000
vt 1.0000 0.0000
vt 1.0000 1.0000
vt 0.0000 1.0000
vt 0.0000 0.0000
vt 1.0000 0.0000
vt 1.0000 1.0000
vt 0.0000 1.0000
vt 0.0000 0.0000
vt 1.0000 0.0000
vt 1.0000 1.0000
vt 0.0000 1.0000
vt 0.0000 0.0000
vt 1.0000 0.0000
vt 1.0000 1.0000
vt 0.0000 1.0000
vt 0.0000 0.0000
vt 1.0000 0.0000
vt 1.0000 1.0000
vt 0.0000 1.0000
vt 0.0000 0.0000
vt 1.0000 0.0000
vt 1.0000 1.0000
vt 0.0000 1.0000
vt 0.0000 0.0000
vt 1.0000 0.0000
vt 1.0000 1.0000
vt 0.0000 1.0000
vt 0.0000 0.0000
vt 1.0000 0.0000
vt 1.0000 1.0000
vt 0.0000 1.0000
vt 0.0000 0.0000
vt 1.0000 0.0000
vt 1.0000 1.0000
vt 0.0000 1.0000
vt 0.0000 0.0000
vt 1.0000 0.0000
vt 1.0000 1.0000
vt 0.0000 1.0000
vt 0.5000 0.5000
vt 0.5000 0.5000
vt 0.5000 1.0000
vt 0.5000 1.0000
vt 0.7500 0.9330
vt 0.7500 0.9330
vt 0.9330 0.7500
vt 0.9330 0.7500
vt 1.0000 0.5000
vt 1.0000 0.5000
vt 0.9330 0.2500
vt 0.9330 0.2500
vt 0.7500 0.0670
vt 0.7500 0.0670
vt 0.5000 0.0000
vt 0.5000 0.0000
vt 0.2500 0.0670
vt 0.2500 0.0670
vt 0.0670 0.2500
vt 0.0670 0.2500
vt 0.0000 0.5000
vt 0.0000 0.5000
vt 0.0670 0.7500
vt 0.0670 0.7500
vt 0.2500 0.9330
vt 0.2500 0.9330
vt 0.0000 0.0000
vt 1.0000 0.0000
vt 1.0000 1.0000
vt 0.0000 1.0000
vt 0.0000 0.0000
vt 1.0000 0.0000
vt 1.0000 1.0000
vt 0.0000 1.0000
vt 0.0000 0.0000
vt 1.0000 0.0000
vt 1.0000 1.0000
vt 0.0000 1.0000
vt 0.0000 0.0000
vt 1.0000 0.0000
vt 1.0000 1.0000
vt 0.0000 1.0000
vt 0.0000 0.0000
vt 1.0000 0.0000
vt 1.0000 1.0000
vt 0.0000 1.0000
vt 0.0000 0.0000
vt 1.0000 0.0000
vt 1.0000 1.0000
vt 0.0000 1.0000
vt 0.0000 0.0000
vt 1.0000 0.0000
vt 1.0000 1.0000
vt 0.0000 1.0000
vt 0.0000 0.0000
vt 1.0000 0.0000
vt 1.0000 1.0000
vt 0.0000 1.0000
vt 0.0000 0.0000
vt 1.0000 0.0000
vt 1.0000 1.0000
vt 0.0000 1.0000
vt 0.0000 0.0000
vt 1.0000 0.0000
vt 1.0000 1.0000
vt 0.0000 1.0000
vt 0.0000 0.0000
vt 1.0000 0.0000
vt 1.0000 1.0000
vt 0.0000 1.0000
vt 0.0000 0.0000
vt 1.0000 0.0000
vt 1.0000 1.0000
vt 0.0000 1.0000
vt 0.0000 0.0000
vt 1.0000 0.0000
vt 1.0000 1.0000
vt 0.0000 1.0000
vt 0.0000 0.0000
vt 1.0000 0.0000
vt 1.0000 1.0000
vt 0.0000 1.0000
vt 0.0000 0.0000
vt 1.0000 0.0000
vt 1.0000 1.0000
vt 0.0000 1.0000
vt 0.0000 0.0000
vt 1.0000 0.0000
vt 1.0000 1.0000
vt 0.0000 1.0000
vt 0.0000 0.0000
vt 1.0000 0.0000
vt 1.0000 1.0000
vt 0.0000 1.0000
vt 0.0000 0.0000
vt 1.0000 0.0000
vt 1.0000 1.0000
vt 0.0000 1.0000
vt 0.0000 0.0000
vt 1.0000 0.0000
vt 1.0000 1.0000
vt 0.0000 1.0000
vt 0.0000 0.0000
vt 1.0000 0.0000
vt 1.0000 1.0000
vt 0.0000 1.0000
vt 0.0000 0.0000
vt 1.0000 0.0000
vt 1.0000 1.0000
vt 0.0000 1.0000
vt 0.0000 0.0000
vt 1.0000 0.0000
vt 1.0000 1.0000
vt 0.0000 1.0000
vt 0.0000 0.0000
vt 1.0000 0.0000
vt 1.0000 1.0000
vt 0.0000 1.0000
vt 0.0000 0.0000
vt 1.0000 0.0000
vt 1.0000 1.0000
vt 0.0000 1.0000
vt 0.5000 0.5000
vt 0.5000 0.5000
vt 0.5000 1.0000
vt 0.5000 1.0000
vt 0.7500 0.9330
vt 0.7500 0.9330
vt 0.9330 0.7500
vt 0.9330 0.7500
vt 1.0000 0.5000
vt 1.0000 0.5000
vt 0.9330 0.2500
vt 0.9330 0.2500
vt 0.7500 0.0670
vt 0.7500 0.0670
vt 0.5000 0.0000
vt 0.5000 0.0000
vt 0.2500 0.0670
vt 0.2500 0.0670
vt 0.0670 0.2500
vt 0.0670 0.2500
vt 0.0000 0.5000
vt 0.0000 0.5000
vt 0.0670 0.7500
vt 0.0670 0.7500
vt 0.2500 0.9330
vt 0.2500 0.9330
vt 0.0000 0.0000
vt 1.0000 0.0000
vt 1.0000 1.0000
vt 0.0000 1.0000
vt 0.0000 0.0000
vt 1.0000 0.0000
vt 1.0000 1.0000
vt 0.0000 1.0000
vt 0.0000 0.0000
vt 1.0000 0.0000
vt 1.0000 1.0000
vt 0.0000 1.0000
vt 0.0000 0.0000
vt 1.0000 0.0000
vt 1.0000 1.0000
vt 0.0000 1.0000
vt 0.0000 0.0000
vt 1.0000 0.0000
vt 1.0000 1.0000
vt 0.0000 1.0000
vt 0.0000 0.0000
vt 1.0000 0.0000
vt 1.0000 1.0000
vt 0.0000 1.0000
vt 0.0000 0.0000
vt 1.0000 0.0000
vt 1.0000 1.0000
vt 0.0000 1.0000
vt 0.0000 0.0000
vt 1.0000 0.0000
vt 1.0000 1.0000
vt 0.0000 1.0000
vt 0.0000 0.0000
vt 1.0000 0.0000
vt 1.0000 1.0000
vt 0.0000 1.0000
vt 0.0000 0.0000
vt 1.0000 0.0000
vt 1.0000 1.0000
vt 0.0000 1.0000
vt 0.0000 0.0000
vt 1.0000 0.0000
vt 1.0000 1.0000
vt 0.0000 1.0000
vt 0.0000 0.0000
vt 1.0000 0.0000
vt 1.0000 1.0000
vt 0.0000 1.0000
vt 0.0000 0.0000
vt 1.0000 0.0000
vt 1.0000 1.0000
vt 0.0000 1.0000
vt 0.0000 0.0000
vt 1.0000 0.0000
vt 1.0000 1.0000
vt 0.0000 1.0000
vt 0.0000 0.0000
vt 1.0000 0.0000
vt 1.0000 1.0000
vt 0.0000 1.0000
vt 0.0000 0.0000
vt 1.0000 0.0000
vt 1.0000 1.0000
vt 0.0000 1.0000
vt 0.0000 0.0000
vt 1.0000 0.0000
vt 1.0000 1.0000
vt 0.0000 1.0000
vt 0.0000 0.0000
vt 1.0000 0.0000
vt 1.0000 1.0000
vt 0.0000 1.0000
vt 0.0000 0.0000
vt 1.0000 0.0000
vt 1.0000 1.0000
vt 0.0000 1.0000
vt 0.0000 0.0000
vt 1.0000 0.0000
vt 1.0000 1.0000
vt 0.0000 1.0000
vt 0.0000 0.0000
vt 1.0000 0.0000
vt 1.0000 1.0000
vt 0.0000 1.0000
vt 0.0000 0.0000
vt 1.0000 0.0000
vt 1.0000 1.0000
vt 0.0000 1.0000
vt 0.0000 0.0000
vt 1.0000 0.0000
vt 1.0000 1.0000
vt 0.0000 1.0000
vt 0.0000 0.0000
vt 1.0000 0.0000
vt 1.0000 1.0000
vt 0.0000 1.0000
vt 0.0000 0.0000
vt 0.1000 0.0000
vt 0.1000 1.0000
vt 0.0000 1.0000
vt 0.1000 0.0000
vt 0.2000 0.0000
vt 0.2000 1.0000
vt 0.1000 1.0000
vt 0.2000 0.0000
vt 0.3000 0.0000
vt 0.3000 1.0000
vt 0.2000 1.0000
vt 0.3000 0.0000
vt 0.4000 0.0000
vt 0.4000 1.0000
vt 0.3000 1.0000
vt 0.4000 0.0000
vt 0.5000 0.0000
vt 0.5000 1.0000
vt 0.4000 1.0000
vt 0.5000 0.0000
vt 0.6000 0.0000
vt 0.6000 1.0000
vt 0.5000 1.0000
vt 0.6000 0.0000
vt 0.7000 0.0000
vt 0.7000 1.0000
vt 0.6000 1.0000
vt 0.7000 0.0000
vt 0.8000 0.0000
vt 0.8000 1.0000
vt 0.7000 1.0000
vt 0.8000 0.0000
vt 0.9000 0.0000
vt 0.9000 1.0000
vt 0.8000 1.0000
vt 0.9000 0.0000
vt 1.0000 0.0000
vt 1.0000 1.0000
vt 0.9000 1.0000
vt 0.1000 0.0000
vt 0.0000 0.0000
vt 0.0000 1.0000
vt 0.1000 1.0000
vt 0.2000 0.0000
vt 0.1000 0.0000
vt 0.1000 1.0000
vt 0.2000 1.0000
vt 0.3000 0.0000
vt 0.2000 0.0000
vt 0.2000 1.0000
vt 0.3000 1.0000
vt 0.4000 0.0000
vt 0.3000 0.0000
vt 0.3000 1.0000
vt 0.4000 1.0000
vt 0.5000 0.0000
vt 0.4000 0.0000
vt 0.4000 1.0000
vt 0.5000 1.0000
vt 0.6000 0.0000
vt 0.5000 0.0000
vt 0.5000 1.0000
vt 0.6000 1.0000
vt 0.7000 0.0000
vt 0.6000 0.0000
vt 0.6000 1.0000
vt 0.7000 1.0000
vt 0.8000 0.0000
vt 0.7000 0.0000
vt 0.7000 1.0000
vt 0.8000 1.0000
vt 0.9000 0.0000
vt 0.8000 0.0000
vt 0.8000 1.0000
vt 0.9000 1.0000
vt 1.0000 0.0000
vt 0.9000 0.0000
vt 0.9000 1.0000
vt 1.0000 1.0000
vt 0.0000 0.0000
vt 0.0833 0.0000
vt 0.0833 1.0000
vt 0.0000 1.0000
vt 0.0833 0.0000
vt 0.1667 0.0000
vt 0.1667 1.0000
vt 0.0833 1.0000
vt 0.1667 0.0000
vt 0.2500 0.0000
vt 0.2500 1.0000
vt 0.1667 1.0000
vt 0.2500 0.0000
vt 0.3333 0.0000
vt 0.3333 1.0000
vt 0.2500 1.0000
vt 0.3333 0.0000
vt 0.4167 0.0000
vt 0.4167 1.0000
vt 0.3333 1.0000
vt 0.4167 0.0000
vt 0.5000 0.0000
vt 0.5000 1.0000
vt 0.4167 1.0000
vt 0.5000 0.0000
vt 0.5833 0.0000
vt 0.5833 1.0000
vt 0.5000 1.0000
vt 0.5833 0.0000
vt 0.6667 0.0000
vt 0.6667 1.0000
vt 0.5833 1.0000
vt 0.6667 0.0000
vt 0.7500 0.0000
vt 0.7500 1.0000
vt 0.6667 1.0000
vt 0.7500 0.0000
vt 0.8333 0.0000
vt 0.8333 1.0000
vt 0.7500 1.0000
vt 0.8333 0.0000
vt 0.9167 0.0000
vt 0.9167 1.0000
vt 0.8333 1.0000
vt 0.9167 0.0000
vt 1.0000 0.0000
vt 1.0000 1.0000
vt 0.9167 1.0000
vt 0.0833 0.0000
vt 0.0000 0.0000
vt 0.0000 1.0000
vt 0.0833 1.0000
vt 0.1667 0.0000
vt 0.0833 0.0000
vt 0.0833 1.0000
vt 0.1667 1.0000
vt 0.2500 0.0000
vt 0.1667 0.0000
vt 0.1667 1.0000
vt 0.2500 1.0000
vt 0.3333 0.0000
vt 0.2500 0.0000
vt 0.2500 1.0000
vt 0.3333 1.0000
vt 0.4167 0.0000
vt 0.3333 0.0000
vt 0.3333 1.0000
vt 0.4167 1.0000
vt 0.5000 0.0000
vt 0.4167 0.0000
vt 0.4167 1.0000
vt 0.5000 1.0000
vt 0.5833 0.0000
vt 0.5000 0.0000
vt 0.5000 1.0000
vt 0.5833 1.0000
vt 0.6667 0.0000
vt 0.5833 0.0000
vt 0.5833 1.0000
vt 0.6667 1.0000
vt 0.7500 0.0000
vt 0.6667 0.0000
vt 0.6667 1.0000
vt 0.7500 1.0000
vt 0.8333 0.0000
vt 0.7500 0.0000
vt 0.7500 1.0000
vt 0.8333 1.0000
vt 0.9167 0.0000
vt 0.8333 0.0000
vt 0.8333 1.0000
vt 0.9167 1.0000
vt 1.0000 0.0000
vt 0.9167 0.0000
vt 0.9167 1.0000
vt 1.0000 1.0000
vt 0.0000 0.0000
vt 0.1667 0.0000
vt 0.1667 1.0000
vt 0.0000 1.0000
vt 0.1667 0.0000
vt 0.3333 0.0000
vt 0.3333 1.0000
vt 0.1667 1.0000
vt 0.3333 0.0000
vt 0.5000 0.0000
vt 0.5000 1.0000
vt 0.3333 1.0000
vt 0.5000 0.0000
vt 0.6667 0.0000
vt 0.6667 1.0000
vt 0.5000 1.0000
vt 0.6667 0.0000
vt 0.8333 0.0000
vt 0.8333 1.0000
vt 0.6667 1.0000
vt 0.8333 0.0000
vt 1.0000 0.0000
vt 1.0000 1.0000
vt 0.8333 1.0000
vt 0.1667 0.0000
vt 0.0000 0.0000
vt 0.0000 1.0000
vt 0.1667 1.0000
vt 0.3333 0.0000
vt 0.1667 0.0000
vt 0.1667 1.0000
vt 0.3333 1.0000
vt 0.5000 0.0000
vt 0.3333 0.0000
vt 0.3333 1.0000
vt 0.5000 1.0000
vt 0.6667 0.0000
vt 0.5000 0.0000
vt 0.5000 1.0000
vt 0.6667 1.0000
vt 0.8333 0.0000
vt 0.6667 0.0000
vt 0.6667 1.0000
vt 0.8333 1.0000
vt 1.0000 0.0000
vt 0.8333 0.0000
vt 0.8333 1.0000
vt 1.0000 1.0000
vt 0.0000 0.0000
vt 0.1667 0.0000
vt 0.1667 1.0000
vt 0.0000 1.0000
vt 0.1667 0.0000
vt 0.3333 0.0000
vt 0.3333 1.0000
vt 0.1667 1.0000
vt 0.3333 0.0000
vt 0.5000 0.0000
vt 0.5000 1.0000
vt 0.3333 1.0000
vt 0.5000 0.0000
vt 0.6667 0.0000
vt 0.6667 1.0000
vt 0.5000 1.0000
vt 0.6667 0.0000
vt 0.8333 0.0000
vt 0.8333 1.0000
vt 0.6667 1.0000
vt 0.8333 0.0000
vt 1.0000 0.0000
vt 1.0000 1.0000
vt 0.8333 1.0000
vt 0.0000 0.0000
vt 0.1667 0.0000
vt 0.1667 1.0000
vt 0.0000 1.0000
vt 0.1667 0.0000
vt 0.3333 0.0000
vt 0.3333 1.0000
vt 0.1667 1.0000
vt 0.3333 0.0000
vt 0.5000 0.0000
vt 0.5000 1.0000
vt 0.3333 1.0000
vt 0.5000 0.0000
vt 0.6667 0.0000
vt 0.6667 1.0000
vt 0.5000 1.0000
vt 0.6667 0.0000
vt 0.8333 0.0000
vt 0.8333 1.0000
vt 0.6667 1.0000
vt 0.8333 0.0000
vt 1.0000 0.0000
vt 1.0000 1.0000
vt 0.8333 1.0000
vt 0.1667 0.0000
vt 0.0000 0.0000
vt 0.0000 1.0000
vt 0.1667 1.0000
vt 0.3333 0.0000
vt 0.1667 0.0000
vt 0.1667 1.0000
vt 0.3333 1.0000
vt 0.5000 0.0000
vt 0.3333 0.0000
vt 0.3333 1.0000
vt 0.5000 1.0000
vt 0.6667 0.0000
vt 0.5000 0.0000
vt 0.5000 1.0000
vt 0.6667 1.0000
vt 0.8333 0.0000
vt 0.6667 0.0000
vt 0.6667 1.0000
vt 0.8333 1.0000
vt 1.0000 0.0000
vt 0.8333 0.0000
vt 0.8333 1.0000
vt 1.0000 1.0000
vt 0.0000 0.0000
vt 0.2500 0.0000
vt 0.2500 1.0000
vt 0.0000 1.0000
vt 0.2500 0.0000
vt 0.5000 0.0000
vt 0.5000 1.0000
vt 0.2500 1.0000
vt 0.5000 0.0000
vt 0.7500 0.0000
vt 0.7500 1.0000
vt 0.5000 1.0000
vt 0.7500 0.0000
vt 1.0000 0.0000
vt 1.0000 1.0000
vt 0.7500 1.0000
vt 0.2500 0.0000
vt 0.0000 0.0000
vt 0.0000 1.0000
vt 0.2500 1.0000
vt 0.5000 0.0000
vt 0.2500 0.0000
vt 0.2500 1.0000
vt 0.5000 1.0000
vt 0.7500 0.0000
vt 0.5000 0.0000
vt 0.5000 1.0000
vt 0.7500 1.0000
vt 1.0000 0.0000
vt 0.7500 0.0000
vt 0.7500 1.0000
vt 1.0000 1.0000
vt 0.0000 0.0000
vt 0.0625 0.0000
vt 0.0625 1.0000
vt 0.0000 1.0000
vt 0.0625 0.0000
vt 0.1250 0.0000
vt 0.1250 1.0000
vt 0.0625 1.0000
vt 0.1250 0.0000
vt 0.1875 0.0000
vt 0.1875 1.0000
vt 0.1250 1.0000
vt 0.1875 0.0000
vt 0.2500 0.0000
vt 0.2500 1.0000
vt 0.1875 1.0000
vt 0.2500 0.0000
vt 0.3125 0.0000
vt 0.3125 1.0000
vt 0.2500 1.0000
vt 0.3125 0.0000
vt 0.3750 0.0000
vt 0.3750 1.0000
vt 0.3125 1.0000
vt 0.3750 0.0000
vt 0.4375 0.0000
vt 0.4375 1.0000
vt 0.3750 1.0000
vt 0.4375 0.0000
vt 0.5000 0.0000
vt 0.5000 1.0000
vt 0.4375 1.0000
vt 0.5000 0.0000
vt 0.5625 0.0000
vt 0.5625 1.0000
vt 0.5000 1.0000
vt 0.5625 0.0000
vt 0.6250 0.0000
vt 0.6250 1.0000
vt 0.5625 1.0000
vt 0.6250 0.0000
vt 0.6875 0.0000
vt 0.6875 1.0000
vt 0.6250 1.0000
vt 0.6875 0.0000
vt 0.7500 0.0000
vt 0.7500 1.0000
vt 0.6875 1.0000
vt 0.7500 0.0000
vt 0.8125 0.0000
vt 0.8125 1.0000
vt 0.7500 1.0000
vt 0.8125 0.0000
vt 0.8750 0.0000
vt 0.8750 1.0000
vt 0.8125 1.0000
vt 0.8750 0.0000
vt 0.9375 0.0000
vt 0.9375 1.0000
vt 0.8750 1.0000
vt 0.9375 0.0000
vt 1.0000 0.0000
vt 1.0000 1.0000
vt 0.9375 1.0000
vt 0.0625 0.0000
vt 0.0000 0.0000
vt 0.0000 1.0000
vt 0.0625 1.0000
vt 0.1250 0.0000
vt 0.0625 0.0000
vt 0.0625 1.0000
vt 0.1250 1.0000
vt 0.1875 0.0000
vt 0.1250 0.0000
vt 0.1250 1.0000
vt 0.1875 1.0000
vt 0.2500 0.0000
vt 0.1875 0.0000
vt 0.1875 1.0000
vt 0.2500 1.0000
vt 0.3125 0.0000
vt 0.2500 0.0000
vt 0.2500 1.0000
vt 0.3125 1.0000
vt 0.3750 0.0000
vt 0.3125 0.0000
vt 0.3125 1.0000
vt 0.3750 1.0000
vt 0.4375 0.0000
vt 0.3750 0.0000
vt 0.3750 1.0000
vt 0.4375 1.0000
vt 0.5000 0.0000
vt 0.4375 0.0000
vt 0.4375 1.0000
vt 0.5000 1.0000
vt 0.5625 0.0000
vt 0.5000 0.0000
vt 0.5000 1.0000
vt 0.5625 1.0000
vt 0.6250 0.0000
vt 0.5625 0.0000
vt 0.5625 1.0000
vt 0.6250 1.0000
vt 0.6875 0.0000
vt 0.6250 0.0000
vt 0.6250 1.0000
vt 0.6875 1.0000
vt 0.7500 0.0000
vt 0.6875 0.0000
vt 0.6875 1.0000
vt 0.7500 1.0000
vt 0.8125 0.0000
vt 0.7500 0.0000
vt 0.7500 1.0000
vt 0.8125 1.0000
vt 0.8750 0.0000
vt 0.8125 0.0000
vt 0.8125 1.0000
vt 0.8750 1.0000
vt 0.9375 0.0000
vt 0.8750 0.0000
vt 0.8750 1.0000
vt 0.9375 1.0000
vt 1.0000 0.0000
vt 0.9375 0.0000
vt 0.9375 1.0000
vt 1.0000 1.0000
vt 0.0000 0.0000
vt 1.0000 0.0000
vt 1.0000 1.0000
vt 0.0000 1.0000
vt 0.0000 0.0000
vt 1.0000 0.0000
vt 1.0000 1.0000
vt 0.0000 1.0000
vt 0.0000 0.0000
vt 1.0000 0.0000
vt 1.0000 1.0000
vt 0.0000 1.0000
vt 0.0000 0.0000
vt 1.0000 0.0000
vt 1.0000 1.0000
vt 0.0000 1.0000
vt 0.0000 0.0000
vt 1.0000 0.0000
vt 1.0000 1.0000
vt 0.0000 1.0000
vt 0.0000 0.0000
vt 1.0000 0.0000
vt 1.0000 1.0000
vt 0.0000 1.0000
vt 0.0000 0.0000
vt 1.0000 0.0000
vt 1.0000 1.0000
vt 0.0000 1.0000
vt 0.0000 0.0000
vt 1.0000 0.0000
vt 1.0000 1.0000
vt 0.0000 1.0000
vt 0.0000 0.0000
vt 1.0000 0.0000
vt 1.0000 1.0000
vt 0.0000 1.0000
vt 0.0000 0.0000
vt 1.0000 0.0000
vt 1.0000 1.0000
vt 0.0000 1.0000
vt 0.0000 0.0000
vt 1.0000 0.0000
vt 1.0000 1.0000
vt 0.0000 1.0000
vt 0.0000 0.0000
vt 1.0000 0.0000
vt 1.0000 1.0000
vt 0.0000 1.0000
vt 0.0000 0.0000
vt 1.0000 0.0000
vt 1.0000 1.0000
vt 0.0000 1.0000
vt 0.0000 0.0000
vt 1.0000 0.0000
vt 1.0000 1.0000
vt 0.0000 1.0000
vt 0.0000 0.0000
vt 1.0000 0.0000
vt 1.0000 1.0000
vt 0.0000 1.0000
vt 0.0000 0.0000
vt 1.0000 0.0000
vt 1.0000 1.0000
vt 0.0000 1.0000
vt 0.0000 0.0000
vt 1.0000 0.0000
vt 1.0000 1.0000
vt 0.0000 1.0000
vt 0.0000 0.0000
vt 1.0000 0.0000
vt 1.0000 1.0000
vt 0.0000 1.0000
vt 0.0000 0.0000
vt 1.0000 0.0000
vt 1.0000 1.0000
vt 0.0000 1.0000
vt 0.0000 0.0000
vt 1.0000 0.0000
vt 1.0000 1.0000
vt 0.0000 1.0000
vt 0.0000 0.0000
vt 1.0000 0.0000
vt 1.0000 1.0000
vt 0.0000 1.0000
vt 0.0000 0.0000
vt 1.0000 0.0000
vt 1.0000 1.0000
vt 0.0000 1.0000
vt 0.0000 0.0000
vt 1.0000 0.0000
vt 1.0000 1.0000
vt 0.0000 1.0000
vt 0.0000 0.0000
vt 1.0000 0.0000
vt 1.0000 1.0000
vt 0.0000 1.0000
vt 0.0000 0.0000
vt 1.0000 0.0000
vt 1.0000 1.0000
vt 0.0000 1.0000
vt 0.0000 0.0000
vt 1.0000 0.0000
vt 1.0000 1.0000
vt 0.0000 1.0000
vt 0.0000 0.0000
vt 1.0000 0.0000
vt 1.0000 1.0000
vt 0.0000 1.0000
vt 0.0000 0.0000
vt 1.0000 0.0000
vt 1.0000 1.0000
vt 0.0000 1.0000
vt 0.0000 0.0000
vt 1.0000 0.0000
vt 1.0000 1.0000
vt 0.0000 1.0000
vt 0.0000 0.0000
vt 1.0000 0.0000
vt 1.0000 1.0000
vt 0.0000 1.0000
vt 0.0000 0.0000
vt 1.0000 0.0000
vt 1.0000 1.0000
vt 0.0000 1.0000
vt 0.0000 0.0000
vt 1.0000 0.0000
vt 1.0000 1.0000
vt 0.0000 1.0000
vt 0.0000 0.0000
vt 1.0000 0.0000
vt 1.0000 1.0000
vt 0.0000 1.0000
vt 0.0000 0.0000
vt 1.0000 0.0000
vt 1.0000 1.0000
vt 0.0000 1.0000
vt 0.0000 0.0000
vt 1.0000 0.0000
vt 1.0000 1.0000
vt 0.0000 1.0000
vt 0.0000 0.0000
vt 1.0000 0.0000
vt 1.0000 1.0000
vt 0.0000 1.0000
vt 0.0000 0.0000
vt 1.0000 0.0000
vt 1.0000 1.0000
vt 0.0000 1.0000
vt 0.0000 0.0000
vt 1.0000 0.0000
vt 1.0000 1.0000
vt 0.0000 1.0000
vt 0.0000 0.0000
vt 1.0000 0.0000
vt 1.0000 1.0000
vt 0.0000 1.0000
vt 0.0000 0.0000
vt 1.0000 0.0000
vt 1.0000 1.0000
vt 0.0000 1.0000
vt 0.0000 0.0000
vt 1.0000 0.0000
vt 1.0000 1.0000
vt 0.0000 1.0000
vt 0.0000 0.0000
vt 1.0000 0.0000
vt 1.0000 1.0000
vt 0.0000 1.0000
vt 0.0000 0.0000
vt 1.0000 0.0000
vt 1.0000 1.0000
vt 0.0000 1.0000
vt 0.0000 0.0000
vt 1.0000 0.0000
vt 1.0000 1.0000
vt 0.0000 1.0000
vt 0.0000 0.0000
vt 1.0000 0.0000
vt 1.0000 1.0000
vt 0.0000 1.0000
vt 0.0000 0.0000
vt 1.0000 0.0000
vt 1.0000 1.0000
vt 0.0000 1.0000
vt 0.0000 0.0000
vt 1.0000 0.0000
vt 1.0000 1.0000
vt 0.0000 1.0000
vt 0.0000 0.0000
vt 1.0000 0.0000
vt 1.0000 1.0000
vt 0.0000 1.0000
vt 0.0000 0.0000
vt 1.0000 0.0000
vt 1.0000 1.0000
vt 0.0000 1.0000
vt 0.0000 0.0000
vt 1.0000 0.0000
vt 1.0000 1.0000
vt 0.0000 1.0000
vt 0.0000 0.0000
vt 1.0000 0.0000
vt 1.0000 1.0000
vt 0.0000 1.0000
vt 0.0000 0.0000
vt 1.0000 0.0000
vt 1.0000 1.0000
vt 0.0000 1.0000
vt 0.0000 0.0000
vt 1.0000 0.0000
vt 1.0000 1.0000
vt 0.0000 1.0000
vt 0.0000 0.0000
vt 1.0000 0.0000
vt 1.0000 1.0000
vt 0.0000 1.0000
vt 0.0000 0.0000
vt 1.0000 0.0000
vt 1.0000 1.0000
vt 0.0000 1.0000
vt 0.0000 0.0000
vt 1.0000 0.0000
vt 1.0000 1.0000
vt 0.0000 1.0000
vt 0.0000 0.0000
vt 1.0000 0.0000
vt 1.0000 1.0000
vt 0.0000 1.0000
vt 0.0000 0.0000
vt 1.0000 0.0000
vt 1.0000 1.0000
vt 0.0000 1.0000
vt 0.0000 0.0000
vt 1.0000 0.0000
vt 1.0000 1.0000
vt 0.0000 1.0000
vt 0.0000 0.0000
vt 1.0000 0.0000
vt 1.0000 1.0000
vt 0.0000 1.0000
vt 0.0000 0.0000
vt 1.0000 0.0000
vt 1.0000 1.0000
vt 0.0000 1.0000
vt 0.0000 0.0000
vt 1.0000 0.0000
vt 1.0000 1.0000
vt 0.0000 1.0000
vt 0.0000 0.0000
vt 1.0000 0.0000
vt 1.0000 1.0000
vt 0.0000 1.0000
vt 0.0000 0.0000
vt 1.0000 0.0000
vt 1.0000 1.0000
vt 0.0000 1.0000
vt 0.0000 0.0000
vt 1.0000 0.0000
vt 1.0000 1.0000
vt 0.0000 1.0000
vt 0.0000 0.0000
vt 1.0000 0.0000
vt 1.0000 1.0000
vt 0.0000 1.0000
vt 0.0000 0.0000
vt 1.0000 0.0000
vt 1.0000 1.0000
vt 0.0000 1.0000
vt 0.0000 0.0000
vt 1.0000 0.0000
vt 1.0000 1.0000
vt 0.0000 1.0000
vt 0.0000 0.0000
vt 1.0000 0.0000
vt 1.0000 1.0000
vt 0.0000 1.0000
vt 0.0000 0.0000
vt 1.0000 0.0000
vt 1.0000 1.0000
vt 0.0000 1.0000
vt 0.0000 0.0000
vt 1.0000 0.0000
vt 1.0000 1.0000
vt 0.0000 1.0000
vt 0.0000 0.0000
vt 1.0000 0.0000
vt 1.0000 1.0000
vt 0.0000 1.0000
vt 0.0000 0.0000
vt 0.1000 0.0000
vt 0.1000 1.0000
vt 0.0000 1.0000
vt 0.1000 0.0000
vt 0.2000 0.0000
vt 0.2000 1.0000
vt 0.1000 1.0000
vt 0.2000 0.0000
vt 0.3000 0.0000
vt 0.3000 1.0000
vt 0.2000 1.0000
vt 0.3000 0.0000
vt 0.4000 0.0000
vt 0.4000 1.0000
vt 0.3000 1.0000
vt 0.4000 0.0000
vt 0.5000 0.0000
vt 0.5000 1.0000
vt 0.4000 1.0000
vt 0.5000 0.0000
vt 0.6000 0.0000
vt 0.6000 1.0000
vt 0.5000 1.0000
vt 0.6000 0.0000
vt 0.7000 0.0000
vt 0.7000 1.0000
vt 0.6000 1.0000
vt 0.7000 0.0000
vt 0.8000 0.0000
vt 0.8000 1.0000
vt 0.7000 1.0000
vt 0.8000 0.0000
vt 0.9000 0.0000
vt 0.9000 1.0000
vt 0.8000 1.0000
vt 0.9000 0.0000
vt 1.0000 0.0000
vt 1.0000 1.0000
vt 0.9000 1.0000
vt 0.1000 0.0000
vt 0.0000 0.0000
vt 0.0000 1.0000
vt 0.1000 1.0000
vt 0.2000 0.0000
vt 0.1000 0.0000
vt 0.1000 1.0000
vt 0.2000 1.0000
vt 0.3000 0.0000
vt 0.2000 0.0000
vt 0.2000 1.0000
vt 0.3000 1.0000
vt 0.4000 0.0000
vt 0.3000 0.0000
vt 0.3000 1.0000
vt 0.4000 1.0000
vt 0.5000 0.0000
vt 0.4000 0.0000
vt 0.4000 1.0000
vt 0.5000 1.0000
vt 0.6000 0.0000
vt 0.5000 0.0000
vt 0.5000 1.0000
vt 0.6000 1.0000
vt 0.7000 0.0000
vt 0.6000 0.0000
vt 0.6000 1.0000
vt 0.7000 1.0000
vt 0.8000 0.0000
vt 0.7000 0.0000
vt 0.7000 1.0000
vt 0.8000 1.0000
vt 0.9000 0.0000
vt 0.8000 0.0000
vt 0.8000 1.0000
vt 0.9000 1.0000
vt 1.0000 0.0000
vt 0.9000 0.0000
vt 0.9000 1.0000
vt 1.0000 1.0000
vt 0.0000 0.0000
vt 0.0833 0.0000
vt 0.0833 1.0000
vt 0.0000 1.0000
vt 0.0833 0.0000
vt 0.1667 0.0000
vt 0.1667 1.0000
vt 0.0833 1.0000
vt 0.1667 0.0000
vt 0.2500 0.0000
vt 0.2500 1.0000
vt 0.1667 1.0000
vt 0.2500 0.0000
vt 0.3333 0.0000
vt 0.3333 1.0000
vt 0.2500 1.0000
vt 0.3333 0.0000
vt 0.4167 0.0000
vt 0.4167 1.0000
vt 0.3333 1.0000
vt 0.4167 0.0000
vt 0.5000 0.0000
vt 0.5000 1.0000
vt 0.4167 1.0000
vt 0.5000 0.0000
vt 0.5833 0.0000
vt 0.5833 1.0000
vt 0.5000 1.0000
vt 0.5833 0.0000
vt 0.6667 0.0000
vt 0.6667 1.0000
vt 0.5833 1.0000
vt 0.6667 0.0000
vt 0.7500 0.0000
vt 0.7500 1.0000
vt 0.6667 1.0000
vt 0.7500 0.0000
vt 0.8333 0.0000
vt 0.8333 1.0000
vt 0.7500 1.0000
vt 0.8333 0.0000
vt 0.9167 0.0000
vt 0.9167 1.0000
vt 0.8333 1.0000
vt 0.9167 0.0000
vt 1.0000 0.0000
vt 1.0000 1.0000
vt 0.9167 1.0000
vt 0.0833 0.0000
vt 0.0000 0.0000
vt 0.0000 1.0000
vt 0.0833 1.0000
vt 0.1667 0.0000
vt 0.0833 0.0000
vt 0.0833 1.0000
vt 0.1667 1.0000
vt 0.2500 0.0000
vt 0.1667 0.0000
vt 0.1667 1.0000
vt 0.2500 1.0000
vt 0.3333 0.0000
vt 0.2500 0.0000
vt 0.2500 1.0000
vt 0.3333 1.0000
vt 0.4167 0.0000
vt 0.3333 0.0000
vt 0.3333 1.0000
vt 0.4167 1.0000
vt 0.5000 0.0000
vt 0.4167 0.0000
vt 0.4167 1.0000
vt 0.5000 1.0000
vt 0.5833 0.0000
vt 0.5000 0.0000
vt 0.5000 1.0000
vt 0.5833 1.0000
vt 0.6667 0.0000
vt 0.5833 0.0000
vt 0.5833 1.0000
vt 0.6667 1.0000
vt 0.7500 0.0000
vt 0.6667 0.0000
vt 0.6667 1.0000
vt 0.7500 1.0000
vt 0.8333 0.0000
vt 0.7500 0.0000
vt 0.7500 1.0000
vt 0.8333 1.0000
vt 0.9167 0.0000
vt 0.8333 0.0000
vt 0.8333 1.0000
vt 0.9167 1.0000
vt 1.0000 0.0000
vt 0.9167 0.0000
vt 0.9167 1.0000
vt 1.0000 1.0000
vt 0.0000 0.0000
vt 0.1667 0.0000
vt 0.1667 1.0000
vt 0.0000 1.0000
vt 0.1667 0.0000
vt 0.3333 0.0000
vt 0.3333 1.0000
vt 0.1667 1.0000
vt 0.3333 0.0000
vt 0.5000 0.0000
vt 0.5000 1.0000
vt 0.3333 1.0000
vt 0.5000 0.0000
vt 0.6667 0.0000
vt 0.6667 1.0000
vt 0.5000 1.0000
vt 0.6667 0.0000
vt 0.8333 0.0000
vt 0.8333 1.0000
vt 0.6667 1.0000
vt 0.8333 0.0000
vt 1.0000 0.0000
vt 1.0000 1.0000
vt 0.8333 1.0000
vt 0.1667 0.0000
vt 0.0000 0.0000
vt 0.0000 1.0000
vt 0.1667 1.0000
vt 0.3333 0.0000
vt 0.1667 0.0000
vt 0.1667 1.0000
vt 0.3333 1.0000
vt 0.5000 0.0000
vt 0.3333 0.0000
vt 0.3333 1.0000
vt 0.5000 1.0000
vt 0.6667 0.0000
vt 0.5000 0.0000
vt 0.5000 1.0000
vt 0.6667 1.0000
vt 0.8333 0.0000
vt 0.6667 0.0000
vt 0.6667 1.0000
vt 0.8333 1.0000
vt 1.0000 0.0000
vt 0.8333 0.0000
vt 0.8333 1.0000
vt 1.0000 1.0000
vt 0.0000 0.0000
vt 0.1667 0.0000
vt 0.1667 1.0000
vt 0.0000 1.0000
vt 0.1667 0.0000
vt 0.3333 0.0000
vt 0.3333 1.0000
vt 0.1667 1.0000
vt 0.3333 0.0000
vt 0.5000 0.0000
vt 0.5000 1.0000
vt 0.3333 1.0000
vt 0.5000 0.0000
vt 0.6667 0.0000
vt 0.6667 1.0000
vt 0.5000 1.0000
vt 0.6667 0.0000
vt 0.8333 0.0000
vt 0.8333 1.0000
vt 0.6667 1.0000
vt 0.8333 0.0000
vt 1.0000 0.0000
vt 1.0000 1.0000
vt 0.8333 1.0000
vt 0.0000 0.0000
vt 0.1667 0.0000
vt 0.1667 1.0000
vt 0.0000 1.0000
vt 0.1667 0.0000
vt 0.3333 0.0000
vt 0.3333 1.0000
vt 0.1667 1.0000
vt 0.3333 0.0000
vt 0.5000 0.0000
vt 0.5000 1.0000
vt 0.3333 1.0000
vt 0.5000 0.0000
vt 0.6667 0.0000
vt 0.6667 1.0000
vt 0.5000 1.0000
vt 0.6667 0.0000
vt 0.8333 0.0000
vt 0.8333 1.0000
vt 0.6667 1.0000
vt 0.8333 0.0000
vt 1.0000 0.0000
vt 1.0000 1.0000
vt 0.8333 1.0000
vt 0.1667 0.0000
vt 0.0000 0.0000
vt 0.0000 1.0000
vt 0.1667 1.0000
vt 0.3333 0.0000
vt 0.1667 0.0000
vt 0.1667 1.0000
vt 0.3333 1.0000
vt 0.5000 0.0000
vt 0.3333 0.0000
vt 0.3333 1.0000
vt 0.5000 1.0000
vt 0.6667 0.0000
vt 0.5000 0.0000
vt 0.5000 1.0000
vt 0.6667 1.0000
vt 0.8333 0.0000
vt 0.6667 0.0000
vt 0.6667 1.0000
vt 0.8333 1.0000
vt 1.0000 0.0000
vt 0.8333 0.0000
vt 0.8333 1.0000
vt 1.0000 1.0000
vt 0.0000 0.0000
vt 0.2500 0.0000
vt 0.2500 1.0000
vt 0.0000 1.0000
vt 0.2500 0.0000
vt 0.5000 0.0000
vt 0.5000 1.0000
vt 0.2500 1.0000
vt 0.5000 0.0000
vt 0.7500 0.0000
vt 0.7500 1.0000
vt 0.5000 1.0000
vt 0.7500 0.0000
vt 1.0000 0.0000
vt 1.0000 1.0000
vt 0.7500 1.0000
vt 0.2500 0.0000
vt 0.0000 0.0000
vt 0.0000 1.0000
vt 0.2500 1.0000
vt 0.5000 0.0000
vt 0.2500 0.0000
vt 0.2500 1.0000
vt 0.5000 1.0000
vt 0.7500 0.0000
vt 0.5000 0.0000
vt 0.5000 1.0000
vt 0.7500 1.0000
vt 1.0000 0.0000
vt 0.7500 0.0000
vt 0.7500 1.0000
vt 1.0000 1.0000
vt 0.0000 0.0000
vt 0.0625 0.0000
vt 0.0625 1.0000
vt 0.0000 1.0000
vt 0.0625 0.0000
vt 0.1250 0.0000
vt 0.1250 1.0000
vt 0.0625 1.0000
vt 0.1250 0.0000
vt 0.1875 0.0000
vt 0.1875 1.0000
vt 0.1250 1.0000
vt 0.1875 0.0000
vt 0.2500 0.0000
vt 0.2500 1.0000
vt 0.1875 1.0000
vt 0.2500 0.0000
vt 0.3125 0.0000
vt 0.3125 1.0000
vt 0.2500 1.0000
vt 0.3125 0.0000
vt 0.3750 0.0000
vt 0.3750 1.0000
vt 0.3125 1.0000
vt 0.3750 0.0000
vt 0.4375 0.0000
vt 0.4375 1.0000
vt 0.3750 1.0000
vt 0.4375 0.0000
vt 0.5000 0.0000
vt 0.5000 1.0000
vt 0.4375 1.0000
vt 0.5000 0.0000
vt 0.5625 0.0000
vt 0.5625 1.0000
vt 0.5000 1.0000
vt 0.5625 0.0000
vt 0.6250 0.0000
vt 0.6250 1.0000
vt 0.5625 1.0000
vt 0.6250 0.0000
vt 0.6875 0.0000
vt 0.6875 1.0000
vt 0.6250 1.0000
vt 0.6875 0.0000
vt 0.7500 0.0000
vt 0.7500 1.0000
vt 0.6875 1.0000
vt 0.7500 0.0000
vt 0.8125 0.0000
vt 0.8125 1.0000
vt 0.7500 1.0000
vt 0.8125 0.0000
vt 0.8750 0.0000
vt 0.8750 1.0000
vt 0.8125 1.0000
vt 0.8750 0.0000
vt 0.9375 0.0000
vt 0.9375 1.0000
vt 0.8750 1.0000
vt 0.9375 0.0000
vt 1.0000 0.0000
vt 1.0000 1.0000
vt 0.9375 1.0000
vt 0.0625 0.0000
vt 0.0000 0.0000
vt 0.0000 1.0000
vt 0.0625 1.0000
vt 0.1250 0.0000
vt 0.0625 0.0000
vt 0.0625 1.0000
vt 0.1250 1.0000
vt 0.1875 0.0000
vt 0.1250 0.0000
vt 0.1250 1.0000
vt 0.1875 1.0000
vt 0.2500 0.0000
vt 0.1875 0.0000
vt 0.1875 1.0000
vt 0.2500 1.0000
vt 0.3125 0.0000
vt 0.2500 0.0000
vt 0.2500 1.0000
vt 0.3125 1.0000
vt 0.3750 0.0000
vt 0.3125 0.0000
vt 0.3125 1.0000
vt 0.3750 1.0000
vt 0.4375 0.0000
vt 0.3750 0.0000
vt 0.3750 1.0000
vt 0.4375 1.0000
vt 0.5000 0.0000
vt 0.4375 0.0000
vt 0.4375 1.0000
vt 0.5000 1.0000
vt 0.5625 0.0000
vt 0.5000 0.0000
vt 0.5000 1.0000
vt 0.5625 1.0000
vt 0.6250 0.0000
vt 0.5625 0.0000
vt 0.5625 1.0000
vt 0.6250 1.0000
vt 0.6875 0.0000
vt 0.6250 0.0000
vt 0.6250 1.0000
vt 0.6875 1.0000
vt 0.7500 0.0000
vt 0.6875 0.0000
vt 0.6875 1.0000
vt 0.7500 1.0000
vt 0.8125 0.0000
vt 0.7500 0.0000
vt 0.7500 1.0000
vt 0.8125 1.0000
vt 0.8750 0.0000
vt 0.8125 0.0000
vt 0.8125 1.0000
vt 0.8750 1.0000
vt 0.9375 0.0000
vt 0.8750 0.0000
vt 0.8750 1.0000
vt 0.9375 1.0000
vt 1.0000 0.0000
vt 0.9375 0.0000
vt 0.9375 1.0000
vt 1.0000 1.0000
vt 0.0000 0.0000
vt 1.0000 0.0000
vt 1.0000 1.0000
vt 0.0000 1.0000
vt 0.0000 0.0000
vt 1.0000 0.0000
vt 1.0000 1.0000
vt 0.0000 1.0000
vt 0.0000 0.0000
vt 1.0000 0.0000
vt 1.0000 1.0000
vt 0.0000 1.0000
vt 0.0000 0.0000
vt 1.0000 0.0000
vt 1.0000 1.0000
vt 0.0000 1.0000
vt 0.0000 0.0000
vt 1.0000 0.0000
vt 1.0000 1.0000
vt 0.0000 1.0000
vt 0.0000 0.0000
vt 1.0000 0.0000
vt 1.0000 1.0000
vt 0.0000 1.0000
vt 0.0000 0.0000
vt 1.0000 0.0000
vt 1.0000 1.0000
vt 0.0000 1.0000
vt 0.0000 0.0000
vt 1.0000 0.0000
vt 1.0000 1.0000
vt 0.0000 1.0000
vt 0.0000 0.0000
vt 1.0000 0.0000
vt 1.0000 1.0000
vt 0.0000 1.0000
vt 0.0000 0.0000
vt 1.0000 0.0000
vt 1.0000 1.0000
vt 0.0000 1.0000
vt 0.0000 0.0000
vt 1.0000 0.0000
vt 1.0000 1.0000
vt 0.0000 1.0000
vt 0.0000 0.0000
vt 1.0000 0.0000
vt 1.0000 1.0000
vt 0.0000 1.0000
vt 0.0000 0.0000
vt 1.0000 0.0000
vt 1.0000 1.0000
vt 0.0000 1.0000
vt 0.0000 0.0000
vt 1.0000 0.0000
vt 1.0000 1.0000
vt 0.0000 1.0000
vt 0.0000 0.0000
vt 1.0000 0.0000
vt 1.0000 1.0000
vt 0.0000 1.0000
vt 0.0000 0.0000
vt 1.0000 0.0000
vt 1.0000 1.0000
vt 0.0000 1.0000
vt 0.0000 0.0000
vt 1.0000 0.0000
vt 1.0000 1.0000
vt 0.0000 1.0000
vt 0.0000 0.0000
vt 1.0000 0.0000
vt 1.0000 1.0000
vt 0.0000 1.0000
vt 0.0000 0.0000
vt 1.0000 0.0000
vt 1.0000 1.0000
vt 0.0000 1.0000
vt 0.0000 0.0000
vt 1.0000 0.0000
vt 1.0000 1.0000
vt 0.0000 1.0000
vt 0.0000 0.0000
vt 1.0000 0.0000
vt 1.0000 1.0000
vt 0.0000 1.0000
vt 0.0000 0.0000
vt 1.0000 0.0000
vt 1.0000 1.0000
vt 0.0000 1.0000
vt 0.0000 0.0000
vt 1.0000 0.0000
vt 1.0000 1.0000
vt 0.0000 1.0000
vt 0.0000 0.0000
vt 1.0000 0.0000
vt 1.0000 1.0000
vt 0.0000 1.0000
vt 0.0000 0.0000
vt 1.0000 0.0000
vt 1.0000 1.0000
vt 0.0000 1.0000
vt 0.0000 0.0000
vt 1.0000 0.0000
vt 1.0000 1.0000
vt 0.0000 1.0000
vt 0.0000 0.0000
vt 1.0000 0.0000
vt 1.0000 1.0000
vt 0.0000 1.0000
vt 0.0000 0.0000
vt 1.0000 0.0000
vt 1.0000 1.0000
vt 0.0000 1.0000
vt 0.0000 0.0000
vt 1.0000 0.0000
vt 1.0000 1.0000
vt 0.0000 1.0000
vt 0.0000 0.0000
vt 1.0000 0.0000
vt 1.0000 1.0000
vt 0.0000 1.0000
vt 0.0000 0.0000
vt 1.0000 0.0000
vt 1.0000 1.0000
vt 0.0000 1.0000
vt 0.0000 0.0000
vt 1.0000 0.0000
vt 1.0000 1.0000
vt 0.0000 1.0000
vt 0.0000 0.0000
vt 1.0000 0.0000
vt 1.0000 1.0000
vt 0.0000 1.0000
vt 0.0000 0.0000
vt 1.0000 0.0000
vt 1.0000 1.0000
vt 0.0000 1.0000
vt 0.0000 0.0000
vt 1.0000 0.0000
vt 1.0000 1.0000
vt 0.0000 1.0000
vt 0.0000 0.0000
vt 1.0000 0.0000
vt 1.0000 1.0000
vt 0.0000 1.0000
vt 0.0000 0.0000
vt 1.0000 0.0000
vt 1.0000 1.0000
vt 0.0000 1.0000
vt 0.0000 0.0000
vt 1.0000 0.0000
vt 1.0000 1.0000
vt 0.0000 1.0000
vt 0.0000 0.0000
vt 1.0000 0.0000
vt 1.0000 1.0000
vt 0.0000 1.0000
vt 0.0000 0.0000
vt 1.0000 0.0000
vt 1.0000 1.0000
vt 0.0000 1.0000
vt 0.0000 0.0000
vt 1.0000 0.0000
vt 1.0000 1.0000
vt 0.0000 1.0000
vt 0.0000 0.0000
vt 1.0000 0.0000
vt 1.0000 1.0000
vt 0.0000 1.0000
vt 0.0000 0.0000
vt 1.0000 0.0000
vt 1.0000 1.0000
vt 0.0000 1.0000
vt 0.0000 0.0000
vt 1.0000 0.0000
vt 1.0000 1.0000
vt 0.0000 1.0000
vt 0.0000 0.0000
vt 1.0000 0.0000
vt 1.0000 1.0000
vt 0.0000 1.0000
vt 0.0000 0.0000
vt 1.0000 0.0000
vt 1.0000 1.0000
vt 0.0000 1.0000
vt 0.0000 0.0000
vt 1.0000 0.0000
vt 1.0000 1.0000
vt 0.0000 1.0000
vt 0.0000 0.0000
vt 1.0000 0.0000
vt 1.0000 1.0000
vt 0.0000 1.0000
vt 0.0000 0.0000
vt 1.0000 0.0000
vt 1.0000 1.0000
vt 0.0000 1.0000
vt 0.0000 0.0000
vt 1.0000 0.0000
vt 1.0000 1.0000
vt 0.0000 1.0000
vt 0.0000 0.0000
vt 1.0000 0.0000
vt 1.0000 1.0000
vt 0.0000 1.0000
vt 0.0000 0.0000
vt 1.0000 0.0000
vt 1.0000 1.0000
vt 0.0000 1.0000
vt 0.0000 0.0000
vt 1.0000 0.0000
vt 1.0000 1.0000
vt 0.0000 1.0000
vt 0.0000 0.0000
vt 1.0000 0.0000
vt 1.0000 1.0000
vt 0.0000 1.0000
vt 0.0000 0.0000
vt 1.0000 0.0000
vt 1.0000 1.0000
vt 0.0000 1.0000
vt 0.0000 0.0000
vt 1.0000 0.0000
vt 1.0000 1.0000
vt 0.0000 1.0000
vt 0.0000 0.0000
vt 1.0000 0.0000
vt 1.0000 1.0000
vt 0.0000 1.0000
vt 0.0000 0.0000
vt 1.0000 0.0000
vt 1.0000 1.0000
vt 0.0000 1.0000
vt 0.0000 0.0000
vt 1.0000 0.0000
vt 1.0000 1.0000
vt 0.0000 1.0000
vt 0.0000 0.0000
vt 1.0000 0.0000
vt 1.0000 1.0000
vt 0.0000 1.0000
vt 0.0000 0.0000
vt 1.0000 0.0000
vt 1.0000 1.0000
vt 0.0000 1.0000
vt 0.0000 0.0000
vt 1.0000 0.0000
vt 1.0000 1.0000
vt 0.0000 1.0000
vt 0.0000 0.0000
vt 1.0000 0.0000
vt 1.0000 1.0000
vt 0.0000 1.0000
vt 0.0000 0.0000
vt 1.0000 0.0000
vt 1.0000 1.0000
vt 0.0000 1.0000
vt 0.0000 0.0000
vt 1.0000 0.0000
vt 1.0000 1.0000
vt 0.0000 1.0000
vt 0.0000 0.0000
vt 1.0000 0.0000
vt 1.0000 1.0000
vt 0.0000 1.0000
vt 0.0000 0.0000
vt 1.0000 0.0000
vt 1.0000 1.0000
vt 0.0000 1.0000
vt 0.0000 0.0000
vt 1.0000 0.0000
vt 1.0000 1.0000
vt 0.0000 1.0000
vt 0.0000 0.0000
vt 1.0000 0.0000
vt 1.0000 1.0000
vt 0.0000 1.0000
vt 0.0000 0.0000
vt 1.0000 0.0000
vt 1.0000 1.0000
vt 0.0000 1.0000
vt 0.0000 0.0000
vt 1.0000 0.0000
vt 1.0000 1.0000
vt 0.0000 1.0000
vt 0.0000 0.0000
vt 1.0000 0.0000
vt 1.0000 1.0000
vt 0.0000 1.0000
vt 0.0000 0.0000
vt 1.0000 0.0000
vt 1.0000 1.0000
vt 0.0000 1.0000
vt 0.0000 0.0000
vt 1.0000 0.0000
vt 1.0000 1.0000
vt 0.0000 1.0000
vt 0.0000 0.0000
vt 1.0000 0.0000
vt 1.0000 1.0000
vt 0.0000 1.0000
vt 0.0000 0.0000
vt 1.0000 0.0000
vt 1.0000 1.0000
vt 0.0000 1.0000
vt 0.0000 0.0000
vt 1.0000 0.0000
vt 1.0000 1.0000
vt 0.0000 1.0000
vt 0.0000 0.0000
vt 1.0000 0.0000
vt 1.0000 1.0000
vt 0.0000 1.0000
vt 0.0000 0.0000
vt 1.0000 0.0000
vt 1.0000 1.0000
vt 0.0000 1.0000
vt 0.0000 0.0000
vt 1.0000 0.0000
vt 1.0000 1.0000
vt 0.0000 1.0000
vt 0.0000 0.0000
vt 1.0000 0.0000
vt 1.0000 1.0000
vt 0.0000 1.0000
vt 0.0000 0.0000
vt 1.0000 0.0000
vt 1.0000 1.0000
vt 0.0000 1.0000
vt 0.0000 0.0000
vt 1.0000 0.0000
vt 1.0000 1.0000
vt 0.0000 1.0000
vt 0.0000 0.0000
vt 1.0000 0.0000
vt 1.0000 1.0000
vt 0.0000 1.0000
vt 0.0000 0.0000
vt 1.0000 0.0000
vt 1.0000 1.0000
vt 0.0000 1.0000
vt 0.0000 0.0000
vt 1.0000 0.0000
vt 1.0000 1.0000
vt 0.0000 1.0000
vt 0.0000 0.0000
vt 1.0000 0.0000
vt 1.0000 1.0000
vt 0.0000 1.0000
vt 0.0000 0.0000
vt 1.0000 0.0000
vt 1.0000 1.0000
vt 0.0000 1.0000
vt 0.0000 0.0000
vt 1.0000 0.0000
vt 1.0000 1.0000
vt 0.0000 1.0000
vt 0.0000 0.0000
vt 1.0000 0.0000
vt 1.0000 1.0000
vt 0.0000 1.0000
vt 0.0000 0.0000
vt 1.0000 0.0000
vt 1.0000 1.0000
vt 0.0000 1.0000
vt 0.0000 0.0000
vt 1.0000 0.0000
vt 1.0000 1.0000
vt 0.0000 1.0000
vt 0.0000 0.0000
vt 1.0000 0.0000
vt 1.0000 1.0000
vt 0.0000 1.0000
vt 0.0000 0.0000
vt 1.0000 0.0000
vt 1.0000 1.0000
vt 0.0000 1.0000
vt 0.0000 0.0000
vt 1.0000 0.0000
vt 1.0000 1.0000
vt 0.0000 1.0000
vt 0.0000 0.0000
vt 1.0000 0.0000
vt 1.0000 1.0000
vt 0.0000 1.0000
vt 0.0000 0.0000
vt 1.0000 0.0000
vt 1.0000 1.0000
vt 0.0000 1.0000
vt 0.0000 0.0000
vt 1.0000 0.0000
vt 1.0000 1.0000
vt 0.0000 1.0000
vt 0.0000 0.0000
vt 1.0000 0.0000
vt 1.0000 1.0000
vt 0.0000 1.0000
vt 0.0000 0.0000
vt 1.0000 0.0000
vt 1.0000 1.0000
vt 0.0000 1.0000
vt 0.0000 0.0000
vt 1.0000 0.0000
vt 1.0000 1.0000
vt 0.0000 1.0000
vt 0.0000 0.0000
vt 1.0000 0.0000
vt 1.0000 1.0000
vt 0.0000 1.0000
vt 0.0000 0.0000
vt 1.0000 0.0000
vt 1.0000 1.0000
vt 0.0000 1.0000
vt 0.0000 0.0000
vt 1.0000 0.0000
vt 1.0000 1.0000
vt 0.0000 1.0000
vt 0.0000 0.0000
vt 1.0000 0.0000
vt 1.0000 1.0000
vt 0.0000 1.0000
vt 0.0000 0.0000
vt 1.0000 0.0000
vt 1.0000 1.0000
vt 0.0000 1.0000
vt 0.0000 0.0000
vt 1.0000 0.0000
vt 1.0000 1.0000
vt 0.0000 1.0000
vt 0.0000 0.0000
vt 1.0000 0.0000
vt 1.0000 1.0000
vt 0.0000 1.0000
vt 0.0000 0.0000
vt 1.0000 0.0000
vt 1.0000 1.0000
vt 0.0000 1.0000
vt 0.0000 0.0000
vt 1.0000 0.0000
vt 1.0000 1.0000
vt 0.0000 1.0000
vt 0.0000 0.0000
vt 1.0000 0.0000
vt 1.0000 1.0000
vt 0.0000 1.0000
vt 0.0000 0.0000
vt 1.0000 0.0000
vt 1.0000 1.0000
vt 0.0000 1.0000
vt 0.0000 0.0000
vt 1.0000 0.0000
vt 1.0000 1.0000
vt 0.0000 1.0000
vt 0.0000 0.0000
vt 1.0000 0.0000
vt 1.0000 1.0000
vt 0.0000 1.0000
vt 0.0000 0.0000
vt 1.0000 0.0000
vt 1.0000 1.0000
vt 0.0000 1.0000
vt 0.0000 0.0000
vt 1.0000 0.0000
vt 1.0000 1.0000
vt 0.0000 1.0000
vt 0.0000 0.0000
vt 1.0000 0.0000
vt 1.0000 1.0000
vt 0.0000 1.0000
vt 0.0000 0.0000
vt 1.0000 0.0000
vt 1.0000 1.0000
vt 0.0000 1.0000
vt 0.0000 0.0000
vt 1.0000 0.0000
vt 1.0000 1.0000
vt 0.0000 1.0000
vt 0.0000 0.0000
vt 1.0000 0.0000
vt 1.0000 1.0000
vt 0.0000 1.0000
vt 0.0000 0.0000
vt 1.0000 0.0000
vt 1.0000 1.0000
vt 0.0000 1.0000
vt 0.0000 0.0000
vt 1.0000 0.0000
vt 1.0000 1.0000
vt 0.0000 1.0000
vt 0.0000 0.0000
vt 1.0000 0.0000
vt 1.0000 1.0000
vt 0.0000 1.0000
vt 0.0000 0.0000
vt 1.0000 0.0000
vt 1.0000 1.0000
vt 0.0000 1.0000
vt 0.0000 0.0000
vt 1.0000 0.0000
vt 1.0000 1.0000
vt 0.0000 1.0000
vt 0.0000 0.0000
vt 1.0000 0.0000
vt 1.0000 1.0000
vt 0.0000 1.0000
vt 0.0000 0.0000
vt 1.0000 0.0000
vt 1.0000 1.0000
vt 0.0000 1.0000
vt 0.0000 0.0000
vt 1.0000 0.0000
vt 1.0000 1.0000
vt 0.0000 1.0000
vt 0.0000 0.0000
vt 1.0000 0.0000
vt 1.0000 1.0000
vt 0.0000 1.0000
vt 0.0000 0.0000
vt 1.0000 0.0000
vt 1.0000 1.0000
vt 0.0000 1.0000
vt 0.0000 0.0000
vt 1.0000 0.0000
vt 1.0000 1.0000
vt 0.0000 1.0000
vt 0.0000 0.0000
vt 1.0000 0.0000
vt 1.0000 1.0000
vt 0.0000 1.0000
vt 0.0000 0.0000
vt 1.0000 0.0000
vt 1.0000 1.0000
vt 0.0000 1.0000
vt 0.0000 0.0000
vt 1.0000 0.0000
vt 1.0000 1.0000
vt 0.0000 1.0000
vt 0.0000 0.0000
vt 1.0000 0.0000
vt 1.0000 1.0000
vt 0.0000 1.0000
vt 0.0000 0.0000
vt 1.0000 0.0000
vt 1.0000 1.0000
vt 0.0000 1.0000
vt 0.0000 0.0000
vt 1.0000 0.0000
vt 1.0000 1.0000
vt 0.0000 1.0000
vt 0.0000 0.0000
vt 1.0000 0.0000
vt 1.0000 1.0000
vt 0.0000 1.0000
vt 0.0000 0.0000
vt 1.0000 0.0000
vt 1.0000 1.0000
vt 0.0000 1.0000
vt 0.0000 0.0000
vt 1.0000 0.0000
vt 1.0000 1.0000
vt 0.0000 1.0000
vt 0.0000 0.0000
vt 1.0000 0.0000
vt 1.0000 1.0000
vt 0.0000 1.0000
vt 0.0000 0.0000
vt 1.0000 0.0000
vt 1.0000 1.0000
vt 0.0000 1.0000
vt 0.0000 0.0000
vt 1.0000 0.0000
vt 1.0000 1.0000
vt 0.0000 1.0000
vt 0.0000 0.0000
vt 1.0000 0.0000
vt 1.0000 1.0000
vt 0.0000 1.0000
vt 0.0000 0.0000
vt 1.0000 0.0000
vt 1.0000 1.0000
vt 0.0000 1.0000
vt 0.0000 0.0000
vt 1.0000 0.0000
vt 1.0000 1.0000
vt 0.0000 1.0000
vt 0.0000 0.0000
vt 1.0000 0.0000
vt 1.0000 1.0000
vt 0.0000 1.0000
vt 0.0000 0.0000
vt 1.0000 0.0000
vt 1.0000 1.0000
vt 0.0000 1.0000
vt 0.0000 0.0000
vt 1.0000 0.0000
vt 1.0000 1.0000
vt 0.0000 1.0000
vt 0.0000 0.0000
vt 1.0000 0.0000
vt 1.0000 1.0000
vt 0.0000 1.0000
vt 0.0000 0.0000
vt 1.0000 0.0000
vt 1.0000 1.0000
vt 0.0000 1.0000
vt 0.0000 0.0000
vt 1.0000 0.0000
vt 1.0000 1.0000
vt 0.0000 1.0000
vt 0.0000 0.0000
vt 1.0000 0.0000
vt 1.0000 1.0000
vt 0.0000 1.0000
vt 0.0000 0.0000
vt 1.0000 0.0000
vt 1.0000 1.0000
vt 0.0000 1.0000
vt 0.0000 0.0000
vt 1.0000 0.0000
vt 1.0000 1.0000
vt 0.0000 1.0000
vt 0.0000 0.0000
vt 1.0000 0.0000
vt 1.0000 1.0000
vt 0.0000 1.0000
vt 0.0000 0.0000
vt 1.0000 0.0000
vt 1.0000 1.0000
vt 0.0000 1.0000
vt 0.0000 0.0000
vt 1.0000 0.0000
vt 1.0000 1.0000
vt 0.0000 1.0000
vt 0.0000 0.0000
vt 1.0000 0.0000
vt 1.0000 1.0000
vt 0.0000 1.0000
vt 0.0000 0.0000
vt 1.0000 0.0000
vt 1.0000 1.0000
vt 0.0000 1.0000
vt 0.0000 0.0000
vt 1.0000 0.0000
vt 1.0000 1.0000
vt 0.0000 1.0000
vt 0.0000 0.0000
vt 1.0000 0.0000
vt 1.0000 1.0000
vt 0.0000 1.0000
vt 0.0000 0.0000
vt 1.0000 0.0000
vt 1.0000 1.0000
vt 0.0000 1.0000
vt 0.0000 0.0000
vt 1.0000 0.0000
vt 1.0000 1.0000
vt 0.0000 1.0000
vt 0.0000 0.0000
vt 1.0000 0.0000
vt 1.0000 1.0000
vt 0.0000 1.0000
vt 0.0000 0.0000
vt 1.0000 0.0000
vt 1.0000 1.0000
vt 0.0000 1.0000
vt 0.0000 0.0000
vt 1.0000 0.0000
vt 1.0000 1.0000
vt 0.0000 1.0000
vt 0.0000 0.0000
vt 1.0000 0.0000
vt 1.0000 1.0000
vt 0.0000 1.0000
vt 0.0000 0.0000
vt 1.0000 0.0000
vt 1.0000 1.0000
vt 0.0000 1.0000
vt 0.0000 0.0000
vt 1.0000 0.0000
vt 1.0000 1.0000
vt 0.0000 1.0000
vt 0.0000 0.0000
vt 1.0000 0.0000
vt 1.0000 1.0000
vt 0.0000 1.0000
vt 0.0000 0.0000
vt 1.0000 0.0000
vt 1.0000 1.0000
vt 0.0000 1.0000
vt 0.0000 0.0000
vt 1.0000 0.0000
vt 1.0000 1.0000
vt 0.0000 1.0000
vt 0.0000 0.0000
vt 1.0000 0.0000
vt 1.0000 1.0000
vt 0.0000 1.0000
vt 0.0000 0.0000
vt 1.0000 0.0000
vt 1.0000 1.0000
vt 0.0000 1.0000
vt 0.0000 0.0000
vt 1.0000 0.0000
vt 1.0000 1.0000
vt 0.0000 1.0000
vt 0.0000 0.0000
vt 1.0000 0.0000
vt 1.0000 1.0000
vt 0.0000 1.0000
vt 0.0000 0.0000
vt 1.0000 0.0000
vt 1.0000 1.0000
vt 0.0000 1.0000
vt 0.0000 0.0000
vt 1.0000 0.0000
vt 1.0000 1.0000
vt 0.0000 1.0000
vt 0.0000 0.0000
vt 1.0000 0.0000
vt 1.0000 1.0000
vt 0.0000 1.0000
vt 0.0000 0.0000
vt 1.0000 0.0000
vt 1.0000 1.0000
vt 0.0000 1.0000
vt 0.0000 0.0000
vt 1.0000 0.0000
vt 1.0000 1.0000
vt 0.0000 1.0000
vt 0.0000 0.0000
vt 1.0000 0.0000
vt 1.0000 1.0000
vt 0.0000 1.0000
vt 0.0000 0.0000
vt 1.0000 0.0000
vt 1.0000 1.0000
vt 0.0000 1.0000
vt 0.0000 0.0000
vt 1.0000 0.0000
vt 1.0000 1.0000
vt 0.0000 1.0000
vt 0.0000 0.0000
vt 1.0000 0.0000
vt 1.0000 1.0000
vt 0.0000 1.0000
vt 0.0000 0.0000
vt 1.0000 0.0000
vt 1.0000 1.0000
vt 0.0000 1.0000
vt 0.0000 0.0000
vt 1.0000 0.0000
vt 1.0000 1.0000
vt 0.0000 1.0000
vt 0.0000 0.0000
vt 1.0000 0.0000
vt 1.0000 1.0000
vt 0.0000 1.0000
vt 0.0000 0.0000
vt 1.0000 0.0000
vt 1.0000 1.0000
vt 0.0000 1.0000
vt 0.0000 0.0000
vt 1.0000 0.0000
vt 1.0000 1.0000
vt 0.0000 1.0000
vt 0.0000 0.0000
vt 1.0000 0.0000
vt 1.0000 1.0000
vt 0.0000 1.0000
vt 0.0000 0.0000
vt 1.0000 0.0000
vt 1.0000 1.0000
vt 0.0000 1.0000
vt 0.0000 0.0000
vt 1.0000 0.0000
vt 1.0000 1.0000
vt 0.0000 1.0000
vt 0.0000 0.0000
vt 1.0000 0.0000
vt 1.0000 1.0000
vt 0.0000 1.0000
vt 0.0000 0.0000
vt 1.0000 0.0000
vt 1.0000 1.0000
vt 0.0000 1.0000
vt 0.0000 0.0000
vt 1.0000 0.0000
vt 1.0000 1.0000
vt 0.0000 1.0000
vt 0.0000 0.0000
vt 1.0000 0.0000
vt 1.0000 1.0000
vt 0.0000 1.0000
vt 0.0000 0.0000
vt 1.0000 0.0000
vt 1.0000 1.0000
vt 0.0000 1.0000
vt 0.0000 0.0000
vt 1.0000 0.0000
vt 1.0000 1.0000
vt 0.0000 1.0000
vt 0.0000 0.0000
vt 1.0000 0.0000
vt 1.0000 1.0000
vt 0.0000 1.0000
vt 0.0000 0.0000
vt 1.0000 0.0000
vt 1.0000 1.0000
vt 0.0000 1.0000
vt 0.0000 0.0000
vt 1.0000 0.0000
vt 1.0000 1.0000
vt 0.0000 1.0000
vt 0.0000 0.0000
vt 1.0000 0.0000
vt 1.0000 1.0000
vt 0.0000 1.0000
vt 0.0000 0.0000
vt 1.0000 0.0000
vt 1.0000 1.0000
vt 0.0000 1.0000
vt 0.0000 0.0000
vt 1.0000 0.0000
vt 1.0000 1.0000
vt 0.0000 1.0000
vt 0.0000 0.0000
vt 1.0000 0.0000
vt 1.0000 1.0000
vt 0.0000 1.0000
vt 0.0000 0.0000
vt 1.0000 0.0000
vt 1.0000 1.0000
vt 0.0000 1.0000
vt 0.0000 0.0000
vt 1.0000 0.0000
vt 1.0000 1.0000
vt 0.0000 1.0000
vt 0.0000 0.0000
vt 1.0000 0.0000
vt 1.0000 1.0000
vt 0.0000 1.0000
vt 0.0000 0.0000
vt 1.0000 0.0000
vt 1.0000 1.0000
vt 0.0000 1.0000
vt 0.0000 0.0000
vt 1.0000 0.0000
vt 1.0000 1.0000
vt 0.0000 1.0000
vt 0.0000 0.0000
vt 1.0000 0.0000
vt 1.0000 1.0000
vt 0.0000 1.0000
vt 0.0000 0.0000
vt 1.0000 0.0000
vt 1.0000 1.0000
vt 0.0000 1.0000
vt 0.0000 0.0000
vt 1.0000 0.0000
vt 1.0000 1.0000
vt 0.0000 1.0000
vt 0.0000 0.0000
vt 1.0000 0.0000
vt 1.0000 1.0000
vt 0.0000 1.0000
vt 0.0000 0.0000
vt 1.0000 0.0000
vt 1.0000 1.0000
vt 0.0000 1.0000
vt 0.0000 0.0000
vt 1.0000 0.0000
vt 1.0000 1.0000
vt 0.0000 1.0000
vt 0.0000 0.0000
vt 1.0000 0.0000
vt 1.0000 1.0000
vt 0.0000 1.0000
vt 0.0000 0.0000
vt 1.0000 0.0000
vt 1.0000 1.0000
vt 0.0000 1.0000
vt 0.0000 0.0000
vt 1.0000 0.0000
vt 1.0000 1.0000
vt 0.0000 1.0000
vt 0.0000 0.0000
vt 1.0000 0.0000
vt 1.0000 1.0000
vt 0.0000 1.0000
vt 0.0000 0.0000
vt 1.0000 0.0000
vt 1.0000 1.0000
vt 0.0000 1.0000
vt 0.0000 0.0000
vt 1.0000 0.0000
vt 1.0000 1.0000
vt 0.0000 1.0000
vt 0.0000 0.0000
vt 1.0000 0.0000
vt 1.0000 1.0000
vt 0.0000 1.0000
vt 0.0000 0.0000
vt 1.0000 0.0000
vt 1.0000 1.0000
vt 0.0000 1.0000
vt 0.0000 0.0000
vt 1.0000 0.0000
vt 1.0000 1.0000
vt 0.0000 1.0000
vt 0.0000 0.0000
vt 1.0000 0.0000
vt 1.0000 1.0000
vt 0.0000 1.0000
vt 0.0000 0.0000
vt 1.0000 0.0000
vt 1.0000 1.0000
vt 0.0000 1.0000
vt 0.0000 0.0000
vt 1.0000 0.0000
vt 1.0000 1.0000
vt 0.0000 1.0000
vt 0.0000 0.0000
vt 1.0000 0.0000
vt 1.0000 1.0000
vt 0.0000 1.0000
vt 0.0000 0.0000
vt 1.0000 0.0000
vt 1.0000 1.0000
vt 0.0000 1.0000
vt 0.0000 0.0000
vt 1.0000 0.0000
vt 1.0000 1.0000
vt 0.0000 1.0000
vt 0.0000 0.0000
vt 1.0000 0.0000
vt 1.0000 1.0000
vt 0.0000 1.0000
vt 0.0000 0.0000
vt 1.0000 0.0000
vt 1.0000 1.0000
vt 0.0000 1.0000
vt 0.0000 0.0000
vt 1.0000 0.0000
vt 1.0000 1.0000
vt 0.0000 1.0000
vt 0.0000 0.0000
vt 1.0000 0.0000
vt 1.0000 1.0000
vt 0.0000 1.0000
vt 0.0000 0.0000
vt 1.0000 0.0000
vt 1.0000 1.0000
vt 0.0000 1.0000
vt 0.0000 0.0000
vt 1.0000 0.0000
vt 1.0000 1.0000
vt 0.0000 1.0000
vt 0.0000 0.0000
vt 1.0000 0.0000
vt 1.0000 1.0000
vt 0.0000 1.0000
vt 0.0000 0.0000
vt 1.0000 0.0000
vt 1.0000 1.0000
vt 0.0000 1.0000
vt 0.0000 0.0000
vt 1.0000 0.0000
vt 1.0000 1.0000
vt 0.0000 1.0000
vt 0.0000 0.0000
vt 1.0000 0.0000
vt 1.0000 1.0000
vt 0.0000 1.0000
vt 0.0000 0.0000
vt 1.0000 0.0000
vt 1.0000 1.0000
vt 0.0000 1.0000
vt 0.0000 0.0000
vt 1.0000 0.0000
vt 1.0000 1.0000
vt 0.0000 1.0000
vt 0.0000 0.0000
vt 1.0000 0.0000
vt 1.0000 1.0000
vt 0.0000 1.0000
vt 0.0000 0.0000
vt 1.0000 0.0000
vt 1.0000 1.0000
vt 0.0000 1.0000
vt 0.0000 0.0000
vt 1.0000 0.0000
vt 1.0000 1.0000
vt 0.0000 1.0000
vt 0.0000 0.0000
vt 1.0000 0.0000
vt 1.0000 1.0000
vt 0.0000 1.0000
vt 0.0000 0.0000
vt 1.0000 0.0000
vt 1.0000 1.0000
vt 0.0000 1.0000
vt 0.0000 0.0000
vt 1.0000 0.0000
vt 1.0000 1.0000
vt 0.0000 1.0000
vt 0.0000 0.0000
vt 1.0000 0.0000
vt 1.0000 1.0000
vt 0.0000 1.0000
vt 0.0000 0.0000
vt 1.0000 0.0000
vt 1.0000 1.0000
vt 0.0000 1.0000
vt 0.0000 0.0000
vt 1.0000 0.0000
vt 1.0000 1.0000
vt 0.0000 1.0000
vt 0.0000 0.0000
vt 1.0000 0.0000
vt 1.0000 1.0000
vt 0.0000 1.0000
vt 0.0000 0.0000
vt 1.0000 0.0000
vt 1.0000 1.0000
vt 0.0000 1.0000
vt 0.0000 0.0000
vt 1.0000 0.0000
vt 1.0000 1.0000
vt 0.0000 1.0000
vt 0.0000 0.0000
vt 1.0000 0.0000
vt 1.0000 1.0000
vt 0.0000 1.0000
vt 0.0000 0.0000
vt 1.0000 0.0000
vt 1.0000 1.0000
vt 0.0000 1.0000
vt 0.0000 0.0000
vt 1.0000 0.0000
vt 1.0000 1.0000
vt 0.0000 1.0000
vt 0.0000 0.0000
vt 1.0000 0.0000
vt 1.0000 1.0000
vt 0.0000 1.0000
vt 0.0000 0.0000
vt 1.0000 0.0000
vt 1.0000 1.0000
vt 0.0000 1.0000
vt 0.0000 0.0000
vt 1.0000 0.0000
vt 1.0000 1.0000
vt 0.0000 1.0000
vt 0.0000 0.0000
vt 1.0000 0.0000
vt 1.0000 1.0000
vt 0.0000 1.0000
vt 0.0000 0.0000
vt 1.0000 0.0000
vt 1.0000 1.0000
vt 0.0000 1.0000
vt 0.0000 0.0000
vt 1.0000 0.0000
vt 1.0000 1.0000
vt 0.0000 1.0000
vt 0.0000 0.0000
vt 1.0000 0.0000
vt 1.0000 1.0000
vt 0.0000 1.0000
vt 0.0000 0.0000
vt 1.0000 0.0000
vt 1.0000 1.0000
vt 0.0000 1.0000
vt 0.0000 0.0000
vt 1.0000 0.0000
vt 1.0000 1.0000
vt 0.0000 1.0000
vt 0.0000 0.0000
vt 1.0000 0.0000
vt 1.0000 1.0000
vt 0.0000 1.0000
vt 0.0000 0.0000
vt 1.0000 0.0000
vt 1.0000 1.0000
vt 0.0000 1.0000
vt 0.0000 0.0000
vt 1.0000 0.0000
vt 1.0000 1.0000
vt 0.0000 1.0000
vt 0.0000 0.0000
vt 1.0000 0.0000
vt 1.0000 1.0000
vt 0.0000 1.0000
vt 0.0000 0.0000
vt 1.0000 0.0000
vt 1.0000 1.0000
vt 0.0000 1.0000
vt 0.0000 0.0000
vt 1.0000 0.0000
vt 1.0000 1.0000
vt 0.0000 1.0000
vt 0.0000 0.0000
vt 1.0000 0.0000
vt 1.0000 1.0000
vt 0.0000 1.0000
vt 0.0000 0.0000
vt 1.0000 0.0000
vt 1.0000 1.0000
vt 0.0000 1.0000
vt 0.0000 0.0000
vt 1.0000 0.0000
vt 1.0000 1.0000
vt 0.0000 1.0000
vt 0.0000 0.0000
vt 1.0000 0.0000
vt 1.0000 1.0000
vt 0.0000 1.0000
vt 0.0000 0.0000
vt 1.0000 0.0000
vt 1.0000 1.0000
vt 0.0000 1.0000
vt 0.0000 0.0000
vt 1.0000 0.0000
vt 1.0000 1.0000
vt 0.0000 1.0000
vt 0.0000 0.0000
vt 1.0000 0.0000
vt 1.0000 1.0000
vt 0.0000 1.0000
vt 0.0000 0.0000
vt 1.0000 0.0000
vt 1.0000 1.0000
vt 0.0000 1.0000
vt 0.0000 0.0000
vt 1.0000 0.0000
vt 1.0000 1.0000
vt 0.0000 1.0000
vt 0.0000 0.0000
vt 1.0000 0.0000
vt 1.0000 1.0000
vt 0.0000 1.0000
vt 0.0000 0.0000
vt 1.0000 0.0000
vt 1.0000 1.0000
vt 0.0000 1.0000
vt 0.0000 0.0000
vt 1.0000 0.0000
vt 1.0000 1.0000
vt 0.0000 1.0000
vt 0.0000 0.0000
vt 1.0000 0.0000
vt 1.0000 1.0000
vt 0.0000 1.0000
vt 0.0000 0.0000
vt 1.0000 0.0000
vt 1.0000 1.0000
vt 0.0000 1.0000
vt 0.0000 0.0000
vt 1.0000 0.0000
vt 1.0000 1.0000
vt 0.0000 1.0000
vt 0.0000 0.0000
vt 1.0000 0.0000
vt 1.0000 1.0000
vt 0.0000 1.0000
vt 0.0000 0.0000
vt 1.0000 0.0000
vt 1.0000 1.0000
vt 0.0000 1.0000
vt 0.0000 0.0000
vt 1.0000 0.0000
vt 1.0000 1.0000
vt 0.0000 1.0000
vt 0.0000 0.0000
vt 1.0000 0.0000
vt 1.0000 1.0000
vt 0.0000 1.0000
vt 0.0000 0.0000
vt 1.0000 0.0000
vt 1.0000 1.0000
vt 0.0000 1.0000
vt 0.0000 0.0000
vt 1.0000 0.0000
vt 1.0000 1.0000
vt 0.0000 1.0000
vt 0.0000 0.0000
vt 1.0000 0.0000
vt 1.0000 1.0000
vt 0.0000 1.0000
vt 0.0000 0.0000
vt 1.0000 0.0000
vt 1.0000 1.0000
vt 0.0000 1.0000
vt 0.0000 0.0000
vt 1.0000 0.0000
vt 1.0000 1.0000
vt 0.0000 1.0000
vt 0.0000 0.0000
vt 1.0000 0.0000
vt 1.0000 1.0000
vt 0.0000 1.0000
vt 0.0000 0.0000
vt 1.0000 0.0000
vt 1.0000 1.0000
vt 0.0000 1.0000
vt 0.0000 0.0000
vt 1.0000 0.0000
vt 1.0000 1.0000
vt 0.0000 1.0000
vt 0.0000 0.0000
vt 1.0000 0.0000
vt 1.0000 1.0000
vt 0.0000 1.0000
vt 0.0000 0.0000
vt 1.0000 0.0000
vt 1.0000 1.0000
vt 0.0000 1.0000
vt 0.0000 0.0000
vt 1.0000 0.0000
vt 1.0000 1.0000
vt 0.0000 1.0000
vt 0.0000 0.0000
vt 1.0000 0.0000
vt 1.0000 1.0000
vt 0.0000 1.0000
vt 0.0000 0.0000
vt 1.0000 0.0000
vt 1.0000 1.0000
vt 0.0000 1.0000
vt 0.0000 0.0000
vt 1.0000 0.0000
vt 1.0000 1.0000
vt 0.0000 1.0000
vt 0.0000 0.0000
vt 1.0000 0.0000
vt 1.0000 1.0000
vt 0.0000 1.0000
vt 0.0000 0.0000
vt 1.0000 0.0000
vt 1.0000 1.0000
vt 0.0000 1.0000
vt 0.0000 0.0000
vt 1.0000 0.0000
vt 1.0000 1.0000
vt 0.0000 1.0000
vt 0.0000 0.0000
vt 1.0000 0.0000
vt 1.0000 1.0000
vt 0.0000 1.0000
vt 0.0000 0.0000
vt 1.0000 0.0000
vt 1.0000 1.0000
vt 0.0000 1.0000
vt 0.0000 0.0000
vt 1.0000 0.0000
vt 1.0000 1.0000
vt 0.0000 1.0000
vt 0.0000 0.0000
vt 1.0000 0.0000
vt 1.0000 1.0000
vt 0.0000 1.0000
vt 0.0000 0.0000
vt 1.0000 0.0000
vt 1.0000 1.0000
vt 0.0000 1.0000
vt 0.0000 0.0000
vt 1.0000 0.0000
vt 1.0000 1.0000
vt 0.0000 1.0000
vt 0.0000 0.0000
vt 1.0000 0.0000
vt 1.0000 1.0000
vt 0.0000 1.0000
vt 0.0000 0.0000
vt 1.0000 0.0000
vt 1.0000 1.0000
vt 0.0000 1.0000
vt 0.0000 0.0000
vt 1.0000 0.0000
vt 1.0000 1.0000
vt 0.0000 1.0000
vt 0.0000 0.0000
vt 1.0000 0.0000
vt 1.0000 1.0000
vt 0.0000 1.0000
vt 0.0000 0.0000
vt 1.0000 0.0000
vt 1.0000 1.0000
vt 0.0000 1.0000
vt 0.0000 0.0000
vt 1.0000 0.0000
vt 1.0000 1.0000
vt 0.0000 1.0000
vt 0.0000 0.0000
vt 1.0000 0.0000
vt 1.0000 1.0000
vt 0.0000 1.0000
vt 0.0000 0.0000
vt 1.0000 0.0000
vt 1.0000 1.0000
vt 0.0000 1.0000
vt 0.0000 0.0000
vt 1.0000 0.0000
vt 1.0000 1.0000
vt 0.0000 1.0000
vt 0.0000 0.0000
vt 1.0000 0.0000
vt 1.0000 1.0000
vt 0.0000 1.0000
vt 0.0000 0.0000
vt 1.0000 0.0000
vt 1.0000 1.0000
vt 0.0000 1.0000
vt 0.0000 0.0000
vt 1.0000 0.0000
vt 1.0000 1.0000
vt 0.0000 1.0000
vt 0.0000 0.0000
vt 1.0000 0.0000
vt 1.0000 1.0000
vt 0.0000 1.0000
vt 0.0000 0.0000
vt 1.0000 0.0000
vt 1.0000 1.0000
vt 0.0000 1.0000
vt 0.0000 0.0000
vt 1.0000 0.0000
vt 1.0000 1.0000
vt 0.0000 1.0000
vt 0.0000 0.0000
vt 1.0000 0.0000
vt 1.0000 1.0000
vt 0.0000 1.0000
vt 0.0000 0.0000
vt 1.0000 0.0000
vt 1.0000 1.0000
vt 0.0000 1.0000
vt 0.0000 0.0000
vt 1.0000 0.0000
vt 1.0000 1.0000
vt 0.0000 1.0000
vt 0.0000 0.0000
vt 1.0000 0.0000
vt 1.0000 1.0000
vt 0.0000 1.0000
vt 0.0000 0.0000
vt 1.0000 0.0000
vt 1.0000 1.0000
vt 0.0000 1.0000
vt 0.0000 0.0000
vt 1.0000 0.0000
vt 1.0000 1.0000
vt 0.0000 1.0000
vt 0.0000 0.0000
vt 1.0000 0.0000
vt 1.0000 1.0000
vt 0.0000 1.0000
vt 0.0000 0.0000
vt 1.0000 0.0000
vt 1.0000 1.0000
vt 0.0000 1.0000
vt 0.0000 0.0000
vt 1.0000 0.0000
vt 1.0000 1.0000
vt 0.0000 1.0000
vt 0.0000 0.0000
vt 1.0000 0.0000
vt 1.0000 1.0000
vt 0.0000 1.0000
vt 0.0000 0.0000
vt 1.0000 0.0000
vt 1.0000 1.0000
vt 0.0000 1.0000
vt 0.0000 0.0000
vt 1.0000 0.0000
vt 1.0000 1.0000
vt 0.0000 1.0000
vt 0.0000 0.0000
vt 1.0000 0.0000
vt 1.0000 1.0000
vt 0.0000 1.0000
vt 0.0000 0.0000
vt 1.0000 0.0000
vt 1.0000 1.0000
vt 0.0000 1.0000
vt 0.0000 0.0000
vt 1.0000 0.0000
vt 1.0000 1.0000
vt 0.0000 1.0000
vt 0.0000 0.0000
vt 1.0000 0.0000
vt 1.0000 1.0000
vt 0.0000 1.0000
vt 0.0000 0.0000
vt 1.0000 0.0000
vt 1.0000 1.0000
vt 0.0000 1.0000
vt 0.0000 0.0000
vt 1.0000 0.0000
vt 1.0000 1.0000
vt 0.0000 1.0000
vt 0.0000 0.0000
vt 1.0000 0.0000
vt 1.0000 1.0000
vt 0.0000 1.0000
vt 0.0000 0.0000
vt 1.0000 0.0000
vt 1.0000 1.0000
vt 0.0000 1.0000
vt 0.0000 0.0000
vt 1.0000 0.0000
vt 1.0000 1.0000
vt 0.0000 1.0000
vt 0.0000 0.0000
vt 1.0000 0.0000
vt 1.0000 1.0000
vt 0.0000 1.0000
vt 0.0000 0.0000
vt 1.0000 0.0000
vt 1.0000 1.0000
vt 0.0000 1.0000
vt 0.0000 0.0000
vt 1.0000 0.0000
vt 1.0000 1.0000
vt 0.0000 1.0000
vt 0.0000 0.0000
vt 1.0000 0.0000
vt 1.0000 1.0000
vt 0.0000 1.0000
vt 0.0000 0.0000
vt 1.0000 0.0000
vt 1.0000 1.0000
vt 0.0000 1.0000
vt 0.0000 0.0000
vt 1.0000 0.0000
vt 1.0000 1.0000
vt 0.0000 1.0000
vt 0.0000 0.0000
vt 1.0000 0.0000
vt 1.0000 1.0000
vt 0.0000 1.0000
vt 0.0000 0.0000
vt 1.0000 0.0000
vt 1.0000 1.0000
vt 0.0000 1.0000
vt 0.0000 0.0000
vt 1.0000 0.0000
vt 1.0000 1.0000
vt 0.0000 1.0000
vt 0.0000 0.0000
vt 1.0000 0.0000
vt 1.0000 1.0000
vt 0.0000 1.0000
vt 0.0000 0.0000
vt 1.0000 0.0000
vt 1.0000 1.0000
vt 0.0000 1.0000
vt 0.0000 0.0000
vt 1.0000 0.0000
vt 1.0000 1.0000
vt 0.0000 1.0000
vt 0.0000 0.0000
vt 1.0000 0.0000
vt 1.0000 1.0000
vt 0.0000 1.0000
vt 0.0000 0.0000
vt 1.0000 0.0000
vt 1.0000 1.0000
vt 0.0000 1.0000
vt 0.0000 0.0000
vt 1.0000 0.0000
vt 1.0000 1.0000
vt 0.0000 1.0000
vt 0.0000 0.0000
vt 1.0000 0.0000
vt 1.0000 1.0000
vt 0.0000 1.0000
vt 0.0000 0.0000
vt 1.0000 0.0000
vt 1.0000 1.0000
vt 0.0000 1.0000
vt 0.0000 0.0000
vt 1.0000 0.0000
vt 1.0000 1.0000
vt 0.0000 1.0000
vt 0.0000 0.0000
vt 1.0000 0.0000
vt 1.0000 1.0000
vt 0.0000 1.0000
vt 0.0000 0.0000
vt 1.0000 0.0000
vt 1.0000 1.0000
vt 0.0000 1.0000
vt 0.0000 0.0000
vt 1.0000 0.0000
vt 1.0000 1.0000
vt 0.0000 1.0000
vt 0.0000 0.0000
vt 1.0000 0.0000
vt 1.0000 1.0000
vt 0.0000 1.0000
vt 0.0000 0.0000
vt 1.0000 0.0000
vt 1.0000 1.0000
vt 0.0000 1.0000
vt 0.0000 0.0000
vt 1.0000 0.0000
vt 1.0000 1.0000
vt 0.0000 1.0000
vt 0.0000 0.0000
vt 1.0000 0.0000
vt 1.0000 1.0000
vt 0.0000 1.0000
vt 0.0000 0.0000
vt 1.0000 0.0000
vt 1.0000 1.0000
vt 0.0000 1.0000
vt 0.0000 0.0000
vt 1.0000 0.0000
vt 1.0000 1.0000
vt 0.0000 1.0000
vt 0.0000 0.0000
vt 1.0000 0.0000
vt 1.0000 1.0000
vt 0.0000 1.0000
vt 0.0000 0.0000
vt 1.0000 0.0000
vt 1.0000 1.0000
vt 0.0000 1.0000
vt 0.0000 0.0000
vt 1.0000 0.0000
vt 1.0000 1.0000
vt 0.0000 1.0000
vt 0.0000 0.0000
vt 1.0000 0.0000
vt 1.0000 1.0000
vt 0.0000 1.0000
vt 0.0000 0.0000
vt 1.0000 0.0000
vt 1.0000 1.0000
vt 0.0000 1.0000
vt 0.0000 0.0000
vt 1.0000 0.0000
vt 1.0000 1.0000
vt 0.0000 1.0000
vt 0.0000 0.0000
vt 1.0000 0.0000
vt 1.0000 1.0000
vt 0.0000 1.0000
vt 0.0000 0.0000
vt 1.0000 0.0000
vt 1.0000 1.0000
vt 0.0000 1.0000
vt 0.0000 0.0000
vt 1.0000 0.0000
vt 1.0000 1.0000
vt 0.0000 1.0000
vt 0.0000 0.0000
vt 1.0000 0.0000
vt 1.0000 1.0000
vt 0.0000 1.0000
vt 0.0000 0.0000
vt 1.0000 0.0000
vt 1.0000 1.0000
vt 0.0000 1.0000
vt 0.0000 0.0000
vt 1.0000 0.0000
vt 1.0000 1.0000
vt 0.0000 1.0000
vt 0.0000 0.0000
vt 1.0000 0.0000
vt 1.0000 1.0000
vt 0.0000 1.0000
vt 0.0000 0.0000
vt 1.0000 0.0000
vt 1.0000 1.0000
vt 0.0000 1.0000
vt 0.0000 0.0000
vt 1.0000 0.0000
vt 1.0000 1.0000
vt 0.0000 1.0000
vt 0.0000 0.0000
vt 1.0000 0.0000
vt 1.0000 1.0000
vt 0.0000 1.0000
vt 0.0000 0.0000
vt 1.0000 0.0000
vt 1.0000 1.0000
vt 0.0000 1.0000
vt 0.0000 0.0000
vt 1.0000 0.0000
vt 1.0000 1.0000
vt 0.0000 1.0000
vt 0.0000 0.0000
vt 1.0000 0.0000
vt 1.0000 1.0000
vt 0.0000 1.0000
vt 0.0000 0.0000
vt 1.0000 0.0000
vt 1.0000 1.0000
vt 0.0000 1.0000
vt 0.0000 0.0000
vt 1.0000 0.0000
vt 1.0000 1.0000
vt 0.0000 1.0000
vt 0.0000 0.0000
vt 1.0000 0.0000
vt 1.0000 1.0000
vt 0.0000 1.0000
vt 0.0000 0.0000
vt 1.0000 0.0000
vt 1.0000 1.0000
vt 0.0000 1.0000
vt 0.0000 0.0000
vt 1.0000 0.0000
vt 1.0000 1.0000
vt 0.0000 1.0000
vt 0.0000 0.0000
vt 1.0000 0.0000
vt 1.0000 1.0000
vt 0.0000 1.0000
vt 0.0000 0.0000
vt 1.0000 0.0000
vt 1.0000 1.0000
vt 0.0000 1.0000
vt 0.0000 0.0000
vt 1.0000 0.0000
vt 1.0000 1.0000
vt 0.0000 1.0000
vt 0.0000 0.0000
vt 1.0000 0.0000
vt 1.0000 1.0000
vt 0.0000 1.0000
vt 0.0000 0.0000
vt 1.0000 0.0000
vt 1.0000 1.0000
vt 0.0000 1.0000
vt 0.0000 0.0000
vt 1.0000 0.0000
vt 1.0000 1.0000
vt 0.0000 1.0000
vt 0.0000 0.0000
vt 1.0000 0.0000
vt 1.0000 1.0000
vt 0.0000 1.0000
vt 0.0000 0.0000
vt 1.0000 0.0000
vt 1.0000 1.0000
vt 0.0000 1.0000
vt 0.0000 0.0000
vt 1.0000 0.0000
vt 1.0000 1.0000
vt 0.0000 1.0000
vt 0.0000 0.0000
vt 1.0000 0.0000
vt 1.0000 1.0000
vt 0.0000 1.0000
vt 0.0000 0.0000
vt 1.0000 0.0000
vt 1.0000 1.0000
vt 0.0000 1.0000
vt 0.0000 0.0000
vt 1.0000 0.0000
vt 1.0000 1.0000
vt 0.0000 1.0000
vt 0.0000 0.0000
vt 1.0000 0.0000
vt 1.0000 1.0000
vt 0.0000 1.0000
vt 0.0000 0.0000
vt 1.0000 0.0000
vt 1.0000 1.0000
vt 0.0000 1.0000
vt 0.0000 0.0000
vt 1.0000 0.0000
vt 1.0000 1.0000
vt 0.0000 1.0000
vt 0.0000 0.0000
vt 1.0000 0.0000
vt 1.0000 1.0000
vt 0.0000 1.0000
vt 0.0000 0.0000
vt 1.0000 0.0000
vt 1.0000 1.0000
vt 0.0000 1.0000
vt 0.0000 0.0000
vt 1.0000 0.0000
vt 1.0000 1.0000
vt 0.0000 1.0000
vt 0.0000 0.0000
vt 1.0000 0.0000
vt 1.0000 1.0000
vt 0.0000 1.0000
vt 0.0000 0.0000
vt 1.0000 0.0000
vt 1.0000 1.0000
vt 0.0000 1.0000
vt 0.0000 0.0000
vt 1.0000 0.0000
vt 1.0000 1.0000
vt 0.0000 1.0000
vt 0.0000 0.0000
vt 1.0000 0.0000
vt 1.0000 1.0000
vt 0.0000 1.0000
vt 0.0000 0.0000
vt 1.0000 0.0000
vt 1.0000 1.0000
vt 0.0000 1.0000
vt 0.0000 0.0000
vt 1.0000 0.0000
vt 1.0000 1.0000
vt 0.0000 1.0000
vt 0.0000 0.0000
vt 1.0000 0.0000
vt 1.0000 1.0000
vt 0.0000 1.0000
vt 0.0000 0.0000
vt 1.0000 0.0000
vt 1.0000 1.0000
vt 0.0000 1.0000
vt 0.0000 0.0000
vt 1.0000 0.0000
vt 1.0000 1.0000
vt 0.0000 1.0000
vt 0.0000 0.0000
vt 1.0000 0.0000
vt 1.0000 1.0000
vt 0.0000 1.0000
vt 0.0000 0.0000
vt 0.0833 0.0000
vt 0.0833 1.0000
vt 0.0000 1.0000
vt 0.0833 0.0000
vt 0.1667 0.0000
vt 0.1667 1.0000
vt 0.0833 1.0000
vt 0.1667 0.0000
vt 0.2500 0.0000
vt 0.2500 1.0000
vt 0.1667 1.0000
vt 0.2500 0.0000
vt 0.3333 0.0000
vt 0.3333 1.0000
vt 0.2500 1.0000
vt 0.3333 0.0000
vt 0.4167 0.0000
vt 0.4167 1.0000
vt 0.3333 1.0000
vt 0.4167 0.0000
vt 0.5000 0.0000
vt 0.5000 1.0000
vt 0.4167 1.0000
vt 0.5000 0.0000
vt 0.5833 0.0000
vt 0.5833 1.0000
vt 0.5000 1.0000
vt 0.5833 0.0000
vt 0.6667 0.0000
vt 0.6667 1.0000
vt 0.5833 1.0000
vt 0.6667 0.0000
vt 0.7500 0.0000
vt 0.7500 1.0000
vt 0.6667 1.0000
vt 0.7500 0.0000
vt 0.8333 0.0000
vt 0.8333 1.0000
vt 0.7500 1.0000
vt 0.8333 0.0000
vt 0.9167 0.0000
vt 0.9167 1.0000
vt 0.8333 1.0000
vt 0.9167 0.0000
vt 1.0000 0.0000
vt 1.0000 1.0000
vt 0.9167 1.0000
vt 0.0000 0.0000
vt 0.0833 0.0000
vt 0.0833 1.0000
vt 0.0000 1.0000
vt 0.0833 0.0000
vt 0.1667 0.0000
vt 0.1667 1.0000
vt 0.0833 1.0000
vt 0.1667 0.0000
vt 0.2500 0.0000
vt 0.2500 1.0000
vt 0.1667 1.0000
vt 0.2500 0.0000
vt 0.3333 0.0000
vt 0.3333 1.0000
vt 0.2500 1.0000
vt 0.3333 0.0000
vt 0.4167 0.0000
vt 0.4167 1.0000
vt 0.3333 1.0000
vt 0.4167 0.0000
vt 0.5000 0.0000
vt 0.5000 1.0000
vt 0.4167 1.0000
vt 0.5000 0.0000
vt 0.5833 0.0000
vt 0.5833 1.0000
vt 0.5000 1.0000
vt 0.5833 0.0000
vt 0.6667 0.0000
vt 0.6667 1.0000
vt 0.5833 1.0000
vt 0.6667 0.0000
vt 0.7500 0.0000
vt 0.7500 1.0000
vt 0.6667 1.0000
vt 0.7500 0.0000
vt 0.8333 0.0000
vt 0.8333 1.0000
vt 0.7500 1.0000
vt 0.8333 0.0000
vt 0.9167 0.0000
vt 0.9167 1.0000
vt 0.8333 1.0000
vt 0.9167 0.0000
vt 1.0000 0.0000
vt 1.0000 1.0000
vt 0.9167 1.0000
vt 0.0833 0.0000
vt 0.0000 0.0000
vt 0.0000 1.0000
vt 0.0833 1.0000
vt 0.1667 0.0000
vt 0.0833 0.0000
vt 0.0833 1.0000
vt 0.1667 1.0000
vt 0.2500 0.0000
vt 0.1667 0.0000
vt 0.1667 1.0000
vt 0.2500 1.0000
vt 0.3333 0.0000
vt 0.2500 0.0000
vt 0.2500 1.0000
vt 0.3333 1.0000
vt 0.4167 0.0000
vt 0.3333 0.0000
vt 0.3333 1.0000
vt 0.4167 1.0000
vt 0.5000 0.0000
vt 0.4167 0.0000
vt 0.4167 1.0000
vt 0.5000 1.0000
vt 0.5833 0.0000
vt 0.5000 0.0000
vt 0.5000 1.0000
vt 0.5833 1.0000
vt 0.6667 0.0000
vt 0.5833 0.0000
vt 0.5833 1.0000
vt 0.6667 1.0000
vt 0.7500 0.0000
vt 0.6667 0.0000
vt 0.6667 1.0000
vt 0.7500 1.0000
vt 0.8333 0.0000
vt 0.7500 0.0000
vt 0.7500 1.0000
vt 0.8333 1.0000
vt 0.9167 0.0000
vt 0.8333 0.0000
vt 0.8333 1.0000
vt 0.9167 1.0000
vt 1.0000 0.0000
vt 0.9167 0.0000
vt 0.9167 1.0000
vt 1.0000 1.0000
vt 0.0000 0.0000
vt 0.1250 0.0000
vt 0.1250 1.0000
vt 0.0000 1.0000
vt 0.1250 0.0000
vt 0.2500 0.0000
vt 0.2500 1.0000
vt 0.1250 1.0000
vt 0.2500 0.0000
vt 0.3750 0.0000
vt 0.3750 1.0000
vt 0.2500 1.0000
vt 0.3750 0.0000
vt 0.5000 0.0000
vt 0.5000 1.0000
vt 0.3750 1.0000
vt 0.5000 0.0000
vt 0.6250 0.0000
vt 0.6250 1.0000
vt 0.5000 1.0000
vt 0.6250 0.0000
vt 0.7500 0.0000
vt 0.7500 1.0000
vt 0.6250 1.0000
vt 0.7500 0.0000
vt 0.8750 0.0000
vt 0.8750 1.0000
vt 0.7500 1.0000
vt 0.8750 0.0000
vt 1.0000 0.0000
vt 1.0000 1.0000
vt 0.8750 1.0000
vt 0.0000 0.0000
vt 0.0313 0.0000
vt 0.0313 1.0000
vt 0.0000 1.0000
vt 0.0313 0.0000
vt 0.0625 0.0000
vt 0.0625 1.0000
vt 0.0313 1.0000
vt 0.0625 0.0000
vt 0.0938 0.0000
vt 0.0938 1.0000
vt 0.0625 1.0000
vt 0.0938 0.0000
vt 0.1250 0.0000
vt 0.1250 1.0000
vt 0.0938 1.0000
vt 0.1250 0.0000
vt 0.1563 0.0000
vt 0.1563 1.0000
vt 0.1250 1.0000
vt 0.1563 0.0000
vt 0.1875 0.0000
vt 0.1875 1.0000
vt 0.1563 1.0000
vt 0.1875 0.0000
vt 0.2188 0.0000
vt 0.2188 1.0000
vt 0.1875 1.0000
vt 0.2188 0.0000
vt 0.2500 0.0000
vt 0.2500 1.0000
vt 0.2188 1.0000
vt 0.2500 0.0000
vt 0.2813 0.0000
vt 0.2813 1.0000
vt 0.2500 1.0000
vt 0.2813 0.0000
vt 0.3125 0.0000
vt 0.3125 1.0000
vt 0.2813 1.0000
vt 0.3125 0.0000
vt 0.3438 0.0000
vt 0.3438 1.0000
vt 0.3125 1.0000
vt 0.3438 0.0000
vt 0.3750 0.0000
vt 0.3750 1.0000
vt 0.3438 1.0000
vt 0.3750 0.0000
vt 0.4063 0.0000
vt 0.4063 1.0000
vt 0.3750 1.0000
vt 0.4063 0.0000
vt 0.4375 0.0000
vt 0.4375 1.0000
vt 0.4063 1.0000
vt 0.4375 0.0000
vt 0.4688 0.0000
vt 0.4688 1.0000
vt 0.4375 1.0000
vt 0.4688 0.0000
vt 0.5000 0.0000
vt 0.5000 1.0000
vt 0.4688 1.0000
vt 0.5000 0.0000
vt 0.5313 0.0000
vt 0.5313 1.0000
vt 0.5000 1.0000
vt 0.5313 0.0000
vt 0.5625 0.0000
vt 0.5625 1.0000
vt 0.5313 1.0000
vt 0.5625 0.0000
vt 0.5938 0.0000
vt 0.5938 1.0000
vt 0.5625 1.0000
vt 0.5938 0.0000
vt 0.6250 0.0000
vt 0.6250 1.0000
vt 0.5938 1.0000
vt 0.6250 0.0000
vt 0.6563 0.0000
vt 0.6563 1.0000
vt 0.6250 1.0000
vt 0.6563 0.0000
vt 0.6875 0.0000
vt 0.6875 1.0000
vt 0.6563 1.0000
vt 0.6875 0.0000
vt 0.7188 0.0000
vt 0.7188 1.0000
vt 0.6875 1.0000
vt 0.7188 0.0000
vt 0.7500 0.0000
vt 0.7500 1.0000
vt 0.7188 1.0000
vt 0.7500 0.0000
vt 0.7813 0.0000
vt 0.7813 1.0000
vt 0.7500 1.0000
vt 0.7813 0.0000
vt 0.8125 0.0000
vt 0.8125 1.0000
vt 0.7813 1.0000
vt 0.8125 0.0000
vt 0.8438 0.0000
vt 0.8438 1.0000
vt 0.8125 1.0000
vt 0.8438 0.0000
vt 0.8750 0.0000
vt 0.8750 1.0000
vt 0.8438 1.0000
vt 0.8750 0.0000
vt 0.9063 0.0000
vt 0.9063 1.0000
vt 0.8750 1.0000
vt 0.9063 0.0000
vt 0.9375 0.0000
vt 0.9375 1.0000
vt 0.9063 1.0000
vt 0.9375 0.0000
vt 0.9688 0.0000
vt 0.9688 1.0000
vt 0.9375 1.0000
vt 0.9688 0.0000
vt 1.0000 0.0000
vt 1.0000 1.0000
vt 0.9688 1.0000
vt 0.0313 0.0000
vt 0.0000 0.0000
vt 0.0000 1.0000
vt 0.0313 1.0000
vt 0.0625 0.0000
vt 0.0313 0.0000
vt 0.0313 1.0000
vt 0.0625 1.0000
vt 0.0938 0.0000
vt 0.0625 0.0000
vt 0.0625 1.0000
vt 0.0938 1.0000
vt 0.1250 0.0000
vt 0.0938 0.0000
vt 0.0938 1.0000
vt 0.1250 1.0000
vt 0.1563 0.0000
vt 0.1250 0.0000
vt 0.1250 1.0000
vt 0.1563 1.0000
vt 0.1875 0.0000
vt 0.1563 0.0000
vt 0.1563 1.0000
vt 0.1875 1.0000
vt 0.2188 0.0000
vt 0.1875 0.0000
vt 0.1875 1.0000
vt 0.2188 1.0000
vt 0.2500 0.0000
vt 0.2188 0.0000
vt 0.2188 1.0000
vt 0.2500 1.0000
vt 0.2813 0.0000
vt 0.2500 0.0000
vt 0.2500 1.0000
vt 0.2813 1.0000
vt 0.3125 0.0000
vt 0.2813 0.0000
vt 0.2813 1.0000
vt 0.3125 1.0000
vt 0.3438 0.0000
vt 0.3125 0.0000
vt 0.3125 1.0000
vt 0.3438 1.0000
vt 0.3750 0.0000
vt 0.3438 0.0000
vt 0.3438 1.0000
vt 0.3750 1.0000
vt 0.4063 0.0000
vt 0.3750 0.0000
vt 0.3750 1.0000
vt 0.4063 1.0000
vt 0.4375 0.0000
vt 0.4063 0.0000
vt 0.4063 1.0000
vt 0.4375 1.0000
vt 0.4688 0.0000
vt 0.4375 0.0000
vt 0.4375 1.0000
vt 0.4688 1.0000
vt 0.5000 0.0000
vt 0.4688 0.0000
vt 0.4688 1.0000
vt 0.5000 1.0000
vt 0.5313 0.0000
vt 0.5000 0.0000
vt 0.5000 1.0000
vt 0.5313 1.0000
vt 0.5625 0.0000
vt 0.5313 0.0000
vt 0.5313 1.0000
vt 0.5625 1.0000
vt 0.5938 0.0000
vt 0.5625 0.0000
vt 0.5625 1.0000
vt 0.5938 1.0000
vt 0.6250 0.0000
vt 0.5938 0.0000
vt 0.5938 1.0000
vt 0.6250 1.0000
vt 0.6563 0.0000
vt 0.6250 0.0000
vt 0.6250 1.0000
vt 0.6563 1.0000
vt 0.6875 0.0000
vt 0.6563 0.0000
vt 0.6563 1.0000
vt 0.6875 1.0000
vt 0.7188 0.0000
vt 0.6875 0.0000
vt 0.6875 1.0000
vt 0.7188 1.0000
vt 0.7500 0.0000
vt 0.7188 0.0000
vt 0.7188 1.0000
vt 0.7500 1.0000
vt 0.7813 0.0000
vt 0.7500 0.0000
vt 0.7500 1.0000
vt 0.7813 1.0000
vt 0.8125 0.0000
vt 0.7813 0.0000
vt 0.7813 1.0000
vt 0.8125 1.0000
vt 0.8438 0.0000
vt 0.8125 0.0000
vt 0.8125 1.0000
vt 0.8438 1.0000
vt 0.8750 0.0000
vt 0.8438 0.0000
vt 0.8438 1.0000
vt 0.8750 1.0000
vt 0.9063 0.0000
vt 0.8750 0.0000
vt 0.8750 1.0000
vt 0.9063 1.0000
vt 0.9375 0.0000
vt 0.9063 0.0000
vt 0.9063 1.0000
vt 0.9375 1.0000
vt 0.9688 0.0000
vt 0.9375 0.0000
vt 0.9375 1.0000
vt 0.9688 1.0000
vt 1.0000 0.0000
vt 0.9688 0.0000
vt 0.9688 1.0000
vt 1.0000 1.0000
vt 0.5000 0.5000
vt 0.5000 0.5000
vt 0.5000 1.0000
vt 0.5000 1.0000
vt 0.6913 0.9619
vt 0.6913 0.9619
vt 0.8536 0.8536
vt 0.8536 0.8536
vt 0.9619 0.6913
vt 0.9619 0.6913
vt 1.0000 0.5000
vt 1.0000 0.5000
vt 0.9619 0.3087
vt 0.9619 0.3087
vt 0.8536 0.1464
vt 0.8536 0.1464
vt 0.6913 0.0381
vt 0.6913 0.0381
vt 0.5000 0.0000
vt 0.5000 0.0000
vt 0.3087 0.0381
vt 0.3087 0.0381
vt 0.1464 0.1464
vt 0.1464 0.1464
vt 0.0381 0.3087
vt 0.0381 0.3087
vt 0.0000 0.5000
vt 0.0000 0.5000
vt 0.0381 0.6913
vt 0.0381 0.6913
vt 0.1464 0.8536
vt 0.1464 0.8536
vt 0.3087 0.9619
vt 0.3087 0.9619
vt 0.0000 0.0000
vt 1.0000 0.0000
vt 0.0000 1.0000
vt 1.0000 1.0000
vt 0.0000 0.0000
vt 1.0000 0.0000
vt 0.0000 1.0000
vt 1.0000 1.0000
vt 0.0000 0.0000
vt 1.0000 0.0000
vt 0.0000 1.0000
vt 1.0000 1.0000
vt 0.0000 0.0000
vt 1.0000 0.0000
vt 0.0000 1.0000
vt 1.0000 1.0000
vt 0.0000 0.0000
vt 1.0000 0.0000
vt 0.0000 1.0000
vt 1.0000 1.0000
vt 0.0000 0.0000
vt 1.0000 0.0000
vt 0.0000 1.0000
vt 1.0000 1.0000
vt 0.0000 0.0000
vt 1.0000 0.0000
vt 0.0000 1.0000
vt 1.0000 1.0000
vt 0.0000 0.0000
vt 1.0000 0.0000
vt 0.0000 1.0000
vt 1.0000 1.0000
vt 0.0000 0.0000
vt 1.0000 0.0000
vt 0.0000 1.0000
vt 1.0000 1.0000
vt 0.0000 0.0000
vt 1.0000 0.0000
vt 0.0000 1.0000
vt 1.0000 1.0000
vt 0.0000 0.0000
vt 1.0000 0.0000
vt 0.0000 1.0000
vt 1.0000 1.0000
vt 0.0000 0.0000
vt 1.0000 0.0000
vt 0.0000 1.0000
vt 1.0000 1.0000
vt 0.0000 0.0000
vt 1.0000 0.0000
vt 0.0000 1.0000
vt 1.0000 1.0000
vt 0.0000 0.0000
vt 1.0000 0.0000
vt 0.0000 1.0000
vt 1.0000 1.0000
vt 0.0000 0.0000
vt 1.0000 0.0000
vt 0.0000 1.0000
vt 1.0000 1.0000
vt 0.0000 0.0000
vt 1.0000 0.0000
vt 0.0000 1.0000
vt 1.0000 1.0000
vt 0.0000 0.0000
vt 1.0000 0.0000
vt 1.0000 1.0000
vt 0.0000 1.0000
vt 0.0000 0.0000
vt 1.0000 0.0000
vt 1.0000 1.0000
vt 0.0000 1.0000
vt 0.0000 0.0000
vt 1.0000 0.0000
vt 1.0000 1.0000
vt 0.0000 1.0000
vt 0.0000 0.0000
vt 1.0000 0.0000
vt 1.0000 1.0000
vt 0.0000 1.0000
vt 0.0000 0.0000
vt 1.0000 0.0000
vt 1.0000 1.0000
vt 0.0000 1.0000
vt 0.0000 0.0000
vt 1.0000 0.0000
vt 1.0000 1.0000
vt 0.0000 1.0000
vt 0.0000 0.0000
vt 1.0000 0.0000
vt 1.0000 1.0000
vt 0.0000 1.0000
vt 0.0000 0.0000
vt 1.0000 0.0000
vt 1.0000 1.0000
vt 0.0000 1.0000
vt 0.0000 0.0000
vt 1.0000 0.0000
vt 1.0000 1.0000
vt 0.0000 1.0000
vt 0.0000 0.0000
vt 1.0000 0.0000
vt 1.0000 1.0000
vt 0.0000 1.0000
vt 0.0000 0.0000
vt 1.0000 0.0000
vt 1.0000 1.0000
vt 0.0000 1.0000
vt 0.0000 0.0000
vt 1.0000 0.0000
vt 1.0000 1.0000
vt 0.0000 1.0000
vt 0.0000 0.0000
vt 0.0625 0.0000
vt 0.0625 1.0000
vt 0.0000 1.0000
vt 0.0625 0.0000
vt 0.1250 0.0000
vt 0.1250 1.0000
vt 0.0625 1.0000
vt 0.1250 0.0000
vt 0.1875 0.0000
vt 0.1875 1.0000
vt 0.1250 1.0000
vt 0.1875 0.0000
vt 0.2500 0.0000
vt 0.2500 1.0000
vt 0.1875 1.0000
vt 0.2500 0.0000
vt 0.3125 0.0000
vt 0.3125 1.0000
vt 0.2500 1.0000
vt 0.3125 0.0000
vt 0.3750 0.0000
vt 0.3750 1.0000
vt 0.3125 1.0000
vt 0.3750 0.0000
vt 0.4375 0.0000
vt 0.4375 1.0000
vt 0.3750 1.0000
vt 0.4375 0.0000
vt 0.5000 0.0000
vt 0.5000 1.0000
vt 0.4375 1.0000
vt 0.5000 0.0000
vt 0.5625 0.0000
vt 0.5625 1.0000
vt 0.5000 1.0000
vt 0.5625 0.0000
vt 0.6250 0.0000
vt 0.6250 1.0000
vt 0.5625 1.0000
vt 0.6250 0.0000
vt 0.6875 0.0000
vt 0.6875 1.0000
vt 0.6250 1.0000
vt 0.6875 0.0000
vt 0.7500 0.0000
vt 0.7500 1.0000
vt 0.6875 1.0000
vt 0.7500 0.0000
vt 0.8125 0.0000
vt 0.8125 1.0000
vt 0.7500 1.0000
vt 0.8125 0.0000
vt 0.8750 0.0000
vt 0.8750 1.0000
vt 0.8125 1.0000
vt 0.8750 0.0000
vt 0.9375 0.0000
vt 0.9375 1.0000
vt 0.8750 1.0000
vt 0.9375 0.0000
vt 1.0000 0.0000
vt 1.0000 1.0000
vt 0.9375 1.0000
vt 0.0625 0.0000
vt 0.0000 0.0000
vt 0.0000 1.0000
vt 0.0625 1.0000
vt 0.1250 0.0000
vt 0.0625 0.0000
vt 0.0625 1.0000
vt 0.1250 1.0000
vt 0.1875 0.0000
vt 0.1250 0.0000
vt 0.1250 1.0000
vt 0.1875 1.0000
vt 0.2500 0.0000
vt 0.1875 0.0000
vt 0.1875 1.0000
vt 0.2500 1.0000
vt 0.3125 0.0000
vt 0.2500 0.0000
vt 0.2500 1.0000
vt 0.3125 1.0000
vt 0.3750 0.0000
vt 0.3125 0.0000
vt 0.3125 1.0000
vt 0.3750 1.0000
vt 0.4375 0.0000
vt 0.3750 0.0000
vt 0.3750 1.0000
vt 0.4375 1.0000
vt 0.5000 0.0000
vt 0.4375 0.0000
vt 0.4375 1.0000
vt 0.5000 1.0000
vt 0.5625 0.0000
vt 0.5000 0.0000
vt 0.5000 1.0000
vt 0.5625 1.0000
vt 0.6250 0.0000
vt 0.5625 0.0000
vt 0.5625 1.0000
vt 0.6250 1.0000
vt 0.6875 0.0000
vt 0.6250 0.0000
vt 0.6250 1.0000
vt 0.6875 1.0000
vt 0.7500 0.0000
vt 0.6875 0.0000
vt 0.6875 1.0000
vt 0.7500 1.0000
vt 0.8125 0.0000
vt 0.7500 0.0000
vt 0.7500 1.0000
vt 0.8125 1.0000
vt 0.8750 0.0000
vt 0.8125 0.0000
vt 0.8125 1.0000
vt 0.8750 1.0000
vt 0.9375 0.0000
vt 0.8750 0.0000
vt 0.8750 1.0000
vt 0.9375 1.0000
vt 1.0000 0.0000
vt 0.9375 0.0000
vt 0.9375 1.0000
vt 1.0000 1.0000
vt 0.0000 0.0000
vt 1.0000 0.0000
vt 1.0000 1.0000
vt 0.0000 1.0000
vt 0.0000 0.0000
vt 1.0000 0.0000
vt 1.0000 1.0000
vt 0.0000 1.0000
vt 0.0000 0.0000
vt 1.0000 0.0000
vt 1.0000 1.0000
vt 0.0000 1.0000
vt 0.0000 0.0000
vt 1.0000 0.0000
vt 1.0000 1.0000
vt 0.0000 1.0000
vt 0.0000 0.0000
vt 1.0000 0.0000
vt 1.0000 1.0000
vt 0.0000 1.0000
vt 0.0000 0.0000
vt 1.0000 0.0000
vt 1.0000 1.0000
vt 0.0000 1.0000
vt 0.0000 0.0000
vt 1.0000 0.0000
vt 1.0000 1.0000
vt 0.0000 1.0000
vt 0.0000 0.0000
vt 1.0000 0.0000
vt 1.0000 1.0000
vt 0.0000 1.0000
vt 0.0000 0.0000
vt 1.0000 0.0000
vt 1.0000 1.0000
vt 0.0000 1.0000
vt 0.0000 0.0000
vt 1.0000 0.0000
vt 1.0000 1.0000
vt 0.0000 1.0000
vt 0.0000 0.0000
vt 1.0000 0.0000
vt 1.0000 1.0000
vt 0.0000 1.0000
vt 0.0000 0.0000
vt 1.0000 0.0000
vt 1.0000 1.0000
vt 0.0000 1.0000
vt 0.0000 0.0000
vt 1.0000 0.0000
vt 1.0000 1.0000
vt 0.0000 1.0000
vt 0.0000 0.0000
vt 1.0000 0.0000
vt 1.0000 1.0000
vt 0.0000 1.0000
vt 0.0000 0.0000
vt 1.0000 0.0000
vt 1.0000 1.0000
vt 0.0000 1.0000
vt 0.0000 0.0000
vt 1.0000 0.0000
vt 1.0000 1.0000
vt 0.0000 1.0000
vt 0.0000 0.0000
vt 1.0000 0.0000
vt 1.0000 1.0000
vt 0.0000 1.0000
vt 0.0000 0.0000
vt 1.0000 0.0000
vt 1.0000 1.0000
vt 0.0000 1.0000
vt 0.0000 0.0000
vt 1.0000 0.0000
vt 1.0000 1.0000
vt 0.0000 1.0000
vt 0.0000 0.0000
vt 1.0000 0.0000
vt 1.0000 1.0000
vt 0.0000 1.0000
vt 0.0000 0.0000
vt 1.0000 0.0000
vt 1.0000 1.0000
vt 0.0000 1.0000
vt 0.0000 0.0000
vt 1.0000 0.0000
vt 1.0000 1.0000
vt 0.0000 1.0000
vt 0.0000 0.0000
vt 1.0000 0.0000
vt 1.0000 1.0000
vt 0.0000 1.0000
vt 0.0000 0.0000
vt 1.0000 0.0000
vt 1.0000 1.0000
vt 0.0000 1.0000
vt 0.5000 0.5000
vt 0.5000 0.5000
vt 0.5000 1.0000
vt 0.5000 1.0000
vt 0.7500 0.9330
vt 0.7500 0.9330
vt 0.9330 0.7500
vt 0.9330 0.7500
vt 1.0000 0.5000
vt 1.0000 0.5000
vt 0.9330 0.2500
vt 0.9330 0.2500
vt 0.7500 0.0670
vt 0.7500 0.0670
vt 0.5000 0.0000
vt 0.5000 0.0000
vt 0.2500 0.0670
vt 0.2500 0.0670
vt 0.0670 0.2500
vt 0.0670 0.2500
vt 0.0000 0.5000
vt 0.0000 0.5000
vt 0.0670 0.7500
vt 0.0670 0.7500
vt 0.2500 0.9330
vt 0.2500 0.9330
vn 0.0000 1.0000 0.0000
vn 0.0000 1.0000 0.0000
vn 0.0000 0.0000 1.0000
vn 0.0000 1.0000 0.0000
vn 0.2588 0.0000 0.9659
vn 0.0000 1.0000 0.0000
vn 0.5000 0.0000 0.8660
vn 0.0000 1.0000 0.0000
vn 0.7071 0.0000 0.7071
vn 0.0000 1.0000 0.0000
vn 0.8660 0.0000 0.5000
vn 0.0000 1.0000 0.0000
vn 0.9659 0.0000 0.2588
vn 0.0000 1.0000 0.0000
vn 1.0000 0.0000 0.0000
vn 0.0000 1.0000 0.0000
vn 0.9659 0.0000 -0.2588
vn 0.0000 1.0000 0.0000
vn 0.8660 0.0000 -0.5000
vn 0.0000 1.0000 0.0000
vn 0.7071 0.0000 -0.7071
vn 0.0000 1.0000 0.0000
vn 0.5000 0.0000 -0.8660
vn 0.0000 1.0000 0.0000
vn 0.2588 0.0000 -0.9659
vn 0.0000 1.0000 0.0000
vn 0.0000 0.0000 -1.0000
vn 0.0000 1.0000 0.0000
vn -0.2588 0.0000 -0.9659
vn 0.0000 1.0000 0.0000
vn -0.5000 0.0000 -0.8660
vn 0.0000 1.0000 0.0000
vn -0.7071 0.0000 -0.7071
vn 0.0000 1.0000 0.0000
vn -0.8660 0.0000 -0.5000
vn 0.0000 1.0000 0.0000
vn -0.9659 0.0000 -0.2588
vn 0.0000 1.0000 0.0000
vn -1.0000 0.0000 0.0000
vn 0.0000 1.0000 0.0000
vn -0.9659 0.0000 0.2588
vn 0.0000 1.0000 0.0000
vn -0.8660 0.0000 0.5000
vn 0.0000 1.0000 0.0000
vn -0.7071 0.0000 0.7071
vn 0.0000 1.0000 0.0000
vn -0.5000 0.0000 0.8660
vn 0.0000 1.0000 0.0000
vn -0.2588 0.0000 0.9659
vn 0.0980 0.0000 0.9952
vn 0.0980 0.0000 0.9952
vn 0.0980 0.0000 0.9952
vn 0.0980 0.0000 0.9952
vn 0.2903 0.0000 0.9569
vn 0.2903 0.0000 0.9569
vn 0.2903 0.0000 0.9569
vn 0.2903 0.0000 0.9569
vn 0.4714 0.0000 0.8819
vn 0.4714 0.0000 0.8819
vn 0.4714 0.0000 0.8819
vn 0.4714 0.0000 0.8819
vn 0.6344 0.0000 0.7730
vn 0.6344 0.0000 0.7730
vn 0.6344 0.0000 0.7730
vn 0.6344 0.0000 0.7730
vn 0.7730 0.0000 0.6344
vn 0.7730 0.0000 0.6344
vn 0.7730 0.0000 0.6344
vn 0.7730 0.0000 0.6344
vn 0.8819 0.0000 0.4714
vn 0.8819 0.0000 0.4714
vn 0.8819 0.0000 0.4714
vn 0.8819 0.0000 0.4714
vn 0.9569 0.0000 0.2903
vn 0.9569 0.0000 0.2903
vn 0.9569 0.0000 0.2903
vn 0.9569 0.0000 0.2903
vn 0.9952 0.0000 0.0980
vn 0.9952 0.0000 0.0980
vn 0.9952 0.0000 0.0980
vn 0.9952 0.0000 0.0980
vn 0.9952 0.0000 -0.0980
vn 0.9952 0.0000 -0.0980
vn 0.9952 0.0000 -0.0980
vn 0.9952 0.0000 -0.0980
vn 0.9569 0.0000 -0.2903
vn 0.9569 0.0000 -0.2903
vn 0.9569 0.0000 -0.2903
vn 0.9569 0.0000 -0.2903
vn 0.8819 0.0000 -0.4714
vn 0.8819 0.0000 -0.4714
vn 0.8819 0.0000 -0.4714
vn 0.8819 0.0000 -0.4714
vn 0.7730 0.0000 -0.6344
vn 0.7730 0.0000 -0.6344
vn 0.7730 0.0000 -0.6344
vn 0.7730 0.0000 -0.6344
vn 0.6344 0.0000 -0.7730
vn 0.6344 0.0000 -0.7730
vn 0.6344 0.0000 -0.7730
vn 0.6344 0.0000 -0.7730
vn 0.4714 0.0000 -0.8819
vn 0.4714 0.0000 -0.8819
vn 0.4714 0.0000 -0.8819
vn 0.4714 0.0000 -0.8819
vn 0.2903 0.0000 -0.9569
vn 0.2903 0.0000 -0.9569
vn 0.2903 0.0000 -0.9569
vn 0.2903 0.0000 -0.9569
vn 0.0980 0.0000 -0.9952
vn 0.0980 0.0000 -0.9952
vn 0.0980 0.0000 -0.9952
vn 0.0980 0.0000 -0.9952
vn -0.0980 0.0000 -0.9952
vn -0.0980 0.0000 -0.9952
vn -0.0980 0.0000 -0.9952
vn -0.0980 0.0000 -0.9952
vn -0.2903 0.0000 -0.9569
vn -0.2903 0.0000 -0.9569
vn -0.2903 0.0000 -0.9569
vn -0.2903 0.0000 -0.9569
vn -0.4714 0.0000 -0.8819
vn -0.4714 0.0000 -0.8819
vn -0.4714 0.0000 -0.8819
vn -0.4714 0.0000 -0.8819
vn -0.6344 0.0000 -0.7730
vn -0.6344 0.0000 -0.7730
vn -0.6344 0.0000 -0.7730
vn -0.6344 0.0000 -0.7730
vn -0.7730 0.0000 -0.6344
vn -0.7730 0.0000 -0.6344
vn -0.7730 0.0000 -0.6344
vn -0.7730 0.0000 -0.6344
vn -0.8819 0.0000 -0.4714
vn -0.8819 0.0000 -0.4714
vn -0.8819 0.0000 -0.4714
vn -0.8819 0.0000 -0.4714
vn -0.9569 0.0000 -0.2903
vn -0.9569 0.0000 -0.2903
vn -0.9569 0.0000 -0.2903
vn -0.9569 0.0000 -0.2903
vn -0.9952 0.0000 -0.0980
vn -0.9952 0.0000 -0.0980
vn -0.9952 0.0000 -0.0980
vn -0.9952 0.0000 -0.0980
vn -0.9952 0.0000 0.0980
vn -0.9952 0.0000 0.0980
vn -0.9952 0.0000 0.0980
vn -0.9952 0.0000 0.0980
vn -0.9569 0.0000 0.2903
vn -0.9569 0.0000 0.2903
vn -0.9569 0.0000 0.2903
vn -0.9569 0.0000 0.2903
vn -0.8819 0.0000 0.4714
vn -0.8819 0.0000 0.4714
vn -0.8819 0.0000 0.4714
vn -0.8819 0.0000 0.4714
vn -0.7730 0.0000 0.6344
vn -0.7730 0.0000 0.6344
vn -0.7730 0.0000 0.6344
vn -0.7730 0.0000 0.6344
vn -0.6344 0.0000 0.7730
vn -0.6344 0.0000 0.7730
vn -0.6344 0.0000 0.7730
vn -0.6344 0.0000 0.7730
vn -0.4714 0.0000 0.8819
vn -0.4714 0.0000 0.8819
vn -0.4714 0.0000 0.8819
vn -0.4714 0.0000 0.8819
vn -0.2903 0.0000 0.9569
vn -0.2903 0.0000 0.9569
vn -0.2903 0.0000 0.9569
vn -0.2903 0.0000 0.9569
vn -0.0980 0.0000 0.9952
vn -0.0980 0.0000 0.9952
vn -0.0980 0.0000 0.9952
vn -0.0980 0.0000 0.9952
vn 0.0980 0.0000 0.9952
vn 0.0980 0.0000 0.9952
vn 0.0980 0.0000 0.9952
vn 0.0980 0.0000 0.9952
vn 0.2903 0.0000 0.9569
vn 0.2903 0.0000 0.9569
vn 0.2903 0.0000 0.9569
vn 0.2903 0.0000 0.9569
vn 0.4714 0.0000 0.8819
vn 0.4714 0.0000 0.8819
vn 0.4714 0.0000 0.8819
vn 0.4714 0.0000 0.8819
vn 0.6344 0.0000 0.7730
vn 0.6344 0.0000 0.7730
vn 0.6344 0.0000 0.7730
vn 0.6344 0.0000 0.7730
vn 0.7730 0.0000 0.6344
vn 0.7730 0.0000 0.6344
vn 0.7730 0.0000 0.6344
vn 0.7730 0.0000 0.6344
vn 0.8819 0.0000 0.4714
vn 0.8819 0.0000 0.4714
vn 0.8819 0.0000 0.4714
vn 0.8819 0.0000 0.4714
vn 0.9569 0.0000 0.2903
vn 0.9569 0.0000 0.2903
vn 0.9569 0.0000 0.2903
vn 0.9569 0.0000 0.2903
vn 0.9952 0.0000 0.0980
vn 0.9952 0.0000 0.0980
vn 0.9952 0.0000 0.0980
vn 0.9952 0.0000 0.0980
vn 0.9952 0.0000 -0.0980
vn 0.9952 0.0000 -0.0980
vn 0.9952 0.0000 -0.0980
vn 0.9952 0.0000 -0.0980
vn 0.9569 0.0000 -0.2903
vn 0.9569 0.0000 -0.2903
vn 0.9569 0.0000 -0.2903
vn 0.9569 0.0000 -0.2903
vn 0.8819 0.0000 -0.4714
vn 0.8819 0.0000 -0.4714
vn 0.8819 0.0000 -0.4714
vn 0.8819 0.0000 -0.4714
vn 0.7730 0.0000 -0.6344
vn 0.7730 0.0000 -0.6344
vn 0.7730 0.0000 -0.6344
vn 0.7730 0.0000 -0.6344
vn 0.6344 0.0000 -0.7730
vn 0.6344 0.0000 -0.7730
vn 0.6344 0.0000 -0.7730
vn 0.6344 0.0000 -0.7730
vn 0.4714 0.0000 -0.8819
vn 0.4714 0.0000 -0.8819
vn 0.4714 0.0000 -0.8819
vn 0.4714 0.0000 -0.8819
vn 0.2903 0.0000 -0.9569
vn 0.2903 0.0000 -0.9569
vn 0.2903 0.0000 -0.9569
vn 0.2903 0.0000 -0.9569
vn 0.0980 0.0000 -0.9952
vn 0.0980 0.0000 -0.9952
vn 0.0980 0.0000 -0.9952
vn 0.0980 0.0000 -0.9952
vn -0.0980 0.0000 -0.9952
vn -0.0980 0.0000 -0.9952
vn -0.0980 0.0000 -0.9952
vn -0.0980 0.0000 -0.9952
vn -0.2903 0.0000 -0.9569
vn -0.2903 0.0000 -0.9569
vn -0.2903 0.0000 -0.9569
vn -0.2903 0.0000 -0.9569
vn -0.4714 0.0000 -0.8819
vn -0.4714 0.0000 -0.8819
vn -0.4714 0.0000 -0.8819
vn -0.4714 0.0000 -0.8819
vn -0.6344 0.0000 -0.7730
vn -0.6344 0.0000 -0.7730
vn -0.6344 0.0000 -0.7730
vn -0.6344 0.0000 -0.7730
vn -0.7730 0.0000 -0.6344
vn -0.7730 0.0000 -0.6344
vn -0.7730 0.0000 -0.6344
vn -0.7730 0.0000 -0.6344
vn -0.8819 0.0000 -0.4714
vn -0.8819 0.0000 -0.4714
vn -0.8819 0.0000 -0.4714
vn -0.8819 0.0000 -0.4714
vn -0.9569 0.0000 -0.2903
vn -0.9569 0.0000 -0.2903
vn -0.9569 0.0000 -0.2903
vn -0.9569 0.0000 -0.2903
vn -0.9952 0.0000 -0.0980
vn -0.9952 0.0000 -0.0980
vn -0.9952 0.0000 -0.0980
vn -0.9952 0.0000 -0.0980
vn -0.9952 0.0000 0.0980
vn -0.9952 0.0000 0.0980
vn -0.9952 0.0000 0.0980
vn -0.9952 0.0000 0.0980
vn -0.9569 0.0000 0.2903
vn -0.9569 0.0000 0.2903
vn -0.9569 0.0000 0.2903
vn -0.9569 0.0000 0.2903
vn -0.8819 0.0000 0.4714
vn -0.8819 0.0000 0.4714
vn -0.8819 0.0000 0.4714
vn -0.8819 0.0000 0.4714
vn -0.7730 0.0000 0.6344
vn -0.7730 0.0000 0.6344
vn -0.7730 0.0000 0.6344
vn -0.7730 0.0000 0.6344
vn -0.6344 0.0000 0.7730
vn -0.6344 0.0000 0.7730
vn -0.6344 0.0000 0.7730
vn -0.6344 0.0000 0.7730
vn -0.4714 0.0000 0.8819
vn -0.4714 0.0000 0.8819
vn -0.4714 0.0000 0.8819
vn -0.4714 0.0000 0.8819
vn -0.2903 0.0000 0.9569
vn -0.2903 0.0000 0.9569
vn -0.2903 0.0000 0.9569
vn -0.2903 0.0000 0.9569
vn -0.0980 0.0000 0.9952
vn -0.0980 0.0000 0.9952
vn -0.0980 0.0000 0.9952
vn -0.0980 0.0000 0.9952
vn 0.0000 1.0000 0.0000
vn 0.0000 1.0000 0.0000
vn 0.0000 1.0000 0.0000
vn 0.0000 1.0000 0.0000
vn 0.0000 1.0000 0.0000
vn 0.0000 1.0000 0.0000
vn 0.0000 1.0000 0.0000
vn 0.0000 1.0000 0.0000
vn 0.0000 1.0000 0.0000
vn 0.0000 1.0000 0.0000
vn 0.0000 1.0000 0.0000
vn 0.0000 1.0000 0.0000
vn 0.0000 1.0000 0.0000
vn 0.0000 1.0000 0.0000
vn 0.0000 1.0000 0.0000
vn 0.0000 1.0000 0.0000
vn 0.0000 1.0000 0.0000
vn 0.0000 1.0000 0.0000
vn 0.0000 1.0000 0.0000
vn 0.0000 1.0000 0.0000
vn 0.0000 1.0000 0.0000
vn 0.0000 1.0000 0.0000
vn 0.0000 1.0000 0.0000
vn 0.0000 1.0000 0.0000
vn 0.0000 1.0000 0.0000
vn 0.0000 1.0000 0.0000
vn 0.0000 1.0000 0.0000
vn 0.0000 1.0000 0.0000
vn 0.0000 1.0000 0.0000
vn 0.0000 1.0000 0.0000
vn 0.0000 1.0000 0.0000
vn 0.0000 1.0000 0.0000
vn 0.0000 1.0000 0.0000
vn 0.0000 1.0000 0.0000
vn 0.0000 1.0000 0.0000
vn 0.0000 1.0000 0.0000
vn 0.0000 1.0000 0.0000
vn 0.0000 1.0000 0.0000
vn 0.0000 1.0000 0.0000
vn 0.0000 1.0000 0.0000
vn 0.0000 1.0000 0.0000
vn 0.0000 1.0000 0.0000
vn 0.0000 1.0000 0.0000
vn 0.0000 1.0000 0.0000
vn 0.0000 1.0000 0.0000
vn 0.0000 1.0000 0.0000
vn 0.0000 1.0000 0.0000
vn 0.0000 1.0000 0.0000
vn 0.0000 1.0000 0.0000
vn 0.0000 1.0000 0.0000
vn 0.0000 1.0000 0.0000
vn 0.0000 1.0000 0.0000
vn 0.0000 1.0000 0.0000
vn 0.0000 1.0000 0.0000
vn 0.0000 1.0000 0.0000
vn 0.0000 1.0000 0.0000
vn 0.0000 1.0000 0.0000
vn 0.0000 1.0000 0.0000
vn 0.0000 1.0000 0.0000
vn 0.0000 1.0000 0.0000
vn 0.0000 1.0000 0.0000
vn 0.0000 1.0000 0.0000
vn 0.0000 1.0000 0.0000
vn 0.0000 1.0000 0.0000
vn 0.0000 1.0000 0.0000
vn 0.0000 1.0000 0.0000
vn 0.0000 1.0000 0.0000
vn 0.0000 1.0000 0.0000
vn 0.0000 1.0000 0.0000
vn 0.0000 1.0000 0.0000
vn 0.0000 1.0000 0.0000
vn 0.0000 1.0000 0.0000
vn 0.0000 1.0000 0.0000
vn 0.0000 1.0000 0.0000
vn 0.0000 1.0000 0.0000
vn 0.0000 1.0000 0.0000
vn 0.0000 1.0000 0.0000
vn 0.0000 1.0000 0.0000
vn 0.0000 1.0000 0.0000
vn 0.0000 1.0000 0.0000
vn 0.0000 1.0000 0.0000
vn 0.0000 1.0000 0.0000
vn 0.0000 1.0000 0.0000
vn 0.0000 1.0000 0.0000
vn 0.0000 1.0000 0.0000
vn 0.0000 1.0000 0.0000
vn 0.0000 1.0000 0.0000
vn 0.0000 1.0000 0.0000
vn 0.0000 1.0000 0.0000
vn 0.0000 1.0000 0.0000
vn 0.0000 1.0000 0.0000
vn 0.0000 1.0000 0.0000
vn 0.0000 1.0000 0.0000
vn 0.0000 1.0000 0.0000
vn 0.0000 1.0000 0.0000
vn 0.0000 1.0000 0.0000
vn 0.9063 0.0000 -0.4226
vn -0.9063 0.0000 0.4226
vn 0.0000 1.0000 0.0000
vn 0.0000 1.0000 0.0000
vn 0.8375 0.0000 -0.5465
vn -0.8375 0.0000 0.5465
vn 0.0000 1.0000 0.0000
vn 0.0000 1.0000 0.0000
vn 0.7518 0.0000 -0.6593
vn -0.7518 0.0000 0.6593
vn 0.0000 1.0000 0.0000
vn 0.0000 1.0000 0.0000
vn 0.6511 0.0000 -0.7590
vn -0.6511 0.0000 0.7590
vn 0.0000 1.0000 0.0000
vn 0.0000 1.0000 0.0000
vn 0.5373 0.0000 -0.8434
vn -0.5373 0.0000 0.8434
vn 0.0000 1.0000 0.0000
vn 0.0000 1.0000 0.0000
vn 0.4127 0.0000 -0.9109
vn -0.4127 0.0000 0.9109
vn 0.0000 1.0000 0.0000
vn 0.0000 1.0000 0.0000
vn 0.2798 0.0000 -0.9600
vn -0.2798 0.0000 0.9600
vn 0.0000 1.0000 0.0000
vn 0.0000 1.0000 0.0000
vn 0.1413 0.0000 -0.9900
vn -0.1413 0.0000 0.9900
vn 0.0000 1.0000 0.0000
vn 0.0000 1.0000 0.0000
vn 0.0000 0.0000 -1.0000
vn 0.0000 0.0000 1.0000
vn 0.0000 1.0000 0.0000
vn 0.0000 1.0000 0.0000
vn -0.1413 0.0000 -0.9900
vn 0.1413 0.0000 0.9900
vn 0.0000 1.0000 0.0000
vn 0.0000 1.0000 0.0000
vn -0.2798 0.0000 -0.9600
vn 0.2798 0.0000 0.9600
vn 0.0000 1.0000 0.0000
vn 0.0000 1.0000 0.0000
vn -0.4127 0.0000 -0.9109
vn 0.4127 0.0000 0.9109
vn 0.0000 1.0000 0.0000
vn 0.0000 1.0000 0.0000
vn -0.5373 0.0000 -0.8434
vn 0.5373 0.0000 0.8434
vn 0.0000 1.0000 0.0000
vn 0.0000 1.0000 0.0000
vn -0.6511 0.0000 -0.7590
vn 0.6511 0.0000 0.7590
vn 0.0000 1.0000 0.0000
vn 0.0000 1.0000 0.0000
vn -0.7518 0.0000 -0.6593
vn 0.7518 0.0000 0.6593
vn 0.0000 1.0000 0.0000
vn 0.0000 1.0000 0.0000
vn -0.8375 0.0000 -0.5465
vn 0.8375 0.0000 0.5465
vn 0.0000 1.0000 0.0000
vn 0.0000 1.0000 0.0000
vn -0.9063 0.0000 -0.4226
vn 0.9063 0.0000 0.4226
vn 0.0000 1.0000 0.0000
vn 0.0000 1.0000 0.0000
vn 0.0000 -0.3746 -0.9272
vn 0.0000 -0.3746 -0.9272
vn 0.0000 -0.3746 -0.9272
vn 0.0000 -0.3746 -0.9272
vn 0.0000 0.3746 0.9272
vn 0.0000 0.3746 0.9272
vn 0.0000 0.3746 0.9272
vn 0.0000 0.3746 0.9272
vn -1.0000 0.0000 0.0000
vn -1.0000 0.0000 0.0000
vn -1.0000 0.0000 0.0000
vn -1.0000 0.0000 0.0000
vn 1.0000 0.0000 0.0000
vn 1.0000 0.0000 0.0000
vn 1.0000 0.0000 0.0000
vn 1.0000 0.0000 0.0000
vn 0.0000 0.9272 -0.3746
vn 0.0000 0.9272 -0.3746
vn 0.0000 0.9272 -0.3746
vn 0.0000 0.9272 -0.3746
vn 0.0000 -0.9272 0.3746
vn 0.0000 -0.9272 0.3746
vn 0.0000 -0.9272 0.3746
vn 0.0000 -0.9272 0.3746
vn 0.0000 -0.3746 -0.9272
vn 0.0000 -0.3746 -0.9272
vn 0.0000 -0.3746 -0.9272
vn 0.0000 -0.3746 -0.9272
vn 0.0000 0.3746 0.9272
vn 0.0000 0.3746 0.9272
vn 0.0000 0.3746 0.9272
vn 0.0000 0.3746 0.9272
vn -1.0000 0.0000 0.0000
vn -1.0000 0.0000 0.0000
vn -1.0000 0.0000 0.0000
vn -1.0000 0.0000 0.0000
vn 1.0000 0.0000 0.0000
vn 1.0000 0.0000 0.0000
vn 1.0000 0.0000 0.0000
vn 1.0000 0.0000 0.0000
vn 0.0000 0.9272 -0.3746
vn 0.0000 0.9272 -0.3746
vn 0.0000 0.9272 -0.3746
vn 0.0000 0.9272 -0.3746
vn 0.0000 -0.9272 0.3746
vn 0.0000 -0.9272 0.3746
vn 0.0000 -0.9272 0.3746
vn 0.0000 -0.9272 0.3746
vn 0.0000 -0.3746 -0.9272
vn 0.0000 -0.3746 -0.9272
vn 0.0000 -0.3746 -0.9272
vn 0.0000 -0.3746 -0.9272
vn 0.0000 0.3746 0.9272
vn 0.0000 0.3746 0.9272
vn 0.0000 0.3746 0.9272
vn 0.0000 0.3746 0.9272
vn -1.0000 0.0000 0.0000
vn -1.0000 0.0000 0.0000
vn -1.0000 0.0000 0.0000
vn -1.0000 0.0000 0.0000
vn 1.0000 0.0000 0.0000
vn 1.0000 0.0000 0.0000
vn 1.0000 0.0000 0.0000
vn 1.0000 0.0000 0.0000
vn 0.0000 0.9272 -0.3746
vn 0.0000 0.9272 -0.3746
vn 0.0000 0.9272 -0.3746
vn 0.0000 0.9272 -0.3746
vn 0.0000 -0.9272 0.3746
vn 0.0000 -0.9272 0.3746
vn 0.0000 -0.9272 0.3746
vn 0.0000 -0.9272 0.3746
vn 0.0000 -0.3746 -0.9272
vn 0.0000 -0.3746 -0.9272
vn 0.0000 -0.3746 -0.9272
vn 0.0000 -0.3746 -0.9272
vn 0.0000 0.3746 0.9272
vn 0.0000 0.3746 0.9272
vn 0.0000 0.3746 0.9272
vn 0.0000 0.3746 0.9272
vn -1.0000 0.0000 0.0000
vn -1.0000 0.0000 0.0000
vn -1.0000 0.0000 0.0000
vn -1.0000 0.0000 0.0000
vn 1.0000 0.0000 0.0000
vn 1.0000 0.0000 0.0000
vn 1.0000 0.0000 0.0000
vn 1.0000 0.0000 0.0000
vn 0.0000 0.9272 -0.3746
vn 0.0000 0.9272 -0.3746
vn 0.0000 0.9272 -0.3746
vn 0.0000 0.9272 -0.3746
vn 0.0000 -0.9272 0.3746
vn 0.0000 -0.9272 0.3746
vn 0.0000 -0.9272 0.3746
vn 0.0000 -0.9272 0.3746
vn 0.0000 -0.3746 -0.9272
vn 0.0000 -0.3746 -0.9272
vn 0.0000 -0.3746 -0.9272
vn 0.0000 -0.3746 -0.9272
vn 0.0000 0.3746 0.9272
vn 0.0000 0.3746 0.9272
vn 0.0000 0.3746 0.9272
vn 0.0000 0.3746 0.9272
vn -1.0000 0.0000 0.0000
vn -1.0000 0.0000 0.0000
vn -1.0000 0.0000 0.0000
vn -1.0000 0.0000 0.0000
vn 1.0000 0.0000 0.0000
vn 1.0000 0.0000 0.0000
vn 1.0000 0.0000 0.0000
vn 1.0000 0.0000 0.0000
vn 0.0000 0.9272 -0.3746
vn 0.0000 0.9272 -0.3746
vn 0.0000 0.9272 -0.3746
vn 0.0000 0.9272 -0.3746
vn 0.0000 -0.9272 0.3746
vn 0.0000 -0.9272 0.3746
vn 0.0000 -0.9272 0.3746
vn 0.0000 -0.9272 0.3746
vn 0.0000 -0.3746 -0.9272
vn 0.0000 -0.3746 -0.9272
vn 0.0000 -0.3746 -0.9272
vn 0.0000 -0.3746 -0.9272
vn 0.0000 0.3746 0.9272
vn 0.0000 0.3746 0.9272
vn 0.0000 0.3746 0.9272
vn 0.0000 0.3746 0.9272
vn -1.0000 0.0000 0.0000
vn -1.0000 0.0000 0.0000
vn -1.0000 0.0000 0.0000
vn -1.0000 0.0000 0.0000
vn 1.0000 0.0000 0.0000
vn 1.0000 0.0000 0.0000
vn 1.0000 0.0000 0.0000
vn 1.0000 0.0000 0.0000
vn 0.0000 0.9272 -0.3746
vn 0.0000 0.9272 -0.3746
vn 0.0000 0.9272 -0.3746
vn 0.0000 0.9272 -0.3746
vn 0.0000 -0.9272 0.3746
vn 0.0000 -0.9272 0.3746
vn 0.0000 -0.9272 0.3746
vn 0.0000 -0.9272 0.3746
vn 0.5318 -0.3746 -0.7595
vn 0.5318 -0.3746 -0.7595
vn 0.5318 -0.3746 -0.7595
vn 0.5318 -0.3746 -0.7595
vn -0.5318 0.3746 0.7595
vn -0.5318 0.3746 0.7595
vn -0.5318 0.3746 0.7595
vn -0.5318 0.3746 0.7595
vn -0.8192 0.0000 -0.5736
vn -0.8192 0.0000 -0.5736
vn -0.8192 0.0000 -0.5736
vn -0.8192 0.0000 -0.5736
vn 0.8192 0.0000 0.5736
vn 0.8192 0.0000 0.5736
vn 0.8192 0.0000 0.5736
vn 0.8192 0.0000 0.5736
vn 0.2149 0.9272 -0.3069
vn 0.2149 0.9272 -0.3069
vn 0.2149 0.9272 -0.3069
vn 0.2149 0.9272 -0.3069
vn -0.2149 -0.9272 0.3069
vn -0.2149 -0.9272 0.3069
vn -0.2149 -0.9272 0.3069
vn -0.2149 -0.9272 0.3069
vn 0.5318 -0.3746 -0.7595
vn 0.5318 -0.3746 -0.7595
vn 0.5318 -0.3746 -0.7595
vn 0.5318 -0.3746 -0.7595
vn -0.5318 0.3746 0.7595
vn -0.5318 0.3746 0.7595
vn -0.5318 0.3746 0.7595
vn -0.5318 0.3746 0.7595
vn -0.8192 0.0000 -0.5736
vn -0.8192 0.0000 -0.5736
vn -0.8192 0.0000 -0.5736
vn -0.8192 0.0000 -0.5736
vn 0.8192 0.0000 0.5736
vn 0.8192 0.0000 0.5736
vn 0.8192 0.0000 0.5736
vn 0.8192 0.0000 0.5736
vn 0.2149 0.9272 -0.3069
vn 0.2149 0.9272 -0.3069
vn 0.2149 0.9272 -0.3069
vn 0.2149 0.9272 -0.3069
vn -0.2149 -0.9272 0.3069
vn -0.2149 -0.9272 0.3069
vn -0.2149 -0.9272 0.3069
vn -0.2149 -0.9272 0.3069
vn 0.5318 -0.3746 -0.7595
vn 0.5318 -0.3746 -0.7595
vn 0.5318 -0.3746 -0.7595
vn 0.5318 -0.3746 -0.7595
vn -0.5318 0.3746 0.7595
vn -0.5318 0.3746 0.7595
vn -0.5318 0.3746 0.7595
vn -0.5318 0.3746 0.7595
vn -0.8192 0.0000 -0.5736
vn -0.8192 0.0000 -0.5736
vn -0.8192 0.0000 -0.5736
vn -0.8192 0.0000 -0.5736
vn 0.8192 0.0000 0.5736
vn 0.8192 0.0000 0.5736
vn 0.8192 0.0000 0.5736
vn 0.8192 0.0000 0.5736
vn 0.2149 0.9272 -0.3069
vn 0.2149 0.9272 -0.3069
vn 0.2149 0.9272 -0.3069
vn 0.2149 0.9272 -0.3069
vn -0.2149 -0.9272 0.3069
vn -0.2149 -0.9272 0.3069
vn -0.2149 -0.9272 0.3069
vn -0.2149 -0.9272 0.3069
vn 0.5318 -0.3746 -0.7595
vn 0.5318 -0.3746 -0.7595
vn 0.5318 -0.3746 -0.7595
vn 0.5318 -0.3746 -0.7595
vn -0.5318 0.3746 0.7595
vn -0.5318 0.3746 0.7595
vn -0.5318 0.3746 0.7595
vn -0.5318 0.3746 0.7595
vn -0.8192 0.0000 -0.5736
vn -0.8192 0.0000 -0.5736
vn -0.8192 0.0000 -0.5736
vn -0.8192 0.0000 -0.5736
vn 0.8192 0.0000 0.5736
vn 0.8192 0.0000 0.5736
vn 0.8192 0.0000 0.5736
vn 0.8192 0.0000 0.5736
vn 0.2149 0.9272 -0.3069
vn 0.2149 0.9272 -0.3069
vn 0.2149 0.9272 -0.3069
vn 0.2149 0.9272 -0.3069
vn -0.2149 -0.9272 0.3069
vn -0.2149 -0.9272 0.3069
vn -0.2149 -0.9272 0.3069
vn -0.2149 -0.9272 0.3069
vn 0.5318 -0.3746 -0.7595
vn 0.5318 -0.3746 -0.7595
vn 0.5318 -0.3746 -0.7595
vn 0.5318 -0.3746 -0.7595
vn -0.5318 0.3746 0.7595
vn -0.5318 0.3746 0.7595
vn -0.5318 0.3746 0.7595
vn -0.5318 0.3746 0.7595
vn -0.8192 0.0000 -0.5736
vn -0.8192 0.0000 -0.5736
vn -0.8192 0.0000 -0.5736
vn -0.8192 0.0000 -0.5736
vn 0.8192 0.0000 0.5736
vn 0.8192 0.0000 0.5736
vn 0.8192 0.0000 0.5736
vn 0.8192 0.0000 0.5736
vn 0.2149 0.9272 -0.3069
vn 0.2149 0.9272 -0.3069
vn 0.2149 0.9272 -0.3069
vn 0.2149 0.9272 -0.3069
vn -0.2149 -0.9272 0.3069
vn -0.2149 -0.9272 0.3069
vn -0.2149 -0.9272 0.3069
vn -0.2149 -0.9272 0.3069
vn 0.5318 -0.3746 -0.7595
vn 0.5318 -0.3746 -0.7595
vn 0.5318 -0.3746 -0.7595
vn 0.5318 -0.3746 -0.7595
vn -0.5318 0.3746 0.7595
vn -0.5318 0.3746 0.7595
vn -0.5318 0.3746 0.7595
vn -0.5318 0.3746 0.7595
vn -0.8192 0.0000 -0.5736
vn -0.8192 0.0000 -0.5736
vn -0.8192 0.0000 -0.5736
vn -0.8192 0.0000 -0.5736
vn 0.8192 0.0000 0.5736
vn 0.8192 0.0000 0.5736
vn 0.8192 0.0000 0.5736
vn 0.8192 0.0000 0.5736
vn 0.2149 0.9272 -0.3069
vn 0.2149 0.9272 -0.3069
vn 0.2149 0.9272 -0.3069
vn 0.2149 0.9272 -0.3069
vn -0.2149 -0.9272 0.3069
vn -0.2149 -0.9272 0.3069
vn -0.2149 -0.9272 0.3069
vn -0.2149 -0.9272 0.3069
vn -0.5318 -0.3746 -0.7595
vn -0.5318 -0.3746 -0.7595
vn -0.5318 -0.3746 -0.7595
vn -0.5318 -0.3746 -0.7595
vn 0.5318 0.3746 0.7595
vn 0.5318 0.3746 0.7595
vn 0.5318 0.3746 0.7595
vn 0.5318 0.3746 0.7595
vn -0.8192 0.0000 0.5736
vn -0.8192 0.0000 0.5736
vn -0.8192 0.0000 0.5736
vn -0.8192 0.0000 0.5736
vn 0.8192 0.0000 -0.5736
vn 0.8192 0.0000 -0.5736
vn 0.8192 0.0000 -0.5736
vn 0.8192 0.0000 -0.5736
vn -0.2149 0.9272 -0.3069
vn -0.2149 0.9272 -0.3069
vn -0.2149 0.9272 -0.3069
vn -0.2149 0.9272 -0.3069
vn 0.2149 -0.9272 0.3069
vn 0.2149 -0.9272 0.3069
vn 0.2149 -0.9272 0.3069
vn 0.2149 -0.9272 0.3069
vn -0.5318 -0.3746 -0.7595
vn -0.5318 -0.3746 -0.7595
vn -0.5318 -0.3746 -0.7595
vn -0.5318 -0.3746 -0.7595
vn 0.5318 0.3746 0.7595
vn 0.5318 0.3746 0.7595
vn 0.5318 0.3746 0.7595
vn 0.5318 0.3746 0.7595
vn -0.8192 0.0000 0.5736
vn -0.8192 0.0000 0.5736
vn -0.8192 0.0000 0.5736
vn -0.8192 0.0000 0.5736
vn 0.8192 0.0000 -0.5736
vn 0.8192 0.0000 -0.5736
vn 0.8192 0.0000 -0.5736
vn 0.8192 0.0000 -0.5736
vn -0.2149 0.9272 -0.3069
vn -0.2149 0.9272 -0.3069
vn -0.2149 0.9272 -0.3069
vn -0.2149 0.9272 -0.3069
vn 0.2149 -0.9272 0.3069
vn 0.2149 -0.9272 0.3069
vn 0.2149 -0.9272 0.3069
vn 0.2149 -0.9272 0.3069
vn -0.5318 -0.3746 -0.7595
vn -0.5318 -0.3746 -0.7595
vn -0.5318 -0.3746 -0.7595
vn -0.5318 -0.3746 -0.7595
vn 0.5318 0.3746 0.7595
vn 0.5318 0.3746 0.7595
vn 0.5318 0.3746 0.7595
vn 0.5318 0.3746 0.7595
vn -0.8192 0.0000 0.5736
vn -0.8192 0.0000 0.5736
vn -0.8192 0.0000 0.5736
vn -0.8192 0.0000 0.5736
vn 0.8192 0.0000 -0.5736
vn 0.8192 0.0000 -0.5736
vn 0.8192 0.0000 -0.5736
vn 0.8192 0.0000 -0.5736
vn -0.2149 0.9272 -0.3069
vn -0.2149 0.9272 -0.3069
vn -0.2149 0.9272 -0.3069
vn -0.2149 0.9272 -0.3069
vn 0.2149 -0.9272 0.3069
vn 0.2149 -0.9272 0.3069
vn 0.2149 -0.9272 0.3069
vn 0.2149 -0.9272 0.3069
vn -0.5318 -0.3746 -0.7595
vn -0.5318 -0.3746 -0.7595
vn -0.5318 -0.3746 -0.7595
vn -0.5318 -0.3746 -0.7595
vn 0.5318 0.3746 0.7595
vn 0.5318 0.3746 0.7595
vn 0.5318 0.3746 0.7595
vn 0.5318 0.3746 0.7595
vn -0.8192 0.0000 0.5736
vn -0.8192 0.0000 0.5736
vn -0.8192 0.0000 0.5736
vn -0.8192 0.0000 0.5736
vn 0.8192 0.0000 -0.5736
vn 0.8192 0.0000 -0.5736
vn 0.8192 0.0000 -0.5736
vn 0.8192 0.0000 -0.5736
vn -0.2149 0.9272 -0.3069
vn -0.2149 0.9272 -0.3069
vn -0.2149 0.9272 -0.3069
vn -0.2149 0.9272 -0.3069
vn 0.2149 -0.9272 0.3069
vn 0.2149 -0.9272 0.3069
vn 0.2149 -0.9272 0.3069
vn 0.2149 -0.9272 0.3069
vn -0.5318 -0.3746 -0.7595
vn -0.5318 -0.3746 -0.7595
vn -0.5318 -0.3746 -0.7595
vn -0.5318 -0.3746 -0.7595
vn 0.5318 0.3746 0.7595
vn 0.5318 0.3746 0.7595
vn 0.5318 0.3746 0.7595
vn 0.5318 0.3746 0.7595
vn -0.8192 0.0000 0.5736
vn -0.8192 0.0000 0.5736
vn -0.8192 0.0000 0.5736
vn -0.8192 0.0000 0.5736
vn 0.8192 0.0000 -0.5736
vn 0.8192 0.0000 -0.5736
vn 0.8192 0.0000 -0.5736
vn 0.8192 0.0000 -0.5736
vn -0.2149 0.9272 -0.3069
vn -0.2149 0.9272 -0.3069
vn -0.2149 0.9272 -0.3069
vn -0.2149 0.9272 -0.3069
vn 0.2149 -0.9272 0.3069
vn 0.2149 -0.9272 0.3069
vn 0.2149 -0.9272 0.3069
vn 0.2149 -0.9272 0.3069
vn -0.5318 -0.3746 -0.7595
vn -0.5318 -0.3746 -0.7595
vn -0.5318 -0.3746 -0.7595
vn -0.5318 -0.3746 -0.7595
vn 0.5318 0.3746 0.7595
vn 0.5318 0.3746 0.7595
vn 0.5318 0.3746 0.7595
vn 0.5318 0.3746 0.7595
vn -0.8192 0.0000 0.5736
vn -0.8192 0.0000 0.5736
vn -0.8192 0.0000 0.5736
vn -0.8192 0.0000 0.5736
vn 0.8192 0.0000 -0.5736
vn 0.8192 0.0000 -0.5736
vn 0.8192 0.0000 -0.5736
vn 0.8192 0.0000 -0.5736
vn -0.2149 0.9272 -0.3069
vn -0.2149 0.9272 -0.3069
vn -0.2149 0.9272 -0.3069
vn -0.2149 0.9272 -0.3069
vn 0.2149 -0.9272 0.3069
vn 0.2149 -0.9272 0.3069
vn 0.2149 -0.9272 0.3069
vn 0.2149 -0.9272 0.3069
vn 0.0000 1.0000 0.0000
vn 0.0000 -1.0000 0.0000
vn 0.0000 1.0000 0.0000
vn 0.0000 -1.0000 0.0000
vn 0.0000 1.0000 0.0000
vn 0.0000 -1.0000 0.0000
vn 0.0000 1.0000 0.0000
vn 0.0000 -1.0000 0.0000
vn 0.0000 1.0000 0.0000
vn 0.0000 -1.0000 0.0000
vn 0.0000 1.0000 0.0000
vn 0.0000 -1.0000 0.0000
vn 0.0000 1.0000 0.0000
vn 0.0000 -1.0000 0.0000
vn 0.0000 1.0000 0.0000
vn 0.0000 -1.0000 0.0000
vn 0.0000 1.0000 0.0000
vn 0.0000 -1.0000 0.0000
vn 0.0000 1.0000 0.0000
vn 0.0000 -1.0000 0.0000
vn 0.0000 1.0000 0.0000
vn 0.0000 -1.0000 0.0000
vn 0.0000 1.0000 0.0000
vn 0.0000 -1.0000 0.0000
vn 0.0000 1.0000 0.0000
vn 0.0000 -1.0000 0.0000
vn 0.0000 1.0000 0.0000
vn 0.0000 -1.0000 0.0000
vn 0.0000 1.0000 0.0000
vn 0.0000 -1.0000 0.0000
vn 0.0000 1.0000 0.0000
vn 0.0000 -1.0000 0.0000
vn 0.0000 1.0000 0.0000
vn 0.0000 -1.0000 0.0000
vn 0.0000 1.0000 0.0000
vn 0.0000 -1.0000 0.0000
vn 0.0000 1.0000 0.0000
vn 0.0000 -1.0000 0.0000
vn 0.0000 1.0000 0.0000
vn 0.0000 -1.0000 0.0000
vn 0.0000 1.0000 0.0000
vn 0.0000 -1.0000 0.0000
vn 0.0000 1.0000 0.0000
vn 0.0000 -1.0000 0.0000
vn 0.0000 1.0000 0.0000
vn 0.0000 -1.0000 0.0000
vn 0.0000 1.0000 0.0000
vn 0.0000 -1.0000 0.0000
vn 0.0000 1.0000 0.0000
vn 0.0000 -1.0000 0.0000
vn 0.0000 1.0000 0.0000
vn 0.0000 -1.0000 0.0000
vn 0.0000 1.0000 0.0000
vn 0.0000 -1.0000 0.0000
vn 0.0000 1.0000 0.0000
vn 0.0000 -1.0000 0.0000
vn 0.0000 1.0000 0.0000
vn 0.0000 -1.0000 0.0000
vn 0.0000 1.0000 0.0000
vn 0.0000 -1.0000 0.0000
vn 0.0000 1.0000 0.0000
vn 0.0000 -1.0000 0.0000
vn 0.0000 1.0000 0.0000
vn 0.0000 -1.0000 0.0000
vn 0.0000 1.0000 0.0000
vn 0.0000 -1.0000 0.0000
vn 0.0000 1.0000 0.0000
vn 0.0000 -1.0000 0.0000
vn 0.0000 1.0000 0.0000
vn 0.0000 -1.0000 0.0000
vn 0.0000 1.0000 0.0000
vn 0.0000 -1.0000 0.0000
vn 0.0000 1.0000 0.0000
vn 0.0000 -1.0000 0.0000
vn 0.0000 1.0000 0.0000
vn 0.0000 -1.0000 0.0000
vn 0.0000 1.0000 0.0000
vn 0.0000 -1.0000 0.0000
vn 0.0000 1.0000 0.0000
vn 0.0000 -1.0000 0.0000
vn 0.0000 1.0000 0.0000
vn 0.0000 -1.0000 0.0000
vn 0.0000 1.0000 0.0000
vn 0.0000 -1.0000 0.0000
vn 0.0000 1.0000 0.0000
vn 0.0000 -1.0000 0.0000
vn 0.0000 1.0000 0.0000
vn 0.0000 -1.0000 0.0000
vn 0.0000 1.0000 0.0000
vn 0.0000 -1.0000 0.0000
vn 0.0000 1.0000 0.0000
vn 0.0000 -1.0000 0.0000
vn 0.0000 1.0000 0.0000
vn 0.0000 -1.0000 0.0000
vn 0.0000 1.0000 0.0000
vn 0.0000 -1.0000 0.0000
vn 0.0000 1.0000 0.0000
vn 0.0000 -1.0000 0.0000
vn 0.0000 1.0000 0.0000
vn 0.0000 -1.0000 0.0000
vn 0.0000 1.0000 0.0000
vn 0.0000 -1.0000 0.0000
vn 0.0000 1.0000 0.0000
vn 0.0000 1.0000 0.0000
vn 0.0000 -1.0000 0.0000
vn 0.0000 -1.0000 0.0000
vn 0.0000 1.0000 0.0000
vn 0.0000 1.0000 0.0000
vn 0.0000 -1.0000 0.0000
vn 0.0000 -1.0000 0.0000
vn 0.0000 1.0000 0.0000
vn 0.0000 1.0000 0.0000
vn 0.0000 -1.0000 0.0000
vn 0.0000 -1.0000 0.0000
vn 0.0000 1.0000 0.0000
vn 0.0000 1.0000 0.0000
vn 0.0000 -1.0000 0.0000
vn 0.0000 -1.0000 0.0000
vn 0.0000 1.0000 0.0000
vn 0.0000 1.0000 0.0000
vn 0.0000 -1.0000 0.0000
vn 0.0000 -1.0000 0.0000
vn 0.0000 1.0000 0.0000
vn 0.0000 1.0000 0.0000
vn 0.0000 -1.0000 0.0000
vn 0.0000 -1.0000 0.0000
vn 0.0000 1.0000 0.0000
vn 0.0000 1.0000 0.0000
vn 0.0000 -1.0000 0.0000
vn 0.0000 -1.0000 0.0000
vn 0.0000 1.0000 0.0000
vn 0.0000 1.0000 0.0000
vn 0.0000 -1.0000 0.0000
vn 0.0000 -1.0000 0.0000
vn 0.0000 1.0000 0.0000
vn 0.0000 1.0000 0.0000
vn 0.0000 -1.0000 0.0000
vn 0.0000 -1.0000 0.0000
vn 0.0000 1.0000 0.0000
vn 0.0000 1.0000 0.0000
vn 0.0000 -1.0000 0.0000
vn 0.0000 -1.0000 0.0000
vn 0.0000 1.0000 0.0000
vn 0.0000 1.0000 0.0000
vn 0.0000 -1.0000 0.0000
vn 0.0000 -1.0000 0.0000
vn 0.0000 1.0000 0.0000
vn 0.0000 1.0000 0.0000
vn 0.0000 -1.0000 0.0000
vn 0.0000 -1.0000 0.0000
vn 0.0000 1.0000 0.0000
vn 0.0000 1.0000 0.0000
vn 0.0000 -1.0000 0.0000
vn 0.0000 -1.0000 0.0000
vn 0.0000 1.0000 0.0000
vn 0.0000 1.0000 0.0000
vn 0.0000 -1.0000 0.0000
vn 0.0000 -1.0000 0.0000
vn 0.0000 1.0000 0.0000
vn 0.0000 1.0000 0.0000
vn 0.0000 -1.0000 0.0000
vn 0.0000 -1.0000 0.0000
vn 0.0000 1.0000 0.0000
vn 0.0000 1.0000 0.0000
vn 0.0000 -1.0000 0.0000
vn 0.0000 -1.0000 0.0000
vn 0.0000 0.0000 -1.0000
vn 0.0000 0.0000 -1.0000
vn 0.0000 0.0000 -1.0000
vn 0.0000 0.0000 -1.0000
vn 0.0000 0.0000 1.0000
vn 0.0000 0.0000 1.0000
vn 0.0000 0.0000 1.0000
vn 0.0000 0.0000 1.0000
vn -1.0000 0.0000 0.0000
vn -1.0000 0.0000 0.0000
vn -1.0000 0.0000 0.0000
vn -1.0000 0.0000 0.0000
vn 1.0000 0.0000 0.0000
vn 1.0000 0.0000 0.0000
vn 1.0000 0.0000 0.0000
vn 1.0000 0.0000 0.0000
vn 0.0000 1.0000 0.0000
vn 0.0000 1.0000 0.0000
vn 0.0000 1.0000 0.0000
vn 0.0000 1.0000 0.0000
vn 0.0000 -1.0000 0.0000
vn 0.0000 -1.0000 0.0000
vn 0.0000 -1.0000 0.0000
vn 0.0000 -1.0000 0.0000
vn 0.0000 0.0000 -1.0000
vn 0.0000 0.0000 -1.0000
vn 0.0000 0.0000 -1.0000
vn 0.0000 0.0000 -1.0000
vn 0.0000 0.0000 1.0000
vn 0.0000 0.0000 1.0000
vn 0.0000 0.0000 1.0000
vn 0.0000 0.0000 1.0000
vn -0.9659 -0.2588 0.0000
vn -0.9659 -0.2588 0.0000
vn -0.9659 -0.2588 0.0000
vn -0.9659 -0.2588 0.0000
vn 0.9659 0.2588 0.0000
vn 0.9659 0.2588 0.0000
vn 0.9659 0.2588 0.0000
vn 0.9659 0.2588 0.0000
vn -0.2588 0.9659 0.0000
vn -0.2588 0.9659 0.0000
vn -0.2588 0.9659 0.0000
vn -0.2588 0.9659 0.0000
vn 0.2588 -0.9659 0.0000
vn 0.2588 -0.9659 0.0000
vn 0.2588 -0.9659 0.0000
vn 0.2588 -0.9659 0.0000
vn 0.0000 0.0000 -1.0000
vn 0.0000 0.0000 -1.0000
vn 0.0000 0.0000 -1.0000
vn 0.0000 0.0000 -1.0000
vn 0.0000 0.0000 1.0000
vn 0.0000 0.0000 1.0000
vn 0.0000 0.0000 1.0000
vn 0.0000 0.0000 1.0000
vn -0.9659 0.2588 0.0000
vn -0.9659 0.2588 0.0000
vn -0.9659 0.2588 0.0000
vn -0.9659 0.2588 0.0000
vn 0.9659 -0.2588 0.0000
vn 0.9659 -0.2588 0.0000
vn 0.9659 -0.2588 0.0000
vn 0.9659 -0.2588 0.0000
vn 0.2588 0.9659 0.0000
vn 0.2588 0.9659 0.0000
vn 0.2588 0.9659 0.0000
vn 0.2588 0.9659 0.0000
vn -0.2588 -0.9659 0.0000
vn -0.2588 -0.9659 0.0000
vn -0.2588 -0.9659 0.0000
vn -0.2588 -0.9659 0.0000
vn 0.0000 0.0000 -1.0000
vn 0.0000 0.0000 -1.0000
vn 0.0000 0.0000 -1.0000
vn 0.0000 0.0000 -1.0000
vn 0.0000 0.0000 1.0000
vn 0.0000 0.0000 1.0000
vn 0.0000 0.0000 1.0000
vn 0.0000 0.0000 1.0000
vn -1.0000 0.0000 0.0000
vn -1.0000 0.0000 0.0000
vn -1.0000 0.0000 0.0000
vn -1.0000 0.0000 0.0000
vn 1.0000 0.0000 0.0000
vn 1.0000 0.0000 0.0000
vn 1.0000 0.0000 0.0000
vn 1.0000 0.0000 0.0000
vn 0.0000 1.0000 0.0000
vn 0.0000 1.0000 0.0000
vn 0.0000 1.0000 0.0000
vn 0.0000 1.0000 0.0000
vn 0.0000 -1.0000 0.0000
vn 0.0000 -1.0000 0.0000
vn 0.0000 -1.0000 0.0000
vn 0.0000 -1.0000 0.0000
vn 0.0000 0.0000 -1.0000
vn 0.0000 0.0000 -1.0000
vn 0.0000 0.0000 -1.0000
vn 0.0000 0.0000 -1.0000
vn 0.0000 0.0000 1.0000
vn 0.0000 0.0000 1.0000
vn 0.0000 0.0000 1.0000
vn 0.0000 0.0000 1.0000
vn -1.0000 0.0000 0.0000
vn -1.0000 0.0000 0.0000
vn -1.0000 0.0000 0.0000
vn -1.0000 0.0000 0.0000
vn 1.0000 0.0000 0.0000
vn 1.0000 0.0000 0.0000
vn 1.0000 0.0000 0.0000
vn 1.0000 0.0000 0.0000
vn 0.0000 1.0000 0.0000
vn 0.0000 1.0000 0.0000
vn 0.0000 1.0000 0.0000
vn 0.0000 1.0000 0.0000
vn 0.0000 -1.0000 0.0000
vn 0.0000 -1.0000 0.0000
vn 0.0000 -1.0000 0.0000
vn 0.0000 -1.0000 0.0000
vn 0.0000 -0.2079 -0.9781
vn 0.0000 -0.2079 -0.9781
vn 0.0000 -0.2079 -0.9781
vn 0.0000 -0.2079 -0.9781
vn 0.0000 0.2079 0.9781
vn 0.0000 0.2079 0.9781
vn 0.0000 0.2079 0.9781
vn 0.0000 0.2079 0.9781
vn -1.0000 0.0000 0.0000
vn -1.0000 0.0000 0.0000
vn -1.0000 0.0000 0.0000
vn -1.0000 0.0000 0.0000
vn 1.0000 0.0000 0.0000
vn 1.0000 0.0000 0.0000
vn 1.0000 0.0000 0.0000
vn 1.0000 0.0000 0.0000
vn 0.0000 0.9781 -0.2079
vn 0.0000 0.9781 -0.2079
vn 0.0000 0.9781 -0.2079
vn 0.0000 0.9781 -0.2079
vn 0.0000 -0.9781 0.2079
vn 0.0000 -0.9781 0.2079
vn 0.0000 -0.9781 0.2079
vn 0.0000 -0.9781 0.2079
vn -0.2366 -0.2079 -0.9491
vn -0.2366 -0.2079 -0.9491
vn -0.2366 -0.2079 -0.9491
vn -0.2366 -0.2079 -0.9491
vn 0.2366 0.2079 0.9491
vn 0.2366 0.2079 0.9491
vn 0.2366 0.2079 0.9491
vn 0.2366 0.2079 0.9491
vn -0.9703 0.0000 0.2419
vn -0.9703 0.0000 0.2419
vn -0.9703 0.0000 0.2419
vn -0.9703 0.0000 0.2419
vn 0.9703 0.0000 -0.2419
vn 0.9703 0.0000 -0.2419
vn 0.9703 0.0000 -0.2419
vn 0.9703 0.0000 -0.2419
vn -0.0503 0.9781 -0.2017
vn -0.0503 0.9781 -0.2017
vn -0.0503 0.9781 -0.2017
vn -0.0503 0.9781 -0.2017
vn 0.0503 -0.9781 0.2017
vn 0.0503 -0.9781 0.2017
vn 0.0503 -0.9781 0.2017
vn 0.0503 -0.9781 0.2017
vn 0.2366 -0.2079 -0.9491
vn 0.2366 -0.2079 -0.9491
vn 0.2366 -0.2079 -0.9491
vn 0.2366 -0.2079 -0.9491
vn -0.2366 0.2079 0.9491
vn -0.2366 0.2079 0.9491
vn -0.2366 0.2079 0.9491
vn -0.2366 0.2079 0.9491
vn -0.9703 0.0000 -0.2419
vn -0.9703 0.0000 -0.2419
vn -0.9703 0.0000 -0.2419
vn -0.9703 0.0000 -0.2419
vn 0.9703 0.0000 0.2419
vn 0.9703 0.0000 0.2419
vn 0.9703 0.0000 0.2419
vn 0.9703 0.0000 0.2419
vn 0.0503 0.9781 -0.2017
vn 0.0503 0.9781 -0.2017
vn 0.0503 0.9781 -0.2017
vn 0.0503 0.9781 -0.2017
vn -0.0503 -0.9781 0.2017
vn -0.0503 -0.9781 0.2017
vn -0.0503 -0.9781 0.2017
vn -0.0503 -0.9781 0.2017
vn 0.0000 -0.2079 -0.9781
vn 0.0000 -0.2079 -0.9781
vn 0.0000 -0.2079 -0.9781
vn 0.0000 -0.2079 -0.9781
vn 0.0000 0.2079 0.9781
vn 0.0000 0.2079 0.9781
vn 0.0000 0.2079 0.9781
vn 0.0000 0.2079 0.9781
vn -1.0000 0.0000 0.0000
vn -1.0000 0.0000 0.0000
vn -1.0000 0.0000 0.0000
vn -1.0000 0.0000 0.0000
vn 1.0000 0.0000 0.0000
vn 1.0000 0.0000 0.0000
vn 1.0000 0.0000 0.0000
vn 1.0000 0.0000 0.0000
vn 0.0000 0.9781 -0.2079
vn 0.0000 0.9781 -0.2079
vn 0.0000 0.9781 -0.2079
vn 0.0000 0.9781 -0.2079
vn 0.0000 -0.9781 0.2079
vn 0.0000 -0.9781 0.2079
vn 0.0000 -0.9781 0.2079
vn 0.0000 -0.9781 0.2079
vn 0.0000 -0.2079 -0.9781
vn 0.0000 -0.2079 -0.9781
vn 0.0000 -0.2079 -0.9781
vn 0.0000 -0.2079 -0.9781
vn 0.0000 0.2079 0.9781
vn 0.0000 0.2079 0.9781
vn 0.0000 0.2079 0.9781
vn 0.0000 0.2079 0.9781
vn -1.0000 0.0000 0.0000
vn -1.0000 0.0000 0.0000
vn -1.0000 0.0000 0.0000
vn -1.0000 0.0000 0.0000
vn 1.0000 0.0000 0.0000
vn 1.0000 0.0000 0.0000
vn 1.0000 0.0000 0.0000
vn 1.0000 0.0000 0.0000
vn 0.0000 0.9781 -0.2079
vn 0.0000 0.9781 -0.2079
vn 0.0000 0.9781 -0.2079
vn 0.0000 0.9781 -0.2079
vn 0.0000 -0.9781 0.2079
vn 0.0000 -0.9781 0.2079
vn 0.0000 -0.9781 0.2079
vn 0.0000 -0.9781 0.2079
vn 0.0000 -0.2079 -0.9781
vn 0.0000 -0.2079 -0.9781
vn 0.0000 -0.2079 -0.9781
vn 0.0000 -0.2079 -0.9781
vn 0.0000 0.2079 0.9781
vn 0.0000 0.2079 0.9781
vn 0.0000 0.2079 0.9781
vn 0.0000 0.2079 0.9781
vn -1.0000 0.0000 0.0000
vn -1.0000 0.0000 0.0000
vn -1.0000 0.0000 0.0000
vn -1.0000 0.0000 0.0000
vn 1.0000 0.0000 0.0000
vn 1.0000 0.0000 0.0000
vn 1.0000 0.0000 0.0000
vn 1.0000 0.0000 0.0000
vn 0.0000 0.9781 -0.2079
vn 0.0000 0.9781 -0.2079
vn 0.0000 0.9781 -0.2079
vn 0.0000 0.9781 -0.2079
vn 0.0000 -0.9781 0.2079
vn 0.0000 -0.9781 0.2079
vn 0.0000 -0.9781 0.2079
vn 0.0000 -0.9781 0.2079
vn 0.0000 0.0000 -1.0000
vn 0.0000 0.0000 -1.0000
vn 0.0000 0.0000 -1.0000
vn 0.0000 0.0000 -1.0000
vn 0.0000 0.0000 1.0000
vn 0.0000 0.0000 1.0000
vn 0.0000 0.0000 1.0000
vn 0.0000 0.0000 1.0000
vn -1.0000 0.0000 0.0000
vn -1.0000 0.0000 0.0000
vn -1.0000 0.0000 0.0000
vn -1.0000 0.0000 0.0000
vn 1.0000 0.0000 0.0000
vn 1.0000 0.0000 0.0000
vn 1.0000 0.0000 0.0000
vn 1.0000 0.0000 0.0000
vn 0.0000 1.0000 0.0000
vn 0.0000 1.0000 0.0000
vn 0.0000 1.0000 0.0000
vn 0.0000 1.0000 0.0000
vn 0.0000 -1.0000 0.0000
vn 0.0000 -1.0000 0.0000
vn 0.0000 -1.0000 0.0000
vn 0.0000 -1.0000 0.0000
vn 0.0000 1.0000 0.0000
vn 0.0000 -1.0000 0.0000
vn 0.0000 1.0000 0.0000
vn 0.0000 -1.0000 0.0000
vn 0.0000 1.0000 0.0000
vn 0.0000 -1.0000 0.0000
vn 0.0000 1.0000 0.0000
vn 0.0000 -1.0000 0.0000
vn 0.0000 1.0000 0.0000
vn 0.0000 -1.0000 0.0000
vn 0.0000 1.0000 0.0000
vn 0.0000 -1.0000 0.0000
vn 0.0000 1.0000 0.0000
vn 0.0000 -1.0000 0.0000
vn 0.0000 1.0000 0.0000
vn 0.0000 -1.0000 0.0000
vn 0.0000 1.0000 0.0000
vn 0.0000 -1.0000 0.0000
vn 0.0000 1.0000 0.0000
vn 0.0000 -1.0000 0.0000
vn 0.0000 1.0000 0.0000
vn 0.0000 -1.0000 0.0000
vn 0.0000 1.0000 0.0000
vn 0.0000 -1.0000 0.0000
vn 0.0000 1.0000 0.0000
vn 0.0000 -1.0000 0.0000
vn 0.0000 1.0000 0.0000
vn 0.0000 -1.0000 0.0000
vn 0.0000 1.0000 0.0000
vn 0.0000 -1.0000 0.0000
vn 0.0000 1.0000 0.0000
vn 0.0000 -1.0000 0.0000
vn 0.0000 1.0000 0.0000
vn 0.0000 -1.0000 0.0000
vn 0.0000 -0.2079 -0.9781
vn 0.0000 -0.2079 -0.9781
vn 0.0000 -0.2079 -0.9781
vn 0.0000 -0.2079 -0.9781
vn 0.0000 0.2079 0.9781
vn 0.0000 0.2079 0.9781
vn 0.0000 0.2079 0.9781
vn 0.0000 0.2079 0.9781
vn -1.0000 0.0000 0.0000
vn -1.0000 0.0000 0.0000
vn -1.0000 0.0000 0.0000
vn -1.0000 0.0000 0.0000
vn 1.0000 0.0000 0.0000
vn 1.0000 0.0000 0.0000
vn 1.0000 0.0000 0.0000
vn 1.0000 0.0000 0.0000
vn 0.0000 0.9781 -0.2079
vn 0.0000 0.9781 -0.2079
vn 0.0000 0.9781 -0.2079
vn 0.0000 0.9781 -0.2079
vn 0.0000 -0.9781 0.2079
vn 0.0000 -0.9781 0.2079
vn 0.0000 -0.9781 0.2079
vn 0.0000 -0.9781 0.2079
vn 0.0000 -0.2079 -0.9781
vn 0.0000 -0.2079 -0.9781
vn 0.0000 -0.2079 -0.9781
vn 0.0000 -0.2079 -0.9781
vn 0.0000 0.2079 0.9781
vn 0.0000 0.2079 0.9781
vn 0.0000 0.2079 0.9781
vn 0.0000 0.2079 0.9781
vn -1.0000 0.0000 0.0000
vn -1.0000 0.0000 0.0000
vn -1.0000 0.0000 0.0000
vn -1.0000 0.0000 0.0000
vn 1.0000 0.0000 0.0000
vn 1.0000 0.0000 0.0000
vn 1.0000 0.0000 0.0000
vn 1.0000 0.0000 0.0000
vn 0.0000 0.9781 -0.2079
vn 0.0000 0.9781 -0.2079
vn 0.0000 0.9781 -0.2079
vn 0.0000 0.9781 -0.2079
vn 0.0000 -0.9781 0.2079
vn 0.0000 -0.9781 0.2079
vn 0.0000 -0.9781 0.2079
vn 0.0000 -0.9781 0.2079
vn 0.0000 0.0000 -1.0000
vn 0.0000 0.0000 -1.0000
vn 0.0000 0.0000 -1.0000
vn 0.0000 0.0000 -1.0000
vn 0.0000 0.0000 1.0000
vn 0.0000 0.0000 1.0000
vn 0.0000 0.0000 1.0000
vn 0.0000 0.0000 1.0000
vn -1.0000 0.0000 0.0000
vn -1.0000 0.0000 0.0000
vn -1.0000 0.0000 0.0000
vn -1.0000 0.0000 0.0000
vn 1.0000 0.0000 0.0000
vn 1.0000 0.0000 0.0000
vn 1.0000 0.0000 0.0000
vn 1.0000 0.0000 0.0000
vn 0.0000 1.0000 0.0000
vn 0.0000 1.0000 0.0000
vn 0.0000 1.0000 0.0000
vn 0.0000 1.0000 0.0000
vn 0.0000 -1.0000 0.0000
vn 0.0000 -1.0000 0.0000
vn 0.0000 -1.0000 0.0000
vn 0.0000 -1.0000 0.0000
vn 0.0000 0.0000 -1.0000
vn 0.0000 0.0000 -1.0000
vn 0.0000 0.0000 -1.0000
vn 0.0000 0.0000 -1.0000
vn 0.0000 0.0000 1.0000
vn 0.0000 0.0000 1.0000
vn 0.0000 0.0000 1.0000
vn 0.0000 0.0000 1.0000
vn -1.0000 0.0000 0.0000
vn -1.0000 0.0000 0.0000
vn -1.0000 0.0000 0.0000
vn -1.0000 0.0000 0.0000
vn 1.0000 0.0000 0.0000
vn 1.0000 0.0000 0.0000
vn 1.0000 0.0000 0.0000
vn 1.0000 0.0000 0.0000
vn 0.0000 1.0000 0.0000
vn 0.0000 1.0000 0.0000
vn 0.0000 1.0000 0.0000
vn 0.0000 1.0000 0.0000
vn 0.0000 -1.0000 0.0000
vn 0.0000 -1.0000 0.0000
vn 0.0000 -1.0000 0.0000
vn 0.0000 -1.0000 0.0000
vn 0.0000 0.0000 -1.0000
vn 0.0000 0.0000 -1.0000
vn 0.0000 0.0000 -1.0000
vn 0.0000 0.0000 -1.0000
vn 0.0000 0.0000 1.0000
vn 0.0000 0.0000 1.0000
vn 0.0000 0.0000 1.0000
vn 0.0000 0.0000 1.0000
vn -1.0000 0.0000 0.0000
vn -1.0000 0.0000 0.0000
vn -1.0000 0.0000 0.0000
vn -1.0000 0.0000 0.0000
vn 1.0000 0.0000 0.0000
vn 1.0000 0.0000 0.0000
vn 1.0000 0.0000 0.0000
vn 1.0000 0.0000 0.0000
vn 0.0000 1.0000 0.0000
vn 0.0000 1.0000 0.0000
vn 0.0000 1.0000 0.0000
vn 0.0000 1.0000 0.0000
vn 0.0000 -1.0000 0.0000
vn 0.0000 -1.0000 0.0000
vn 0.0000 -1.0000 0.0000
vn 0.0000 -1.0000 0.0000
vn 0.0000 0.0000 -1.0000
vn 0.0000 0.0000 -1.0000
vn 0.0000 0.0000 -1.0000
vn 0.0000 0.0000 -1.0000
vn 0.0000 0.0000 1.0000
vn 0.0000 0.0000 1.0000
vn 0.0000 0.0000 1.0000
vn 0.0000 0.0000 1.0000
vn -1.0000 0.0000 0.0000
vn -1.0000 0.0000 0.0000
vn -1.0000 0.0000 0.0000
vn -1.0000 0.0000 0.0000
vn 1.0000 0.0000 0.0000
vn 1.0000 0.0000 0.0000
vn 1.0000 0.0000 0.0000
vn 1.0000 0.0000 0.0000
vn 0.0000 1.0000 0.0000
vn 0.0000 1.0000 0.0000
vn 0.0000 1.0000 0.0000
vn 0.0000 1.0000 0.0000
vn 0.0000 -1.0000 0.0000
vn 0.0000 -1.0000 0.0000
vn 0.0000 -1.0000 0.0000
vn 0.0000 -1.0000 0.0000
vn 0.0000 0.2419 -0.9703
vn 0.0000 0.2419 -0.9703
vn 0.0000 0.2419 -0.9703
vn 0.0000 0.2419 -0.9703
vn 0.0000 -0.2419 0.9703
vn 0.0000 -0.2419 0.9703
vn 0.0000 -0.2419 0.9703
vn 0.0000 -0.2419 0.9703
vn -1.0000 0.0000 0.0000
vn -1.0000 0.0000 0.0000
vn -1.0000 0.0000 0.0000
vn -1.0000 0.0000 0.0000
vn 1.0000 0.0000 0.0000
vn 1.0000 0.0000 0.0000
vn 1.0000 0.0000 0.0000
vn 1.0000 0.0000 0.0000
vn 0.0000 0.9703 0.2419
vn 0.0000 0.9703 0.2419
vn 0.0000 0.9703 0.2419
vn 0.0000 0.9703 0.2419
vn 0.0000 -0.9703 -0.2419
vn 0.0000 -0.9703 -0.2419
vn 0.0000 -0.9703 -0.2419
vn 0.0000 -0.9703 -0.2419
vn 0.0000 0.2419 -0.9703
vn 0.0000 0.2419 -0.9703
vn 0.0000 0.2419 -0.9703
vn 0.0000 0.2419 -0.9703
vn 0.0000 -0.2419 0.9703
vn 0.0000 -0.2419 0.9703
vn 0.0000 -0.2419 0.9703
vn 0.0000 -0.2419 0.9703
vn -1.0000 0.0000 0.0000
vn -1.0000 0.0000 0.0000
vn -1.0000 0.0000 0.0000
vn -1.0000 0.0000 0.0000
vn 1.0000 0.0000 0.0000
vn 1.0000 0.0000 0.0000
vn 1.0000 0.0000 0.0000
vn 1.0000 0.0000 0.0000
vn 0.0000 0.9703 0.2419
vn 0.0000 0.9703 0.2419
vn 0.0000 0.9703 0.2419
vn 0.0000 0.9703 0.2419
vn 0.0000 -0.9703 -0.2419
vn 0.0000 -0.9703 -0.2419
vn 0.0000 -0.9703 -0.2419
vn 0.0000 -0.9703 -0.2419
vn 0.0000 1.0000 0.0000
vn 0.0000 -1.0000 0.0000
vn 0.0000 1.0000 0.0000
vn 0.0000 -1.0000 0.0000
vn 0.0000 1.0000 0.0000
vn 0.0000 -1.0000 0.0000
vn 0.0000 1.0000 0.0000
vn 0.0000 -1.0000 0.0000
vn 0.0000 1.0000 0.0000
vn 0.0000 -1.0000 0.0000
vn 0.0000 1.0000 0.0000
vn 0.0000 -1.0000 0.0000
vn 0.0000 1.0000 0.0000
vn 0.0000 -1.0000 0.0000
vn 0.0000 1.0000 0.0000
vn 0.0000 -1.0000 0.0000
vn 0.0000 1.0000 0.0000
vn 0.0000 -1.0000 0.0000
vn 0.0000 1.0000 0.0000
vn 0.0000 -1.0000 0.0000
vn 0.0000 1.0000 0.0000
vn 0.0000 -1.0000 0.0000
vn 0.0000 1.0000 0.0000
vn 0.0000 -1.0000 0.0000
vn 0.0000 1.0000 0.0000
vn 0.0000 -1.0000 0.0000
vn -0.4226 0.0000 -0.9063
vn -0.4226 0.0000 -0.9063
vn -0.4226 0.0000 -0.9063
vn -0.4226 0.0000 -0.9063
vn 0.4226 0.0000 0.9063
vn 0.4226 0.0000 0.9063
vn 0.4226 0.0000 0.9063
vn 0.4226 0.0000 0.9063
vn -0.9063 0.0000 0.4226
vn -0.9063 0.0000 0.4226
vn -0.9063 0.0000 0.4226
vn -0.9063 0.0000 0.4226
vn 0.9063 0.0000 -0.4226
vn 0.9063 0.0000 -0.4226
vn 0.9063 0.0000 -0.4226
vn 0.9063 0.0000 -0.4226
vn 0.0000 1.0000 0.0000
vn 0.0000 1.0000 0.0000
vn 0.0000 1.0000 0.0000
vn 0.0000 1.0000 0.0000
vn 0.0000 -1.0000 0.0000
vn 0.0000 -1.0000 0.0000
vn 0.0000 -1.0000 0.0000
vn 0.0000 -1.0000 0.0000
vn -0.4162 -0.1736 -0.8925
vn -0.4162 -0.1736 -0.8925
vn -0.4162 -0.1736 -0.8925
vn -0.4162 -0.1736 -0.8925
vn 0.4162 0.1736 0.8925
vn 0.4162 0.1736 0.8925
vn 0.4162 0.1736 0.8925
vn 0.4162 0.1736 0.8925
vn -0.9063 0.0000 0.4226
vn -0.9063 0.0000 0.4226
vn -0.9063 0.0000 0.4226
vn -0.9063 0.0000 0.4226
vn 0.9063 0.0000 -0.4226
vn 0.9063 0.0000 -0.4226
vn 0.9063 0.0000 -0.4226
vn 0.9063 0.0000 -0.4226
vn -0.0734 0.9848 -0.1574
vn -0.0734 0.9848 -0.1574
vn -0.0734 0.9848 -0.1574
vn -0.0734 0.9848 -0.1574
vn 0.0734 -0.9848 0.1574
vn 0.0734 -0.9848 0.1574
vn 0.0734 -0.9848 0.1574
vn 0.0734 -0.9848 0.1574
vn -0.4162 -0.1736 -0.8925
vn -0.4162 -0.1736 -0.8925
vn -0.4162 -0.1736 -0.8925
vn -0.4162 -0.1736 -0.8925
vn 0.4162 0.1736 0.8925
vn 0.4162 0.1736 0.8925
vn 0.4162 0.1736 0.8925
vn 0.4162 0.1736 0.8925
vn -0.9063 0.0000 0.4226
vn -0.9063 0.0000 0.4226
vn -0.9063 0.0000 0.4226
vn -0.9063 0.0000 0.4226
vn 0.9063 0.0000 -0.4226
vn 0.9063 0.0000 -0.4226
vn 0.9063 0.0000 -0.4226
vn 0.9063 0.0000 -0.4226
vn -0.0734 0.9848 -0.1574
vn -0.0734 0.9848 -0.1574
vn -0.0734 0.9848 -0.1574
vn -0.0734 0.9848 -0.1574
vn 0.0734 -0.9848 0.1574
vn 0.0734 -0.9848 0.1574
vn 0.0734 -0.9848 0.1574
vn 0.0734 -0.9848 0.1574
vn -0.4162 -0.1736 -0.8925
vn -0.4162 -0.1736 -0.8925
vn -0.4162 -0.1736 -0.8925
vn -0.4162 -0.1736 -0.8925
vn 0.4162 0.1736 0.8925
vn 0.4162 0.1736 0.8925
vn 0.4162 0.1736 0.8925
vn 0.4162 0.1736 0.8925
vn -0.9063 0.0000 0.4226
vn -0.9063 0.0000 0.4226
vn -0.9063 0.0000 0.4226
vn -0.9063 0.0000 0.4226
vn 0.9063 0.0000 -0.4226
vn 0.9063 0.0000 -0.4226
vn 0.9063 0.0000 -0.4226
vn 0.9063 0.0000 -0.4226
vn -0.0734 0.9848 -0.1574
vn -0.0734 0.9848 -0.1574
vn -0.0734 0.9848 -0.1574
vn -0.0734 0.9848 -0.1574
vn 0.0734 -0.9848 0.1574
vn 0.0734 -0.9848 0.1574
vn 0.0734 -0.9848 0.1574
vn 0.0734 -0.9848 0.1574
vn 0.0000 1.0000 0.0000
vn 0.0000 -1.0000 0.0000
vn 0.0000 1.0000 0.0000
vn 0.0000 -1.0000 0.0000
vn 0.0000 1.0000 0.0000
vn 0.0000 -1.0000 0.0000
vn 0.0000 1.0000 0.0000
vn 0.0000 -1.0000 0.0000
vn 0.0000 1.0000 0.0000
vn 0.0000 -1.0000 0.0000
vn 0.0000 1.0000 0.0000
vn 0.0000 -1.0000 0.0000
vn 0.0000 1.0000 0.0000
vn 0.0000 -1.0000 0.0000
vn 0.0000 1.0000 0.0000
vn 0.0000 -1.0000 0.0000
vn 0.0000 1.0000 0.0000
vn 0.0000 -1.0000 0.0000
vn 0.0000 1.0000 0.0000
vn 0.0000 -1.0000 0.0000
vn 0.0000 1.0000 0.0000
vn 0.0000 -1.0000 0.0000
vn 0.0000 1.0000 0.0000
vn 0.0000 -1.0000 0.0000
vn 0.0000 1.0000 0.0000
vn 0.0000 -1.0000 0.0000
vn 0.4226 0.0000 -0.9063
vn 0.4226 0.0000 -0.9063
vn 0.4226 0.0000 -0.9063
vn 0.4226 0.0000 -0.9063
vn -0.4226 0.0000 0.9063
vn -0.4226 0.0000 0.9063
vn -0.4226 0.0000 0.9063
vn -0.4226 0.0000 0.9063
vn -0.9063 0.0000 -0.4226
vn -0.9063 0.0000 -0.4226
vn -0.9063 0.0000 -0.4226
vn -0.9063 0.0000 -0.4226
vn 0.9063 0.0000 0.4226
vn 0.9063 0.0000 0.4226
vn 0.9063 0.0000 0.4226
vn 0.9063 0.0000 0.4226
vn 0.0000 1.0000 0.0000
vn 0.0000 1.0000 0.0000
vn 0.0000 1.0000 0.0000
vn 0.0000 1.0000 0.0000
vn 0.0000 -1.0000 0.0000
vn 0.0000 -1.0000 0.0000
vn 0.0000 -1.0000 0.0000
vn 0.0000 -1.0000 0.0000
vn 0.4162 -0.1736 -0.8925
vn 0.4162 -0.1736 -0.8925
vn 0.4162 -0.1736 -0.8925
vn 0.4162 -0.1736 -0.8925
vn -0.4162 0.1736 0.8925
vn -0.4162 0.1736 0.8925
vn -0.4162 0.1736 0.8925
vn -0.4162 0.1736 0.8925
vn -0.9063 0.0000 -0.4226
vn -0.9063 0.0000 -0.4226
vn -0.9063 0.0000 -0.4226
vn -0.9063 0.0000 -0.4226
vn 0.9063 0.0000 0.4226
vn 0.9063 0.0000 0.4226
vn 0.9063 0.0000 0.4226
vn 0.9063 0.0000 0.4226
vn 0.0734 0.9848 -0.1574
vn 0.0734 0.9848 -0.1574
vn 0.0734 0.9848 -0.1574
vn 0.0734 0.9848 -0.1574
vn -0.0734 -0.9848 0.1574
vn -0.0734 -0.9848 0.1574
vn -0.0734 -0.9848 0.1574
vn -0.0734 -0.9848 0.1574
vn 0.4162 -0.1736 -0.8925
vn 0.4162 -0.1736 -0.8925
vn 0.4162 -0.1736 -0.8925
vn 0.4162 -0.1736 -0.8925
vn -0.4162 0.1736 0.8925
vn -0.4162 0.1736 0.8925
vn -0.4162 0.1736 0.8925
vn -0.4162 0.1736 0.8925
vn -0.9063 0.0000 -0.4226
vn -0.9063 0.0000 -0.4226
vn -0.9063 0.0000 -0.4226
vn -0.9063 0.0000 -0.4226
vn 0.9063 0.0000 0.4226
vn 0.9063 0.0000 0.4226
vn 0.9063 0.0000 0.4226
vn 0.9063 0.0000 0.4226
vn 0.0734 0.9848 -0.1574
vn 0.0734 0.9848 -0.1574
vn 0.0734 0.9848 -0.1574
vn 0.0734 0.9848 -0.1574
vn -0.0734 -0.9848 0.1574
vn -0.0734 -0.9848 0.1574
vn -0.0734 -0.9848 0.1574
vn -0.0734 -0.9848 0.1574
vn 0.4162 -0.1736 -0.8925
vn 0.4162 -0.1736 -0.8925
vn 0.4162 -0.1736 -0.8925
vn 0.4162 -0.1736 -0.8925
vn -0.4162 0.1736 0.8925
vn -0.4162 0.1736 0.8925
vn -0.4162 0.1736 0.8925
vn -0.4162 0.1736 0.8925
vn -0.9063 0.0000 -0.4226
vn -0.9063 0.0000 -0.4226
vn -0.9063 0.0000 -0.4226
vn -0.9063 0.0000 -0.4226
vn 0.9063 0.0000 0.4226
vn 0.9063 0.0000 0.4226
vn 0.9063 0.0000 0.4226
vn 0.9063 0.0000 0.4226
vn 0.0734 0.9848 -0.1574
vn 0.0734 0.9848 -0.1574
vn 0.0734 0.9848 -0.1574
vn 0.0734 0.9848 -0.1574
vn -0.0734 -0.9848 0.1574
vn -0.0734 -0.9848 0.1574
vn -0.0734 -0.9848 0.1574
vn -0.0734 -0.9848 0.1574
vn 0.4446 0.0000 -0.8957
vn 0.4446 0.0000 -0.8957
vn 0.4446 0.0000 -0.8957
vn 0.4446 0.0000 -0.8957
vn 0.5180 0.0000 -0.8554
vn 0.5180 0.0000 -0.8554
vn 0.5180 0.0000 -0.8554
vn 0.5180 0.0000 -0.8554
vn 0.5878 0.0000 -0.8090
vn 0.5878 0.0000 -0.8090
vn 0.5878 0.0000 -0.8090
vn 0.5878 0.0000 -0.8090
vn 0.6534 0.0000 -0.7570
vn 0.6534 0.0000 -0.7570
vn 0.6534 0.0000 -0.7570
vn 0.6534 0.0000 -0.7570
vn 0.7145 0.0000 -0.6997
vn 0.7145 0.0000 -0.6997
vn 0.7145 0.0000 -0.6997
vn 0.7145 0.0000 -0.6997
vn 0.7705 0.0000 -0.6374
vn 0.7705 0.0000 -0.6374
vn 0.7705 0.0000 -0.6374
vn 0.7705 0.0000 -0.6374
vn 0.8211 0.0000 -0.5707
vn 0.8211 0.0000 -0.5707
vn 0.8211 0.0000 -0.5707
vn 0.8211 0.0000 -0.5707
vn 0.8660 0.0000 -0.5000
vn 0.8660 0.0000 -0.5000
vn 0.8660 0.0000 -0.5000
vn 0.8660 0.0000 -0.5000
vn 0.9048 0.0000 -0.4258
vn 0.9048 0.0000 -0.4258
vn 0.9048 0.0000 -0.4258
vn 0.9048 0.0000 -0.4258
vn 0.9373 0.0000 -0.3486
vn 0.9373 0.0000 -0.3486
vn 0.9373 0.0000 -0.3486
vn 0.9373 0.0000 -0.3486
vn -0.4446 0.0000 0.8957
vn -0.4446 0.0000 0.8957
vn -0.4446 0.0000 0.8957
vn -0.4446 0.0000 0.8957
vn -0.5180 0.0000 0.8554
vn -0.5180 0.0000 0.8554
vn -0.5180 0.0000 0.8554
vn -0.5180 0.0000 0.8554
vn -0.5878 0.0000 0.8090
vn -0.5878 0.0000 0.8090
vn -0.5878 0.0000 0.8090
vn -0.5878 0.0000 0.8090
vn -0.6534 0.0000 0.7570
vn -0.6534 0.0000 0.7570
vn -0.6534 0.0000 0.7570
vn -0.6534 0.0000 0.7570
vn -0.7145 0.0000 0.6997
vn -0.7145 0.0000 0.6997
vn -0.7145 0.0000 0.6997
vn -0.7145 0.0000 0.6997
vn -0.7705 0.0000 0.6374
vn -0.7705 0.0000 0.6374
vn -0.7705 0.0000 0.6374
vn -0.7705 0.0000 0.6374
vn -0.8211 0.0000 0.5707
vn -0.8211 0.0000 0.5707
vn -0.8211 0.0000 0.5707
vn -0.8211 0.0000 0.5707
vn -0.8660 0.0000 0.5000
vn -0.8660 0.0000 0.5000
vn -0.8660 0.0000 0.5000
vn -0.8660 0.0000 0.5000
vn -0.9048 0.0000 0.4258
vn -0.9048 0.0000 0.4258
vn -0.9048 0.0000 0.4258
vn -0.9048 0.0000 0.4258
vn -0.9373 0.0000 0.3486
vn -0.9373 0.0000 0.3486
vn -0.9373 0.0000 0.3486
vn -0.9373 0.0000 0.3486
vn 0.4384 0.0000 -0.8988
vn 0.4384 0.0000 -0.8988
vn 0.4384 0.0000 -0.8988
vn 0.4384 0.0000 -0.8988
vn 0.5000 0.0000 -0.8660
vn 0.5000 0.0000 -0.8660
vn 0.5000 0.0000 -0.8660
vn 0.5000 0.0000 -0.8660
vn 0.5592 0.0000 -0.8290
vn 0.5592 0.0000 -0.8290
vn 0.5592 0.0000 -0.8290
vn 0.5592 0.0000 -0.8290
vn 0.6157 0.0000 -0.7880
vn 0.6157 0.0000 -0.7880
vn 0.6157 0.0000 -0.7880
vn 0.6157 0.0000 -0.7880
vn 0.6691 0.0000 -0.7431
vn 0.6691 0.0000 -0.7431
vn 0.6691 0.0000 -0.7431
vn 0.6691 0.0000 -0.7431
vn 0.7193 0.0000 -0.6947
vn 0.7193 0.0000 -0.6947
vn 0.7193 0.0000 -0.6947
vn 0.7193 0.0000 -0.6947
vn 0.7660 0.0000 -0.6428
vn 0.7660 0.0000 -0.6428
vn 0.7660 0.0000 -0.6428
vn 0.7660 0.0000 -0.6428
vn 0.8090 0.0000 -0.5878
vn 0.8090 0.0000 -0.5878
vn 0.8090 0.0000 -0.5878
vn 0.8090 0.0000 -0.5878
vn 0.8480 0.0000 -0.5299
vn 0.8480 0.0000 -0.5299
vn 0.8480 0.0000 -0.5299
vn 0.8480 0.0000 -0.5299
vn 0.8829 0.0000 -0.4695
vn 0.8829 0.0000 -0.4695
vn 0.8829 0.0000 -0.4695
vn 0.8829 0.0000 -0.4695
vn 0.9135 0.0000 -0.4067
vn 0.9135 0.0000 -0.4067
vn 0.9135 0.0000 -0.4067
vn 0.9135 0.0000 -0.4067
vn 0.9397 0.0000 -0.3420
vn 0.9397 0.0000 -0.3420
vn 0.9397 0.0000 -0.3420
vn 0.9397 0.0000 -0.3420
vn -0.4384 0.0000 0.8988
vn -0.4384 0.0000 0.8988
vn -0.4384 0.0000 0.8988
vn -0.4384 0.0000 0.8988
vn -0.5000 0.0000 0.8660
vn -0.5000 0.0000 0.8660
vn -0.5000 0.0000 0.8660
vn -0.5000 0.0000 0.8660
vn -0.5592 0.0000 0.8290
vn -0.5592 0.0000 0.8290
vn -0.5592 0.0000 0.8290
vn -0.5592 0.0000 0.8290
vn -0.6157 0.0000 0.7880
vn -0.6157 0.0000 0.7880
vn -0.6157 0.0000 0.7880
vn -0.6157 0.0000 0.7880
vn -0.6691 0.0000 0.7431
vn -0.6691 0.0000 0.7431
vn -0.6691 0.0000 0.7431
vn -0.6691 0.0000 0.7431
vn -0.7193 0.0000 0.6947
vn -0.7193 0.0000 0.6947
vn -0.7193 0.0000 0.6947
vn -0.7193 0.0000 0.6947
vn -0.7660 0.0000 0.6428
vn -0.7660 0.0000 0.6428
vn -0.7660 0.0000 0.6428
vn -0.7660 0.0000 0.6428
vn -0.8090 0.0000 0.5878
vn -0.8090 0.0000 0.5878
vn -0.8090 0.0000 0.5878
vn -0.8090 0.0000 0.5878
vn -0.8480 0.0000 0.5299
vn -0.8480 0.0000 0.5299
vn -0.8480 0.0000 0.5299
vn -0.8480 0.0000 0.5299
vn -0.8829 0.0000 0.4695
vn -0.8829 0.0000 0.4695
vn -0.8829 0.0000 0.4695
vn -0.8829 0.0000 0.4695
vn -0.9135 0.0000 0.4067
vn -0.9135 0.0000 0.4067
vn -0.9135 0.0000 0.4067
vn -0.9135 0.0000 0.4067
vn -0.9397 0.0000 0.3420
vn -0.9397 0.0000 0.3420
vn -0.9397 0.0000 0.3420
vn -0.9397 0.0000 0.3420
vn 0.9621 0.0000 -0.2728
vn 0.9621 0.0000 -0.2728
vn 0.9621 0.0000 -0.2728
vn 0.9621 0.0000 -0.2728
vn 0.9799 0.0000 -0.1994
vn 0.9799 0.0000 -0.1994
vn 0.9799 0.0000 -0.1994
vn 0.9799 0.0000 -0.1994
vn 0.9922 0.0000 -0.1248
vn 0.9922 0.0000 -0.1248
vn 0.9922 0.0000 -0.1248
vn 0.9922 0.0000 -0.1248
vn 0.9988 0.0000 -0.0494
vn 0.9988 0.0000 -0.0494
vn 0.9988 0.0000 -0.0494
vn 0.9988 0.0000 -0.0494
vn 0.9997 0.0000 0.0262
vn 0.9997 0.0000 0.0262
vn 0.9997 0.0000 0.0262
vn 0.9997 0.0000 0.0262
vn 0.9948 0.0000 0.1016
vn 0.9948 0.0000 0.1016
vn 0.9948 0.0000 0.1016
vn 0.9948 0.0000 0.1016
vn -0.9621 0.0000 0.2728
vn -0.9621 0.0000 0.2728
vn -0.9621 0.0000 0.2728
vn -0.9621 0.0000 0.2728
vn -0.9799 0.0000 0.1994
vn -0.9799 0.0000 0.1994
vn -0.9799 0.0000 0.1994
vn -0.9799 0.0000 0.1994
vn -0.9922 0.0000 0.1248
vn -0.9922 0.0000 0.1248
vn -0.9922 0.0000 0.1248
vn -0.9922 0.0000 0.1248
vn -0.9988 0.0000 0.0494
vn -0.9988 0.0000 0.0494
vn -0.9988 0.0000 0.0494
vn -0.9988 0.0000 0.0494
vn -0.9997 0.0000 -0.0262
vn -0.9997 0.0000 -0.0262
vn -0.9997 0.0000 -0.0262
vn -0.9997 0.0000 -0.0262
vn -0.9948 0.0000 -0.1016
vn -0.9948 0.0000 -0.1016
vn -0.9948 0.0000 -0.1016
vn -0.9948 0.0000 -0.1016
vn 0.9621 0.0000 -0.2728
vn 0.9621 0.0000 -0.2728
vn 0.9621 0.0000 -0.2728
vn 0.9621 0.0000 -0.2728
vn 0.9799 0.0000 -0.1994
vn 0.9799 0.0000 -0.1994
vn 0.9799 0.0000 -0.1994
vn 0.9799 0.0000 -0.1994
vn 0.9922 0.0000 -0.1248
vn 0.9922 0.0000 -0.1248
vn 0.9922 0.0000 -0.1248
vn 0.9922 0.0000 -0.1248
vn 0.9988 0.0000 -0.0494
vn 0.9988 0.0000 -0.0494
vn 0.9988 0.0000 -0.0494
vn 0.9988 0.0000 -0.0494
vn 0.9997 0.0000 0.0262
vn 0.9997 0.0000 0.0262
vn 0.9997 0.0000 0.0262
vn 0.9997 0.0000 0.0262
vn 0.9948 0.0000 0.1016
vn 0.9948 0.0000 0.1016
vn 0.9948 0.0000 0.1016
vn 0.9948 0.0000 0.1016
vn 0.9621 0.0000 -0.2728
vn 0.9621 0.0000 -0.2728
vn 0.9621 0.0000 -0.2728
vn 0.9621 0.0000 -0.2728
vn 0.9799 0.0000 -0.1994
vn 0.9799 0.0000 -0.1994
vn 0.9799 0.0000 -0.1994
vn 0.9799 0.0000 -0.1994
vn 0.9922 0.0000 -0.1248
vn 0.9922 0.0000 -0.1248
vn 0.9922 0.0000 -0.1248
vn 0.9922 0.0000 -0.1248
vn 0.9988 0.0000 -0.0494
vn 0.9988 0.0000 -0.0494
vn 0.9988 0.0000 -0.0494
vn 0.9988 0.0000 -0.0494
vn 0.9997 0.0000 0.0262
vn 0.9997 0.0000 0.0262
vn 0.9997 0.0000 0.0262
vn 0.9997 0.0000 0.0262
vn 0.9948 0.0000 0.1016
vn 0.9948 0.0000 0.1016
vn 0.9948 0.0000 0.1016
vn 0.9948 0.0000 0.1016
vn -0.9621 0.0000 0.2728
vn -0.9621 0.0000 0.2728
vn -0.9621 0.0000 0.2728
vn -0.9621 0.0000 0.2728
vn -0.9799 0.0000 0.1994
vn -0.9799 0.0000 0.1994
vn -0.9799 0.0000 0.1994
vn -0.9799 0.0000 0.1994
vn -0.9922 0.0000 0.1248
vn -0.9922 0.0000 0.1248
vn -0.9922 0.0000 0.1248
vn -0.9922 0.0000 0.1248
vn -0.9988 0.0000 0.0494
vn -0.9988 0.0000 0.0494
vn -0.9988 0.0000 0.0494
vn -0.9988 0.0000 0.0494
vn -0.9997 0.0000 -0.0262
vn -0.9997 0.0000 -0.0262
vn -0.9997 0.0000 -0.0262
vn -0.9997 0.0000 -0.0262
vn -0.9948 0.0000 -0.1016
vn -0.9948 0.0000 -0.1016
vn -0.9948 0.0000 -0.1016
vn -0.9948 0.0000 -0.1016
vn 0.9844 0.0000 0.1758
vn 0.9844 0.0000 0.1758
vn 0.9844 0.0000 0.1758
vn 0.9844 0.0000 0.1758
vn 0.9687 0.0000 0.2483
vn 0.9687 0.0000 0.2483
vn 0.9687 0.0000 0.2483
vn 0.9687 0.0000 0.2483
vn 0.9476 0.0000 0.3194
vn 0.9476 0.0000 0.3194
vn 0.9476 0.0000 0.3194
vn 0.9476 0.0000 0.3194
vn 0.9214 0.0000 0.3887
vn 0.9214 0.0000 0.3887
vn 0.9214 0.0000 0.3887
vn 0.9214 0.0000 0.3887
vn -0.9844 0.0000 -0.1758
vn -0.9844 0.0000 -0.1758
vn -0.9844 0.0000 -0.1758
vn -0.9844 0.0000 -0.1758
vn -0.9687 0.0000 -0.2483
vn -0.9687 0.0000 -0.2483
vn -0.9687 0.0000 -0.2483
vn -0.9687 0.0000 -0.2483
vn -0.9476 0.0000 -0.3194
vn -0.9476 0.0000 -0.3194
vn -0.9476 0.0000 -0.3194
vn -0.9476 0.0000 -0.3194
vn -0.9214 0.0000 -0.3887
vn -0.9214 0.0000 -0.3887
vn -0.9214 0.0000 -0.3887
vn -0.9214 0.0000 -0.3887
vn 0.4516 0.0000 -0.8922
vn 0.4516 0.0000 -0.8922
vn 0.4516 0.0000 -0.8922
vn 0.4516 0.0000 -0.8922
vn 0.5378 0.0000 -0.8431
vn 0.5378 0.0000 -0.8431
vn 0.5378 0.0000 -0.8431
vn 0.5378 0.0000 -0.8431
vn 0.6187 0.0000 -0.7857
vn 0.6187 0.0000 -0.7857
vn 0.6187 0.0000 -0.7857
vn 0.6187 0.0000 -0.7857
vn 0.6935 0.0000 -0.7205
vn 0.6935 0.0000 -0.7205
vn 0.6935 0.0000 -0.7205
vn 0.6935 0.0000 -0.7205
vn 0.7615 0.0000 -0.6482
vn 0.7615 0.0000 -0.6482
vn 0.7615 0.0000 -0.6482
vn 0.7615 0.0000 -0.6482
vn 0.8220 0.0000 -0.5695
vn 0.8220 0.0000 -0.5695
vn 0.8220 0.0000 -0.5695
vn 0.8220 0.0000 -0.5695
vn 0.8744 0.0000 -0.4853
vn 0.8744 0.0000 -0.4853
vn 0.8744 0.0000 -0.4853
vn 0.8744 0.0000 -0.4853
vn 0.9181 0.0000 -0.3962
vn 0.9181 0.0000 -0.3962
vn 0.9181 0.0000 -0.3962
vn 0.9181 0.0000 -0.3962
vn 0.9529 0.0000 -0.3033
vn 0.9529 0.0000 -0.3033
vn 0.9529 0.0000 -0.3033
vn 0.9529 0.0000 -0.3033
vn 0.9783 0.0000 -0.2074
vn 0.9783 0.0000 -0.2074
vn 0.9783 0.0000 -0.2074
vn 0.9783 0.0000 -0.2074
vn 0.9940 0.0000 -0.1094
vn 0.9940 0.0000 -0.1094
vn 0.9940 0.0000 -0.1094
vn 0.9940 0.0000 -0.1094
vn 0.9999 0.0000 -0.0104
vn 0.9999 0.0000 -0.0104
vn 0.9999 0.0000 -0.0104
vn 0.9999 0.0000 -0.0104
vn 0.9961 0.0000 0.0888
vn 0.9961 0.0000 0.0888
vn 0.9961 0.0000 0.0888
vn 0.9961 0.0000 0.0888
vn 0.9823 0.0000 0.1871
vn 0.9823 0.0000 0.1871
vn 0.9823 0.0000 0.1871
vn 0.9823 0.0000 0.1871
vn 0.9590 0.0000 0.2835
vn 0.9590 0.0000 0.2835
vn 0.9590 0.0000 0.2835
vn 0.9590 0.0000 0.2835
vn 0.9262 0.0000 0.3771
vn 0.9262 0.0000 0.3771
vn 0.9262 0.0000 0.3771
vn 0.9262 0.0000 0.3771
vn -0.4516 0.0000 0.8922
vn -0.4516 0.0000 0.8922
vn -0.4516 0.0000 0.8922
vn -0.4516 0.0000 0.8922
vn -0.5378 0.0000 0.8431
vn -0.5378 0.0000 0.8431
vn -0.5378 0.0000 0.8431
vn -0.5378 0.0000 0.8431
vn -0.6187 0.0000 0.7857
vn -0.6187 0.0000 0.7857
vn -0.6187 0.0000 0.7857
vn -0.6187 0.0000 0.7857
vn -0.6935 0.0000 0.7205
vn -0.6935 0.0000 0.7205
vn -0.6935 0.0000 0.7205
vn -0.6935 0.0000 0.7205
vn -0.7615 0.0000 0.6482
vn -0.7615 0.0000 0.6482
vn -0.7615 0.0000 0.6482
vn -0.7615 0.0000 0.6482
vn -0.8220 0.0000 0.5695
vn -0.8220 0.0000 0.5695
vn -0.8220 0.0000 0.5695
vn -0.8220 0.0000 0.5695
vn -0.8744 0.0000 0.4853
vn -0.8744 0.0000 0.4853
vn -0.8744 0.0000 0.4853
vn -0.8744 0.0000 0.4853
vn -0.9181 0.0000 0.3962
vn -0.9181 0.0000 0.3962
vn -0.9181 0.0000 0.3962
vn -0.9181 0.0000 0.3962
vn -0.9529 0.0000 0.3033
vn -0.9529 0.0000 0.3033
vn -0.9529 0.0000 0.3033
vn -0.9529 0.0000 0.3033
vn -0.9783 0.0000 0.2074
vn -0.9783 0.0000 0.2074
vn -0.9783 0.0000 0.2074
vn -0.9783 0.0000 0.2074
vn -0.9940 0.0000 0.1094
vn -0.9940 0.0000 0.1094
vn -0.9940 0.0000 0.1094
vn -0.9940 0.0000 0.1094
vn -0.9999 0.0000 0.0104
vn -0.9999 0.0000 0.0104
vn -0.9999 0.0000 0.0104
vn -0.9999 0.0000 0.0104
vn -0.9961 0.0000 -0.0888
vn -0.9961 0.0000 -0.0888
vn -0.9961 0.0000 -0.0888
vn -0.9961 0.0000 -0.0888
vn -0.9823 0.0000 -0.1871
vn -0.9823 0.0000 -0.1871
vn -0.9823 0.0000 -0.1871
vn -0.9823 0.0000 -0.1871
vn -0.9590 0.0000 -0.2835
vn -0.9590 0.0000 -0.2835
vn -0.9590 0.0000 -0.2835
vn -0.9590 0.0000 -0.2835
vn -0.9262 0.0000 -0.3771
vn -0.9262 0.0000 -0.3771
vn -0.9262 0.0000 -0.3771
vn -0.9262 0.0000 -0.3771
vn 0.9909 0.0000 -0.1349
vn 0.9909 0.0000 -0.1349
vn 0.9909 0.0000 -0.1349
vn 0.9909 0.0000 -0.1349
vn -0.9909 0.0000 0.1349
vn -0.9909 0.0000 0.1349
vn -0.9909 0.0000 0.1349
vn -0.9909 0.0000 0.1349
vn -0.1349 0.0000 -0.9909
vn -0.1349 0.0000 -0.9909
vn -0.1349 0.0000 -0.9909
vn -0.1349 0.0000 -0.9909
vn 0.1349 0.0000 0.9909
vn 0.1349 0.0000 0.9909
vn 0.1349 0.0000 0.9909
vn 0.1349 0.0000 0.9909
vn 0.0000 1.0000 0.0000
vn 0.0000 1.0000 0.0000
vn 0.0000 1.0000 0.0000
vn 0.0000 1.0000 0.0000
vn 0.0000 -1.0000 0.0000
vn 0.0000 -1.0000 0.0000
vn 0.0000 -1.0000 0.0000
vn 0.0000 -1.0000 0.0000
vn 0.9909 0.0000 -0.1349
vn 0.9909 0.0000 -0.1349
vn 0.9909 0.0000 -0.1349
vn 0.9909 0.0000 -0.1349
vn -0.9909 0.0000 0.1349
vn -0.9909 0.0000 0.1349
vn -0.9909 0.0000 0.1349
vn -0.9909 0.0000 0.1349
vn -0.1349 0.0000 -0.9909
vn -0.1349 0.0000 -0.9909
vn -0.1349 0.0000 -0.9909
vn -0.1349 0.0000 -0.9909
vn 0.1349 0.0000 0.9909
vn 0.1349 0.0000 0.9909
vn 0.1349 0.0000 0.9909
vn 0.1349 0.0000 0.9909
vn 0.0000 1.0000 0.0000
vn 0.0000 1.0000 0.0000
vn 0.0000 1.0000 0.0000
vn 0.0000 1.0000 0.0000
vn 0.0000 -1.0000 0.0000
vn 0.0000 -1.0000 0.0000
vn 0.0000 -1.0000 0.0000
vn 0.0000 -1.0000 0.0000
vn 0.9424 -0.3090 -0.1283
vn 0.9424 -0.3090 -0.1283
vn 0.9424 -0.3090 -0.1283
vn 0.9424 -0.3090 -0.1283
vn -0.9424 0.3090 0.1283
vn -0.9424 0.3090 0.1283
vn -0.9424 0.3090 0.1283
vn -0.9424 0.3090 0.1283
vn -0.1349 0.0000 -0.9909
vn -0.1349 0.0000 -0.9909
vn -0.1349 0.0000 -0.9909
vn -0.1349 0.0000 -0.9909
vn 0.1349 0.0000 0.9909
vn 0.1349 0.0000 0.9909
vn 0.1349 0.0000 0.9909
vn 0.1349 0.0000 0.9909
vn 0.3062 0.9511 -0.0417
vn 0.3062 0.9511 -0.0417
vn 0.3062 0.9511 -0.0417
vn 0.3062 0.9511 -0.0417
vn -0.3062 -0.9511 0.0417
vn -0.3062 -0.9511 0.0417
vn -0.3062 -0.9511 0.0417
vn -0.3062 -0.9511 0.0417
vn 0.9999 0.0000 0.0131
vn 0.9999 0.0000 0.0131
vn 0.9999 0.0000 0.0131
vn 0.9999 0.0000 0.0131
vn -0.9999 0.0000 -0.0131
vn -0.9999 0.0000 -0.0131
vn -0.9999 0.0000 -0.0131
vn -0.9999 0.0000 -0.0131
vn 0.0131 0.0000 -0.9999
vn 0.0131 0.0000 -0.9999
vn 0.0131 0.0000 -0.9999
vn 0.0131 0.0000 -0.9999
vn -0.0131 0.0000 0.9999
vn -0.0131 0.0000 0.9999
vn -0.0131 0.0000 0.9999
vn -0.0131 0.0000 0.9999
vn 0.0000 1.0000 0.0000
vn 0.0000 1.0000 0.0000
vn 0.0000 1.0000 0.0000
vn 0.0000 1.0000 0.0000
vn 0.0000 -1.0000 0.0000
vn 0.0000 -1.0000 0.0000
vn 0.0000 -1.0000 0.0000
vn 0.0000 -1.0000 0.0000
vn 0.9999 0.0000 0.0131
vn 0.9999 0.0000 0.0131
vn 0.9999 0.0000 0.0131
vn 0.9999 0.0000 0.0131
vn -0.9999 0.0000 -0.0131
vn -0.9999 0.0000 -0.0131
vn -0.9999 0.0000 -0.0131
vn -0.9999 0.0000 -0.0131
vn 0.0131 0.0000 -0.9999
vn 0.0131 0.0000 -0.9999
vn 0.0131 0.0000 -0.9999
vn 0.0131 0.0000 -0.9999
vn -0.0131 0.0000 0.9999
vn -0.0131 0.0000 0.9999
vn -0.0131 0.0000 0.9999
vn -0.0131 0.0000 0.9999
vn 0.0000 1.0000 0.0000
vn 0.0000 1.0000 0.0000
vn 0.0000 1.0000 0.0000
vn 0.0000 1.0000 0.0000
vn 0.0000 -1.0000 0.0000
vn 0.0000 -1.0000 0.0000
vn 0.0000 -1.0000 0.0000
vn 0.0000 -1.0000 0.0000
vn 0.9510 -0.3090 0.0124
vn 0.9510 -0.3090 0.0124
vn 0.9510 -0.3090 0.0124
vn 0.9510 -0.3090 0.0124
vn -0.9510 0.3090 -0.0124
vn -0.9510 0.3090 -0.0124
vn -0.9510 0.3090 -0.0124
vn -0.9510 0.3090 -0.0124
vn 0.0131 0.0000 -0.9999
vn 0.0131 0.0000 -0.9999
vn 0.0131 0.0000 -0.9999
vn 0.0131 0.0000 -0.9999
vn -0.0131 0.0000 0.9999
vn -0.0131 0.0000 0.9999
vn -0.0131 0.0000 0.9999
vn -0.0131 0.0000 0.9999
vn 0.3090 0.9511 0.0040
vn 0.3090 0.9511 0.0040
vn 0.3090 0.9511 0.0040
vn 0.3090 0.9511 0.0040
vn -0.3090 -0.9511 -0.0040
vn -0.3090 -0.9511 -0.0040
vn -0.3090 -0.9511 -0.0040
vn -0.3090 -0.9511 -0.0040
vn 0.9870 0.0000 0.1607
vn 0.9870 0.0000 0.1607
vn 0.9870 0.0000 0.1607
vn 0.9870 0.0000 0.1607
vn -0.9870 0.0000 -0.1607
vn -0.9870 0.0000 -0.1607
vn -0.9870 0.0000 -0.1607
vn -0.9870 0.0000 -0.1607
vn 0.1607 0.0000 -0.9870
vn 0.1607 0.0000 -0.9870
vn 0.1607 0.0000 -0.9870
vn 0.1607 0.0000 -0.9870
vn -0.1607 0.0000 0.9870
vn -0.1607 0.0000 0.9870
vn -0.1607 0.0000 0.9870
vn -0.1607 0.0000 0.9870
vn 0.0000 1.0000 0.0000
vn 0.0000 1.0000 0.0000
vn 0.0000 1.0000 0.0000
vn 0.0000 1.0000 0.0000
vn 0.0000 -1.0000 0.0000
vn 0.0000 -1.0000 0.0000
vn 0.0000 -1.0000 0.0000
vn 0.0000 -1.0000 0.0000
vn 0.9870 0.0000 0.1607
vn 0.9870 0.0000 0.1607
vn 0.9870 0.0000 0.1607
vn 0.9870 0.0000 0.1607
vn -0.9870 0.0000 -0.1607
vn -0.9870 0.0000 -0.1607
vn -0.9870 0.0000 -0.1607
vn -0.9870 0.0000 -0.1607
vn 0.1607 0.0000 -0.9870
vn 0.1607 0.0000 -0.9870
vn 0.1607 0.0000 -0.9870
vn 0.1607 0.0000 -0.9870
vn -0.1607 0.0000 0.9870
vn -0.1607 0.0000 0.9870
vn -0.1607 0.0000 0.9870
vn -0.1607 0.0000 0.9870
vn 0.0000 1.0000 0.0000
vn 0.0000 1.0000 0.0000
vn 0.0000 1.0000 0.0000
vn 0.0000 1.0000 0.0000
vn 0.0000 -1.0000 0.0000
vn 0.0000 -1.0000 0.0000
vn 0.0000 -1.0000 0.0000
vn 0.0000 -1.0000 0.0000
vn 0.9387 -0.3090 0.1529
vn 0.9387 -0.3090 0.1529
vn 0.9387 -0.3090 0.1529
vn 0.9387 -0.3090 0.1529
vn -0.9387 0.3090 -0.1529
vn -0.9387 0.3090 -0.1529
vn -0.9387 0.3090 -0.1529
vn -0.9387 0.3090 -0.1529
vn 0.1607 0.0000 -0.9870
vn 0.1607 0.0000 -0.9870
vn 0.1607 0.0000 -0.9870
vn 0.1607 0.0000 -0.9870
vn -0.1607 0.0000 0.9870
vn -0.1607 0.0000 0.9870
vn -0.1607 0.0000 0.9870
vn -0.1607 0.0000 0.9870
vn 0.3050 0.9511 0.0497
vn 0.3050 0.9511 0.0497
vn 0.3050 0.9511 0.0497
vn 0.3050 0.9511 0.0497
vn -0.3050 -0.9511 -0.0497
vn -0.3050 -0.9511 -0.0497
vn -0.3050 -0.9511 -0.0497
vn -0.3050 -0.9511 -0.0497
vn 0.9524 0.0000 0.3049
vn 0.9524 0.0000 0.3049
vn 0.9524 0.0000 0.3049
vn 0.9524 0.0000 0.3049
vn -0.9524 0.0000 -0.3049
vn -0.9524 0.0000 -0.3049
vn -0.9524 0.0000 -0.3049
vn -0.9524 0.0000 -0.3049
vn 0.3049 0.0000 -0.9524
vn 0.3049 0.0000 -0.9524
vn 0.3049 0.0000 -0.9524
vn 0.3049 0.0000 -0.9524
vn -0.3049 0.0000 0.9524
vn -0.3049 0.0000 0.9524
vn -0.3049 0.0000 0.9524
vn -0.3049 0.0000 0.9524
vn 0.0000 1.0000 0.0000
vn 0.0000 1.0000 0.0000
vn 0.0000 1.0000 0.0000
vn 0.0000 1.0000 0.0000
vn 0.0000 -1.0000 0.0000
vn 0.0000 -1.0000 0.0000
vn 0.0000 -1.0000 0.0000
vn 0.0000 -1.0000 0.0000
vn 0.9524 0.0000 0.3049
vn 0.9524 0.0000 0.3049
vn 0.9524 0.0000 0.3049
vn 0.9524 0.0000 0.3049
vn -0.9524 0.0000 -0.3049
vn -0.9524 0.0000 -0.3049
vn -0.9524 0.0000 -0.3049
vn -0.9524 0.0000 -0.3049
vn 0.3049 0.0000 -0.9524
vn 0.3049 0.0000 -0.9524
vn 0.3049 0.0000 -0.9524
vn 0.3049 0.0000 -0.9524
vn -0.3049 0.0000 0.9524
vn -0.3049 0.0000 0.9524
vn -0.3049 0.0000 0.9524
vn -0.3049 0.0000 0.9524
vn 0.0000 1.0000 0.0000
vn 0.0000 1.0000 0.0000
vn 0.0000 1.0000 0.0000
vn 0.0000 1.0000 0.0000
vn 0.0000 -1.0000 0.0000
vn 0.0000 -1.0000 0.0000
vn 0.0000 -1.0000 0.0000
vn 0.0000 -1.0000 0.0000
vn 0.9058 -0.3090 0.2899
vn 0.9058 -0.3090 0.2899
vn 0.9058 -0.3090 0.2899
vn 0.9058 -0.3090 0.2899
vn -0.9058 0.3090 -0.2899
vn -0.9058 0.3090 -0.2899
vn -0.9058 0.3090 -0.2899
vn -0.9058 0.3090 -0.2899
vn 0.3049 0.0000 -0.9524
vn 0.3049 0.0000 -0.9524
vn 0.3049 0.0000 -0.9524
vn 0.3049 0.0000 -0.9524
vn -0.3049 0.0000 0.9524
vn -0.3049 0.0000 0.9524
vn -0.3049 0.0000 0.9524
vn -0.3049 0.0000 0.9524
vn 0.2943 0.9511 0.0942
vn 0.2943 0.9511 0.0942
vn 0.2943 0.9511 0.0942
vn 0.2943 0.9511 0.0942
vn -0.2943 -0.9511 -0.0942
vn -0.2943 -0.9511 -0.0942
vn -0.2943 -0.9511 -0.0942
vn -0.2943 -0.9511 -0.0942
vn -0.4446 0.0000 -0.8957
vn -0.4446 0.0000 -0.8957
vn -0.4446 0.0000 -0.8957
vn -0.4446 0.0000 -0.8957
vn -0.5180 0.0000 -0.8554
vn -0.5180 0.0000 -0.8554
vn -0.5180 0.0000 -0.8554
vn -0.5180 0.0000 -0.8554
vn -0.5878 0.0000 -0.8090
vn -0.5878 0.0000 -0.8090
vn -0.5878 0.0000 -0.8090
vn -0.5878 0.0000 -0.8090
vn -0.6534 0.0000 -0.7570
vn -0.6534 0.0000 -0.7570
vn -0.6534 0.0000 -0.7570
vn -0.6534 0.0000 -0.7570
vn -0.7145 0.0000 -0.6997
vn -0.7145 0.0000 -0.6997
vn -0.7145 0.0000 -0.6997
vn -0.7145 0.0000 -0.6997
vn -0.7705 0.0000 -0.6374
vn -0.7705 0.0000 -0.6374
vn -0.7705 0.0000 -0.6374
vn -0.7705 0.0000 -0.6374
vn -0.8211 0.0000 -0.5707
vn -0.8211 0.0000 -0.5707
vn -0.8211 0.0000 -0.5707
vn -0.8211 0.0000 -0.5707
vn -0.8660 0.0000 -0.5000
vn -0.8660 0.0000 -0.5000
vn -0.8660 0.0000 -0.5000
vn -0.8660 0.0000 -0.5000
vn -0.9048 0.0000 -0.4258
vn -0.9048 0.0000 -0.4258
vn -0.9048 0.0000 -0.4258
vn -0.9048 0.0000 -0.4258
vn -0.9373 0.0000 -0.3486
vn -0.9373 0.0000 -0.3486
vn -0.9373 0.0000 -0.3486
vn -0.9373 0.0000 -0.3486
vn 0.4446 0.0000 0.8957
vn 0.4446 0.0000 0.8957
vn 0.4446 0.0000 0.8957
vn 0.4446 0.0000 0.8957
vn 0.5180 0.0000 0.8554
vn 0.5180 0.0000 0.8554
vn 0.5180 0.0000 0.8554
vn 0.5180 0.0000 0.8554
vn 0.5878 0.0000 0.8090
vn 0.5878 0.0000 0.8090
vn 0.5878 0.0000 0.8090
vn 0.5878 0.0000 0.8090
vn 0.6534 0.0000 0.7570
vn 0.6534 0.0000 0.7570
vn 0.6534 0.0000 0.7570
vn 0.6534 0.0000 0.7570
vn 0.7145 0.0000 0.6997
vn 0.7145 0.0000 0.6997
vn 0.7145 0.0000 0.6997
vn 0.7145 0.0000 0.6997
vn 0.7705 0.0000 0.6374
vn 0.7705 0.0000 0.6374
vn 0.7705 0.0000 0.6374
vn 0.7705 0.0000 0.6374
vn 0.8211 0.0000 0.5707
vn 0.8211 0.0000 0.5707
vn 0.8211 0.0000 0.5707
vn 0.8211 0.0000 0.5707
vn 0.8660 0.0000 0.5000
vn 0.8660 0.0000 0.5000
vn 0.8660 0.0000 0.5000
vn 0.8660 0.0000 0.5000
vn 0.9048 0.0000 0.4258
vn 0.9048 0.0000 0.4258
vn 0.9048 0.0000 0.4258
vn 0.9048 0.0000 0.4258
vn 0.9373 0.0000 0.3486
vn 0.9373 0.0000 0.3486
vn 0.9373 0.0000 0.3486
vn 0.9373 0.0000 0.3486
vn -0.4384 0.0000 -0.8988
vn -0.4384 0.0000 -0.8988
vn -0.4384 0.0000 -0.8988
vn -0.4384 0.0000 -0.8988
vn -0.5000 0.0000 -0.8660
vn -0.5000 0.0000 -0.8660
vn -0.5000 0.0000 -0.8660
vn -0.5000 0.0000 -0.8660
vn -0.5592 0.0000 -0.8290
vn -0.5592 0.0000 -0.8290
vn -0.5592 0.0000 -0.8290
vn -0.5592 0.0000 -0.8290
vn -0.6157 0.0000 -0.7880
vn -0.6157 0.0000 -0.7880
vn -0.6157 0.0000 -0.7880
vn -0.6157 0.0000 -0.7880
vn -0.6691 0.0000 -0.7431
vn -0.6691 0.0000 -0.7431
vn -0.6691 0.0000 -0.7431
vn -0.6691 0.0000 -0.7431
vn -0.7193 0.0000 -0.6947
vn -0.7193 0.0000 -0.6947
vn -0.7193 0.0000 -0.6947
vn -0.7193 0.0000 -0.6947
vn -0.7660 0.0000 -0.6428
vn -0.7660 0.0000 -0.6428
vn -0.7660 0.0000 -0.6428
vn -0.7660 0.0000 -0.6428
vn -0.8090 0.0000 -0.5878
vn -0.8090 0.0000 -0.5878
vn -0.8090 0.0000 -0.5878
vn -0.8090 0.0000 -0.5878
vn -0.8480 0.0000 -0.5299
vn -0.8480 0.0000 -0.5299
vn -0.8480 0.0000 -0.5299
vn -0.8480 0.0000 -0.5299
vn -0.8829 0.0000 -0.4695
vn -0.8829 0.0000 -0.4695
vn -0.8829 0.0000 -0.4695
vn -0.8829 0.0000 -0.4695
vn -0.9135 0.0000 -0.4067
vn -0.9135 0.0000 -0.4067
vn -0.9135 0.0000 -0.4067
vn -0.9135 0.0000 -0.4067
vn -0.9397 0.0000 -0.3420
vn -0.9397 0.0000 -0.3420
vn -0.9397 0.0000 -0.3420
vn -0.9397 0.0000 -0.3420
vn 0.4384 0.0000 0.8988
vn 0.4384 0.0000 0.8988
vn 0.4384 0.0000 0.8988
vn 0.4384 0.0000 0.8988
vn 0.5000 0.0000 0.8660
vn 0.5000 0.0000 0.8660
vn 0.5000 0.0000 0.8660
vn 0.5000 0.0000 0.8660
vn 0.5592 0.0000 0.8290
vn 0.5592 0.0000 0.8290
vn 0.5592 0.0000 0.8290
vn 0.5592 0.0000 0.8290
vn 0.6157 0.0000 0.7880
vn 0.6157 0.0000 0.7880
vn 0.6157 0.0000 0.7880
vn 0.6157 0.0000 0.7880
vn 0.6691 0.0000 0.7431
vn 0.6691 0.0000 0.7431
vn 0.6691 0.0000 0.7431
vn 0.6691 0.0000 0.7431
vn 0.7193 0.0000 0.6947
vn 0.7193 0.0000 0.6947
vn 0.7193 0.0000 0.6947
vn 0.7193 0.0000 0.6947
vn 0.7660 0.0000 0.6428
vn 0.7660 0.0000 0.6428
vn 0.7660 0.0000 0.6428
vn 0.7660 0.0000 0.6428
vn 0.8090 0.0000 0.5878
vn 0.8090 0.0000 0.5878
vn 0.8090 0.0000 0.5878
vn 0.8090 0.0000 0.5878
vn 0.8480 0.0000 0.5299
vn 0.8480 0.0000 0.5299
vn 0.8480 0.0000 0.5299
vn 0.8480 0.0000 0.5299
vn 0.8829 0.0000 0.4695
vn 0.8829 0.0000 0.4695
vn 0.8829 0.0000 0.4695
vn 0.8829 0.0000 0.4695
vn 0.9135 0.0000 0.4067
vn 0.9135 0.0000 0.4067
vn 0.9135 0.0000 0.4067
vn 0.9135 0.0000 0.4067
vn 0.9397 0.0000 0.3420
vn 0.9397 0.0000 0.3420
vn 0.9397 0.0000 0.3420
vn 0.9397 0.0000 0.3420
vn -0.9621 0.0000 -0.2728
vn -0.9621 0.0000 -0.2728
vn -0.9621 0.0000 -0.2728
vn -0.9621 0.0000 -0.2728
vn -0.9799 0.0000 -0.1994
vn -0.9799 0.0000 -0.1994
vn -0.9799 0.0000 -0.1994
vn -0.9799 0.0000 -0.1994
vn -0.9922 0.0000 -0.1248
vn -0.9922 0.0000 -0.1248
vn -0.9922 0.0000 -0.1248
vn -0.9922 0.0000 -0.1248
vn -0.9988 0.0000 -0.0494
vn -0.9988 0.0000 -0.0494
vn -0.9988 0.0000 -0.0494
vn -0.9988 0.0000 -0.0494
vn -0.9997 0.0000 0.0262
vn -0.9997 0.0000 0.0262
vn -0.9997 0.0000 0.0262
vn -0.9997 0.0000 0.0262
vn -0.9948 0.0000 0.1016
vn -0.9948 0.0000 0.1016
vn -0.9948 0.0000 0.1016
vn -0.9948 0.0000 0.1016
vn 0.9621 0.0000 0.2728
vn 0.9621 0.0000 0.2728
vn 0.9621 0.0000 0.2728
vn 0.9621 0.0000 0.2728
vn 0.9799 0.0000 0.1994
vn 0.9799 0.0000 0.1994
vn 0.9799 0.0000 0.1994
vn 0.9799 0.0000 0.1994
vn 0.9922 0.0000 0.1248
vn 0.9922 0.0000 0.1248
vn 0.9922 0.0000 0.1248
vn 0.9922 0.0000 0.1248
vn 0.9988 0.0000 0.0494
vn 0.9988 0.0000 0.0494
vn 0.9988 0.0000 0.0494
vn 0.9988 0.0000 0.0494
vn 0.9997 0.0000 -0.0262
vn 0.9997 0.0000 -0.0262
vn 0.9997 0.0000 -0.0262
vn 0.9997 0.0000 -0.0262
vn 0.9948 0.0000 -0.1016
vn 0.9948 0.0000 -0.1016
vn 0.9948 0.0000 -0.1016
vn 0.9948 0.0000 -0.1016
vn -0.9621 0.0000 -0.2728
vn -0.9621 0.0000 -0.2728
vn -0.9621 0.0000 -0.2728
vn -0.9621 0.0000 -0.2728
vn -0.9799 0.0000 -0.1994
vn -0.9799 0.0000 -0.1994
vn -0.9799 0.0000 -0.1994
vn -0.9799 0.0000 -0.1994
vn -0.9922 0.0000 -0.1248
vn -0.9922 0.0000 -0.1248
vn -0.9922 0.0000 -0.1248
vn -0.9922 0.0000 -0.1248
vn -0.9988 0.0000 -0.0494
vn -0.9988 0.0000 -0.0494
vn -0.9988 0.0000 -0.0494
vn -0.9988 0.0000 -0.0494
vn -0.9997 0.0000 0.0262
vn -0.9997 0.0000 0.0262
vn -0.9997 0.0000 0.0262
vn -0.9997 0.0000 0.0262
vn -0.9948 0.0000 0.1016
vn -0.9948 0.0000 0.1016
vn -0.9948 0.0000 0.1016
vn -0.9948 0.0000 0.1016
vn -0.9621 0.0000 -0.2728
vn -0.9621 0.0000 -0.2728
vn -0.9621 0.0000 -0.2728
vn -0.9621 0.0000 -0.2728
vn -0.9799 0.0000 -0.1994
vn -0.9799 0.0000 -0.1994
vn -0.9799 0.0000 -0.1994
vn -0.9799 0.0000 -0.1994
vn -0.9922 0.0000 -0.1248
vn -0.9922 0.0000 -0.1248
vn -0.9922 0.0000 -0.1248
vn -0.9922 0.0000 -0.1248
vn -0.9988 0.0000 -0.0494
vn -0.9988 0.0000 -0.0494
vn -0.9988 0.0000 -0.0494
vn -0.9988 0.0000 -0.0494
vn -0.9997 0.0000 0.0262
vn -0.9997 0.0000 0.0262
vn -0.9997 0.0000 0.0262
vn -0.9997 0.0000 0.0262
vn -0.9948 0.0000 0.1016
vn -0.9948 0.0000 0.1016
vn -0.9948 0.0000 0.1016
vn -0.9948 0.0000 0.1016
vn 0.9621 0.0000 0.2728
vn 0.9621 0.0000 0.2728
vn 0.9621 0.0000 0.2728
vn 0.9621 0.0000 0.2728
vn 0.9799 0.0000 0.1994
vn 0.9799 0.0000 0.1994
vn 0.9799 0.0000 0.1994
vn 0.9799 0.0000 0.1994
vn 0.9922 0.0000 0.1248
vn 0.9922 0.0000 0.1248
vn 0.9922 0.0000 0.1248
vn 0.9922 0.0000 0.1248
vn 0.9988 0.0000 0.0494
vn 0.9988 0.0000 0.0494
vn 0.9988 0.0000 0.0494
vn 0.9988 0.0000 0.0494
vn 0.9997 0.0000 -0.0262
vn 0.9997 0.0000 -0.0262
vn 0.9997 0.0000 -0.0262
vn 0.9997 0.0000 -0.0262
vn 0.9948 0.0000 -0.1016
vn 0.9948 0.0000 -0.1016
vn 0.9948 0.0000 -0.1016
vn 0.9948 0.0000 -0.1016
vn -0.9844 0.0000 0.1758
vn -0.9844 0.0000 0.1758
vn -0.9844 0.0000 0.1758
vn -0.9844 0.0000 0.1758
vn -0.9687 0.0000 0.2483
vn -0.9687 0.0000 0.2483
vn -0.9687 0.0000 0.2483
vn -0.9687 0.0000 0.2483
vn -0.9476 0.0000 0.3194
vn -0.9476 0.0000 0.3194
vn -0.9476 0.0000 0.3194
vn -0.9476 0.0000 0.3194
vn -0.9214 0.0000 0.3887
vn -0.9214 0.0000 0.3887
vn -0.9214 0.0000 0.3887
vn -0.9214 0.0000 0.3887
vn 0.9844 0.0000 -0.1758
vn 0.9844 0.0000 -0.1758
vn 0.9844 0.0000 -0.1758
vn 0.9844 0.0000 -0.1758
vn 0.9687 0.0000 -0.2483
vn 0.9687 0.0000 -0.2483
vn 0.9687 0.0000 -0.2483
vn 0.9687 0.0000 -0.2483
vn 0.9476 0.0000 -0.3194
vn 0.9476 0.0000 -0.3194
vn 0.9476 0.0000 -0.3194
vn 0.9476 0.0000 -0.3194
vn 0.9214 0.0000 -0.3887
vn 0.9214 0.0000 -0.3887
vn 0.9214 0.0000 -0.3887
vn 0.9214 0.0000 -0.3887
vn -0.4516 0.0000 -0.8922
vn -0.4516 0.0000 -0.8922
vn -0.4516 0.0000 -0.8922
vn -0.4516 0.0000 -0.8922
vn -0.5378 0.0000 -0.8431
vn -0.5378 0.0000 -0.8431
vn -0.5378 0.0000 -0.8431
vn -0.5378 0.0000 -0.8431
vn -0.6187 0.0000 -0.7857
vn -0.6187 0.0000 -0.7857
vn -0.6187 0.0000 -0.7857
vn -0.6187 0.0000 -0.7857
vn -0.6935 0.0000 -0.7205
vn -0.6935 0.0000 -0.7205
vn -0.6935 0.0000 -0.7205
vn -0.6935 0.0000 -0.7205
vn -0.7615 0.0000 -0.6482
vn -0.7615 0.0000 -0.6482
vn -0.7615 0.0000 -0.6482
vn -0.7615 0.0000 -0.6482
vn -0.8220 0.0000 -0.5695
vn -0.8220 0.0000 -0.5695
vn -0.8220 0.0000 -0.5695
vn -0.8220 0.0000 -0.5695
vn -0.8744 0.0000 -0.4853
vn -0.8744 0.0000 -0.4853
vn -0.8744 0.0000 -0.4853
vn -0.8744 0.0000 -0.4853
vn -0.9181 0.0000 -0.3962
vn -0.9181 0.0000 -0.3962
vn -0.9181 0.0000 -0.3962
vn -0.9181 0.0000 -0.3962
vn -0.9529 0.0000 -0.3033
vn -0.9529 0.0000 -0.3033
vn -0.9529 0.0000 -0.3033
vn -0.9529 0.0000 -0.3033
vn -0.9783 0.0000 -0.2074
vn -0.9783 0.0000 -0.2074
vn -0.9783 0.0000 -0.2074
vn -0.9783 0.0000 -0.2074
vn -0.9940 0.0000 -0.1094
vn -0.9940 0.0000 -0.1094
vn -0.9940 0.0000 -0.1094
vn -0.9940 0.0000 -0.1094
vn -0.9999 0.0000 -0.0104
vn -0.9999 0.0000 -0.0104
vn -0.9999 0.0000 -0.0104
vn -0.9999 0.0000 -0.0104
vn -0.9961 0.0000 0.0888
vn -0.9961 0.0000 0.0888
vn -0.9961 0.0000 0.0888
vn -0.9961 0.0000 0.0888
vn -0.9823 0.0000 0.1871
vn -0.9823 0.0000 0.1871
vn -0.9823 0.0000 0.1871
vn -0.9823 0.0000 0.1871
vn -0.9590 0.0000 0.2835
vn -0.9590 0.0000 0.2835
vn -0.9590 0.0000 0.2835
vn -0.9590 0.0000 0.2835
vn -0.9262 0.0000 0.3771
vn -0.9262 0.0000 0.3771
vn -0.9262 0.0000 0.3771
vn -0.9262 0.0000 0.3771
vn 0.4516 0.0000 0.8922
vn 0.4516 0.0000 0.8922
vn 0.4516 0.0000 0.8922
vn 0.4516 0.0000 0.8922
vn 0.5378 0.0000 0.8431
vn 0.5378 0.0000 0.8431
vn 0.5378 0.0000 0.8431
vn 0.5378 0.0000 0.8431
vn 0.6187 0.0000 0.7857
vn 0.6187 0.0000 0.7857
vn 0.6187 0.0000 0.7857
vn 0.6187 0.0000 0.7857
vn 0.6935 0.0000 0.7205
vn 0.6935 0.0000 0.7205
vn 0.6935 0.0000 0.7205
vn 0.6935 0.0000 0.7205
vn 0.7615 0.0000 0.6482
vn 0.7615 0.0000 0.6482
vn 0.7615 0.0000 0.6482
vn 0.7615 0.0000 0.6482
vn 0.8220 0.0000 0.5695
vn 0.8220 0.0000 0.5695
vn 0.8220 0.0000 0.5695
vn 0.8220 0.0000 0.5695
vn 0.8744 0.0000 0.4853
vn 0.8744 0.0000 0.4853
vn 0.8744 0.0000 0.4853
vn 0.8744 0.0000 0.4853
vn 0.9181 0.0000 0.3962
vn 0.9181 0.0000 0.3962
vn 0.9181 0.0000 0.3962
vn 0.9181 0.0000 0.3962
vn 0.9529 0.0000 0.3033
vn 0.9529 0.0000 0.3033
vn 0.9529 0.0000 0.3033
vn 0.9529 0.0000 0.3033
vn 0.9783 0.0000 0.2074
vn 0.9783 0.0000 0.2074
vn 0.9783 0.0000 0.2074
vn 0.9783 0.0000 0.2074
vn 0.9940 0.0000 0.1094
vn 0.9940 0.0000 0.1094
vn 0.9940 0.0000 0.1094
vn 0.9940 0.0000 0.1094
vn 0.9999 0.0000 0.0104
vn 0.9999 0.0000 0.0104
vn 0.9999 0.0000 0.0104
vn 0.9999 0.0000 0.0104
vn 0.9961 0.0000 -0.0888
vn 0.9961 0.0000 -0.0888
vn 0.9961 0.0000 -0.0888
vn 0.9961 0.0000 -0.0888
vn 0.9823 0.0000 -0.1871
vn 0.9823 0.0000 -0.1871
vn 0.9823 0.0000 -0.1871
vn 0.9823 0.0000 -0.1871
vn 0.9590 0.0000 -0.2835
vn 0.9590 0.0000 -0.2835
vn 0.9590 0.0000 -0.2835
vn 0.9590 0.0000 -0.2835
vn 0.9262 0.0000 -0.3771
vn 0.9262 0.0000 -0.3771
vn 0.9262 0.0000 -0.3771
vn 0.9262 0.0000 -0.3771
vn -0.9909 0.0000 -0.1349
vn -0.9909 0.0000 -0.1349
vn -0.9909 0.0000 -0.1349
vn -0.9909 0.0000 -0.1349
vn 0.9909 0.0000 0.1349
vn 0.9909 0.0000 0.1349
vn 0.9909 0.0000 0.1349
vn 0.9909 0.0000 0.1349
vn -0.1349 0.0000 0.9909
vn -0.1349 0.0000 0.9909
vn -0.1349 0.0000 0.9909
vn -0.1349 0.0000 0.9909
vn 0.1349 0.0000 -0.9909
vn 0.1349 0.0000 -0.9909
vn 0.1349 0.0000 -0.9909
vn 0.1349 0.0000 -0.9909
vn 0.0000 1.0000 0.0000
vn 0.0000 1.0000 0.0000
vn 0.0000 1.0000 0.0000
vn 0.0000 1.0000 0.0000
vn 0.0000 -1.0000 0.0000
vn 0.0000 -1.0000 0.0000
vn 0.0000 -1.0000 0.0000
vn 0.0000 -1.0000 0.0000
vn -0.9909 0.0000 -0.1349
vn -0.9909 0.0000 -0.1349
vn -0.9909 0.0000 -0.1349
vn -0.9909 0.0000 -0.1349
vn 0.9909 0.0000 0.1349
vn 0.9909 0.0000 0.1349
vn 0.9909 0.0000 0.1349
vn 0.9909 0.0000 0.1349
vn -0.1349 0.0000 0.9909
vn -0.1349 0.0000 0.9909
vn -0.1349 0.0000 0.9909
vn -0.1349 0.0000 0.9909
vn 0.1349 0.0000 -0.9909
vn 0.1349 0.0000 -0.9909
vn 0.1349 0.0000 -0.9909
vn 0.1349 0.0000 -0.9909
vn 0.0000 1.0000 0.0000
vn 0.0000 1.0000 0.0000
vn 0.0000 1.0000 0.0000
vn 0.0000 1.0000 0.0000
vn 0.0000 -1.0000 0.0000
vn 0.0000 -1.0000 0.0000
vn 0.0000 -1.0000 0.0000
vn 0.0000 -1.0000 0.0000
vn -0.9424 -0.3090 -0.1283
vn -0.9424 -0.3090 -0.1283
vn -0.9424 -0.3090 -0.1283
vn -0.9424 -0.3090 -0.1283
vn 0.9424 0.3090 0.1283
vn 0.9424 0.3090 0.1283
vn 0.9424 0.3090 0.1283
vn 0.9424 0.3090 0.1283
vn -0.1349 0.0000 0.9909
vn -0.1349 0.0000 0.9909
vn -0.1349 0.0000 0.9909
vn -0.1349 0.0000 0.9909
vn 0.1349 0.0000 -0.9909
vn 0.1349 0.0000 -0.9909
vn 0.1349 0.0000 -0.9909
vn 0.1349 0.0000 -0.9909
vn -0.3062 0.9511 -0.0417
vn -0.3062 0.9511 -0.0417
vn -0.3062 0.9511 -0.0417
vn -0.3062 0.9511 -0.0417
vn 0.3062 -0.9511 0.0417
vn 0.3062 -0.9511 0.0417
vn 0.3062 -0.9511 0.0417
vn 0.3062 -0.9511 0.0417
vn -0.9999 0.0000 0.0131
vn -0.9999 0.0000 0.0131
vn -0.9999 0.0000 0.0131
vn -0.9999 0.0000 0.0131
vn 0.9999 0.0000 -0.0131
vn 0.9999 0.0000 -0.0131
vn 0.9999 0.0000 -0.0131
vn 0.9999 0.0000 -0.0131
vn 0.0131 0.0000 0.9999
vn 0.0131 0.0000 0.9999
vn 0.0131 0.0000 0.9999
vn 0.0131 0.0000 0.9999
vn -0.0131 0.0000 -0.9999
vn -0.0131 0.0000 -0.9999
vn -0.0131 0.0000 -0.9999
vn -0.0131 0.0000 -0.9999
vn 0.0000 1.0000 0.0000
vn 0.0000 1.0000 0.0000
vn 0.0000 1.0000 0.0000
vn 0.0000 1.0000 0.0000
vn 0.0000 -1.0000 0.0000
vn 0.0000 -1.0000 0.0000
vn 0.0000 -1.0000 0.0000
vn 0.0000 -1.0000 0.0000
vn -0.9999 0.0000 0.0131
vn -0.9999 0.0000 0.0131
vn -0.9999 0.0000 0.0131
vn -0.9999 0.0000 0.0131
vn 0.9999 0.0000 -0.0131
vn 0.9999 0.0000 -0.0131
vn 0.9999 0.0000 -0.0131
vn 0.9999 0.0000 -0.0131
vn 0.0131 0.0000 0.9999
vn 0.0131 0.0000 0.9999
vn 0.0131 0.0000 0.9999
vn 0.0131 0.0000 0.9999
vn -0.0131 0.0000 -0.9999
vn -0.0131 0.0000 -0.9999
vn -0.0131 0.0000 -0.9999
vn -0.0131 0.0000 -0.9999
vn 0.0000 1.0000 0.0000
vn 0.0000 1.0000 0.0000
vn 0.0000 1.0000 0.0000
vn 0.0000 1.0000 0.0000
vn 0.0000 -1.0000 0.0000
vn 0.0000 -1.0000 0.0000
vn 0.0000 -1.0000 0.0000
vn 0.0000 -1.0000 0.0000
vn -0.9510 -0.3090 0.0124
vn -0.9510 -0.3090 0.0124
vn -0.9510 -0.3090 0.0124
vn -0.9510 -0.3090 0.0124
vn 0.9510 0.3090 -0.0124
vn 0.9510 0.3090 -0.0124
vn 0.9510 0.3090 -0.0124
vn 0.9510 0.3090 -0.0124
vn 0.0131 0.0000 0.9999
vn 0.0131 0.0000 0.9999
vn 0.0131 0.0000 0.9999
vn 0.0131 0.0000 0.9999
vn -0.0131 0.0000 -0.9999
vn -0.0131 0.0000 -0.9999
vn -0.0131 0.0000 -0.9999
vn -0.0131 0.0000 -0.9999
vn -0.3090 0.9511 0.0040
vn -0.3090 0.9511 0.0040
vn -0.3090 0.9511 0.0040
vn -0.3090 0.9511 0.0040
vn 0.3090 -0.9511 -0.0040
vn 0.3090 -0.9511 -0.0040
vn 0.3090 -0.9511 -0.0040
vn 0.3090 -0.9511 -0.0040
vn -0.9870 0.0000 0.1607
vn -0.9870 0.0000 0.1607
vn -0.9870 0.0000 0.1607
vn -0.9870 0.0000 0.1607
vn 0.9870 0.0000 -0.1607
vn 0.9870 0.0000 -0.1607
vn 0.9870 0.0000 -0.1607
vn 0.9870 0.0000 -0.1607
vn 0.1607 0.0000 0.9870
vn 0.1607 0.0000 0.9870
vn 0.1607 0.0000 0.9870
vn 0.1607 0.0000 0.9870
vn -0.1607 0.0000 -0.9870
vn -0.1607 0.0000 -0.9870
vn -0.1607 0.0000 -0.9870
vn -0.1607 0.0000 -0.9870
vn 0.0000 1.0000 0.0000
vn 0.0000 1.0000 0.0000
vn 0.0000 1.0000 0.0000
vn 0.0000 1.0000 0.0000
vn 0.0000 -1.0000 0.0000
vn 0.0000 -1.0000 0.0000
vn 0.0000 -1.0000 0.0000
vn 0.0000 -1.0000 0.0000
vn -0.9870 0.0000 0.1607
vn -0.9870 0.0000 0.1607
vn -0.9870 0.0000 0.1607
vn -0.9870 0.0000 0.1607
vn 0.9870 0.0000 -0.1607
vn 0.9870 0.0000 -0.1607
vn 0.9870 0.0000 -0.1607
vn 0.9870 0.0000 -0.1607
vn 0.1607 0.0000 0.9870
vn 0.1607 0.0000 0.9870
vn 0.1607 0.0000 0.9870
vn 0.1607 0.0000 0.9870
vn -0.1607 0.0000 -0.9870
vn -0.1607 0.0000 -0.9870
vn -0.1607 0.0000 -0.9870
vn -0.1607 0.0000 -0.9870
vn 0.0000 1.0000 0.0000
vn 0.0000 1.0000 0.0000
vn 0.0000 1.0000 0.0000
vn 0.0000 1.0000 0.0000
vn 0.0000 -1.0000 0.0000
vn 0.0000 -1.0000 0.0000
vn 0.0000 -1.0000 0.0000
vn 0.0000 -1.0000 0.0000
vn -0.9387 -0.3090 0.1529
vn -0.9387 -0.3090 0.1529
vn -0.9387 -0.3090 0.1529
vn -0.9387 -0.3090 0.1529
vn 0.9387 0.3090 -0.1529
vn 0.9387 0.3090 -0.1529
vn 0.9387 0.3090 -0.1529
vn 0.9387 0.3090 -0.1529
vn 0.1607 0.0000 0.9870
vn 0.1607 0.0000 0.9870
vn 0.1607 0.0000 0.9870
vn 0.1607 0.0000 0.9870
vn -0.1607 0.0000 -0.9870
vn -0.1607 0.0000 -0.9870
vn -0.1607 0.0000 -0.9870
vn -0.1607 0.0000 -0.9870
vn -0.3050 0.9511 0.0497
vn -0.3050 0.9511 0.0497
vn -0.3050 0.9511 0.0497
vn -0.3050 0.9511 0.0497
vn 0.3050 -0.9511 -0.0497
vn 0.3050 -0.9511 -0.0497
vn 0.3050 -0.9511 -0.0497
vn 0.3050 -0.9511 -0.0497
vn -0.9524 0.0000 0.3049
vn -0.9524 0.0000 0.3049
vn -0.9524 0.0000 0.3049
vn -0.9524 0.0000 0.3049
vn 0.9524 0.0000 -0.3049
vn 0.9524 0.0000 -0.3049
vn 0.9524 0.0000 -0.3049
vn 0.9524 0.0000 -0.3049
vn 0.3049 0.0000 0.9524
vn 0.3049 0.0000 0.9524
vn 0.3049 0.0000 0.9524
vn 0.3049 0.0000 0.9524
vn -0.3049 0.0000 -0.9524
vn -0.3049 0.0000 -0.9524
vn -0.3049 0.0000 -0.9524
vn -0.3049 0.0000 -0.9524
vn 0.0000 1.0000 0.0000
vn 0.0000 1.0000 0.0000
vn 0.0000 1.0000 0.0000
vn 0.0000 1.0000 0.0000
vn 0.0000 -1.0000 0.0000
vn 0.0000 -1.0000 0.0000
vn 0.0000 -1.0000 0.0000
vn 0.0000 -1.0000 0.0000
vn -0.9524 0.0000 0.3049
vn -0.9524 0.0000 0.3049
vn -0.9524 0.0000 0.3049
vn -0.9524 0.0000 0.3049
vn 0.9524 0.0000 -0.3049
vn 0.9524 0.0000 -0.3049
vn 0.9524 0.0000 -0.3049
vn 0.9524 0.0000 -0.3049
vn 0.3049 0.0000 0.9524
vn 0.3049 0.0000 0.9524
vn 0.3049 0.0000 0.9524
vn 0.3049 0.0000 0.9524
vn -0.3049 0.0000 -0.9524
vn -0.3049 0.0000 -0.9524
vn -0.3049 0.0000 -0.9524
vn -0.3049 0.0000 -0.9524
vn 0.0000 1.0000 0.0000
vn 0.0000 1.0000 0.0000
vn 0.0000 1.0000 0.0000
vn 0.0000 1.0000 0.0000
vn 0.0000 -1.0000 0.0000
vn 0.0000 -1.0000 0.0000
vn 0.0000 -1.0000 0.0000
vn 0.0000 -1.0000 0.0000
vn -0.9058 -0.3090 0.2899
vn -0.9058 -0.3090 0.2899
vn -0.9058 -0.3090 0.2899
vn -0.9058 -0.3090 0.2899
vn 0.9058 0.3090 -0.2899
vn 0.9058 0.3090 -0.2899
vn 0.9058 0.3090 -0.2899
vn 0.9058 0.3090 -0.2899
vn 0.3049 0.0000 0.9524
vn 0.3049 0.0000 0.9524
vn 0.3049 0.0000 0.9524
vn 0.3049 0.0000 0.9524
vn -0.3049 0.0000 -0.9524
vn -0.3049 0.0000 -0.9524
vn -0.3049 0.0000 -0.9524
vn -0.3049 0.0000 -0.9524
vn -0.2943 0.9511 0.0942
vn -0.2943 0.9511 0.0942
vn -0.2943 0.9511 0.0942
vn -0.2943 0.9511 0.0942
vn 0.2943 -0.9511 -0.0942
vn 0.2943 -0.9511 -0.0942
vn 0.2943 -0.9511 -0.0942
vn 0.2943 -0.9511 -0.0942
vn -0.4777 -0.8692 -0.1280
vn -0.4777 -0.8692 -0.1280
vn -0.4777 -0.8692 -0.1280
vn -0.4777 -0.8692 -0.1280
vn 0.4777 0.8692 0.1280
vn 0.4777 0.8692 0.1280
vn 0.4777 0.8692 0.1280
vn 0.4777 0.8692 0.1280
vn -0.2588 0.0000 0.9659
vn -0.2588 0.0000 0.9659
vn -0.2588 0.0000 0.9659
vn -0.2588 0.0000 0.9659
vn 0.2588 0.0000 -0.9659
vn 0.2588 0.0000 -0.9659
vn 0.2588 0.0000 -0.9659
vn 0.2588 0.0000 -0.9659
vn -0.8395 0.4945 -0.2250
vn -0.8395 0.4945 -0.2250
vn -0.8395 0.4945 -0.2250
vn -0.8395 0.4945 -0.2250
vn 0.8395 -0.4945 0.2250
vn 0.8395 -0.4945 0.2250
vn 0.8395 -0.4945 0.2250
vn 0.8395 -0.4945 0.2250
vn -0.4919 -0.8606 -0.1318
vn -0.4919 -0.8606 -0.1318
vn -0.4919 -0.8606 -0.1318
vn -0.4919 -0.8606 -0.1318
vn 0.4919 0.8606 0.1318
vn 0.4919 0.8606 0.1318
vn 0.4919 0.8606 0.1318
vn 0.4919 0.8606 0.1318
vn -0.2588 0.0000 0.9659
vn -0.2588 0.0000 0.9659
vn -0.2588 0.0000 0.9659
vn -0.2588 0.0000 0.9659
vn 0.2588 0.0000 -0.9659
vn 0.2588 0.0000 -0.9659
vn 0.2588 0.0000 -0.9659
vn 0.2588 0.0000 -0.9659
vn -0.8313 0.5093 -0.2227
vn -0.8313 0.5093 -0.2227
vn -0.8313 0.5093 -0.2227
vn -0.8313 0.5093 -0.2227
vn 0.8313 -0.5093 0.2227
vn 0.8313 -0.5093 0.2227
vn 0.8313 -0.5093 0.2227
vn 0.8313 -0.5093 0.2227
vn -0.5219 -0.8415 -0.1398
vn -0.5219 -0.8415 -0.1398
vn -0.5219 -0.8415 -0.1398
vn -0.5219 -0.8415 -0.1398
vn 0.5219 0.8415 0.1398
vn 0.5219 0.8415 0.1398
vn 0.5219 0.8415 0.1398
vn 0.5219 0.8415 0.1398
vn -0.2588 0.0000 0.9659
vn -0.2588 0.0000 0.9659
vn -0.2588 0.0000 0.9659
vn -0.2588 0.0000 0.9659
vn 0.2588 0.0000 -0.9659
vn 0.2588 0.0000 -0.9659
vn 0.2588 0.0000 -0.9659
vn 0.2588 0.0000 -0.9659
vn -0.8128 0.5403 -0.2178
vn -0.8128 0.5403 -0.2178
vn -0.8128 0.5403 -0.2178
vn -0.8128 0.5403 -0.2178
vn 0.8128 -0.5403 0.2178
vn 0.8128 -0.5403 0.2178
vn 0.8128 -0.5403 0.2178
vn 0.8128 -0.5403 0.2178
vn -0.5708 -0.8067 -0.1529
vn -0.5708 -0.8067 -0.1529
vn -0.5708 -0.8067 -0.1529
vn -0.5708 -0.8067 -0.1529
vn 0.5708 0.8067 0.1529
vn 0.5708 0.8067 0.1529
vn 0.5708 0.8067 0.1529
vn 0.5708 0.8067 0.1529
vn -0.2588 0.0000 0.9659
vn -0.2588 0.0000 0.9659
vn -0.2588 0.0000 0.9659
vn -0.2588 0.0000 0.9659
vn 0.2588 0.0000 -0.9659
vn 0.2588 0.0000 -0.9659
vn 0.2588 0.0000 -0.9659
vn 0.2588 0.0000 -0.9659
vn -0.7792 0.5909 -0.2088
vn -0.7792 0.5909 -0.2088
vn -0.7792 0.5909 -0.2088
vn -0.7792 0.5909 -0.2088
vn 0.7792 -0.5909 0.2088
vn 0.7792 -0.5909 0.2088
vn 0.7792 -0.5909 0.2088
vn 0.7792 -0.5909 0.2088
vn -0.6432 -0.7460 -0.1723
vn -0.6432 -0.7460 -0.1723
vn -0.6432 -0.7460 -0.1723
vn -0.6432 -0.7460 -0.1723
vn 0.6432 0.7460 0.1723
vn 0.6432 0.7460 0.1723
vn 0.6432 0.7460 0.1723
vn 0.6432 0.7460 0.1723
vn -0.2588 0.0000 0.9659
vn -0.2588 0.0000 0.9659
vn -0.2588 0.0000 0.9659
vn -0.2588 0.0000 0.9659
vn 0.2588 0.0000 -0.9659
vn 0.2588 0.0000 -0.9659
vn 0.2588 0.0000 -0.9659
vn 0.2588 0.0000 -0.9659
vn -0.7206 0.6659 -0.1931
vn -0.7206 0.6659 -0.1931
vn -0.7206 0.6659 -0.1931
vn -0.7206 0.6659 -0.1931
vn 0.7206 -0.6659 0.1931
vn 0.7206 -0.6659 0.1931
vn 0.7206 -0.6659 0.1931
vn 0.7206 -0.6659 0.1931
vn -0.7424 -0.6398 -0.1989
vn -0.7424 -0.6398 -0.1989
vn -0.7424 -0.6398 -0.1989
vn -0.7424 -0.6398 -0.1989
vn 0.7424 0.6398 0.1989
vn 0.7424 0.6398 0.1989
vn 0.7424 0.6398 0.1989
vn 0.7424 0.6398 0.1989
vn -0.2588 0.0000 0.9659
vn -0.2588 0.0000 0.9659
vn -0.2588 0.0000 0.9659
vn -0.2588 0.0000 0.9659
vn 0.2588 0.0000 -0.9659
vn 0.2588 0.0000 -0.9659
vn 0.2588 0.0000 -0.9659
vn 0.2588 0.0000 -0.9659
vn -0.6180 0.7685 -0.1656
vn -0.6180 0.7685 -0.1656
vn -0.6180 0.7685 -0.1656
vn -0.6180 0.7685 -0.1656
vn 0.6180 -0.7685 0.1656
vn 0.6180 -0.7685 0.1656
vn 0.6180 -0.7685 0.1656
vn 0.6180 -0.7685 0.1656
vn -0.8596 -0.4562 -0.2303
vn -0.8596 -0.4562 -0.2303
vn -0.8596 -0.4562 -0.2303
vn -0.8596 -0.4562 -0.2303
vn 0.8596 0.4562 0.2303
vn 0.8596 0.4562 0.2303
vn 0.8596 0.4562 0.2303
vn 0.8596 0.4562 0.2303
vn -0.2588 0.0000 0.9659
vn -0.2588 0.0000 0.9659
vn -0.2588 0.0000 0.9659
vn -0.2588 0.0000 0.9659
vn 0.2588 0.0000 -0.9659
vn 0.2588 0.0000 -0.9659
vn 0.2588 0.0000 -0.9659
vn 0.2588 0.0000 -0.9659
vn -0.4407 0.8899 -0.1181
vn -0.4407 0.8899 -0.1181
vn -0.4407 0.8899 -0.1181
vn -0.4407 0.8899 -0.1181
vn 0.4407 -0.8899 0.1181
vn 0.4407 -0.8899 0.1181
vn 0.4407 -0.8899 0.1181
vn 0.4407 -0.8899 0.1181
vn -0.9518 -0.1706 -0.2550
vn -0.9518 -0.1706 -0.2550
vn -0.9518 -0.1706 -0.2550
vn -0.9518 -0.1706 -0.2550
vn 0.9518 0.1706 0.2550
vn 0.9518 0.1706 0.2550
vn 0.9518 0.1706 0.2550
vn 0.9518 0.1706 0.2550
vn -0.2588 0.0000 0.9659
vn -0.2588 0.0000 0.9659
vn -0.2588 0.0000 0.9659
vn -0.2588 0.0000 0.9659
vn 0.2588 0.0000 -0.9659
vn 0.2588 0.0000 -0.9659
vn 0.2588 0.0000 -0.9659
vn 0.2588 0.0000 -0.9659
vn -0.1648 0.9853 -0.0441
vn -0.1648 0.9853 -0.0441
vn -0.1648 0.9853 -0.0441
vn -0.1648 0.9853 -0.0441
vn 0.1648 -0.9853 0.0441
vn 0.1648 -0.9853 0.0441
vn 0.1648 -0.9853 0.0441
vn 0.1648 -0.9853 0.0441
vn -0.4777 -0.8692 -0.1280
vn -0.4777 -0.8692 -0.1280
vn -0.4777 -0.8692 -0.1280
vn -0.4777 -0.8692 -0.1280
vn 0.4777 0.8692 0.1280
vn 0.4777 0.8692 0.1280
vn 0.4777 0.8692 0.1280
vn 0.4777 0.8692 0.1280
vn -0.2588 0.0000 0.9659
vn -0.2588 0.0000 0.9659
vn -0.2588 0.0000 0.9659
vn -0.2588 0.0000 0.9659
vn 0.2588 0.0000 -0.9659
vn 0.2588 0.0000 -0.9659
vn 0.2588 0.0000 -0.9659
vn 0.2588 0.0000 -0.9659
vn -0.8395 0.4945 -0.2250
vn -0.8395 0.4945 -0.2250
vn -0.8395 0.4945 -0.2250
vn -0.8395 0.4945 -0.2250
vn 0.8395 -0.4945 0.2250
vn 0.8395 -0.4945 0.2250
vn 0.8395 -0.4945 0.2250
vn 0.8395 -0.4945 0.2250
vn -0.4919 -0.8606 -0.1318
vn -0.4919 -0.8606 -0.1318
vn -0.4919 -0.8606 -0.1318
vn -0.4919 -0.8606 -0.1318
vn 0.4919 0.8606 0.1318
vn 0.4919 0.8606 0.1318
vn 0.4919 0.8606 0.1318
vn 0.4919 0.8606 0.1318
vn -0.2588 0.0000 0.9659
vn -0.2588 0.0000 0.9659
vn -0.2588 0.0000 0.9659
vn -0.2588 0.0000 0.9659
vn 0.2588 0.0000 -0.9659
vn 0.2588 0.0000 -0.9659
vn 0.2588 0.0000 -0.9659
vn 0.2588 0.0000 -0.9659
vn -0.8313 0.5093 -0.2227
vn -0.8313 0.5093 -0.2227
vn -0.8313 0.5093 -0.2227
vn -0.8313 0.5093 -0.2227
vn 0.8313 -0.5093 0.2227
vn 0.8313 -0.5093 0.2227
vn 0.8313 -0.5093 0.2227
vn 0.8313 -0.5093 0.2227
vn -0.5219 -0.8415 -0.1398
vn -0.5219 -0.8415 -0.1398
vn -0.5219 -0.8415 -0.1398
vn -0.5219 -0.8415 -0.1398
vn 0.5219 0.8415 0.1398
vn 0.5219 0.8415 0.1398
vn 0.5219 0.8415 0.1398
vn 0.5219 0.8415 0.1398
vn -0.2588 0.0000 0.9659
vn -0.2588 0.0000 0.9659
vn -0.2588 0.0000 0.9659
vn -0.2588 0.0000 0.9659
vn 0.2588 0.0000 -0.9659
vn 0.2588 0.0000 -0.9659
vn 0.2588 0.0000 -0.9659
vn 0.2588 0.0000 -0.9659
vn -0.8128 0.5403 -0.2178
vn -0.8128 0.5403 -0.2178
vn -0.8128 0.5403 -0.2178
vn -0.8128 0.5403 -0.2178
vn 0.8128 -0.5403 0.2178
vn 0.8128 -0.5403 0.2178
vn 0.8128 -0.5403 0.2178
vn 0.8128 -0.5403 0.2178
vn -0.5708 -0.8067 -0.1529
vn -0.5708 -0.8067 -0.1529
vn -0.5708 -0.8067 -0.1529
vn -0.5708 -0.8067 -0.1529
vn 0.5708 0.8067 0.1529
vn 0.5708 0.8067 0.1529
vn 0.5708 0.8067 0.1529
vn 0.5708 0.8067 0.1529
vn -0.2588 0.0000 0.9659
vn -0.2588 0.0000 0.9659
vn -0.2588 0.0000 0.9659
vn -0.2588 0.0000 0.9659
vn 0.2588 0.0000 -0.9659
vn 0.2588 0.0000 -0.9659
vn 0.2588 0.0000 -0.9659
vn 0.2588 0.0000 -0.9659
vn -0.7792 0.5909 -0.2088
vn -0.7792 0.5909 -0.2088
vn -0.7792 0.5909 -0.2088
vn -0.7792 0.5909 -0.2088
vn 0.7792 -0.5909 0.2088
vn 0.7792 -0.5909 0.2088
vn 0.7792 -0.5909 0.2088
vn 0.7792 -0.5909 0.2088
vn -0.6432 -0.7460 -0.1723
vn -0.6432 -0.7460 -0.1723
vn -0.6432 -0.7460 -0.1723
vn -0.6432 -0.7460 -0.1723
vn 0.6432 0.7460 0.1723
vn 0.6432 0.7460 0.1723
vn 0.6432 0.7460 0.1723
vn 0.6432 0.7460 0.1723
vn -0.2588 0.0000 0.9659
vn -0.2588 0.0000 0.9659
vn -0.2588 0.0000 0.9659
vn -0.2588 0.0000 0.9659
vn 0.2588 0.0000 -0.9659
vn 0.2588 0.0000 -0.9659
vn 0.2588 0.0000 -0.9659
vn 0.2588 0.0000 -0.9659
vn -0.7206 0.6659 -0.1931
vn -0.7206 0.6659 -0.1931
vn -0.7206 0.6659 -0.1931
vn -0.7206 0.6659 -0.1931
vn 0.7206 -0.6659 0.1931
vn 0.7206 -0.6659 0.1931
vn 0.7206 -0.6659 0.1931
vn 0.7206 -0.6659 0.1931
vn -0.7424 -0.6398 -0.1989
vn -0.7424 -0.6398 -0.1989
vn -0.7424 -0.6398 -0.1989
vn -0.7424 -0.6398 -0.1989
vn 0.7424 0.6398 0.1989
vn 0.7424 0.6398 0.1989
vn 0.7424 0.6398 0.1989
vn 0.7424 0.6398 0.1989
vn -0.2588 0.0000 0.9659
vn -0.2588 0.0000 0.9659
vn -0.2588 0.0000 0.9659
vn -0.2588 0.0000 0.9659
vn 0.2588 0.0000 -0.9659
vn 0.2588 0.0000 -0.9659
vn 0.2588 0.0000 -0.9659
vn 0.2588 0.0000 -0.9659
vn -0.6180 0.7685 -0.1656
vn -0.6180 0.7685 -0.1656
vn -0.6180 0.7685 -0.1656
vn -0.6180 0.7685 -0.1656
vn 0.6180 -0.7685 0.1656
vn 0.6180 -0.7685 0.1656
vn 0.6180 -0.7685 0.1656
vn 0.6180 -0.7685 0.1656
vn -0.8596 -0.4562 -0.2303
vn -0.8596 -0.4562 -0.2303
vn -0.8596 -0.4562 -0.2303
vn -0.8596 -0.4562 -0.2303
vn 0.8596 0.4562 0.2303
vn 0.8596 0.4562 0.2303
vn 0.8596 0.4562 0.2303
vn 0.8596 0.4562 0.2303
vn -0.2588 0.0000 0.9659
vn -0.2588 0.0000 0.9659
vn -0.2588 0.0000 0.9659
vn -0.2588 0.0000 0.9659
vn 0.2588 0.0000 -0.9659
vn 0.2588 0.0000 -0.9659
vn 0.2588 0.0000 -0.9659
vn 0.2588 0.0000 -0.9659
vn -0.4407 0.8899 -0.1181
vn -0.4407 0.8899 -0.1181
vn -0.4407 0.8899 -0.1181
vn -0.4407 0.8899 -0.1181
vn 0.4407 -0.8899 0.1181
vn 0.4407 -0.8899 0.1181
vn 0.4407 -0.8899 0.1181
vn 0.4407 -0.8899 0.1181
vn -0.2011 -0.8692 0.4518
vn -0.2011 -0.8692 0.4518
vn -0.2011 -0.8692 0.4518
vn -0.2011 -0.8692 0.4518
vn 0.2011 0.8692 -0.4518
vn 0.2011 0.8692 -0.4518
vn 0.2011 0.8692 -0.4518
vn 0.2011 0.8692 -0.4518
vn 0.9135 0.0000 0.4067
vn 0.9135 0.0000 0.4067
vn 0.9135 0.0000 0.4067
vn 0.9135 0.0000 0.4067
vn -0.9135 0.0000 -0.4067
vn -0.9135 0.0000 -0.4067
vn -0.9135 0.0000 -0.4067
vn -0.9135 0.0000 -0.4067
vn -0.3535 0.4945 0.7940
vn -0.3535 0.4945 0.7940
vn -0.3535 0.4945 0.7940
vn -0.3535 0.4945 0.7940
vn 0.3535 -0.4945 -0.7940
vn 0.3535 -0.4945 -0.7940
vn 0.3535 -0.4945 -0.7940
vn 0.3535 -0.4945 -0.7940
vn -0.2071 -0.8606 0.4652
vn -0.2071 -0.8606 0.4652
vn -0.2071 -0.8606 0.4652
vn -0.2071 -0.8606 0.4652
vn 0.2071 0.8606 -0.4652
vn 0.2071 0.8606 -0.4652
vn 0.2071 0.8606 -0.4652
vn 0.2071 0.8606 -0.4652
vn 0.9135 0.0000 0.4067
vn 0.9135 0.0000 0.4067
vn 0.9135 0.0000 0.4067
vn 0.9135 0.0000 0.4067
vn -0.9135 0.0000 -0.4067
vn -0.9135 0.0000 -0.4067
vn -0.9135 0.0000 -0.4067
vn -0.9135 0.0000 -0.4067
vn -0.3500 0.5093 0.7862
vn -0.3500 0.5093 0.7862
vn -0.3500 0.5093 0.7862
vn -0.3500 0.5093 0.7862
vn 0.3500 -0.5093 -0.7862
vn 0.3500 -0.5093 -0.7862
vn 0.3500 -0.5093 -0.7862
vn 0.3500 -0.5093 -0.7862
vn -0.2198 -0.8415 0.4936
vn -0.2198 -0.8415 0.4936
vn -0.2198 -0.8415 0.4936
vn -0.2198 -0.8415 0.4936
vn 0.2198 0.8415 -0.4936
vn 0.2198 0.8415 -0.4936
vn 0.2198 0.8415 -0.4936
vn 0.2198 0.8415 -0.4936
vn 0.9135 0.0000 0.4067
vn 0.9135 0.0000 0.4067
vn 0.9135 0.0000 0.4067
vn 0.9135 0.0000 0.4067
vn -0.9135 0.0000 -0.4067
vn -0.9135 0.0000 -0.4067
vn -0.9135 0.0000 -0.4067
vn -0.9135 0.0000 -0.4067
vn -0.3423 0.5403 0.7687
vn -0.3423 0.5403 0.7687
vn -0.3423 0.5403 0.7687
vn -0.3423 0.5403 0.7687
vn 0.3423 -0.5403 -0.7687
vn 0.3423 -0.5403 -0.7687
vn 0.3423 -0.5403 -0.7687
vn 0.3423 -0.5403 -0.7687
vn -0.2404 -0.8067 0.5398
vn -0.2404 -0.8067 0.5398
vn -0.2404 -0.8067 0.5398
vn -0.2404 -0.8067 0.5398
vn 0.2404 0.8067 -0.5398
vn 0.2404 0.8067 -0.5398
vn 0.2404 0.8067 -0.5398
vn 0.2404 0.8067 -0.5398
vn 0.9135 0.0000 0.4067
vn 0.9135 0.0000 0.4067
vn 0.9135 0.0000 0.4067
vn 0.9135 0.0000 0.4067
vn -0.9135 0.0000 -0.4067
vn -0.9135 0.0000 -0.4067
vn -0.9135 0.0000 -0.4067
vn -0.9135 0.0000 -0.4067
vn -0.3281 0.5909 0.7370
vn -0.3281 0.5909 0.7370
vn -0.3281 0.5909 0.7370
vn -0.3281 0.5909 0.7370
vn 0.3281 -0.5909 -0.7370
vn 0.3281 -0.5909 -0.7370
vn 0.3281 -0.5909 -0.7370
vn 0.3281 -0.5909 -0.7370
vn -0.2708 -0.7460 0.6083
vn -0.2708 -0.7460 0.6083
vn -0.2708 -0.7460 0.6083
vn -0.2708 -0.7460 0.6083
vn 0.2708 0.7460 -0.6083
vn 0.2708 0.7460 -0.6083
vn 0.2708 0.7460 -0.6083
vn 0.2708 0.7460 -0.6083
vn 0.9135 0.0000 0.4067
vn 0.9135 0.0000 0.4067
vn 0.9135 0.0000 0.4067
vn 0.9135 0.0000 0.4067
vn -0.9135 0.0000 -0.4067
vn -0.9135 0.0000 -0.4067
vn -0.9135 0.0000 -0.4067
vn -0.9135 0.0000 -0.4067
vn -0.3034 0.6659 0.6815
vn -0.3034 0.6659 0.6815
vn -0.3034 0.6659 0.6815
vn -0.3034 0.6659 0.6815
vn 0.3034 -0.6659 -0.6815
vn 0.3034 -0.6659 -0.6815
vn 0.3034 -0.6659 -0.6815
vn 0.3034 -0.6659 -0.6815
vn -0.3126 -0.6398 0.7021
vn -0.3126 -0.6398 0.7021
vn -0.3126 -0.6398 0.7021
vn -0.3126 -0.6398 0.7021
vn 0.3126 0.6398 -0.7021
vn 0.3126 0.6398 -0.7021
vn 0.3126 0.6398 -0.7021
vn 0.3126 0.6398 -0.7021
vn 0.9135 0.0000 0.4067
vn 0.9135 0.0000 0.4067
vn 0.9135 0.0000 0.4067
vn 0.9135 0.0000 0.4067
vn -0.9135 0.0000 -0.4067
vn -0.9135 0.0000 -0.4067
vn -0.9135 0.0000 -0.4067
vn -0.9135 0.0000 -0.4067
vn -0.2602 0.7685 0.5845
vn -0.2602 0.7685 0.5845
vn -0.2602 0.7685 0.5845
vn -0.2602 0.7685 0.5845
vn 0.2602 -0.7685 -0.5845
vn 0.2602 -0.7685 -0.5845
vn 0.2602 -0.7685 -0.5845
vn 0.2602 -0.7685 -0.5845
vn -0.3619 -0.4562 0.8129
vn -0.3619 -0.4562 0.8129
vn -0.3619 -0.4562 0.8129
vn -0.3619 -0.4562 0.8129
vn 0.3619 0.4562 -0.8129
vn 0.3619 0.4562 -0.8129
vn 0.3619 0.4562 -0.8129
vn 0.3619 0.4562 -0.8129
vn 0.9135 0.0000 0.4067
vn 0.9135 0.0000 0.4067
vn 0.9135 0.0000 0.4067
vn 0.9135 0.0000 0.4067
vn -0.9135 0.0000 -0.4067
vn -0.9135 0.0000 -0.4067
vn -0.9135 0.0000 -0.4067
vn -0.9135 0.0000 -0.4067
vn -0.1856 0.8899 0.4168
vn -0.1856 0.8899 0.4168
vn -0.1856 0.8899 0.4168
vn -0.1856 0.8899 0.4168
vn 0.1856 -0.8899 -0.4168
vn 0.1856 -0.8899 -0.4168
vn 0.1856 -0.8899 -0.4168
vn 0.1856 -0.8899 -0.4168
vn -0.4008 -0.1706 0.9002
vn -0.4008 -0.1706 0.9002
vn -0.4008 -0.1706 0.9002
vn -0.4008 -0.1706 0.9002
vn 0.4008 0.1706 -0.9002
vn 0.4008 0.1706 -0.9002
vn 0.4008 0.1706 -0.9002
vn 0.4008 0.1706 -0.9002
vn 0.9135 0.0000 0.4067
vn 0.9135 0.0000 0.4067
vn 0.9135 0.0000 0.4067
vn 0.9135 0.0000 0.4067
vn -0.9135 0.0000 -0.4067
vn -0.9135 0.0000 -0.4067
vn -0.9135 0.0000 -0.4067
vn -0.9135 0.0000 -0.4067
vn -0.0694 0.9853 0.1558
vn -0.0694 0.9853 0.1558
vn -0.0694 0.9853 0.1558
vn -0.0694 0.9853 0.1558
vn 0.0694 -0.9853 -0.1558
vn 0.0694 -0.9853 -0.1558
vn 0.0694 -0.9853 -0.1558
vn 0.0694 -0.9853 -0.1558
vn -0.2011 -0.8692 0.4518
vn -0.2011 -0.8692 0.4518
vn -0.2011 -0.8692 0.4518
vn -0.2011 -0.8692 0.4518
vn 0.2011 0.8692 -0.4518
vn 0.2011 0.8692 -0.4518
vn 0.2011 0.8692 -0.4518
vn 0.2011 0.8692 -0.4518
vn 0.9135 0.0000 0.4067
vn 0.9135 0.0000 0.4067
vn 0.9135 0.0000 0.4067
vn 0.9135 0.0000 0.4067
vn -0.9135 0.0000 -0.4067
vn -0.9135 0.0000 -0.4067
vn -0.9135 0.0000 -0.4067
vn -0.9135 0.0000 -0.4067
vn -0.3535 0.4945 0.7940
vn -0.3535 0.4945 0.7940
vn -0.3535 0.4945 0.7940
vn -0.3535 0.4945 0.7940
vn 0.3535 -0.4945 -0.7940
vn 0.3535 -0.4945 -0.7940
vn 0.3535 -0.4945 -0.7940
vn 0.3535 -0.4945 -0.7940
vn -0.2071 -0.8606 0.4652
vn -0.2071 -0.8606 0.4652
vn -0.2071 -0.8606 0.4652
vn -0.2071 -0.8606 0.4652
vn 0.2071 0.8606 -0.4652
vn 0.2071 0.8606 -0.4652
vn 0.2071 0.8606 -0.4652
vn 0.2071 0.8606 -0.4652
vn 0.9135 0.0000 0.4067
vn 0.9135 0.0000 0.4067
vn 0.9135 0.0000 0.4067
vn 0.9135 0.0000 0.4067
vn -0.9135 0.0000 -0.4067
vn -0.9135 0.0000 -0.4067
vn -0.9135 0.0000 -0.4067
vn -0.9135 0.0000 -0.4067
vn -0.3500 0.5093 0.7862
vn -0.3500 0.5093 0.7862
vn -0.3500 0.5093 0.7862
vn -0.3500 0.5093 0.7862
vn 0.3500 -0.5093 -0.7862
vn 0.3500 -0.5093 -0.7862
vn 0.3500 -0.5093 -0.7862
vn 0.3500 -0.5093 -0.7862
vn -0.2198 -0.8415 0.4936
vn -0.2198 -0.8415 0.4936
vn -0.2198 -0.8415 0.4936
vn -0.2198 -0.8415 0.4936
vn 0.2198 0.8415 -0.4936
vn 0.2198 0.8415 -0.4936
vn 0.2198 0.8415 -0.4936
vn 0.2198 0.8415 -0.4936
vn 0.9135 0.0000 0.4067
vn 0.9135 0.0000 0.4067
vn 0.9135 0.0000 0.4067
vn 0.9135 0.0000 0.4067
vn -0.9135 0.0000 -0.4067
vn -0.9135 0.0000 -0.4067
vn -0.9135 0.0000 -0.4067
vn -0.9135 0.0000 -0.4067
vn -0.3423 0.5403 0.7687
vn -0.3423 0.5403 0.7687
vn -0.3423 0.5403 0.7687
vn -0.3423 0.5403 0.7687
vn 0.3423 -0.5403 -0.7687
vn 0.3423 -0.5403 -0.7687
vn 0.3423 -0.5403 -0.7687
vn 0.3423 -0.5403 -0.7687
vn -0.2404 -0.8067 0.5398
vn -0.2404 -0.8067 0.5398
vn -0.2404 -0.8067 0.5398
vn -0.2404 -0.8067 0.5398
vn 0.2404 0.8067 -0.5398
vn 0.2404 0.8067 -0.5398
vn 0.2404 0.8067 -0.5398
vn 0.2404 0.8067 -0.5398
vn 0.9135 0.0000 0.4067
vn 0.9135 0.0000 0.4067
vn 0.9135 0.0000 0.4067
vn 0.9135 0.0000 0.4067
vn -0.9135 0.0000 -0.4067
vn -0.9135 0.0000 -0.4067
vn -0.9135 0.0000 -0.4067
vn -0.9135 0.0000 -0.4067
vn -0.3281 0.5909 0.7370
vn -0.3281 0.5909 0.7370
vn -0.3281 0.5909 0.7370
vn -0.3281 0.5909 0.7370
vn 0.3281 -0.5909 -0.7370
vn 0.3281 -0.5909 -0.7370
vn 0.3281 -0.5909 -0.7370
vn 0.3281 -0.5909 -0.7370
vn -0.2708 -0.7460 0.6083
vn -0.2708 -0.7460 0.6083
vn -0.2708 -0.7460 0.6083
vn -0.2708 -0.7460 0.6083
vn 0.2708 0.7460 -0.6083
vn 0.2708 0.7460 -0.6083
vn 0.2708 0.7460 -0.6083
vn 0.2708 0.7460 -0.6083
vn 0.9135 0.0000 0.4067
vn 0.9135 0.0000 0.4067
vn 0.9135 0.0000 0.4067
vn 0.9135 0.0000 0.4067
vn -0.9135 0.0000 -0.4067
vn -0.9135 0.0000 -0.4067
vn -0.9135 0.0000 -0.4067
vn -0.9135 0.0000 -0.4067
vn -0.3034 0.6659 0.6815
vn -0.3034 0.6659 0.6815
vn -0.3034 0.6659 0.6815
vn -0.3034 0.6659 0.6815
vn 0.3034 -0.6659 -0.6815
vn 0.3034 -0.6659 -0.6815
vn 0.3034 -0.6659 -0.6815
vn 0.3034 -0.6659 -0.6815
vn -0.3126 -0.6398 0.7021
vn -0.3126 -0.6398 0.7021
vn -0.3126 -0.6398 0.7021
vn -0.3126 -0.6398 0.7021
vn 0.3126 0.6398 -0.7021
vn 0.3126 0.6398 -0.7021
vn 0.3126 0.6398 -0.7021
vn 0.3126 0.6398 -0.7021
vn 0.9135 0.0000 0.4067
vn 0.9135 0.0000 0.4067
vn 0.9135 0.0000 0.4067
vn 0.9135 0.0000 0.4067
vn -0.9135 0.0000 -0.4067
vn -0.9135 0.0000 -0.4067
vn -0.9135 0.0000 -0.4067
vn -0.9135 0.0000 -0.4067
vn -0.2602 0.7685 0.5845
vn -0.2602 0.7685 0.5845
vn -0.2602 0.7685 0.5845
vn -0.2602 0.7685 0.5845
vn 0.2602 -0.7685 -0.5845
vn 0.2602 -0.7685 -0.5845
vn 0.2602 -0.7685 -0.5845
vn 0.2602 -0.7685 -0.5845
vn -0.3619 -0.4562 0.8129
vn -0.3619 -0.4562 0.8129
vn -0.3619 -0.4562 0.8129
vn -0.3619 -0.4562 0.8129
vn 0.3619 0.4562 -0.8129
vn 0.3619 0.4562 -0.8129
vn 0.3619 0.4562 -0.8129
vn 0.3619 0.4562 -0.8129
vn 0.9135 0.0000 0.4067
vn 0.9135 0.0000 0.4067
vn 0.9135 0.0000 0.4067
vn 0.9135 0.0000 0.4067
vn -0.9135 0.0000 -0.4067
vn -0.9135 0.0000 -0.4067
vn -0.9135 0.0000 -0.4067
vn -0.9135 0.0000 -0.4067
vn -0.1856 0.8899 0.4168
vn -0.1856 0.8899 0.4168
vn -0.1856 0.8899 0.4168
vn -0.1856 0.8899 0.4168
vn 0.1856 -0.8899 -0.4168
vn 0.1856 -0.8899 -0.4168
vn 0.1856 -0.8899 -0.4168
vn 0.1856 -0.8899 -0.4168
vn 0.2011 -0.8692 0.4518
vn 0.2011 -0.8692 0.4518
vn 0.2011 -0.8692 0.4518
vn 0.2011 -0.8692 0.4518
vn -0.2011 0.8692 -0.4518
vn -0.2011 0.8692 -0.4518
vn -0.2011 0.8692 -0.4518
vn -0.2011 0.8692 -0.4518
vn 0.9135 0.0000 -0.4067
vn 0.9135 0.0000 -0.4067
vn 0.9135 0.0000 -0.4067
vn 0.9135 0.0000 -0.4067
vn -0.9135 0.0000 0.4067
vn -0.9135 0.0000 0.4067
vn -0.9135 0.0000 0.4067
vn -0.9135 0.0000 0.4067
vn 0.3535 0.4945 0.7940
vn 0.3535 0.4945 0.7940
vn 0.3535 0.4945 0.7940
vn 0.3535 0.4945 0.7940
vn -0.3535 -0.4945 -0.7940
vn -0.3535 -0.4945 -0.7940
vn -0.3535 -0.4945 -0.7940
vn -0.3535 -0.4945 -0.7940
vn 0.2071 -0.8606 0.4652
vn 0.2071 -0.8606 0.4652
vn 0.2071 -0.8606 0.4652
vn 0.2071 -0.8606 0.4652
vn -0.2071 0.8606 -0.4652
vn -0.2071 0.8606 -0.4652
vn -0.2071 0.8606 -0.4652
vn -0.2071 0.8606 -0.4652
vn 0.9135 0.0000 -0.4067
vn 0.9135 0.0000 -0.4067
vn 0.9135 0.0000 -0.4067
vn 0.9135 0.0000 -0.4067
vn -0.9135 0.0000 0.4067
vn -0.9135 0.0000 0.4067
vn -0.9135 0.0000 0.4067
vn -0.9135 0.0000 0.4067
vn 0.3500 0.5093 0.7862
vn 0.3500 0.5093 0.7862
vn 0.3500 0.5093 0.7862
vn 0.3500 0.5093 0.7862
vn -0.3500 -0.5093 -0.7862
vn -0.3500 -0.5093 -0.7862
vn -0.3500 -0.5093 -0.7862
vn -0.3500 -0.5093 -0.7862
vn 0.2198 -0.8415 0.4936
vn 0.2198 -0.8415 0.4936
vn 0.2198 -0.8415 0.4936
vn 0.2198 -0.8415 0.4936
vn -0.2198 0.8415 -0.4936
vn -0.2198 0.8415 -0.4936
vn -0.2198 0.8415 -0.4936
vn -0.2198 0.8415 -0.4936
vn 0.9135 0.0000 -0.4067
vn 0.9135 0.0000 -0.4067
vn 0.9135 0.0000 -0.4067
vn 0.9135 0.0000 -0.4067
vn -0.9135 0.0000 0.4067
vn -0.9135 0.0000 0.4067
vn -0.9135 0.0000 0.4067
vn -0.9135 0.0000 0.4067
vn 0.3423 0.5403 0.7687
vn 0.3423 0.5403 0.7687
vn 0.3423 0.5403 0.7687
vn 0.3423 0.5403 0.7687
vn -0.3423 -0.5403 -0.7687
vn -0.3423 -0.5403 -0.7687
vn -0.3423 -0.5403 -0.7687
vn -0.3423 -0.5403 -0.7687
vn 0.2404 -0.8067 0.5398
vn 0.2404 -0.8067 0.5398
vn 0.2404 -0.8067 0.5398
vn 0.2404 -0.8067 0.5398
vn -0.2404 0.8067 -0.5398
vn -0.2404 0.8067 -0.5398
vn -0.2404 0.8067 -0.5398
vn -0.2404 0.8067 -0.5398
vn 0.9135 0.0000 -0.4067
vn 0.9135 0.0000 -0.4067
vn 0.9135 0.0000 -0.4067
vn 0.9135 0.0000 -0.4067
vn -0.9135 0.0000 0.4067
vn -0.9135 0.0000 0.4067
vn -0.9135 0.0000 0.4067
vn -0.9135 0.0000 0.4067
vn 0.3281 0.5909 0.7370
vn 0.3281 0.5909 0.7370
vn 0.3281 0.5909 0.7370
vn 0.3281 0.5909 0.7370
vn -0.3281 -0.5909 -0.7370
vn -0.3281 -0.5909 -0.7370
vn -0.3281 -0.5909 -0.7370
vn -0.3281 -0.5909 -0.7370
vn 0.2708 -0.7460 0.6083
vn 0.2708 -0.7460 0.6083
vn 0.2708 -0.7460 0.6083
vn 0.2708 -0.7460 0.6083
vn -0.2708 0.7460 -0.6083
vn -0.2708 0.7460 -0.6083
vn -0.2708 0.7460 -0.6083
vn -0.2708 0.7460 -0.6083
vn 0.9135 0.0000 -0.4067
vn 0.9135 0.0000 -0.4067
vn 0.9135 0.0000 -0.4067
vn 0.9135 0.0000 -0.4067
vn -0.9135 0.0000 0.4067
vn -0.9135 0.0000 0.4067
vn -0.9135 0.0000 0.4067
vn -0.9135 0.0000 0.4067
vn 0.3034 0.6659 0.6815
vn 0.3034 0.6659 0.6815
vn 0.3034 0.6659 0.6815
vn 0.3034 0.6659 0.6815
vn -0.3034 -0.6659 -0.6815
vn -0.3034 -0.6659 -0.6815
vn -0.3034 -0.6659 -0.6815
vn -0.3034 -0.6659 -0.6815
vn 0.3126 -0.6398 0.7021
vn 0.3126 -0.6398 0.7021
vn 0.3126 -0.6398 0.7021
vn 0.3126 -0.6398 0.7021
vn -0.3126 0.6398 -0.7021
vn -0.3126 0.6398 -0.7021
vn -0.3126 0.6398 -0.7021
vn -0.3126 0.6398 -0.7021
vn 0.9135 0.0000 -0.4067
vn 0.9135 0.0000 -0.4067
vn 0.9135 0.0000 -0.4067
vn 0.9135 0.0000 -0.4067
vn -0.9135 0.0000 0.4067
vn -0.9135 0.0000 0.4067
vn -0.9135 0.0000 0.4067
vn -0.9135 0.0000 0.4067
vn 0.2602 0.7685 0.5845
vn 0.2602 0.7685 0.5845
vn 0.2602 0.7685 0.5845
vn 0.2602 0.7685 0.5845
vn -0.2602 -0.7685 -0.5845
vn -0.2602 -0.7685 -0.5845
vn -0.2602 -0.7685 -0.5845
vn -0.2602 -0.7685 -0.5845
vn 0.3619 -0.4562 0.8129
vn 0.3619 -0.4562 0.8129
vn 0.3619 -0.4562 0.8129
vn 0.3619 -0.4562 0.8129
vn -0.3619 0.4562 -0.8129
vn -0.3619 0.4562 -0.8129
vn -0.3619 0.4562 -0.8129
vn -0.3619 0.4562 -0.8129
vn 0.9135 0.0000 -0.4067
vn 0.9135 0.0000 -0.4067
vn 0.9135 0.0000 -0.4067
vn 0.9135 0.0000 -0.4067
vn -0.9135 0.0000 0.4067
vn -0.9135 0.0000 0.4067
vn -0.9135 0.0000 0.4067
vn -0.9135 0.0000 0.4067
vn 0.1856 0.8899 0.4168
vn 0.1856 0.8899 0.4168
vn 0.1856 0.8899 0.4168
vn 0.1856 0.8899 0.4168
vn -0.1856 -0.8899 -0.4168
vn -0.1856 -0.8899 -0.4168
vn -0.1856 -0.8899 -0.4168
vn -0.1856 -0.8899 -0.4168
vn 0.4008 -0.1706 0.9002
vn 0.4008 -0.1706 0.9002
vn 0.4008 -0.1706 0.9002
vn 0.4008 -0.1706 0.9002
vn -0.4008 0.1706 -0.9002
vn -0.4008 0.1706 -0.9002
vn -0.4008 0.1706 -0.9002
vn -0.4008 0.1706 -0.9002
vn 0.9135 0.0000 -0.4067
vn 0.9135 0.0000 -0.4067
vn 0.9135 0.0000 -0.4067
vn 0.9135 0.0000 -0.4067
vn -0.9135 0.0000 0.4067
vn -0.9135 0.0000 0.4067
vn -0.9135 0.0000 0.4067
vn -0.9135 0.0000 0.4067
vn 0.0694 0.9853 0.1558
vn 0.0694 0.9853 0.1558
vn 0.0694 0.9853 0.1558
vn 0.0694 0.9853 0.1558
vn -0.0694 -0.9853 -0.1558
vn -0.0694 -0.9853 -0.1558
vn -0.0694 -0.9853 -0.1558
vn -0.0694 -0.9853 -0.1558
vn 0.2011 -0.8692 0.4518
vn 0.2011 -0.8692 0.4518
vn 0.2011 -0.8692 0.4518
vn 0.2011 -0.8692 0.4518
vn -0.2011 0.8692 -0.4518
vn -0.2011 0.8692 -0.4518
vn -0.2011 0.8692 -0.4518
vn -0.2011 0.8692 -0.4518
vn 0.9135 0.0000 -0.4067
vn 0.9135 0.0000 -0.4067
vn 0.9135 0.0000 -0.4067
vn 0.9135 0.0000 -0.4067
vn -0.9135 0.0000 0.4067
vn -0.9135 0.0000 0.4067
vn -0.9135 0.0000 0.4067
vn -0.9135 0.0000 0.4067
vn 0.3535 0.4945 0.7940
vn 0.3535 0.4945 0.7940
vn 0.3535 0.4945 0.7940
vn 0.3535 0.4945 0.7940
vn -0.3535 -0.4945 -0.7940
vn -0.3535 -0.4945 -0.7940
vn -0.3535 -0.4945 -0.7940
vn -0.3535 -0.4945 -0.7940
vn 0.2071 -0.8606 0.4652
vn 0.2071 -0.8606 0.4652
vn 0.2071 -0.8606 0.4652
vn 0.2071 -0.8606 0.4652
vn -0.2071 0.8606 -0.4652
vn -0.2071 0.8606 -0.4652
vn -0.2071 0.8606 -0.4652
vn -0.2071 0.8606 -0.4652
vn 0.9135 0.0000 -0.4067
vn 0.9135 0.0000 -0.4067
vn 0.9135 0.0000 -0.4067
vn 0.9135 0.0000 -0.4067
vn -0.9135 0.0000 0.4067
vn -0.9135 0.0000 0.4067
vn -0.9135 0.0000 0.4067
vn -0.9135 0.0000 0.4067
vn 0.3500 0.5093 0.7862
vn 0.3500 0.5093 0.7862
vn 0.3500 0.5093 0.7862
vn 0.3500 0.5093 0.7862
vn -0.3500 -0.5093 -0.7862
vn -0.3500 -0.5093 -0.7862
vn -0.3500 -0.5093 -0.7862
vn -0.3500 -0.5093 -0.7862
vn 0.2198 -0.8415 0.4936
vn 0.2198 -0.8415 0.4936
vn 0.2198 -0.8415 0.4936
vn 0.2198 -0.8415 0.4936
vn -0.2198 0.8415 -0.4936
vn -0.2198 0.8415 -0.4936
vn -0.2198 0.8415 -0.4936
vn -0.2198 0.8415 -0.4936
vn 0.9135 0.0000 -0.4067
vn 0.9135 0.0000 -0.4067
vn 0.9135 0.0000 -0.4067
vn 0.9135 0.0000 -0.4067
vn -0.9135 0.0000 0.4067
vn -0.9135 0.0000 0.4067
vn -0.9135 0.0000 0.4067
vn -0.9135 0.0000 0.4067
vn 0.3423 0.5403 0.7687
vn 0.3423 0.5403 0.7687
vn 0.3423 0.5403 0.7687
vn 0.3423 0.5403 0.7687
vn -0.3423 -0.5403 -0.7687
vn -0.3423 -0.5403 -0.7687
vn -0.3423 -0.5403 -0.7687
vn -0.3423 -0.5403 -0.7687
vn 0.2404 -0.8067 0.5398
vn 0.2404 -0.8067 0.5398
vn 0.2404 -0.8067 0.5398
vn 0.2404 -0.8067 0.5398
vn -0.2404 0.8067 -0.5398
vn -0.2404 0.8067 -0.5398
vn -0.2404 0.8067 -0.5398
vn -0.2404 0.8067 -0.5398
vn 0.9135 0.0000 -0.4067
vn 0.9135 0.0000 -0.4067
vn 0.9135 0.0000 -0.4067
vn 0.9135 0.0000 -0.4067
vn -0.9135 0.0000 0.4067
vn -0.9135 0.0000 0.4067
vn -0.9135 0.0000 0.4067
vn -0.9135 0.0000 0.4067
vn 0.3281 0.5909 0.7370
vn 0.3281 0.5909 0.7370
vn 0.3281 0.5909 0.7370
vn 0.3281 0.5909 0.7370
vn -0.3281 -0.5909 -0.7370
vn -0.3281 -0.5909 -0.7370
vn -0.3281 -0.5909 -0.7370
vn -0.3281 -0.5909 -0.7370
vn 0.2708 -0.7460 0.6083
vn 0.2708 -0.7460 0.6083
vn 0.2708 -0.7460 0.6083
vn 0.2708 -0.7460 0.6083
vn -0.2708 0.7460 -0.6083
vn -0.2708 0.7460 -0.6083
vn -0.2708 0.7460 -0.6083
vn -0.2708 0.7460 -0.6083
vn 0.9135 0.0000 -0.4067
vn 0.9135 0.0000 -0.4067
vn 0.9135 0.0000 -0.4067
vn 0.9135 0.0000 -0.4067
vn -0.9135 0.0000 0.4067
vn -0.9135 0.0000 0.4067
vn -0.9135 0.0000 0.4067
vn -0.9135 0.0000 0.4067
vn 0.3034 0.6659 0.6815
vn 0.3034 0.6659 0.6815
vn 0.3034 0.6659 0.6815
vn 0.3034 0.6659 0.6815
vn -0.3034 -0.6659 -0.6815
vn -0.3034 -0.6659 -0.6815
vn -0.3034 -0.6659 -0.6815
vn -0.3034 -0.6659 -0.6815
vn 0.3126 -0.6398 0.7021
vn 0.3126 -0.6398 0.7021
vn 0.3126 -0.6398 0.7021
vn 0.3126 -0.6398 0.7021
vn -0.3126 0.6398 -0.7021
vn -0.3126 0.6398 -0.7021
vn -0.3126 0.6398 -0.7021
vn -0.3126 0.6398 -0.7021
vn 0.9135 0.0000 -0.4067
vn 0.9135 0.0000 -0.4067
vn 0.9135 0.0000 -0.4067
vn 0.9135 0.0000 -0.4067
vn -0.9135 0.0000 0.4067
vn -0.9135 0.0000 0.4067
vn -0.9135 0.0000 0.4067
vn -0.9135 0.0000 0.4067
vn 0.2602 0.7685 0.5845
vn 0.2602 0.7685 0.5845
vn 0.2602 0.7685 0.5845
vn 0.2602 0.7685 0.5845
vn -0.2602 -0.7685 -0.5845
vn -0.2602 -0.7685 -0.5845
vn -0.2602 -0.7685 -0.5845
vn -0.2602 -0.7685 -0.5845
vn 0.3619 -0.4562 0.8129
vn 0.3619 -0.4562 0.8129
vn 0.3619 -0.4562 0.8129
vn 0.3619 -0.4562 0.8129
vn -0.3619 0.4562 -0.8129
vn -0.3619 0.4562 -0.8129
vn -0.3619 0.4562 -0.8129
vn -0.3619 0.4562 -0.8129
vn 0.9135 0.0000 -0.4067
vn 0.9135 0.0000 -0.4067
vn 0.9135 0.0000 -0.4067
vn 0.9135 0.0000 -0.4067
vn -0.9135 0.0000 0.4067
vn -0.9135 0.0000 0.4067
vn -0.9135 0.0000 0.4067
vn -0.9135 0.0000 0.4067
vn 0.1856 0.8899 0.4168
vn 0.1856 0.8899 0.4168
vn 0.1856 0.8899 0.4168
vn 0.1856 0.8899 0.4168
vn -0.1856 -0.8899 -0.4168
vn -0.1856 -0.8899 -0.4168
vn -0.1856 -0.8899 -0.4168
vn -0.1856 -0.8899 -0.4168
vn 0.4777 -0.8692 -0.1280
vn 0.4777 -0.8692 -0.1280
vn 0.4777 -0.8692 -0.1280
vn 0.4777 -0.8692 -0.1280
vn -0.4777 0.8692 0.1280
vn -0.4777 0.8692 0.1280
vn -0.4777 0.8692 0.1280
vn -0.4777 0.8692 0.1280
vn -0.2588 0.0000 -0.9659
vn -0.2588 0.0000 -0.9659
vn -0.2588 0.0000 -0.9659
vn -0.2588 0.0000 -0.9659
vn 0.2588 0.0000 0.9659
vn 0.2588 0.0000 0.9659
vn 0.2588 0.0000 0.9659
vn 0.2588 0.0000 0.9659
vn 0.8395 0.4945 -0.2250
vn 0.8395 0.4945 -0.2250
vn 0.8395 0.4945 -0.2250
vn 0.8395 0.4945 -0.2250
vn -0.8395 -0.4945 0.2250
vn -0.8395 -0.4945 0.2250
vn -0.8395 -0.4945 0.2250
vn -0.8395 -0.4945 0.2250
vn 0.4919 -0.8606 -0.1318
vn 0.4919 -0.8606 -0.1318
vn 0.4919 -0.8606 -0.1318
vn 0.4919 -0.8606 -0.1318
vn -0.4919 0.8606 0.1318
vn -0.4919 0.8606 0.1318
vn -0.4919 0.8606 0.1318
vn -0.4919 0.8606 0.1318
vn -0.2588 0.0000 -0.9659
vn -0.2588 0.0000 -0.9659
vn -0.2588 0.0000 -0.9659
vn -0.2588 0.0000 -0.9659
vn 0.2588 0.0000 0.9659
vn 0.2588 0.0000 0.9659
vn 0.2588 0.0000 0.9659
vn 0.2588 0.0000 0.9659
vn 0.8313 0.5093 -0.2227
vn 0.8313 0.5093 -0.2227
vn 0.8313 0.5093 -0.2227
vn 0.8313 0.5093 -0.2227
vn -0.8313 -0.5093 0.2227
vn -0.8313 -0.5093 0.2227
vn -0.8313 -0.5093 0.2227
vn -0.8313 -0.5093 0.2227
vn 0.5219 -0.8415 -0.1398
vn 0.5219 -0.8415 -0.1398
vn 0.5219 -0.8415 -0.1398
vn 0.5219 -0.8415 -0.1398
vn -0.5219 0.8415 0.1398
vn -0.5219 0.8415 0.1398
vn -0.5219 0.8415 0.1398
vn -0.5219 0.8415 0.1398
vn -0.2588 0.0000 -0.9659
vn -0.2588 0.0000 -0.9659
vn -0.2588 0.0000 -0.9659
vn -0.2588 0.0000 -0.9659
vn 0.2588 0.0000 0.9659
vn 0.2588 0.0000 0.9659
vn 0.2588 0.0000 0.9659
vn 0.2588 0.0000 0.9659
vn 0.8128 0.5403 -0.2178
vn 0.8128 0.5403 -0.2178
vn 0.8128 0.5403 -0.2178
vn 0.8128 0.5403 -0.2178
vn -0.8128 -0.5403 0.2178
vn -0.8128 -0.5403 0.2178
vn -0.8128 -0.5403 0.2178
vn -0.8128 -0.5403 0.2178
vn 0.5708 -0.8067 -0.1529
vn 0.5708 -0.8067 -0.1529
vn 0.5708 -0.8067 -0.1529
vn 0.5708 -0.8067 -0.1529
vn -0.5708 0.8067 0.1529
vn -0.5708 0.8067 0.1529
vn -0.5708 0.8067 0.1529
vn -0.5708 0.8067 0.1529
vn -0.2588 0.0000 -0.9659
vn -0.2588 0.0000 -0.9659
vn -0.2588 0.0000 -0.9659
vn -0.2588 0.0000 -0.9659
vn 0.2588 0.0000 0.9659
vn 0.2588 0.0000 0.9659
vn 0.2588 0.0000 0.9659
vn 0.2588 0.0000 0.9659
vn 0.7792 0.5909 -0.2088
vn 0.7792 0.5909 -0.2088
vn 0.7792 0.5909 -0.2088
vn 0.7792 0.5909 -0.2088
vn -0.7792 -0.5909 0.2088
vn -0.7792 -0.5909 0.2088
vn -0.7792 -0.5909 0.2088
vn -0.7792 -0.5909 0.2088
vn 0.6432 -0.7460 -0.1723
vn 0.6432 -0.7460 -0.1723
vn 0.6432 -0.7460 -0.1723
vn 0.6432 -0.7460 -0.1723
vn -0.6432 0.7460 0.1723
vn -0.6432 0.7460 0.1723
vn -0.6432 0.7460 0.1723
vn -0.6432 0.7460 0.1723
vn -0.2588 0.0000 -0.9659
vn -0.2588 0.0000 -0.9659
vn -0.2588 0.0000 -0.9659
vn -0.2588 0.0000 -0.9659
vn 0.2588 0.0000 0.9659
vn 0.2588 0.0000 0.9659
vn 0.2588 0.0000 0.9659
vn 0.2588 0.0000 0.9659
vn 0.7206 0.6659 -0.1931
vn 0.7206 0.6659 -0.1931
vn 0.7206 0.6659 -0.1931
vn 0.7206 0.6659 -0.1931
vn -0.7206 -0.6659 0.1931
vn -0.7206 -0.6659 0.1931
vn -0.7206 -0.6659 0.1931
vn -0.7206 -0.6659 0.1931
vn 0.7424 -0.6398 -0.1989
vn 0.7424 -0.6398 -0.1989
vn 0.7424 -0.6398 -0.1989
vn 0.7424 -0.6398 -0.1989
vn -0.7424 0.6398 0.1989
vn -0.7424 0.6398 0.1989
vn -0.7424 0.6398 0.1989
vn -0.7424 0.6398 0.1989
vn -0.2588 0.0000 -0.9659
vn -0.2588 0.0000 -0.9659
vn -0.2588 0.0000 -0.9659
vn -0.2588 0.0000 -0.9659
vn 0.2588 0.0000 0.9659
vn 0.2588 0.0000 0.9659
vn 0.2588 0.0000 0.9659
vn 0.2588 0.0000 0.9659
vn 0.6180 0.7685 -0.1656
vn 0.6180 0.7685 -0.1656
vn 0.6180 0.7685 -0.1656
vn 0.6180 0.7685 -0.1656
vn -0.6180 -0.7685 0.1656
vn -0.6180 -0.7685 0.1656
vn -0.6180 -0.7685 0.1656
vn -0.6180 -0.7685 0.1656
vn 0.8596 -0.4562 -0.2303
vn 0.8596 -0.4562 -0.2303
vn 0.8596 -0.4562 -0.2303
vn 0.8596 -0.4562 -0.2303
vn -0.8596 0.4562 0.2303
vn -0.8596 0.4562 0.2303
vn -0.8596 0.4562 0.2303
vn -0.8596 0.4562 0.2303
vn -0.2588 0.0000 -0.9659
vn -0.2588 0.0000 -0.9659
vn -0.2588 0.0000 -0.9659
vn -0.2588 0.0000 -0.9659
vn 0.2588 0.0000 0.9659
vn 0.2588 0.0000 0.9659
vn 0.2588 0.0000 0.9659
vn 0.2588 0.0000 0.9659
vn 0.4407 0.8899 -0.1181
vn 0.4407 0.8899 -0.1181
vn 0.4407 0.8899 -0.1181
vn 0.4407 0.8899 -0.1181
vn -0.4407 -0.8899 0.1181
vn -0.4407 -0.8899 0.1181
vn -0.4407 -0.8899 0.1181
vn -0.4407 -0.8899 0.1181
vn 0.9518 -0.1706 -0.2550
vn 0.9518 -0.1706 -0.2550
vn 0.9518 -0.1706 -0.2550
vn 0.9518 -0.1706 -0.2550
vn -0.9518 0.1706 0.2550
vn -0.9518 0.1706 0.2550
vn -0.9518 0.1706 0.2550
vn -0.9518 0.1706 0.2550
vn -0.2588 0.0000 -0.9659
vn -0.2588 0.0000 -0.9659
vn -0.2588 0.0000 -0.9659
vn -0.2588 0.0000 -0.9659
vn 0.2588 0.0000 0.9659
vn 0.2588 0.0000 0.9659
vn 0.2588 0.0000 0.9659
vn 0.2588 0.0000 0.9659
vn 0.1648 0.9853 -0.0441
vn 0.1648 0.9853 -0.0441
vn 0.1648 0.9853 -0.0441
vn 0.1648 0.9853 -0.0441
vn -0.1648 -0.9853 0.0441
vn -0.1648 -0.9853 0.0441
vn -0.1648 -0.9853 0.0441
vn -0.1648 -0.9853 0.0441
vn 0.4777 -0.8692 -0.1280
vn 0.4777 -0.8692 -0.1280
vn 0.4777 -0.8692 -0.1280
vn 0.4777 -0.8692 -0.1280
vn -0.4777 0.8692 0.1280
vn -0.4777 0.8692 0.1280
vn -0.4777 0.8692 0.1280
vn -0.4777 0.8692 0.1280
vn -0.2588 0.0000 -0.9659
vn -0.2588 0.0000 -0.9659
vn -0.2588 0.0000 -0.9659
vn -0.2588 0.0000 -0.9659
vn 0.2588 0.0000 0.9659
vn 0.2588 0.0000 0.9659
vn 0.2588 0.0000 0.9659
vn 0.2588 0.0000 0.9659
vn 0.8395 0.4945 -0.2250
vn 0.8395 0.4945 -0.2250
vn 0.8395 0.4945 -0.2250
vn 0.8395 0.4945 -0.2250
vn -0.8395 -0.4945 0.2250
vn -0.8395 -0.4945 0.2250
vn -0.8395 -0.4945 0.2250
vn -0.8395 -0.4945 0.2250
vn 0.4919 -0.8606 -0.1318
vn 0.4919 -0.8606 -0.1318
vn 0.4919 -0.8606 -0.1318
vn 0.4919 -0.8606 -0.1318
vn -0.4919 0.8606 0.1318
vn -0.4919 0.8606 0.1318
vn -0.4919 0.8606 0.1318
vn -0.4919 0.8606 0.1318
vn -0.2588 0.0000 -0.9659
vn -0.2588 0.0000 -0.9659
vn -0.2588 0.0000 -0.9659
vn -0.2588 0.0000 -0.9659
vn 0.2588 0.0000 0.9659
vn 0.2588 0.0000 0.9659
vn 0.2588 0.0000 0.9659
vn 0.2588 0.0000 0.9659
vn 0.8313 0.5093 -0.2227
vn 0.8313 0.5093 -0.2227
vn 0.8313 0.5093 -0.2227
vn 0.8313 0.5093 -0.2227
vn -0.8313 -0.5093 0.2227
vn -0.8313 -0.5093 0.2227
vn -0.8313 -0.5093 0.2227
vn -0.8313 -0.5093 0.2227
vn 0.5219 -0.8415 -0.1398
vn 0.5219 -0.8415 -0.1398
vn 0.5219 -0.8415 -0.1398
vn 0.5219 -0.8415 -0.1398
vn -0.5219 0.8415 0.1398
vn -0.5219 0.8415 0.1398
vn -0.5219 0.8415 0.1398
vn -0.5219 0.8415 0.1398
vn -0.2588 0.0000 -0.9659
vn -0.2588 0.0000 -0.9659
vn -0.2588 0.0000 -0.9659
vn -0.2588 0.0000 -0.9659
vn 0.2588 0.0000 0.9659
vn 0.2588 0.0000 0.9659
vn 0.2588 0.0000 0.9659
vn 0.2588 0.0000 0.9659
vn 0.8128 0.5403 -0.2178
vn 0.8128 0.5403 -0.2178
vn 0.8128 0.5403 -0.2178
vn 0.8128 0.5403 -0.2178
vn -0.8128 -0.5403 0.2178
vn -0.8128 -0.5403 0.2178
vn -0.8128 -0.5403 0.2178
vn -0.8128 -0.5403 0.2178
vn 0.5708 -0.8067 -0.1529
vn 0.5708 -0.8067 -0.1529
vn 0.5708 -0.8067 -0.1529
vn 0.5708 -0.8067 -0.1529
vn -0.5708 0.8067 0.1529
vn -0.5708 0.8067 0.1529
vn -0.5708 0.8067 0.1529
vn -0.5708 0.8067 0.1529
vn -0.2588 0.0000 -0.9659
vn -0.2588 0.0000 -0.9659
vn -0.2588 0.0000 -0.9659
vn -0.2588 0.0000 -0.9659
vn 0.2588 0.0000 0.9659
vn 0.2588 0.0000 0.9659
vn 0.2588 0.0000 0.9659
vn 0.2588 0.0000 0.9659
vn 0.7792 0.5909 -0.2088
vn 0.7792 0.5909 -0.2088
vn 0.7792 0.5909 -0.2088
vn 0.7792 0.5909 -0.2088
vn -0.7792 -0.5909 0.2088
vn -0.7792 -0.5909 0.2088
vn -0.7792 -0.5909 0.2088
vn -0.7792 -0.5909 0.2088
vn 0.6432 -0.7460 -0.1723
vn 0.6432 -0.7460 -0.1723
vn 0.6432 -0.7460 -0.1723
vn 0.6432 -0.7460 -0.1723
vn -0.6432 0.7460 0.1723
vn -0.6432 0.7460 0.1723
vn -0.6432 0.7460 0.1723
vn -0.6432 0.7460 0.1723
vn -0.2588 0.0000 -0.9659
vn -0.2588 0.0000 -0.9659
vn -0.2588 0.0000 -0.9659
vn -0.2588 0.0000 -0.9659
vn 0.2588 0.0000 0.9659
vn 0.2588 0.0000 0.9659
vn 0.2588 0.0000 0.9659
vn 0.2588 0.0000 0.9659
vn 0.7206 0.6659 -0.1931
vn 0.7206 0.6659 -0.1931
vn 0.7206 0.6659 -0.1931
vn 0.7206 0.6659 -0.1931
vn -0.7206 -0.6659 0.1931
vn -0.7206 -0.6659 0.1931
vn -0.7206 -0.6659 0.1931
vn -0.7206 -0.6659 0.1931
vn 0.7424 -0.6398 -0.1989
vn 0.7424 -0.6398 -0.1989
vn 0.7424 -0.6398 -0.1989
vn 0.7424 -0.6398 -0.1989
vn -0.7424 0.6398 0.1989
vn -0.7424 0.6398 0.1989
vn -0.7424 0.6398 0.1989
vn -0.7424 0.6398 0.1989
vn -0.2588 0.0000 -0.9659
vn -0.2588 0.0000 -0.9659
vn -0.2588 0.0000 -0.9659
vn -0.2588 0.0000 -0.9659
vn 0.2588 0.0000 0.9659
vn 0.2588 0.0000 0.9659
vn 0.2588 0.0000 0.9659
vn 0.2588 0.0000 0.9659
vn 0.6180 0.7685 -0.1656
vn 0.6180 0.7685 -0.1656
vn 0.6180 0.7685 -0.1656
vn 0.6180 0.7685 -0.1656
vn -0.6180 -0.7685 0.1656
vn -0.6180 -0.7685 0.1656
vn -0.6180 -0.7685 0.1656
vn -0.6180 -0.7685 0.1656
vn 0.8596 -0.4562 -0.2303
vn 0.8596 -0.4562 -0.2303
vn 0.8596 -0.4562 -0.2303
vn 0.8596 -0.4562 -0.2303
vn -0.8596 0.4562 0.2303
vn -0.8596 0.4562 0.2303
vn -0.8596 0.4562 0.2303
vn -0.8596 0.4562 0.2303
vn -0.2588 0.0000 -0.9659
vn -0.2588 0.0000 -0.9659
vn -0.2588 0.0000 -0.9659
vn -0.2588 0.0000 -0.9659
vn 0.2588 0.0000 0.9659
vn 0.2588 0.0000 0.9659
vn 0.2588 0.0000 0.9659
vn 0.2588 0.0000 0.9659
vn 0.4407 0.8899 -0.1181
vn 0.4407 0.8899 -0.1181
vn 0.4407 0.8899 -0.1181
vn 0.4407 0.8899 -0.1181
vn -0.4407 -0.8899 0.1181
vn -0.4407 -0.8899 0.1181
vn -0.4407 -0.8899 0.1181
vn -0.4407 -0.8899 0.1181
vn 0.3746 0.0000 -0.9272
vn 0.3746 0.0000 -0.9272
vn 0.3746 0.0000 -0.9272
vn 0.3746 0.0000 -0.9272
vn 0.3090 0.0000 -0.9511
vn 0.3090 0.0000 -0.9511
vn 0.3090 0.0000 -0.9511
vn 0.3090 0.0000 -0.9511
vn 0.2419 0.0000 -0.9703
vn 0.2419 0.0000 -0.9703
vn 0.2419 0.0000 -0.9703
vn 0.2419 0.0000 -0.9703
vn 0.1736 0.0000 -0.9848
vn 0.1736 0.0000 -0.9848
vn 0.1736 0.0000 -0.9848
vn 0.1736 0.0000 -0.9848
vn 0.1045 0.0000 -0.9945
vn 0.1045 0.0000 -0.9945
vn 0.1045 0.0000 -0.9945
vn 0.1045 0.0000 -0.9945
vn 0.0349 0.0000 -0.9994
vn 0.0349 0.0000 -0.9994
vn 0.0349 0.0000 -0.9994
vn 0.0349 0.0000 -0.9994
vn -0.0349 0.0000 -0.9994
vn -0.0349 0.0000 -0.9994
vn -0.0349 0.0000 -0.9994
vn -0.0349 0.0000 -0.9994
vn -0.1045 0.0000 -0.9945
vn -0.1045 0.0000 -0.9945
vn -0.1045 0.0000 -0.9945
vn -0.1045 0.0000 -0.9945
vn -0.1736 0.0000 -0.9848
vn -0.1736 0.0000 -0.9848
vn -0.1736 0.0000 -0.9848
vn -0.1736 0.0000 -0.9848
vn -0.2419 0.0000 -0.9703
vn -0.2419 0.0000 -0.9703
vn -0.2419 0.0000 -0.9703
vn -0.2419 0.0000 -0.9703
vn -0.3090 0.0000 -0.9511
vn -0.3090 0.0000 -0.9511
vn -0.3090 0.0000 -0.9511
vn -0.3090 0.0000 -0.9511
vn -0.3746 0.0000 -0.9272
vn -0.3746 0.0000 -0.9272
vn -0.3746 0.0000 -0.9272
vn -0.3746 0.0000 -0.9272
vn 0.3746 0.0000 -0.9272
vn 0.3746 0.0000 -0.9272
vn 0.3746 0.0000 -0.9272
vn 0.3746 0.0000 -0.9272
vn 0.3090 0.0000 -0.9511
vn 0.3090 0.0000 -0.9511
vn 0.3090 0.0000 -0.9511
vn 0.3090 0.0000 -0.9511
vn 0.2419 0.0000 -0.9703
vn 0.2419 0.0000 -0.9703
vn 0.2419 0.0000 -0.9703
vn 0.2419 0.0000 -0.9703
vn 0.1736 0.0000 -0.9848
vn 0.1736 0.0000 -0.9848
vn 0.1736 0.0000 -0.9848
vn 0.1736 0.0000 -0.9848
vn 0.1045 0.0000 -0.9945
vn 0.1045 0.0000 -0.9945
vn 0.1045 0.0000 -0.9945
vn 0.1045 0.0000 -0.9945
vn 0.0349 0.0000 -0.9994
vn 0.0349 0.0000 -0.9994
vn 0.0349 0.0000 -0.9994
vn 0.0349 0.0000 -0.9994
vn -0.0349 0.0000 -0.9994
vn -0.0349 0.0000 -0.9994
vn -0.0349 0.0000 -0.9994
vn -0.0349 0.0000 -0.9994
vn -0.1045 0.0000 -0.9945
vn -0.1045 0.0000 -0.9945
vn -0.1045 0.0000 -0.9945
vn -0.1045 0.0000 -0.9945
vn -0.1736 0.0000 -0.9848
vn -0.1736 0.0000 -0.9848
vn -0.1736 0.0000 -0.9848
vn -0.1736 0.0000 -0.9848
vn -0.2419 0.0000 -0.9703
vn -0.2419 0.0000 -0.9703
vn -0.2419 0.0000 -0.9703
vn -0.2419 0.0000 -0.9703
vn -0.3090 0.0000 -0.9511
vn -0.3090 0.0000 -0.9511
vn -0.3090 0.0000 -0.9511
vn -0.3090 0.0000 -0.9511
vn -0.3746 0.0000 -0.9272
vn -0.3746 0.0000 -0.9272
vn -0.3746 0.0000 -0.9272
vn -0.3746 0.0000 -0.9272
vn -0.3746 0.0000 0.9272
vn -0.3746 0.0000 0.9272
vn -0.3746 0.0000 0.9272
vn -0.3746 0.0000 0.9272
vn -0.3090 0.0000 0.9511
vn -0.3090 0.0000 0.9511
vn -0.3090 0.0000 0.9511
vn -0.3090 0.0000 0.9511
vn -0.2419 0.0000 0.9703
vn -0.2419 0.0000 0.9703
vn -0.2419 0.0000 0.9703
vn -0.2419 0.0000 0.9703
vn -0.1736 0.0000 0.9848
vn -0.1736 0.0000 0.9848
vn -0.1736 0.0000 0.9848
vn -0.1736 0.0000 0.9848
vn -0.1045 0.0000 0.9945
vn -0.1045 0.0000 0.9945
vn -0.1045 0.0000 0.9945
vn -0.1045 0.0000 0.9945
vn -0.0349 0.0000 0.9994
vn -0.0349 0.0000 0.9994
vn -0.0349 0.0000 0.9994
vn -0.0349 0.0000 0.9994
vn 0.0349 0.0000 0.9994
vn 0.0349 0.0000 0.9994
vn 0.0349 0.0000 0.9994
vn 0.0349 0.0000 0.9994
vn 0.1045 0.0000 0.9945
vn 0.1045 0.0000 0.9945
vn 0.1045 0.0000 0.9945
vn 0.1045 0.0000 0.9945
vn 0.1736 0.0000 0.9848
vn 0.1736 0.0000 0.9848
vn 0.1736 0.0000 0.9848
vn 0.1736 0.0000 0.9848
vn 0.2419 0.0000 0.9703
vn 0.2419 0.0000 0.9703
vn 0.2419 0.0000 0.9703
vn 0.2419 0.0000 0.9703
vn 0.3090 0.0000 0.9511
vn 0.3090 0.0000 0.9511
vn 0.3090 0.0000 0.9511
vn 0.3090 0.0000 0.9511
vn 0.3746 0.0000 0.9272
vn 0.3746 0.0000 0.9272
vn 0.3746 0.0000 0.9272
vn 0.3746 0.0000 0.9272
vn 0.3584 0.0000 -0.9336
vn 0.3584 0.0000 -0.9336
vn 0.3584 0.0000 -0.9336
vn 0.3584 0.0000 -0.9336
vn 0.2588 0.0000 -0.9659
vn 0.2588 0.0000 -0.9659
vn 0.2588 0.0000 -0.9659
vn 0.2588 0.0000 -0.9659
vn 0.1564 0.0000 -0.9877
vn 0.1564 0.0000 -0.9877
vn 0.1564 0.0000 -0.9877
vn 0.1564 0.0000 -0.9877
vn 0.0523 0.0000 -0.9986
vn 0.0523 0.0000 -0.9986
vn 0.0523 0.0000 -0.9986
vn 0.0523 0.0000 -0.9986
vn -0.0523 0.0000 -0.9986
vn -0.0523 0.0000 -0.9986
vn -0.0523 0.0000 -0.9986
vn -0.0523 0.0000 -0.9986
vn -0.1564 0.0000 -0.9877
vn -0.1564 0.0000 -0.9877
vn -0.1564 0.0000 -0.9877
vn -0.1564 0.0000 -0.9877
vn -0.2588 0.0000 -0.9659
vn -0.2588 0.0000 -0.9659
vn -0.2588 0.0000 -0.9659
vn -0.2588 0.0000 -0.9659
vn -0.3584 0.0000 -0.9336
vn -0.3584 0.0000 -0.9336
vn -0.3584 0.0000 -0.9336
vn -0.3584 0.0000 -0.9336
vn 0.0980 0.0000 0.9952
vn 0.0980 0.0000 0.9952
vn 0.0980 0.0000 0.9952
vn 0.0980 0.0000 0.9952
vn 0.2903 0.0000 0.9569
vn 0.2903 0.0000 0.9569
vn 0.2903 0.0000 0.9569
vn 0.2903 0.0000 0.9569
vn 0.4714 0.0000 0.8819
vn 0.4714 0.0000 0.8819
vn 0.4714 0.0000 0.8819
vn 0.4714 0.0000 0.8819
vn 0.6344 0.0000 0.7730
vn 0.6344 0.0000 0.7730
vn 0.6344 0.0000 0.7730
vn 0.6344 0.0000 0.7730
vn 0.7730 0.0000 0.6344
vn 0.7730 0.0000 0.6344
vn 0.7730 0.0000 0.6344
vn 0.7730 0.0000 0.6344
vn 0.8819 0.0000 0.4714
vn 0.8819 0.0000 0.4714
vn 0.8819 0.0000 0.4714
vn 0.8819 0.0000 0.4714
vn 0.9569 0.0000 0.2903
vn 0.9569 0.0000 0.2903
vn 0.9569 0.0000 0.2903
vn 0.9569 0.0000 0.2903
vn 0.9952 0.0000 0.0980
vn 0.9952 0.0000 0.0980
vn 0.9952 0.0000 0.0980
vn 0.9952 0.0000 0.0980
vn 0.9952 0.0000 -0.0980
vn 0.9952 0.0000 -0.0980
vn 0.9952 0.0000 -0.0980
vn 0.9952 0.0000 -0.0980
vn 0.9569 0.0000 -0.2903
vn 0.9569 0.0000 -0.2903
vn 0.9569 0.0000 -0.2903
vn 0.9569 0.0000 -0.2903
vn 0.8819 0.0000 -0.4714
vn 0.8819 0.0000 -0.4714
vn 0.8819 0.0000 -0.4714
vn 0.8819 0.0000 -0.4714
vn 0.7730 0.0000 -0.6344
vn 0.7730 0.0000 -0.6344
vn 0.7730 0.0000 -0.6344
vn 0.7730 0.0000 -0.6344
vn 0.6344 0.0000 -0.7730
vn 0.6344 0.0000 -0.7730
vn 0.6344 0.0000 -0.7730
vn 0.6344 0.0000 -0.7730
vn 0.4714 0.0000 -0.8819
vn 0.4714 0.0000 -0.8819
vn 0.4714 0.0000 -0.8819
vn 0.4714 0.0000 -0.8819
vn 0.2903 0.0000 -0.9569
vn 0.2903 0.0000 -0.9569
vn 0.2903 0.0000 -0.9569
vn 0.2903 0.0000 -0.9569
vn 0.0980 0.0000 -0.9952
vn 0.0980 0.0000 -0.9952
vn 0.0980 0.0000 -0.9952
vn 0.0980 0.0000 -0.9952
vn -0.0980 0.0000 -0.9952
vn -0.0980 0.0000 -0.9952
vn -0.0980 0.0000 -0.9952
vn -0.0980 0.0000 -0.9952
vn -0.2903 0.0000 -0.9569
vn -0.2903 0.0000 -0.9569
vn -0.2903 0.0000 -0.9569
vn -0.2903 0.0000 -0.9569
vn -0.4714 0.0000 -0.8819
vn -0.4714 0.0000 -0.8819
vn -0.4714 0.0000 -0.8819
vn -0.4714 0.0000 -0.8819
vn -0.6344 0.0000 -0.7730
vn -0.6344 0.0000 -0.7730
vn -0.6344 0.0000 -0.7730
vn -0.6344 0.0000 -0.7730
vn -0.7730 0.0000 -0.6344
vn -0.7730 0.0000 -0.6344
vn -0.7730 0.0000 -0.6344
vn -0.7730 0.0000 -0.6344
vn -0.8819 0.0000 -0.4714
vn -0.8819 0.0000 -0.4714
vn -0.8819 0.0000 -0.4714
vn -0.8819 0.0000 -0.4714
vn -0.9569 0.0000 -0.2903
vn -0.9569 0.0000 -0.2903
vn -0.9569 0.0000 -0.2903
vn -0.9569 0.0000 -0.2903
vn -0.9952 0.0000 -0.0980
vn -0.9952 0.0000 -0.0980
vn -0.9952 0.0000 -0.0980
vn -0.9952 0.0000 -0.0980
vn -0.9952 0.0000 0.0980
vn -0.9952 0.0000 0.0980
vn -0.9952 0.0000 0.0980
vn -0.9952 0.0000 0.0980
vn -0.9569 0.0000 0.2903
vn -0.9569 0.0000 0.2903
vn -0.9569 0.0000 0.2903
vn -0.9569 0.0000 0.2903
vn -0.8819 0.0000 0.4714
vn -0.8819 0.0000 0.4714
vn -0.8819 0.0000 0.4714
vn -0.8819 0.0000 0.4714
vn -0.7730 0.0000 0.6344
vn -0.7730 0.0000 0.6344
vn -0.7730 0.0000 0.6344
vn -0.7730 0.0000 0.6344
vn -0.6344 0.0000 0.7730
vn -0.6344 0.0000 0.7730
vn -0.6344 0.0000 0.7730
vn -0.6344 0.0000 0.7730
vn -0.4714 0.0000 0.8819
vn -0.4714 0.0000 0.8819
vn -0.4714 0.0000 0.8819
vn -0.4714 0.0000 0.8819
vn -0.2903 0.0000 0.9569
vn -0.2903 0.0000 0.9569
vn -0.2903 0.0000 0.9569
vn -0.2903 0.0000 0.9569
vn -0.0980 0.0000 0.9952
vn -0.0980 0.0000 0.9952
vn -0.0980 0.0000 0.9952
vn -0.0980 0.0000 0.9952
vn -0.0980 0.0000 -0.9952
vn -0.0980 0.0000 -0.9952
vn -0.0980 0.0000 -0.9952
vn -0.0980 0.0000 -0.9952
vn -0.2903 0.0000 -0.9569
vn -0.2903 0.0000 -0.9569
vn -0.2903 0.0000 -0.9569
vn -0.2903 0.0000 -0.9569
vn -0.4714 0.0000 -0.8819
vn -0.4714 0.0000 -0.8819
vn -0.4714 0.0000 -0.8819
vn -0.4714 0.0000 -0.8819
vn -0.6344 0.0000 -0.7730
vn -0.6344 0.0000 -0.7730
vn -0.6344 0.0000 -0.7730
vn -0.6344 0.0000 -0.7730
vn -0.7730 0.0000 -0.6344
vn -0.7730 0.0000 -0.6344
vn -0.7730 0.0000 -0.6344
vn -0.7730 0.0000 -0.6344
vn -0.8819 0.0000 -0.4714
vn -0.8819 0.0000 -0.4714
vn -0.8819 0.0000 -0.4714
vn -0.8819 0.0000 -0.4714
vn -0.9569 0.0000 -0.2903
vn -0.9569 0.0000 -0.2903
vn -0.9569 0.0000 -0.2903
vn -0.9569 0.0000 -0.2903
vn -0.9952 0.0000 -0.0980
vn -0.9952 0.0000 -0.0980
vn -0.9952 0.0000 -0.0980
vn -0.9952 0.0000 -0.0980
vn -0.9952 0.0000 0.0980
vn -0.9952 0.0000 0.0980
vn -0.9952 0.0000 0.0980
vn -0.9952 0.0000 0.0980
vn -0.9569 0.0000 0.2903
vn -0.9569 0.0000 0.2903
vn -0.9569 0.0000 0.2903
vn -0.9569 0.0000 0.2903
vn -0.8819 0.0000 0.4714
vn -0.8819 0.0000 0.4714
vn -0.8819 0.0000 0.4714
vn -0.8819 0.0000 0.4714
vn -0.7730 0.0000 0.6344
vn -0.7730 0.0000 0.6344
vn -0.7730 0.0000 0.6344
vn -0.7730 0.0000 0.6344
vn -0.6344 0.0000 0.7730
vn -0.6344 0.0000 0.7730
vn -0.6344 0.0000 0.7730
vn -0.6344 0.0000 0.7730
vn -0.4714 0.0000 0.8819
vn -0.4714 0.0000 0.8819
vn -0.4714 0.0000 0.8819
vn -0.4714 0.0000 0.8819
vn -0.2903 0.0000 0.9569
vn -0.2903 0.0000 0.9569
vn -0.2903 0.0000 0.9569
vn -0.2903 0.0000 0.9569
vn -0.0980 0.0000 0.9952
vn -0.0980 0.0000 0.9952
vn -0.0980 0.0000 0.9952
vn -0.0980 0.0000 0.9952
vn 0.0980 0.0000 0.9952
vn 0.0980 0.0000 0.9952
vn 0.0980 0.0000 0.9952
vn 0.0980 0.0000 0.9952
vn 0.2903 0.0000 0.9569
vn 0.2903 0.0000 0.9569
vn 0.2903 0.0000 0.9569
vn 0.2903 0.0000 0.9569
vn 0.4714 0.0000 0.8819
vn 0.4714 0.0000 0.8819
vn 0.4714 0.0000 0.8819
vn 0.4714 0.0000 0.8819
vn 0.6344 0.0000 0.7730
vn 0.6344 0.0000 0.7730
vn 0.6344 0.0000 0.7730
vn 0.6344 0.0000 0.7730
vn 0.7730 0.0000 0.6344
vn 0.7730 0.0000 0.6344
vn 0.7730 0.0000 0.6344
vn 0.7730 0.0000 0.6344
vn 0.8819 0.0000 0.4714
vn 0.8819 0.0000 0.4714
vn 0.8819 0.0000 0.4714
vn 0.8819 0.0000 0.4714
vn 0.9569 0.0000 0.2903
vn 0.9569 0.0000 0.2903
vn 0.9569 0.0000 0.2903
vn 0.9569 0.0000 0.2903
vn 0.9952 0.0000 0.0980
vn 0.9952 0.0000 0.0980
vn 0.9952 0.0000 0.0980
vn 0.9952 0.0000 0.0980
vn 0.9952 0.0000 -0.0980
vn 0.9952 0.0000 -0.0980
vn 0.9952 0.0000 -0.0980
vn 0.9952 0.0000 -0.0980
vn 0.9569 0.0000 -0.2903
vn 0.9569 0.0000 -0.2903
vn 0.9569 0.0000 -0.2903
vn 0.9569 0.0000 -0.2903
vn 0.8819 0.0000 -0.4714
vn 0.8819 0.0000 -0.4714
vn 0.8819 0.0000 -0.4714
vn 0.8819 0.0000 -0.4714
vn 0.7730 0.0000 -0.6344
vn 0.7730 0.0000 -0.6344
vn 0.7730 0.0000 -0.6344
vn 0.7730 0.0000 -0.6344
vn 0.6344 0.0000 -0.7730
vn 0.6344 0.0000 -0.7730
vn 0.6344 0.0000 -0.7730
vn 0.6344 0.0000 -0.7730
vn 0.4714 0.0000 -0.8819
vn 0.4714 0.0000 -0.8819
vn 0.4714 0.0000 -0.8819
vn 0.4714 0.0000 -0.8819
vn 0.2903 0.0000 -0.9569
vn 0.2903 0.0000 -0.9569
vn 0.2903 0.0000 -0.9569
vn 0.2903 0.0000 -0.9569
vn 0.0980 0.0000 -0.9952
vn 0.0980 0.0000 -0.9952
vn 0.0980 0.0000 -0.9952
vn 0.0980 0.0000 -0.9952
vn 0.0000 1.0000 0.0000
vn 0.0000 -1.0000 0.0000
vn 0.0000 1.0000 0.0000
vn 0.0000 -1.0000 0.0000
vn 0.0000 1.0000 0.0000
vn 0.0000 -1.0000 0.0000
vn 0.0000 1.0000 0.0000
vn 0.0000 -1.0000 0.0000
vn 0.0000 1.0000 0.0000
vn 0.0000 -1.0000 0.0000
vn 0.0000 1.0000 0.0000
vn 0.0000 -1.0000 0.0000
vn 0.0000 1.0000 0.0000
vn 0.0000 -1.0000 0.0000
vn 0.0000 1.0000 0.0000
vn 0.0000 -1.0000 0.0000
vn 0.0000 1.0000 0.0000
vn 0.0000 -1.0000 0.0000
vn 0.0000 1.0000 0.0000
vn 0.0000 -1.0000 0.0000
vn 0.0000 1.0000 0.0000
vn 0.0000 -1.0000 0.0000
vn 0.0000 1.0000 0.0000
vn 0.0000 -1.0000 0.0000
vn 0.0000 1.0000 0.0000
vn 0.0000 -1.0000 0.0000
vn 0.0000 1.0000 0.0000
vn 0.0000 -1.0000 0.0000
vn 0.0000 1.0000 0.0000
vn 0.0000 -1.0000 0.0000
vn 0.0000 1.0000 0.0000
vn 0.0000 -1.0000 0.0000
vn 0.0000 1.0000 0.0000
vn 0.0000 -1.0000 0.0000
vn 0.0000 1.0000 0.0000
vn 0.0000 1.0000 0.0000
vn 0.0000 -1.0000 0.0000
vn 0.0000 -1.0000 0.0000
vn 0.0000 1.0000 0.0000
vn 0.0000 1.0000 0.0000
vn 0.0000 -1.0000 0.0000
vn 0.0000 -1.0000 0.0000
vn 0.0000 1.0000 0.0000
vn 0.0000 1.0000 0.0000
vn 0.0000 -1.0000 0.0000
vn 0.0000 -1.0000 0.0000
vn 0.0000 1.0000 0.0000
vn 0.0000 1.0000 0.0000
vn 0.0000 -1.0000 0.0000
vn 0.0000 -1.0000 0.0000
vn 0.0000 1.0000 0.0000
vn 0.0000 1.0000 0.0000
vn 0.0000 -1.0000 0.0000
vn 0.0000 -1.0000 0.0000
vn 0.0000 1.0000 0.0000
vn 0.0000 1.0000 0.0000
vn 0.0000 -1.0000 0.0000
vn 0.0000 -1.0000 0.0000
vn 0.0000 1.0000 0.0000
vn 0.0000 1.0000 0.0000
vn 0.0000 -1.0000 0.0000
vn 0.0000 -1.0000 0.0000
vn 0.0000 1.0000 0.0000
vn 0.0000 1.0000 0.0000
vn 0.0000 -1.0000 0.0000
vn 0.0000 -1.0000 0.0000
vn 0.0000 1.0000 0.0000
vn 0.0000 1.0000 0.0000
vn 0.0000 -1.0000 0.0000
vn 0.0000 -1.0000 0.0000
vn 0.0000 1.0000 0.0000
vn 0.0000 1.0000 0.0000
vn 0.0000 -1.0000 0.0000
vn 0.0000 -1.0000 0.0000
vn 0.0000 1.0000 0.0000
vn 0.0000 1.0000 0.0000
vn 0.0000 -1.0000 0.0000
vn 0.0000 -1.0000 0.0000
vn 0.0000 1.0000 0.0000
vn 0.0000 1.0000 0.0000
vn 0.0000 -1.0000 0.0000
vn 0.0000 -1.0000 0.0000
vn 0.0000 1.0000 0.0000
vn 0.0000 1.0000 0.0000
vn 0.0000 -1.0000 0.0000
vn 0.0000 -1.0000 0.0000
vn 0.0000 1.0000 0.0000
vn 0.0000 1.0000 0.0000
vn 0.0000 -1.0000 0.0000
vn 0.0000 -1.0000 0.0000
vn 0.0000 1.0000 0.0000
vn 0.0000 1.0000 0.0000
vn 0.0000 -1.0000 0.0000
vn 0.0000 -1.0000 0.0000
vn 0.0000 1.0000 0.0000
vn 0.0000 1.0000 0.0000
vn 0.0000 -1.0000 0.0000
vn 0.0000 -1.0000 0.0000
vn 0.0000 0.2419 -0.9703
vn 0.0000 0.2419 -0.9703
vn 0.0000 0.2419 -0.9703
vn 0.0000 0.2419 -0.9703
vn 0.0000 -0.2419 0.9703
vn 0.0000 -0.2419 0.9703
vn 0.0000 -0.2419 0.9703
vn 0.0000 -0.2419 0.9703
vn -1.0000 0.0000 0.0000
vn -1.0000 0.0000 0.0000
vn -1.0000 0.0000 0.0000
vn -1.0000 0.0000 0.0000
vn 1.0000 0.0000 0.0000
vn 1.0000 0.0000 0.0000
vn 1.0000 0.0000 0.0000
vn 1.0000 0.0000 0.0000
vn 0.0000 0.9703 0.2419
vn 0.0000 0.9703 0.2419
vn 0.0000 0.9703 0.2419
vn 0.0000 0.9703 0.2419
vn 0.0000 -0.9703 -0.2419
vn 0.0000 -0.9703 -0.2419
vn 0.0000 -0.9703 -0.2419
vn 0.0000 -0.9703 -0.2419
vn 0.0000 0.2419 -0.9703
vn 0.0000 0.2419 -0.9703
vn 0.0000 0.2419 -0.9703
vn 0.0000 0.2419 -0.9703
vn 0.0000 -0.2419 0.9703
vn 0.0000 -0.2419 0.9703
vn 0.0000 -0.2419 0.9703
vn 0.0000 -0.2419 0.9703
vn -1.0000 0.0000 0.0000
vn -1.0000 0.0000 0.0000
vn -1.0000 0.0000 0.0000
vn -1.0000 0.0000 0.0000
vn 1.0000 0.0000 0.0000
vn 1.0000 0.0000 0.0000
vn 1.0000 0.0000 0.0000
vn 1.0000 0.0000 0.0000
vn 0.0000 0.9703 0.2419
vn 0.0000 0.9703 0.2419
vn 0.0000 0.9703 0.2419
vn 0.0000 0.9703 0.2419
vn 0.0000 -0.9703 -0.2419
vn 0.0000 -0.9703 -0.2419
vn 0.0000 -0.9703 -0.2419
vn 0.0000 -0.9703 -0.2419
vn -0.8741 0.0000 0.4858
vn -0.8741 0.0000 0.4858
vn -0.8741 0.0000 0.4858
vn -0.8741 0.0000 0.4858
vn -0.7967 0.0000 0.6044
vn -0.7967 0.0000 0.6044
vn -0.7967 0.0000 0.6044
vn -0.7967 0.0000 0.6044
vn -0.7032 0.0000 0.7110
vn -0.7032 0.0000 0.7110
vn -0.7032 0.0000 0.7110
vn -0.7032 0.0000 0.7110
vn -0.5957 0.0000 0.8032
vn -0.5957 0.0000 0.8032
vn -0.5957 0.0000 0.8032
vn -0.5957 0.0000 0.8032
vn -0.4762 0.0000 0.8793
vn -0.4762 0.0000 0.8793
vn -0.4762 0.0000 0.8793
vn -0.4762 0.0000 0.8793
vn -0.3471 0.0000 0.9378
vn -0.3471 0.0000 0.9378
vn -0.3471 0.0000 0.9378
vn -0.3471 0.0000 0.9378
vn -0.2111 0.0000 0.9775
vn -0.2111 0.0000 0.9775
vn -0.2111 0.0000 0.9775
vn -0.2111 0.0000 0.9775
vn -0.0708 0.0000 0.9975
vn -0.0708 0.0000 0.9975
vn -0.0708 0.0000 0.9975
vn -0.0708 0.0000 0.9975
vn 0.0708 0.0000 0.9975
vn 0.0708 0.0000 0.9975
vn 0.0708 0.0000 0.9975
vn 0.0708 0.0000 0.9975
vn 0.2111 0.0000 0.9775
vn 0.2111 0.0000 0.9775
vn 0.2111 0.0000 0.9775
vn 0.2111 0.0000 0.9775
vn 0.3471 0.0000 0.9378
vn 0.3471 0.0000 0.9378
vn 0.3471 0.0000 0.9378
vn 0.3471 0.0000 0.9378
vn 0.4762 0.0000 0.8793
vn 0.4762 0.0000 0.8793
vn 0.4762 0.0000 0.8793
vn 0.4762 0.0000 0.8793
vn 0.5957 0.0000 0.8032
vn 0.5957 0.0000 0.8032
vn 0.5957 0.0000 0.8032
vn 0.5957 0.0000 0.8032
vn 0.7032 0.0000 0.7110
vn 0.7032 0.0000 0.7110
vn 0.7032 0.0000 0.7110
vn 0.7032 0.0000 0.7110
vn 0.7967 0.0000 0.6044
vn 0.7967 0.0000 0.6044
vn 0.7967 0.0000 0.6044
vn 0.7967 0.0000 0.6044
vn 0.8741 0.0000 0.4858
vn 0.8741 0.0000 0.4858
vn 0.8741 0.0000 0.4858
vn 0.8741 0.0000 0.4858
vn 0.8741 0.0000 -0.4858
vn 0.8741 0.0000 -0.4858
vn 0.8741 0.0000 -0.4858
vn 0.8741 0.0000 -0.4858
vn 0.7967 0.0000 -0.6044
vn 0.7967 0.0000 -0.6044
vn 0.7967 0.0000 -0.6044
vn 0.7967 0.0000 -0.6044
vn 0.7032 0.0000 -0.7110
vn 0.7032 0.0000 -0.7110
vn 0.7032 0.0000 -0.7110
vn 0.7032 0.0000 -0.7110
vn 0.5957 0.0000 -0.8032
vn 0.5957 0.0000 -0.8032
vn 0.5957 0.0000 -0.8032
vn 0.5957 0.0000 -0.8032
vn 0.4762 0.0000 -0.8793
vn 0.4762 0.0000 -0.8793
vn 0.4762 0.0000 -0.8793
vn 0.4762 0.0000 -0.8793
vn 0.3471 0.0000 -0.9378
vn 0.3471 0.0000 -0.9378
vn 0.3471 0.0000 -0.9378
vn 0.3471 0.0000 -0.9378
vn 0.2111 0.0000 -0.9775
vn 0.2111 0.0000 -0.9775
vn 0.2111 0.0000 -0.9775
vn 0.2111 0.0000 -0.9775
vn 0.0708 0.0000 -0.9975
vn 0.0708 0.0000 -0.9975
vn 0.0708 0.0000 -0.9975
vn 0.0708 0.0000 -0.9975
vn -0.0708 0.0000 -0.9975
vn -0.0708 0.0000 -0.9975
vn -0.0708 0.0000 -0.9975
vn -0.0708 0.0000 -0.9975
vn -0.2111 0.0000 -0.9775
vn -0.2111 0.0000 -0.9775
vn -0.2111 0.0000 -0.9775
vn -0.2111 0.0000 -0.9775
vn -0.3471 0.0000 -0.9378
vn -0.3471 0.0000 -0.9378
vn -0.3471 0.0000 -0.9378
vn -0.3471 0.0000 -0.9378
vn -0.4762 0.0000 -0.8793
vn -0.4762 0.0000 -0.8793
vn -0.4762 0.0000 -0.8793
vn -0.4762 0.0000 -0.8793
vn -0.5957 0.0000 -0.8032
vn -0.5957 0.0000 -0.8032
vn -0.5957 0.0000 -0.8032
vn -0.5957 0.0000 -0.8032
vn -0.7032 0.0000 -0.7110
vn -0.7032 0.0000 -0.7110
vn -0.7032 0.0000 -0.7110
vn -0.7032 0.0000 -0.7110
vn -0.7967 0.0000 -0.6044
vn -0.7967 0.0000 -0.6044
vn -0.7967 0.0000 -0.6044
vn -0.7967 0.0000 -0.6044
vn -0.8741 0.0000 -0.4858
vn -0.8741 0.0000 -0.4858
vn -0.8741 0.0000 -0.4858
vn -0.8741 0.0000 -0.4858
vn 0.0000 0.0000 -1.0000
vn 0.0000 0.0000 -1.0000
vn 0.0000 0.0000 -1.0000
vn 0.0000 0.0000 -1.0000
vn 0.0000 0.0000 1.0000
vn 0.0000 0.0000 1.0000
vn 0.0000 0.0000 1.0000
vn 0.0000 0.0000 1.0000
vn -1.0000 0.0000 0.0000
vn -1.0000 0.0000 0.0000
vn -1.0000 0.0000 0.0000
vn -1.0000 0.0000 0.0000
vn 1.0000 0.0000 0.0000
vn 1.0000 0.0000 0.0000
vn 1.0000 0.0000 0.0000
vn 1.0000 0.0000 0.0000
vn 0.0000 1.0000 0.0000
vn 0.0000 1.0000 0.0000
vn 0.0000 1.0000 0.0000
vn 0.0000 1.0000 0.0000
vn 0.0000 -1.0000 0.0000
vn 0.0000 -1.0000 0.0000
vn 0.0000 -1.0000 0.0000
vn 0.0000 -1.0000 0.0000
vn 0.0000 0.0000 -1.0000
vn 0.0000 0.0000 -1.0000
vn 0.0000 0.0000 -1.0000
vn 0.0000 0.0000 -1.0000
vn 0.0000 0.0000 1.0000
vn 0.0000 0.0000 1.0000
vn 0.0000 0.0000 1.0000
vn 0.0000 0.0000 1.0000
vn -1.0000 0.0000 0.0000
vn -1.0000 0.0000 0.0000
vn -1.0000 0.0000 0.0000
vn -1.0000 0.0000 0.0000
vn 1.0000 0.0000 0.0000
vn 1.0000 0.0000 0.0000
vn 1.0000 0.0000 0.0000
vn 1.0000 0.0000 0.0000
vn 0.0000 1.0000 0.0000
vn 0.0000 1.0000 0.0000
vn 0.0000 1.0000 0.0000
vn 0.0000 1.0000 0.0000
vn 0.0000 -1.0000 0.0000
vn 0.0000 -1.0000 0.0000
vn 0.0000 -1.0000 0.0000
vn 0.0000 -1.0000 0.0000
vn 0.0000 0.0000 -1.0000
vn 0.0000 0.0000 -1.0000
vn 0.0000 0.0000 -1.0000
vn 0.0000 0.0000 -1.0000
vn 0.0000 0.0000 1.0000
vn 0.0000 0.0000 1.0000
vn 0.0000 0.0000 1.0000
vn 0.0000 0.0000 1.0000
vn -1.0000 0.0000 0.0000
vn -1.0000 0.0000 0.0000
vn -1.0000 0.0000 0.0000
vn -1.0000 0.0000 0.0000
vn 1.0000 0.0000 0.0000
vn 1.0000 0.0000 0.0000
vn 1.0000 0.0000 0.0000
vn 1.0000 0.0000 0.0000
vn 0.0000 1.0000 0.0000
vn 0.0000 1.0000 0.0000
vn 0.0000 1.0000 0.0000
vn 0.0000 1.0000 0.0000
vn 0.0000 -1.0000 0.0000
vn 0.0000 -1.0000 0.0000
vn 0.0000 -1.0000 0.0000
vn 0.0000 -1.0000 0.0000
vn 0.0000 0.0000 -1.0000
vn 0.0000 0.0000 -1.0000
vn 0.0000 0.0000 -1.0000
vn 0.0000 0.0000 -1.0000
vn 0.0000 0.0000 1.0000
vn 0.0000 0.0000 1.0000
vn 0.0000 0.0000 1.0000
vn 0.0000 0.0000 1.0000
vn -1.0000 0.0000 0.0000
vn -1.0000 0.0000 0.0000
vn -1.0000 0.0000 0.0000
vn -1.0000 0.0000 0.0000
vn 1.0000 0.0000 0.0000
vn 1.0000 0.0000 0.0000
vn 1.0000 0.0000 0.0000
vn 1.0000 0.0000 0.0000
vn 0.0000 1.0000 0.0000
vn 0.0000 1.0000 0.0000
vn 0.0000 1.0000 0.0000
vn 0.0000 1.0000 0.0000
vn 0.0000 -1.0000 0.0000
vn 0.0000 -1.0000 0.0000
vn 0.0000 -1.0000 0.0000
vn 0.0000 -1.0000 0.0000
vn 0.0000 1.0000 0.0000
vn 0.0000 -1.0000 0.0000
vn 0.0000 1.0000 0.0000
vn 0.0000 -1.0000 0.0000
vn 0.0000 1.0000 0.0000
vn 0.0000 -1.0000 0.0000
vn 0.0000 1.0000 0.0000
vn 0.0000 -1.0000 0.0000
vn 0.0000 1.0000 0.0000
vn 0.0000 -1.0000 0.0000
vn 0.0000 1.0000 0.0000
vn 0.0000 -1.0000 0.0000
vn 0.0000 1.0000 0.0000
vn 0.0000 -1.0000 0.0000
vn 0.0000 1.0000 0.0000
vn 0.0000 -1.0000 0.0000
vn 0.0000 1.0000 0.0000
vn 0.0000 -1.0000 0.0000
vn 0.0000 1.0000 0.0000
vn 0.0000 -1.0000 0.0000
vn 0.0000 1.0000 0.0000
vn 0.0000 -1.0000 0.0000
vn 0.0000 1.0000 0.0000
vn 0.0000 -1.0000 0.0000
vn 0.0000 1.0000 0.0000
vn 0.0000 -1.0000 0.0000
g Cockpit_Dark
usemtl Cockpit_Dark
f 1/1/1 2/2/2 4/4/4
f 2/2/2 4/4/4 5/5/5
f 2/2/2 5/5/5 3/3/3
f 1/1/1 4/4/4 6/6/6
f 4/4/4 6/6/6 7/7/7
f 4/4/4 7/7/7 5/5/5
f 1/1/1 6/6/6 8/8/8
f 6/6/6 8/8/8 9/9/9
f 6/6/6 9/9/9 7/7/7
f 1/1/1 8/8/8 10/10/10
f 8/8/8 10/10/10 11/11/11
f 8/8/8 11/11/11 9/9/9
f 1/1/1 10/10/10 12/12/12
f 10/10/10 12/12/12 13/13/13
f 10/10/10 13/13/13 11/11/11
f 1/1/1 12/12/12 14/14/14
f 12/12/12 14/14/14 15/15/15
f 12/12/12 15/15/15 13/13/13
f 1/1/1 14/14/14 16/16/16
f 14/14/14 16/16/16 17/17/17
f 14/14/14 17/17/17 15/15/15
f 1/1/1 16/16/16 18/18/18
f 16/16/16 18/18/18 19/19/19
f 16/16/16 19/19/19 17/17/17
f 1/1/1 18/18/18 20/20/20
f 18/18/18 20/20/20 21/21/21
f 18/18/18 21/21/21 19/19/19
f 1/1/1 20/20/20 22/22/22
f 20/20/20 22/22/22 23/23/23
f 20/20/20 23/23/23 21/21/21
f 1/1/1 22/22/22 24/24/24
f 22/22/22 24/24/24 25/25/25
f 22/22/22 25/25/25 23/23/23
f 1/1/1 24/24/24 26/26/26
f 24/24/24 26/26/26 27/27/27
f 24/24/24 27/27/27 25/25/25
f 1/1/1 26/26/26 28/28/28
f 26/26/26 28/28/28 29/29/29
f 26/26/26 29/29/29 27/27/27
f 1/1/1 28/28/28 30/30/30
f 28/28/28 30/30/30 31/31/31
f 28/28/28 31/31/31 29/29/29
f 1/1/1 30/30/30 32/32/32
f 30/30/30 32/32/32 33/33/33
f 30/30/30 33/33/33 31/31/31
f 1/1/1 32/32/32 34/34/34
f 32/32/32 34/34/34 35/35/35
f 32/32/32 35/35/35 33/33/33
f 1/1/1 34/34/34 36/36/36
f 34/34/34 36/36/36 37/37/37
f 34/34/34 37/37/37 35/35/35
f 1/1/1 36/36/36 38/38/38
f 36/36/36 38/38/38 39/39/39
f 36/36/36 39/39/39 37/37/37
f 1/1/1 38/38/38 40/40/40
f 38/38/38 40/40/40 41/41/41
f 38/38/38 41/41/41 39/39/39
f 1/1/1 40/40/40 42/42/42
f 40/40/40 42/42/42 43/43/43
f 40/40/40 43/43/43 41/41/41
f 1/1/1 42/42/42 44/44/44
f 42/42/42 44/44/44 45/45/45
f 42/42/42 45/45/45 43/43/43
f 1/1/1 44/44/44 46/46/46
f 44/44/44 46/46/46 47/47/47
f 44/44/44 47/47/47 45/45/45
f 1/1/1 46/46/46 48/48/48
f 46/46/46 48/48/48 49/49/49
f 46/46/46 49/49/49 47/47/47
f 1/1/1 48/48/48 2/2/2
f 48/48/48 2/2/2 3/3/3
f 48/48/48 3/3/3 49/49/49
f 50/50/50 51/51/51 52/52/52
f 50/50/50 52/52/52 53/53/53
f 54/54/54 55/55/55 56/56/56
f 54/54/54 56/56/56 57/57/57
f 58/58/58 59/59/59 60/60/60
f 58/58/58 60/60/60 61/61/61
f 62/62/62 63/63/63 64/64/64
f 62/62/62 64/64/64 65/65/65
f 66/66/66 67/67/67 68/68/68
f 66/66/66 68/68/68 69/69/69
f 70/70/70 71/71/71 72/72/72
f 70/70/70 72/72/72 73/73/73
f 74/74/74 75/75/75 76/76/76
f 74/74/74 76/76/76 77/77/77
f 78/78/78 79/79/79 80/80/80
f 78/78/78 80/80/80 81/81/81
f 82/82/82 83/83/83 84/84/84
f 82/82/82 84/84/84 85/85/85
f 86/86/86 87/87/87 88/88/88
f 86/86/86 88/88/88 89/89/89
f 90/90/90 91/91/91 92/92/92
f 90/90/90 92/92/92 93/93/93
f 94/94/94 95/95/95 96/96/96
f 94/94/94 96/96/96 97/97/97
f 98/98/98 99/99/99 100/100/100
f 98/98/98 100/100/100 101/101/101
f 102/102/102 103/103/103 104/104/104
f 102/102/102 104/104/104 105/105/105
f 106/106/106 107/107/107 108/108/108
f 106/106/106 108/108/108 109/109/109
f 110/110/110 111/111/111 112/112/112
f 110/110/110 112/112/112 113/113/113
f 114/114/114 115/115/115 116/116/116
f 114/114/114 116/116/116 117/117/117
f 118/118/118 119/119/119 120/120/120
f 118/118/118 120/120/120 121/121/121
f 122/122/122 123/123/123 124/124/124
f 122/122/122 124/124/124 125/125/125
f 126/126/126 127/127/127 128/128/128
f 126/126/126 128/128/128 129/129/129
f 130/130/130 131/131/131 132/132/132
f 130/130/130 132/132/132 133/133/133
f 134/134/134 135/135/135 136/136/136
f 134/134/134 136/136/136 137/137/137
f 138/138/138 139/139/139 140/140/140
f 138/138/138 140/140/140 141/141/141
f 142/142/142 143/143/143 144/144/144
f 142/142/142 144/144/144 145/145/145
f 146/146/146 147/147/147 148/148/148
f 146/146/146 148/148/148 149/149/149
f 150/150/150 151/151/151 152/152/152
f 150/150/150 152/152/152 153/153/153
f 154/154/154 155/155/155 156/156/156
f 154/154/154 156/156/156 157/157/157
f 158/158/158 159/159/159 160/160/160
f 158/158/158 160/160/160 161/161/161
f 162/162/162 163/163/163 164/164/164
f 162/162/162 164/164/164 165/165/165
f 166/166/166 167/167/167 168/168/168
f 166/166/166 168/168/168 169/169/169
f 170/170/170 171/171/171 172/172/172
f 170/170/170 172/172/172 173/173/173
f 174/174/174 175/175/175 176/176/176
f 174/174/174 176/176/176 177/177/177
f 178/178/178 179/179/179 180/180/180
f 178/178/178 180/180/180 181/181/181
f 182/182/182 183/183/183 184/184/184
f 182/182/182 184/184/184 185/185/185
f 186/186/186 187/187/187 188/188/188
f 186/186/186 188/188/188 189/189/189
f 190/190/190 191/191/191 192/192/192
f 190/190/190 192/192/192 193/193/193
f 194/194/194 195/195/195 196/196/196
f 194/194/194 196/196/196 197/197/197
f 198/198/198 199/199/199 200/200/200
f 198/198/198 200/200/200 201/201/201
f 202/202/202 203/203/203 204/204/204
f 202/202/202 204/204/204 205/205/205
f 206/206/206 207/207/207 208/208/208
f 206/206/206 208/208/208 209/209/209
f 210/210/210 211/211/211 212/212/212
f 210/210/210 212/212/212 213/213/213
f 214/214/214 215/215/215 216/216/216
f 214/214/214 216/216/216 217/217/217
f 218/218/218 219/219/219 220/220/220
f 218/218/218 220/220/220 221/221/221
f 222/222/222 223/223/223 224/224/224
f 222/222/222 224/224/224 225/225/225
f 226/226/226 227/227/227 228/228/228
f 226/226/226 228/228/228 229/229/229
f 230/230/230 231/231/231 232/232/232
f 230/230/230 232/232/232 233/233/233
f 234/234/234 235/235/235 236/236/236
f 234/234/234 236/236/236 237/237/237
f 238/238/238 239/239/239 240/240/240
f 238/238/238 240/240/240 241/241/241
f 242/242/242 243/243/243 244/244/244
f 242/242/242 244/244/244 245/245/245
f 246/246/246 247/247/247 248/248/248
f 246/246/246 248/248/248 249/249/249
f 250/250/250 251/251/251 252/252/252
f 250/250/250 252/252/252 253/253/253
f 254/254/254 255/255/255 256/256/256
f 254/254/254 256/256/256 257/257/257
f 258/258/258 259/259/259 260/260/260
f 258/258/258 260/260/260 261/261/261
f 262/262/262 263/263/263 264/264/264
f 262/262/262 264/264/264 265/265/265
f 266/266/266 267/267/267 268/268/268
f 266/266/266 268/268/268 269/269/269
f 270/270/270 271/271/271 272/272/272
f 270/270/270 272/272/272 273/273/273
f 274/274/274 275/275/275 276/276/276
f 274/274/274 276/276/276 277/277/277
f 278/278/278 279/279/279 280/280/280
f 278/278/278 280/280/280 281/281/281
f 282/282/282 283/283/283 284/284/284
f 282/282/282 284/284/284 285/285/285
f 286/286/286 287/287/287 288/288/288
f 286/286/286 288/288/288 289/289/289
f 290/290/290 291/291/291 292/292/292
f 290/290/290 292/292/292 293/293/293
f 294/294/294 295/295/295 296/296/296
f 294/294/294 296/296/296 297/297/297
f 298/298/298 299/299/299 300/300/300
f 298/298/298 300/300/300 301/301/301
f 302/302/302 303/303/303 304/304/304
f 302/302/302 304/304/304 305/305/305
f 402/402/402 404/404/404 408/408/408
f 402/402/402 408/408/408 406/406/406
f 404/404/404 405/405/405 409/409/409
f 404/404/404 409/409/409 408/408/408
f 405/405/405 403/403/403 407/407/407
f 405/405/405 407/407/407 409/409/409
f 403/403/403 402/402/402 406/406/406
f 403/403/403 406/406/406 407/407/407
f 406/406/406 408/408/408 412/412/412
f 406/406/406 412/412/412 410/410/410
f 408/408/408 409/409/409 413/413/413
f 408/408/408 413/413/413 412/412/412
f 409/409/409 407/407/407 411/411/411
f 409/409/409 411/411/411 413/413/413
f 407/407/407 406/406/406 410/410/410
f 407/407/407 410/410/410 411/411/411
f 410/410/410 412/412/412 416/416/416
f 410/410/410 416/416/416 414/414/414
f 412/412/412 413/413/413 417/417/417
f 412/412/412 417/417/417 416/416/416
f 413/413/413 411/411/411 415/415/415
f 413/413/413 415/415/415 417/417/417
f 411/411/411 410/410/410 414/414/414
f 411/411/411 414/414/414 415/415/415
f 414/414/414 416/416/416 420/420/420
f 414/414/414 420/420/420 418/418/418
f 416/416/416 417/417/417 421/421/421
f 416/416/416 421/421/421 420/420/420
f 417/417/417 415/415/415 419/419/419
f 417/417/417 419/419/419 421/421/421
f 415/415/415 414/414/414 418/418/418
f 415/415/415 418/418/418 419/419/419
f 418/418/418 420/420/420 424/424/424
f 418/418/418 424/424/424 422/422/422
f 420/420/420 421/421/421 425/425/425
f 420/420/420 425/425/425 424/424/424
f 421/421/421 419/419/419 423/423/423
f 421/421/421 423/423/423 425/425/425
f 419/419/419 418/418/418 422/422/422
f 419/419/419 422/422/422 423/423/423
f 422/422/422 424/424/424 428/428/428
f 422/422/422 428/428/428 426/426/426
f 424/424/424 425/425/425 429/429/429
f 424/424/424 429/429/429 428/428/428
f 425/425/425 423/423/423 427/427/427
f 425/425/425 427/427/427 429/429/429
f 423/423/423 422/422/422 426/426/426
f 423/423/423 426/426/426 427/427/427
f 426/426/426 428/428/428 432/432/432
f 426/426/426 432/432/432 430/430/430
f 428/428/428 429/429/429 433/433/433
f 428/428/428 433/433/433 432/432/432
f 429/429/429 427/427/427 431/431/431
f 429/429/429 431/431/431 433/433/433
f 427/427/427 426/426/426 430/430/430
f 427/427/427 430/430/430 431/431/431
f 430/430/430 432/432/432 436/436/436
f 430/430/430 436/436/436 434/434/434
f 432/432/432 433/433/433 437/437/437
f 432/432/432 437/437/437 436/436/436
f 433/433/433 431/431/431 435/435/435
f 433/433/433 435/435/435 437/437/437
f 431/431/431 430/430/430 434/434/434
f 431/431/431 434/434/434 435/435/435
f 434/434/434 436/436/436 440/440/440
f 434/434/434 440/440/440 438/438/438
f 436/436/436 437/437/437 441/441/441
f 436/436/436 441/441/441 440/440/440
f 437/437/437 435/435/435 439/439/439
f 437/437/437 439/439/439 441/441/441
f 435/435/435 434/434/434 438/438/438
f 435/435/435 438/438/438 439/439/439
f 438/438/438 440/440/440 444/444/444
f 438/438/438 444/444/444 442/442/442
f 440/440/440 441/441/441 445/445/445
f 440/440/440 445/445/445 444/444/444
f 441/441/441 439/439/439 443/443/443
f 441/441/441 443/443/443 445/445/445
f 439/439/439 438/438/438 442/442/442
f 439/439/439 442/442/442 443/443/443
f 442/442/442 444/444/444 448/448/448
f 442/442/442 448/448/448 446/446/446
f 444/444/444 445/445/445 449/449/449
f 444/444/444 449/449/449 448/448/448
f 445/445/445 443/443/443 447/447/447
f 445/445/445 447/447/447 449/449/449
f 443/443/443 442/442/442 446/446/446
f 443/443/443 446/446/446 447/447/447
f 446/446/446 448/448/448 452/452/452
f 446/446/446 452/452/452 450/450/450
f 448/448/448 449/449/449 453/453/453
f 448/448/448 453/453/453 452/452/452
f 449/449/449 447/447/447 451/451/451
f 449/449/449 451/451/451 453/453/453
f 447/447/447 446/446/446 450/450/450
f 447/447/447 450/450/450 451/451/451
f 450/450/450 452/452/452 456/456/456
f 450/450/450 456/456/456 454/454/454
f 452/452/452 453/453/453 457/457/457
f 452/452/452 457/457/457 456/456/456
f 453/453/453 451/451/451 455/455/455
f 453/453/453 455/455/455 457/457/457
f 451/451/451 450/450/450 454/454/454
f 451/451/451 454/454/454 455/455/455
f 454/454/454 456/456/456 460/460/460
f 454/454/454 460/460/460 458/458/458
f 456/456/456 457/457/457 461/461/461
f 456/456/456 461/461/461 460/460/460
f 457/457/457 455/455/455 459/459/459
f 457/457/457 459/459/459 461/461/461
f 455/455/455 454/454/454 458/458/458
f 455/455/455 458/458/458 459/459/459
f 458/458/458 460/460/460 464/464/464
f 458/458/458 464/464/464 462/462/462
f 460/460/460 461/461/461 465/465/465
f 460/460/460 465/465/465 464/464/464
f 461/461/461 459/459/459 463/463/463
f 461/461/461 463/463/463 465/465/465
f 459/459/459 458/458/458 462/462/462
f 459/459/459 462/462/462 463/463/463
f 462/462/462 464/464/464 468/468/468
f 462/462/462 468/468/468 466/466/466
f 464/464/464 465/465/465 469/469/469
f 464/464/464 469/469/469 468/468/468
f 465/465/465 463/463/463 467/467/467
f 465/465/465 467/467/467 469/469/469
f 463/463/463 462/462/462 466/466/466
f 463/463/463 466/466/466 467/467/467
f 402/402/402 404/404/404 405/405/405
f 402/402/402 405/405/405 403/403/403
f 467/467/467 469/469/469 468/468/468
f 467/467/467 468/468/468 466/466/466
f 470/470/470 471/471/471 472/472/472
f 470/470/470 472/472/472 473/473/473
f 474/474/474 475/475/475 476/476/476
f 474/474/474 476/476/476 477/477/477
f 478/478/478 479/479/479 480/480/480
f 478/478/478 480/480/480 481/481/481
f 482/482/482 483/483/483 484/484/484
f 482/482/482 484/484/484 485/485/485
f 486/486/486 487/487/487 488/488/488
f 486/486/486 488/488/488 489/489/489
f 490/490/490 491/491/491 492/492/492
f 490/490/490 492/492/492 493/493/493
f 614/614/614 615/615/615 616/616/616
f 614/614/614 616/616/616 617/617/617
f 618/618/618 619/619/619 620/620/620
f 618/618/618 620/620/620 621/621/621
f 622/622/622 623/623/623 624/624/624
f 622/622/622 624/624/624 625/625/625
f 626/626/626 627/627/627 628/628/628
f 626/626/626 628/628/628 629/629/629
f 630/630/630 631/631/631 632/632/632
f 630/630/630 632/632/632 633/633/633
f 634/634/634 635/635/635 636/636/636
f 634/634/634 636/636/636 637/637/637
f 758/758/758 759/759/759 760/760/760
f 758/758/758 760/760/760 761/761/761
f 762/762/762 763/763/763 764/764/764
f 762/762/762 764/764/764 765/765/765
f 766/766/766 767/767/767 768/768/768
f 766/766/766 768/768/768 769/769/769
f 770/770/770 771/771/771 772/772/772
f 770/770/770 772/772/772 773/773/773
f 774/774/774 775/775/775 776/776/776
f 774/774/774 776/776/776 777/777/777
f 778/778/778 779/779/779 780/780/780
f 778/778/778 780/780/780 781/781/781
f 936/936/936 938/938/938 940/940/940
f 937/937/937 941/941/941 939/939/939
f 938/938/938 939/939/939 941/941/941
f 938/938/938 941/941/941 940/940/940
f 936/936/936 940/940/940 942/942/942
f 937/937/937 943/943/943 941/941/941
f 940/940/940 941/941/941 943/943/943
f 940/940/940 943/943/943 942/942/942
f 936/936/936 942/942/942 944/944/944
f 937/937/937 945/945/945 943/943/943
f 942/942/942 943/943/943 945/945/945
f 942/942/942 945/945/945 944/944/944
f 936/936/936 944/944/944 946/946/946
f 937/937/937 947/947/947 945/945/945
f 944/944/944 945/945/945 947/947/947
f 944/944/944 947/947/947 946/946/946
f 936/936/936 946/946/946 948/948/948
f 937/937/937 949/949/949 947/947/947
f 946/946/946 947/947/947 949/949/949
f 946/946/946 949/949/949 948/948/948
f 936/936/936 948/948/948 950/950/950
f 937/937/937 951/951/951 949/949/949
f 948/948/948 949/949/949 951/951/951
f 948/948/948 951/951/951 950/950/950
f 936/936/936 950/950/950 952/952/952
f 937/937/937 953/953/953 951/951/951
f 950/950/950 951/951/951 953/953/953
f 950/950/950 953/953/953 952/952/952
f 936/936/936 952/952/952 954/954/954
f 937/937/937 955/955/955 953/953/953
f 952/952/952 953/953/953 955/955/955
f 952/952/952 955/955/955 954/954/954
f 936/936/936 954/954/954 956/956/956
f 937/937/937 957/957/957 955/955/955
f 954/954/954 955/955/955 957/957/957
f 954/954/954 957/957/957 956/956/956
f 936/936/936 956/956/956 958/958/958
f 937/937/937 959/959/959 957/957/957
f 956/956/956 957/957/957 959/959/959
f 956/956/956 959/959/959 958/958/958
f 936/936/936 958/958/958 960/960/960
f 937/937/937 961/961/961 959/959/959
f 958/958/958 959/959/959 961/961/961
f 958/958/958 961/961/961 960/960/960
f 936/936/936 960/960/960 962/962/962
f 937/937/937 963/963/963 961/961/961
f 960/960/960 961/961/961 963/963/963
f 960/960/960 963/963/963 962/962/962
f 936/936/936 962/962/962 964/964/964
f 937/937/937 965/965/965 963/963/963
f 962/962/962 963/963/963 965/965/965
f 962/962/962 965/965/965 964/964/964
f 936/936/936 964/964/964 966/966/966
f 937/937/937 967/967/967 965/965/965
f 964/964/964 965/965/965 967/967/967
f 964/964/964 967/967/967 966/966/966
f 936/936/936 966/966/966 968/968/968
f 937/937/937 969/969/969 967/967/967
f 966/966/966 967/967/967 969/969/969
f 966/966/966 969/969/969 968/968/968
f 936/936/936 968/968/968 938/938/938
f 937/937/937 939/939/939 969/969/969
f 968/968/968 969/969/969 939/939/939
f 968/968/968 939/939/939 938/938/938
f 970/970/970 972/972/972 974/974/974
f 971/971/971 975/975/975 973/973/973
f 972/972/972 973/973/973 975/975/975
f 972/972/972 975/975/975 974/974/974
f 970/970/970 974/974/974 976/976/976
f 971/971/971 977/977/977 975/975/975
f 974/974/974 975/975/975 977/977/977
f 974/974/974 977/977/977 976/976/976
f 970/970/970 976/976/976 978/978/978
f 971/971/971 979/979/979 977/977/977
f 976/976/976 977/977/977 979/979/979
f 976/976/976 979/979/979 978/978/978
f 970/970/970 978/978/978 980/980/980
f 971/971/971 981/981/981 979/979/979
f 978/978/978 979/979/979 981/981/981
f 978/978/978 981/981/981 980/980/980
f 970/970/970 980/980/980 982/982/982
f 971/971/971 983/983/983 981/981/981
f 980/980/980 981/981/981 983/983/983
f 980/980/980 983/983/983 982/982/982
f 970/970/970 982/982/982 984/984/984
f 971/971/971 985/985/985 983/983/983
f 982/982/982 983/983/983 985/985/985
f 982/982/982 985/985/985 984/984/984
f 970/970/970 984/984/984 986/986/986
f 971/971/971 987/987/987 985/985/985
f 984/984/984 985/985/985 987/987/987
f 984/984/984 987/987/987 986/986/986
f 970/970/970 986/986/986 988/988/988
f 971/971/971 989/989/989 987/987/987
f 986/986/986 987/987/987 989/989/989
f 986/986/986 989/989/989 988/988/988
f 970/970/970 988/988/988 990/990/990
f 971/971/971 991/991/991 989/989/989
f 988/988/988 989/989/989 991/991/991
f 988/988/988 991/991/991 990/990/990
f 970/970/970 990/990/990 992/992/992
f 971/971/971 993/993/993 991/991/991
f 990/990/990 991/991/991 993/993/993
f 990/990/990 993/993/993 992/992/992
f 970/970/970 992/992/992 994/994/994
f 971/971/971 995/995/995 993/993/993
f 992/992/992 993/993/993 995/995/995
f 992/992/992 995/995/995 994/994/994
f 970/970/970 994/994/994 996/996/996
f 971/971/971 997/997/997 995/995/995
f 994/994/994 995/995/995 997/997/997
f 994/994/994 997/997/997 996/996/996
f 970/970/970 996/996/996 998/998/998
f 971/971/971 999/999/999 997/997/997
f 996/996/996 997/997/997 999/999/999
f 996/996/996 999/999/999 998/998/998
f 970/970/970 998/998/998 1000/1000/1000
f 971/971/971 1001/1001/1001 999/999/999
f 998/998/998 999/999/999 1001/1001/1001
f 998/998/998 1001/1001/1001 1000/1000/1000
f 970/970/970 1000/1000/1000 1002/1002/1002
f 971/971/971 1003/1003/1003 1001/1001/1001
f 1000/1000/1000 1001/1001/1001 1003/1003/1003
f 1000/1000/1000 1003/1003/1003 1002/1002/1002
f 970/970/970 1002/1002/1002 972/972/972
f 971/971/971 973/973/973 1003/1003/1003
f 1002/1002/1002 1003/1003/1003 973/973/973
f 1002/1002/1002 973/973/973 972/972/972
f 1068/1068/1068 1069/1069/1069 1070/1070/1070
f 1068/1068/1068 1070/1070/1070 1071/1071/1071
f 1072/1072/1072 1073/1073/1073 1074/1074/1074
f 1072/1072/1072 1074/1074/1074 1075/1075/1075
f 1076/1076/1076 1077/1077/1077 1078/1078/1078
f 1076/1076/1076 1078/1078/1078 1079/1079/1079
f 1080/1080/1080 1081/1081/1081 1082/1082/1082
f 1080/1080/1080 1082/1082/1082 1083/1083/1083
f 1084/1084/1084 1085/1085/1085 1086/1086/1086
f 1084/1084/1084 1086/1086/1086 1087/1087/1087
f 1088/1088/1088 1089/1089/1089 1090/1090/1090
f 1088/1088/1088 1090/1090/1090 1091/1091/1091
f 1092/1092/1092 1093/1093/1093 1094/1094/1094
f 1092/1092/1092 1094/1094/1094 1095/1095/1095
f 1096/1096/1096 1097/1097/1097 1098/1098/1098
f 1096/1096/1096 1098/1098/1098 1099/1099/1099
f 1100/1100/1100 1101/1101/1101 1102/1102/1102
f 1100/1100/1100 1102/1102/1102 1103/1103/1103
f 1104/1104/1104 1105/1105/1105 1106/1106/1106
f 1104/1104/1104 1106/1106/1106 1107/1107/1107
f 1108/1108/1108 1109/1109/1109 1110/1110/1110
f 1108/1108/1108 1110/1110/1110 1111/1111/1111
f 1112/1112/1112 1113/1113/1113 1114/1114/1114
f 1112/1112/1112 1114/1114/1114 1115/1115/1115
f 1116/1116/1116 1117/1117/1117 1118/1118/1118
f 1116/1116/1116 1118/1118/1118 1119/1119/1119
f 1120/1120/1120 1121/1121/1121 1122/1122/1122
f 1120/1120/1120 1122/1122/1122 1123/1123/1123
f 1124/1124/1124 1125/1125/1125 1126/1126/1126
f 1124/1124/1124 1126/1126/1126 1127/1127/1127
f 1128/1128/1128 1129/1129/1129 1130/1130/1130
f 1128/1128/1128 1130/1130/1130 1131/1131/1131
f 1132/1132/1132 1133/1133/1133 1134/1134/1134
f 1132/1132/1132 1134/1134/1134 1135/1135/1135
f 1136/1136/1136 1137/1137/1137 1138/1138/1138
f 1136/1136/1136 1138/1138/1138 1139/1139/1139
f 1188/1188/1188 1189/1189/1189 1190/1190/1190
f 1188/1188/1188 1190/1190/1190 1191/1191/1191
f 1192/1192/1192 1193/1193/1193 1194/1194/1194
f 1192/1192/1192 1194/1194/1194 1195/1195/1195
f 1196/1196/1196 1197/1197/1197 1198/1198/1198
f 1196/1196/1196 1198/1198/1198 1199/1199/1199
f 1200/1200/1200 1201/1201/1201 1202/1202/1202
f 1200/1200/1200 1202/1202/1202 1203/1203/1203
f 1204/1204/1204 1205/1205/1205 1206/1206/1206
f 1204/1204/1204 1206/1206/1206 1207/1207/1207
f 1208/1208/1208 1209/1209/1209 1210/1210/1210
f 1208/1208/1208 1210/1210/1210 1211/1211/1211
f 1212/1212/1212 1213/1213/1213 1214/1214/1214
f 1212/1212/1212 1214/1214/1214 1215/1215/1215
f 1216/1216/1216 1217/1217/1217 1218/1218/1218
f 1216/1216/1216 1218/1218/1218 1219/1219/1219
f 1220/1220/1220 1221/1221/1221 1222/1222/1222
f 1220/1220/1220 1222/1222/1222 1223/1223/1223
f 1224/1224/1224 1225/1225/1225 1226/1226/1226
f 1224/1224/1224 1226/1226/1226 1227/1227/1227
f 1228/1228/1228 1229/1229/1229 1230/1230/1230
f 1228/1228/1228 1230/1230/1230 1231/1231/1231
f 1232/1232/1232 1233/1233/1233 1234/1234/1234
f 1232/1232/1232 1234/1234/1234 1235/1235/1235
f 1236/1236/1236 1237/1237/1237 1238/1238/1238
f 1236/1236/1236 1238/1238/1238 1239/1239/1239
f 1240/1240/1240 1241/1241/1241 1242/1242/1242
f 1240/1240/1240 1242/1242/1242 1243/1243/1243
f 1244/1244/1244 1245/1245/1245 1246/1246/1246
f 1244/1244/1244 1246/1246/1246 1247/1247/1247
f 1248/1248/1248 1249/1249/1249 1250/1250/1250
f 1248/1248/1248 1250/1250/1250 1251/1251/1251
f 1252/1252/1252 1253/1253/1253 1254/1254/1254
f 1252/1252/1252 1254/1254/1254 1255/1255/1255
f 1256/1256/1256 1257/1257/1257 1258/1258/1258
f 1256/1256/1256 1258/1258/1258 1259/1259/1259
f 1308/1308/1308 1309/1309/1309 1310/1310/1310
f 1308/1308/1308 1310/1310/1310 1311/1311/1311
f 1312/1312/1312 1313/1313/1313 1314/1314/1314
f 1312/1312/1312 1314/1314/1314 1315/1315/1315
f 1316/1316/1316 1317/1317/1317 1318/1318/1318
f 1316/1316/1316 1318/1318/1318 1319/1319/1319
f 1320/1320/1320 1321/1321/1321 1322/1322/1322
f 1320/1320/1320 1322/1322/1322 1323/1323/1323
f 1324/1324/1324 1325/1325/1325 1326/1326/1326
f 1324/1324/1324 1326/1326/1326 1327/1327/1327
f 1328/1328/1328 1329/1329/1329 1330/1330/1330
f 1328/1328/1328 1330/1330/1330 1331/1331/1331
f 1332/1332/1332 1333/1333/1333 1334/1334/1334
f 1332/1332/1332 1334/1334/1334 1335/1335/1335
f 1336/1336/1336 1337/1337/1337 1338/1338/1338
f 1336/1336/1336 1338/1338/1338 1339/1339/1339
f 1340/1340/1340 1341/1341/1341 1342/1342/1342
f 1340/1340/1340 1342/1342/1342 1343/1343/1343
f 1344/1344/1344 1345/1345/1345 1346/1346/1346
f 1344/1344/1344 1346/1346/1346 1347/1347/1347
f 1348/1348/1348 1349/1349/1349 1350/1350/1350
f 1348/1348/1348 1350/1350/1350 1351/1351/1351
f 1352/1352/1352 1353/1353/1353 1354/1354/1354
f 1352/1352/1352 1354/1354/1354 1355/1355/1355
f 1438/1438/1438 1439/1439/1439 1440/1440/1440
f 1438/1438/1438 1440/1440/1440 1441/1441/1441
f 1442/1442/1442 1443/1443/1443 1444/1444/1444
f 1442/1442/1442 1444/1444/1444 1445/1445/1445
f 1446/1446/1446 1447/1447/1447 1448/1448/1448
f 1446/1446/1446 1448/1448/1448 1449/1449/1449
f 1450/1450/1450 1451/1451/1451 1452/1452/1452
f 1450/1450/1450 1452/1452/1452 1453/1453/1453
f 1454/1454/1454 1455/1455/1455 1456/1456/1456
f 1454/1454/1454 1456/1456/1456 1457/1457/1457
f 1458/1458/1458 1459/1459/1459 1460/1460/1460
f 1458/1458/1458 1460/1460/1460 1461/1461/1461
f 1462/1462/1462 1463/1463/1463 1464/1464/1464
f 1462/1462/1462 1464/1464/1464 1465/1465/1465
f 1466/1466/1466 1467/1467/1467 1468/1468/1468
f 1466/1466/1466 1468/1468/1468 1469/1469/1469
f 1470/1470/1470 1471/1471/1471 1472/1472/1472
f 1470/1470/1470 1472/1472/1472 1473/1473/1473
f 1474/1474/1474 1475/1475/1475 1476/1476/1476
f 1474/1474/1474 1476/1476/1476 1477/1477/1477
f 1478/1478/1478 1479/1479/1479 1480/1480/1480
f 1478/1478/1478 1480/1480/1480 1481/1481/1481
f 1482/1482/1482 1483/1483/1483 1484/1484/1484
f 1482/1482/1482 1484/1484/1484 1485/1485/1485
f 1582/1582/1582 1584/1584/1584 1586/1586/1586
f 1583/1583/1583 1587/1587/1587 1585/1585/1585
f 1584/1584/1584 1585/1585/1585 1587/1587/1587
f 1584/1584/1584 1587/1587/1587 1586/1586/1586
f 1582/1582/1582 1586/1586/1586 1588/1588/1588
f 1583/1583/1583 1589/1589/1589 1587/1587/1587
f 1586/1586/1586 1587/1587/1587 1589/1589/1589
f 1586/1586/1586 1589/1589/1589 1588/1588/1588
f 1582/1582/1582 1588/1588/1588 1590/1590/1590
f 1583/1583/1583 1591/1591/1591 1589/1589/1589
f 1588/1588/1588 1589/1589/1589 1591/1591/1591
f 1588/1588/1588 1591/1591/1591 1590/1590/1590
f 1582/1582/1582 1590/1590/1590 1592/1592/1592
f 1583/1583/1583 1593/1593/1593 1591/1591/1591
f 1590/1590/1590 1591/1591/1591 1593/1593/1593
f 1590/1590/1590 1593/1593/1593 1592/1592/1592
f 1582/1582/1582 1592/1592/1592 1594/1594/1594
f 1583/1583/1583 1595/1595/1595 1593/1593/1593
f 1592/1592/1592 1593/1593/1593 1595/1595/1595
f 1592/1592/1592 1595/1595/1595 1594/1594/1594
f 1582/1582/1582 1594/1594/1594 1596/1596/1596
f 1583/1583/1583 1597/1597/1597 1595/1595/1595
f 1594/1594/1594 1595/1595/1595 1597/1597/1597
f 1594/1594/1594 1597/1597/1597 1596/1596/1596
f 1582/1582/1582 1596/1596/1596 1598/1598/1598
f 1583/1583/1583 1599/1599/1599 1597/1597/1597
f 1596/1596/1596 1597/1597/1597 1599/1599/1599
f 1596/1596/1596 1599/1599/1599 1598/1598/1598
f 1582/1582/1582 1598/1598/1598 1600/1600/1600
f 1583/1583/1583 1601/1601/1601 1599/1599/1599
f 1598/1598/1598 1599/1599/1599 1601/1601/1601
f 1598/1598/1598 1601/1601/1601 1600/1600/1600
f 1582/1582/1582 1600/1600/1600 1602/1602/1602
f 1583/1583/1583 1603/1603/1603 1601/1601/1601
f 1600/1600/1600 1601/1601/1601 1603/1603/1603
f 1600/1600/1600 1603/1603/1603 1602/1602/1602
f 1582/1582/1582 1602/1602/1602 1604/1604/1604
f 1583/1583/1583 1605/1605/1605 1603/1603/1603
f 1602/1602/1602 1603/1603/1603 1605/1605/1605
f 1602/1602/1602 1605/1605/1605 1604/1604/1604
f 1582/1582/1582 1604/1604/1604 1606/1606/1606
f 1583/1583/1583 1607/1607/1607 1605/1605/1605
f 1604/1604/1604 1605/1605/1605 1607/1607/1607
f 1604/1604/1604 1607/1607/1607 1606/1606/1606
f 1582/1582/1582 1606/1606/1606 1584/1584/1584
f 1583/1583/1583 1585/1585/1585 1607/1607/1607
f 1606/1606/1606 1607/1607/1607 1585/1585/1585
f 1606/1606/1606 1585/1585/1585 1584/1584/1584
f 1608/1608/1608 1609/1609/1609 1610/1610/1610
f 1608/1608/1608 1610/1610/1610 1611/1611/1611
f 1612/1612/1612 1613/1613/1613 1614/1614/1614
f 1612/1612/1612 1614/1614/1614 1615/1615/1615
f 1616/1616/1616 1617/1617/1617 1618/1618/1618
f 1616/1616/1616 1618/1618/1618 1619/1619/1619
f 1620/1620/1620 1621/1621/1621 1622/1622/1622
f 1620/1620/1620 1622/1622/1622 1623/1623/1623
f 1624/1624/1624 1625/1625/1625 1626/1626/1626
f 1624/1624/1624 1626/1626/1626 1627/1627/1627
f 1628/1628/1628 1629/1629/1629 1630/1630/1630
f 1628/1628/1628 1630/1630/1630 1631/1631/1631
f 1632/1632/1632 1633/1633/1633 1634/1634/1634
f 1632/1632/1632 1634/1634/1634 1635/1635/1635
f 1636/1636/1636 1637/1637/1637 1638/1638/1638
f 1636/1636/1636 1638/1638/1638 1639/1639/1639
f 1640/1640/1640 1641/1641/1641 1642/1642/1642
f 1640/1640/1640 1642/1642/1642 1643/1643/1643
f 1644/1644/1644 1645/1645/1645 1646/1646/1646
f 1644/1644/1644 1646/1646/1646 1647/1647/1647
f 1648/1648/1648 1649/1649/1649 1650/1650/1650
f 1648/1648/1648 1650/1650/1650 1651/1651/1651
f 1652/1652/1652 1653/1653/1653 1654/1654/1654
f 1652/1652/1652 1654/1654/1654 1655/1655/1655
f 1704/1704/1704 1706/1706/1706 1708/1708/1708
f 1705/1705/1705 1709/1709/1709 1707/1707/1707
f 1706/1706/1706 1707/1707/1707 1709/1709/1709
f 1706/1706/1706 1709/1709/1709 1708/1708/1708
f 1704/1704/1704 1708/1708/1708 1710/1710/1710
f 1705/1705/1705 1711/1711/1711 1709/1709/1709
f 1708/1708/1708 1709/1709/1709 1711/1711/1711
f 1708/1708/1708 1711/1711/1711 1710/1710/1710
f 1704/1704/1704 1710/1710/1710 1712/1712/1712
f 1705/1705/1705 1713/1713/1713 1711/1711/1711
f 1710/1710/1710 1711/1711/1711 1713/1713/1713
f 1710/1710/1710 1713/1713/1713 1712/1712/1712
f 1704/1704/1704 1712/1712/1712 1714/1714/1714
f 1705/1705/1705 1715/1715/1715 1713/1713/1713
f 1712/1712/1712 1713/1713/1713 1715/1715/1715
f 1712/1712/1712 1715/1715/1715 1714/1714/1714
f 1704/1704/1704 1714/1714/1714 1716/1716/1716
f 1705/1705/1705 1717/1717/1717 1715/1715/1715
f 1714/1714/1714 1715/1715/1715 1717/1717/1717
f 1714/1714/1714 1717/1717/1717 1716/1716/1716
f 1704/1704/1704 1716/1716/1716 1718/1718/1718
f 1705/1705/1705 1719/1719/1719 1717/1717/1717
f 1716/1716/1716 1717/1717/1717 1719/1719/1719
f 1716/1716/1716 1719/1719/1719 1718/1718/1718
f 1704/1704/1704 1718/1718/1718 1720/1720/1720
f 1705/1705/1705 1721/1721/1721 1719/1719/1719
f 1718/1718/1718 1719/1719/1719 1721/1721/1721
f 1718/1718/1718 1721/1721/1721 1720/1720/1720
f 1704/1704/1704 1720/1720/1720 1722/1722/1722
f 1705/1705/1705 1723/1723/1723 1721/1721/1721
f 1720/1720/1720 1721/1721/1721 1723/1723/1723
f 1720/1720/1720 1723/1723/1723 1722/1722/1722
f 1704/1704/1704 1722/1722/1722 1724/1724/1724
f 1705/1705/1705 1725/1725/1725 1723/1723/1723
f 1722/1722/1722 1723/1723/1723 1725/1725/1725
f 1722/1722/1722 1725/1725/1725 1724/1724/1724
f 1704/1704/1704 1724/1724/1724 1726/1726/1726
f 1705/1705/1705 1727/1727/1727 1725/1725/1725
f 1724/1724/1724 1725/1725/1725 1727/1727/1727
f 1724/1724/1724 1727/1727/1727 1726/1726/1726
f 1704/1704/1704 1726/1726/1726 1728/1728/1728
f 1705/1705/1705 1729/1729/1729 1727/1727/1727
f 1726/1726/1726 1727/1727/1727 1729/1729/1729
f 1726/1726/1726 1729/1729/1729 1728/1728/1728
f 1704/1704/1704 1728/1728/1728 1706/1706/1706
f 1705/1705/1705 1707/1707/1707 1729/1729/1729
f 1728/1728/1728 1729/1729/1729 1707/1707/1707
f 1728/1728/1728 1707/1707/1707 1706/1706/1706
f 1730/1730/1730 1731/1731/1731 1732/1732/1732
f 1730/1730/1730 1732/1732/1732 1733/1733/1733
f 1734/1734/1734 1735/1735/1735 1736/1736/1736
f 1734/1734/1734 1736/1736/1736 1737/1737/1737
f 1738/1738/1738 1739/1739/1739 1740/1740/1740
f 1738/1738/1738 1740/1740/1740 1741/1741/1741
f 1742/1742/1742 1743/1743/1743 1744/1744/1744
f 1742/1742/1742 1744/1744/1744 1745/1745/1745
f 1746/1746/1746 1747/1747/1747 1748/1748/1748
f 1746/1746/1746 1748/1748/1748 1749/1749/1749
f 1750/1750/1750 1751/1751/1751 1752/1752/1752
f 1750/1750/1750 1752/1752/1752 1753/1753/1753
f 1754/1754/1754 1755/1755/1755 1756/1756/1756
f 1754/1754/1754 1756/1756/1756 1757/1757/1757
f 1758/1758/1758 1759/1759/1759 1760/1760/1760
f 1758/1758/1758 1760/1760/1760 1761/1761/1761
f 1762/1762/1762 1763/1763/1763 1764/1764/1764
f 1762/1762/1762 1764/1764/1764 1765/1765/1765
f 1766/1766/1766 1767/1767/1767 1768/1768/1768
f 1766/1766/1766 1768/1768/1768 1769/1769/1769
f 1770/1770/1770 1771/1771/1771 1772/1772/1772
f 1770/1770/1770 1772/1772/1772 1773/1773/1773
f 1774/1774/1774 1775/1775/1775 1776/1776/1776
f 1774/1774/1774 1776/1776/1776 1777/1777/1777
f 1826/1826/1826 1827/1827/1827 1828/1828/1828
f 1826/1826/1826 1828/1828/1828 1829/1829/1829
f 1830/1830/1830 1831/1831/1831 1832/1832/1832
f 1830/1830/1830 1832/1832/1832 1833/1833/1833
f 1834/1834/1834 1835/1835/1835 1836/1836/1836
f 1834/1834/1834 1836/1836/1836 1837/1837/1837
f 1838/1838/1838 1839/1839/1839 1840/1840/1840
f 1838/1838/1838 1840/1840/1840 1841/1841/1841
f 1842/1842/1842 1843/1843/1843 1844/1844/1844
f 1842/1842/1842 1844/1844/1844 1845/1845/1845
f 1846/1846/1846 1847/1847/1847 1848/1848/1848
f 1846/1846/1846 1848/1848/1848 1849/1849/1849
f 1850/1850/1850 1851/1851/1851 1852/1852/1852
f 1850/1850/1850 1852/1852/1852 1853/1853/1853
f 1854/1854/1854 1855/1855/1855 1856/1856/1856
f 1854/1854/1854 1856/1856/1856 1857/1857/1857
f 1858/1858/1858 1859/1859/1859 1860/1860/1860
f 1858/1858/1858 1860/1860/1860 1861/1861/1861
f 1862/1862/1862 1863/1863/1863 1864/1864/1864
f 1862/1862/1862 1864/1864/1864 1865/1865/1865
f 1866/1866/1866 1867/1867/1867 1868/1868/1868
f 1866/1866/1866 1868/1868/1868 1869/1869/1869
f 1870/1870/1870 1871/1871/1871 1872/1872/1872
f 1870/1870/1870 1872/1872/1872 1873/1873/1873
f 1874/1874/1874 1875/1875/1875 1876/1876/1876
f 1874/1874/1874 1876/1876/1876 1877/1877/1877
f 1878/1878/1878 1879/1879/1879 1880/1880/1880
f 1878/1878/1878 1880/1880/1880 1881/1881/1881
f 1882/1882/1882 1883/1883/1883 1884/1884/1884
f 1882/1882/1882 1884/1884/1884 1885/1885/1885
f 1886/1886/1886 1887/1887/1887 1888/1888/1888
f 1886/1886/1886 1888/1888/1888 1889/1889/1889
f 1890/1890/1890 1891/1891/1891 1892/1892/1892
f 1890/1890/1890 1892/1892/1892 1893/1893/1893
f 1894/1894/1894 1895/1895/1895 1896/1896/1896
f 1894/1894/1894 1896/1896/1896 1897/1897/1897
f 1898/1898/1898 1899/1899/1899 1900/1900/1900
f 1898/1898/1898 1900/1900/1900 1901/1901/1901
f 1902/1902/1902 1903/1903/1903 1904/1904/1904
f 1902/1902/1902 1904/1904/1904 1905/1905/1905
f 1954/1954/1954 1955/1955/1955 1956/1956/1956
f 1954/1954/1954 1956/1956/1956 1957/1957/1957
f 1958/1958/1958 1959/1959/1959 1960/1960/1960
f 1958/1958/1958 1960/1960/1960 1961/1961/1961
f 1962/1962/1962 1963/1963/1963 1964/1964/1964
f 1962/1962/1962 1964/1964/1964 1965/1965/1965
f 1966/1966/1966 1967/1967/1967 1968/1968/1968
f 1966/1966/1966 1968/1968/1968 1969/1969/1969
f 1970/1970/1970 1971/1971/1971 1972/1972/1972
f 1970/1970/1970 1972/1972/1972 1973/1973/1973
f 1974/1974/1974 1975/1975/1975 1976/1976/1976
f 1974/1974/1974 1976/1976/1976 1977/1977/1977
f 1978/1978/1978 1979/1979/1979 1980/1980/1980
f 1978/1978/1978 1980/1980/1980 1981/1981/1981
f 1982/1982/1982 1983/1983/1983 1984/1984/1984
f 1982/1982/1982 1984/1984/1984 1985/1985/1985
f 1986/1986/1986 1987/1987/1987 1988/1988/1988
f 1986/1986/1986 1988/1988/1988 1989/1989/1989
f 1990/1990/1990 1991/1991/1991 1992/1992/1992
f 1990/1990/1990 1992/1992/1992 1993/1993/1993
f 1994/1994/1994 1995/1995/1995 1996/1996/1996
f 1994/1994/1994 1996/1996/1996 1997/1997/1997
f 1998/1998/1998 1999/1999/1999 2000/2000/2000
f 1998/1998/1998 2000/2000/2000 2001/2001/2001
f 2002/2002/2002 2003/2003/2003 2004/2004/2004
f 2002/2002/2002 2004/2004/2004 2005/2005/2005
f 2006/2006/2006 2007/2007/2007 2008/2008/2008
f 2006/2006/2006 2008/2008/2008 2009/2009/2009
f 2010/2010/2010 2011/2011/2011 2012/2012/2012
f 2010/2010/2010 2012/2012/2012 2013/2013/2013
f 2014/2014/2014 2015/2015/2015 2016/2016/2016
f 2014/2014/2014 2016/2016/2016 2017/2017/2017
f 2018/2018/2018 2019/2019/2019 2020/2020/2020
f 2018/2018/2018 2020/2020/2020 2021/2021/2021
f 2022/2022/2022 2023/2023/2023 2024/2024/2024
f 2022/2022/2022 2024/2024/2024 2025/2025/2025
f 2026/2026/2026 2027/2027/2027 2028/2028/2028
f 2026/2026/2026 2028/2028/2028 2029/2029/2029
f 2030/2030/2030 2031/2031/2031 2032/2032/2032
f 2030/2030/2030 2032/2032/2032 2033/2033/2033
f 2034/2034/2034 2035/2035/2035 2036/2036/2036
f 2034/2034/2034 2036/2036/2036 2037/2037/2037
f 2038/2038/2038 2039/2039/2039 2040/2040/2040
f 2038/2038/2038 2040/2040/2040 2041/2041/2041
f 2042/2042/2042 2043/2043/2043 2044/2044/2044
f 2042/2042/2042 2044/2044/2044 2045/2045/2045
f 2046/2046/2046 2047/2047/2047 2048/2048/2048
f 2046/2046/2046 2048/2048/2048 2049/2049/2049
f 2098/2098/2098 2099/2099/2099 2100/2100/2100
f 2098/2098/2098 2100/2100/2100 2101/2101/2101
f 2102/2102/2102 2103/2103/2103 2104/2104/2104
f 2102/2102/2102 2104/2104/2104 2105/2105/2105
f 2106/2106/2106 2107/2107/2107 2108/2108/2108
f 2106/2106/2106 2108/2108/2108 2109/2109/2109
f 2110/2110/2110 2111/2111/2111 2112/2112/2112
f 2110/2110/2110 2112/2112/2112 2113/2113/2113
f 2114/2114/2114 2115/2115/2115 2116/2116/2116
f 2114/2114/2114 2116/2116/2116 2117/2117/2117
f 2118/2118/2118 2119/2119/2119 2120/2120/2120
f 2118/2118/2118 2120/2120/2120 2121/2121/2121
f 2122/2122/2122 2123/2123/2123 2124/2124/2124
f 2122/2122/2122 2124/2124/2124 2125/2125/2125
f 2126/2126/2126 2127/2127/2127 2128/2128/2128
f 2126/2126/2126 2128/2128/2128 2129/2129/2129
f 2130/2130/2130 2131/2131/2131 2132/2132/2132
f 2130/2130/2130 2132/2132/2132 2133/2133/2133
f 2134/2134/2134 2135/2135/2135 2136/2136/2136
f 2134/2134/2134 2136/2136/2136 2137/2137/2137
f 2138/2138/2138 2139/2139/2139 2140/2140/2140
f 2138/2138/2138 2140/2140/2140 2141/2141/2141
f 2142/2142/2142 2143/2143/2143 2144/2144/2144
f 2142/2142/2142 2144/2144/2144 2145/2145/2145
f 2146/2146/2146 2147/2147/2147 2148/2148/2148
f 2146/2146/2146 2148/2148/2148 2149/2149/2149
f 2150/2150/2150 2151/2151/2151 2152/2152/2152
f 2150/2150/2150 2152/2152/2152 2153/2153/2153
f 2154/2154/2154 2155/2155/2155 2156/2156/2156
f 2154/2154/2154 2156/2156/2156 2157/2157/2157
f 2158/2158/2158 2159/2159/2159 2160/2160/2160
f 2158/2158/2158 2160/2160/2160 2161/2161/2161
f 2162/2162/2162 2163/2163/2163 2164/2164/2164
f 2162/2162/2162 2164/2164/2164 2165/2165/2165
f 2166/2166/2166 2167/2167/2167 2168/2168/2168
f 2166/2166/2166 2168/2168/2168 2169/2169/2169
f 2170/2170/2170 2171/2171/2171 2172/2172/2172
f 2170/2170/2170 2172/2172/2172 2173/2173/2173
f 2174/2174/2174 2175/2175/2175 2176/2176/2176
f 2174/2174/2174 2176/2176/2176 2177/2177/2177
f 2178/2178/2178 2179/2179/2179 2180/2180/2180
f 2178/2178/2178 2180/2180/2180 2181/2181/2181
f 2182/2182/2182 2183/2183/2183 2184/2184/2184
f 2182/2182/2182 2184/2184/2184 2185/2185/2185
f 2186/2186/2186 2187/2187/2187 2188/2188/2188
f 2186/2186/2186 2188/2188/2188 2189/2189/2189
f 2190/2190/2190 2191/2191/2191 2192/2192/2192
f 2190/2190/2190 2192/2192/2192 2193/2193/2193
f 2194/2194/2194 2195/2195/2195 2196/2196/2196
f 2194/2194/2194 2196/2196/2196 2197/2197/2197
f 2198/2198/2198 2199/2199/2199 2200/2200/2200
f 2198/2198/2198 2200/2200/2200 2201/2201/2201
f 2202/2202/2202 2203/2203/2203 2204/2204/2204
f 2202/2202/2202 2204/2204/2204 2205/2205/2205
f 2206/2206/2206 2207/2207/2207 2208/2208/2208
f 2206/2206/2206 2208/2208/2208 2209/2209/2209
f 2210/2210/2210 2211/2211/2211 2212/2212/2212
f 2210/2210/2210 2212/2212/2212 2213/2213/2213
f 2214/2214/2214 2215/2215/2215 2216/2216/2216
f 2214/2214/2214 2216/2216/2216 2217/2217/2217
f 2218/2218/2218 2219/2219/2219 2220/2220/2220
f 2218/2218/2218 2220/2220/2220 2221/2221/2221
f 2222/2222/2222 2223/2223/2223 2224/2224/2224
f 2222/2222/2222 2224/2224/2224 2225/2225/2225
f 2226/2226/2226 2227/2227/2227 2228/2228/2228
f 2226/2226/2226 2228/2228/2228 2229/2229/2229
f 2230/2230/2230 2231/2231/2231 2232/2232/2232
f 2230/2230/2230 2232/2232/2232 2233/2233/2233
f 2234/2234/2234 2235/2235/2235 2236/2236/2236
f 2234/2234/2234 2236/2236/2236 2237/2237/2237
f 2238/2238/2238 2239/2239/2239 2240/2240/2240
f 2238/2238/2238 2240/2240/2240 2241/2241/2241
f 2242/2242/2242 2243/2243/2243 2244/2244/2244
f 2242/2242/2242 2244/2244/2244 2245/2245/2245
f 2246/2246/2246 2247/2247/2247 2248/2248/2248
f 2246/2246/2246 2248/2248/2248 2249/2249/2249
f 2250/2250/2250 2251/2251/2251 2252/2252/2252
f 2250/2250/2250 2252/2252/2252 2253/2253/2253
f 2254/2254/2254 2255/2255/2255 2256/2256/2256
f 2254/2254/2254 2256/2256/2256 2257/2257/2257
f 2258/2258/2258 2259/2259/2259 2260/2260/2260
f 2258/2258/2258 2260/2260/2260 2261/2261/2261
f 2262/2262/2262 2263/2263/2263 2264/2264/2264
f 2262/2262/2262 2264/2264/2264 2265/2265/2265
f 2266/2266/2266 2267/2267/2267 2268/2268/2268
f 2266/2266/2266 2268/2268/2268 2269/2269/2269
f 2270/2270/2270 2271/2271/2271 2272/2272/2272
f 2270/2270/2270 2272/2272/2272 2273/2273/2273
f 2274/2274/2274 2275/2275/2275 2276/2276/2276
f 2274/2274/2274 2276/2276/2276 2277/2277/2277
f 2278/2278/2278 2279/2279/2279 2280/2280/2280
f 2278/2278/2278 2280/2280/2280 2281/2281/2281
f 2282/2282/2282 2283/2283/2283 2284/2284/2284
f 2282/2282/2282 2284/2284/2284 2285/2285/2285
f 2286/2286/2286 2287/2287/2287 2288/2288/2288
f 2286/2286/2286 2288/2288/2288 2289/2289/2289
f 2290/2290/2290 2291/2291/2291 2292/2292/2292
f 2290/2290/2290 2292/2292/2292 2293/2293/2293
f 2294/2294/2294 2295/2295/2295 2296/2296/2296
f 2294/2294/2294 2296/2296/2296 2297/2297/2297
f 2298/2298/2298 2299/2299/2299 2300/2300/2300
f 2298/2298/2298 2300/2300/2300 2301/2301/2301
f 2302/2302/2302 2303/2303/2303 2304/2304/2304
f 2302/2302/2302 2304/2304/2304 2305/2305/2305
f 2354/2354/2354 2355/2355/2355 2356/2356/2356
f 2354/2354/2354 2356/2356/2356 2357/2357/2357
f 2358/2358/2358 2359/2359/2359 2360/2360/2360
f 2358/2358/2358 2360/2360/2360 2361/2361/2361
f 2362/2362/2362 2363/2363/2363 2364/2364/2364
f 2362/2362/2362 2364/2364/2364 2365/2365/2365
f 2366/2366/2366 2367/2367/2367 2368/2368/2368
f 2366/2366/2366 2368/2368/2368 2369/2369/2369
f 2370/2370/2370 2371/2371/2371 2372/2372/2372
f 2370/2370/2370 2372/2372/2372 2373/2373/2373
f 2374/2374/2374 2375/2375/2375 2376/2376/2376
f 2374/2374/2374 2376/2376/2376 2377/2377/2377
f 2426/2426/2426 2427/2427/2427 2428/2428/2428
f 2426/2426/2426 2428/2428/2428 2429/2429/2429
f 2430/2430/2430 2431/2431/2431 2432/2432/2432
f 2430/2430/2430 2432/2432/2432 2433/2433/2433
f 2434/2434/2434 2435/2435/2435 2436/2436/2436
f 2434/2434/2434 2436/2436/2436 2437/2437/2437
f 2438/2438/2438 2439/2439/2439 2440/2440/2440
f 2438/2438/2438 2440/2440/2440 2441/2441/2441
f 2442/2442/2442 2443/2443/2443 2444/2444/2444
f 2442/2442/2442 2444/2444/2444 2445/2445/2445
f 2446/2446/2446 2447/2447/2447 2448/2448/2448
f 2446/2446/2446 2448/2448/2448 2449/2449/2449
f 2498/2498/2498 2499/2499/2499 2500/2500/2500
f 2498/2498/2498 2500/2500/2500 2501/2501/2501
f 2502/2502/2502 2503/2503/2503 2504/2504/2504
f 2502/2502/2502 2504/2504/2504 2505/2505/2505
f 2506/2506/2506 2507/2507/2507 2508/2508/2508
f 2506/2506/2506 2508/2508/2508 2509/2509/2509
f 2510/2510/2510 2511/2511/2511 2512/2512/2512
f 2510/2510/2510 2512/2512/2512 2513/2513/2513
f 2514/2514/2514 2515/2515/2515 2516/2516/2516
f 2514/2514/2514 2516/2516/2516 2517/2517/2517
f 2518/2518/2518 2519/2519/2519 2520/2520/2520
f 2518/2518/2518 2520/2520/2520 2521/2521/2521
f 2570/2570/2570 2571/2571/2571 2572/2572/2572
f 2570/2570/2570 2572/2572/2572 2573/2573/2573
f 2574/2574/2574 2575/2575/2575 2576/2576/2576
f 2574/2574/2574 2576/2576/2576 2577/2577/2577
f 2578/2578/2578 2579/2579/2579 2580/2580/2580
f 2578/2578/2578 2580/2580/2580 2581/2581/2581
f 2582/2582/2582 2583/2583/2583 2584/2584/2584
f 2582/2582/2582 2584/2584/2584 2585/2585/2585
f 2586/2586/2586 2587/2587/2587 2588/2588/2588
f 2586/2586/2586 2588/2588/2588 2589/2589/2589
f 2590/2590/2590 2591/2591/2591 2592/2592/2592
f 2590/2590/2590 2592/2592/2592 2593/2593/2593
f 2594/2594/2594 2595/2595/2595 2596/2596/2596
f 2594/2594/2594 2596/2596/2596 2597/2597/2597
f 2598/2598/2598 2599/2599/2599 2600/2600/2600
f 2598/2598/2598 2600/2600/2600 2601/2601/2601
f 2602/2602/2602 2603/2603/2603 2604/2604/2604
f 2602/2602/2602 2604/2604/2604 2605/2605/2605
f 2606/2606/2606 2607/2607/2607 2608/2608/2608
f 2606/2606/2606 2608/2608/2608 2609/2609/2609
f 2610/2610/2610 2611/2611/2611 2612/2612/2612
f 2610/2610/2610 2612/2612/2612 2613/2613/2613
f 2614/2614/2614 2615/2615/2615 2616/2616/2616
f 2614/2614/2614 2616/2616/2616 2617/2617/2617
f 2618/2618/2618 2619/2619/2619 2620/2620/2620
f 2618/2618/2618 2620/2620/2620 2621/2621/2621
f 2622/2622/2622 2623/2623/2623 2624/2624/2624
f 2622/2622/2622 2624/2624/2624 2625/2625/2625
f 2626/2626/2626 2627/2627/2627 2628/2628/2628
f 2626/2626/2626 2628/2628/2628 2629/2629/2629
f 2630/2630/2630 2631/2631/2631 2632/2632/2632
f 2630/2630/2630 2632/2632/2632 2633/2633/2633
f 2634/2634/2634 2635/2635/2635 2636/2636/2636
f 2634/2634/2634 2636/2636/2636 2637/2637/2637
f 2638/2638/2638 2639/2639/2639 2640/2640/2640
f 2638/2638/2638 2640/2640/2640 2641/2641/2641
f 2642/2642/2642 2643/2643/2643 2644/2644/2644
f 2642/2642/2642 2644/2644/2644 2645/2645/2645
f 2646/2646/2646 2647/2647/2647 2648/2648/2648
f 2646/2646/2646 2648/2648/2648 2649/2649/2649
f 2698/2698/2698 2699/2699/2699 2700/2700/2700
f 2698/2698/2698 2700/2700/2700 2701/2701/2701
f 2702/2702/2702 2703/2703/2703 2704/2704/2704
f 2702/2702/2702 2704/2704/2704 2705/2705/2705
f 2706/2706/2706 2707/2707/2707 2708/2708/2708
f 2706/2706/2706 2708/2708/2708 2709/2709/2709
f 2710/2710/2710 2711/2711/2711 2712/2712/2712
f 2710/2710/2710 2712/2712/2712 2713/2713/2713
f 2714/2714/2714 2715/2715/2715 2716/2716/2716
f 2714/2714/2714 2716/2716/2716 2717/2717/2717
f 2718/2718/2718 2719/2719/2719 2720/2720/2720
f 2718/2718/2718 2720/2720/2720 2721/2721/2721
f 2722/2722/2722 2723/2723/2723 2724/2724/2724
f 2722/2722/2722 2724/2724/2724 2725/2725/2725
f 2726/2726/2726 2727/2727/2727 2728/2728/2728
f 2726/2726/2726 2728/2728/2728 2729/2729/2729
f 2730/2730/2730 2731/2731/2731 2732/2732/2732
f 2730/2730/2730 2732/2732/2732 2733/2733/2733
f 2734/2734/2734 2735/2735/2735 2736/2736/2736
f 2734/2734/2734 2736/2736/2736 2737/2737/2737
f 2738/2738/2738 2739/2739/2739 2740/2740/2740
f 2738/2738/2738 2740/2740/2740 2741/2741/2741
f 2742/2742/2742 2743/2743/2743 2744/2744/2744
f 2742/2742/2742 2744/2744/2744 2745/2745/2745
f 2746/2746/2746 2747/2747/2747 2748/2748/2748
f 2746/2746/2746 2748/2748/2748 2749/2749/2749
f 2750/2750/2750 2751/2751/2751 2752/2752/2752
f 2750/2750/2750 2752/2752/2752 2753/2753/2753
f 2754/2754/2754 2755/2755/2755 2756/2756/2756
f 2754/2754/2754 2756/2756/2756 2757/2757/2757
f 2758/2758/2758 2759/2759/2759 2760/2760/2760
f 2758/2758/2758 2760/2760/2760 2761/2761/2761
f 2762/2762/2762 2763/2763/2763 2764/2764/2764
f 2762/2762/2762 2764/2764/2764 2765/2765/2765
f 2766/2766/2766 2767/2767/2767 2768/2768/2768
f 2766/2766/2766 2768/2768/2768 2769/2769/2769
f 2770/2770/2770 2771/2771/2771 2772/2772/2772
f 2770/2770/2770 2772/2772/2772 2773/2773/2773
f 2774/2774/2774 2775/2775/2775 2776/2776/2776
f 2774/2774/2774 2776/2776/2776 2777/2777/2777
f 2778/2778/2778 2779/2779/2779 2780/2780/2780
f 2778/2778/2778 2780/2780/2780 2781/2781/2781
f 2782/2782/2782 2783/2783/2783 2784/2784/2784
f 2782/2782/2782 2784/2784/2784 2785/2785/2785
f 2786/2786/2786 2787/2787/2787 2788/2788/2788
f 2786/2786/2786 2788/2788/2788 2789/2789/2789
f 2790/2790/2790 2791/2791/2791 2792/2792/2792
f 2790/2790/2790 2792/2792/2792 2793/2793/2793
f 2842/2842/2842 2843/2843/2843 2844/2844/2844
f 2842/2842/2842 2844/2844/2844 2845/2845/2845
f 2846/2846/2846 2847/2847/2847 2848/2848/2848
f 2846/2846/2846 2848/2848/2848 2849/2849/2849
f 2850/2850/2850 2851/2851/2851 2852/2852/2852
f 2850/2850/2850 2852/2852/2852 2853/2853/2853
f 2854/2854/2854 2855/2855/2855 2856/2856/2856
f 2854/2854/2854 2856/2856/2856 2857/2857/2857
f 2858/2858/2858 2859/2859/2859 2860/2860/2860
f 2858/2858/2858 2860/2860/2860 2861/2861/2861
f 2862/2862/2862 2863/2863/2863 2864/2864/2864
f 2862/2862/2862 2864/2864/2864 2865/2865/2865
f 2866/2866/2866 2867/2867/2867 2868/2868/2868
f 2866/2866/2866 2868/2868/2868 2869/2869/2869
f 2870/2870/2870 2871/2871/2871 2872/2872/2872
f 2870/2870/2870 2872/2872/2872 2873/2873/2873
f 2874/2874/2874 2875/2875/2875 2876/2876/2876
f 2874/2874/2874 2876/2876/2876 2877/2877/2877
f 2878/2878/2878 2879/2879/2879 2880/2880/2880
f 2878/2878/2878 2880/2880/2880 2881/2881/2881
f 2882/2882/2882 2883/2883/2883 2884/2884/2884
f 2882/2882/2882 2884/2884/2884 2885/2885/2885
f 2886/2886/2886 2887/2887/2887 2888/2888/2888
f 2886/2886/2886 2888/2888/2888 2889/2889/2889
f 2890/2890/2890 2891/2891/2891 2892/2892/2892
f 2890/2890/2890 2892/2892/2892 2893/2893/2893
f 2894/2894/2894 2895/2895/2895 2896/2896/2896
f 2894/2894/2894 2896/2896/2896 2897/2897/2897
f 2898/2898/2898 2899/2899/2899 2900/2900/2900
f 2898/2898/2898 2900/2900/2900 2901/2901/2901
f 2902/2902/2902 2903/2903/2903 2904/2904/2904
f 2902/2902/2902 2904/2904/2904 2905/2905/2905
f 2906/2906/2906 2907/2907/2907 2908/2908/2908
f 2906/2906/2906 2908/2908/2908 2909/2909/2909
f 2910/2910/2910 2911/2911/2911 2912/2912/2912
f 2910/2910/2910 2912/2912/2912 2913/2913/2913
f 2914/2914/2914 2915/2915/2915 2916/2916/2916
f 2914/2914/2914 2916/2916/2916 2917/2917/2917
f 2918/2918/2918 2919/2919/2919 2920/2920/2920
f 2918/2918/2918 2920/2920/2920 2921/2921/2921
f 2922/2922/2922 2923/2923/2923 2924/2924/2924
f 2922/2922/2922 2924/2924/2924 2925/2925/2925
f 2926/2926/2926 2927/2927/2927 2928/2928/2928
f 2926/2926/2926 2928/2928/2928 2929/2929/2929
f 2930/2930/2930 2931/2931/2931 2932/2932/2932
f 2930/2930/2930 2932/2932/2932 2933/2933/2933
f 2934/2934/2934 2935/2935/2935 2936/2936/2936
f 2934/2934/2934 2936/2936/2936 2937/2937/2937
f 2938/2938/2938 2939/2939/2939 2940/2940/2940
f 2938/2938/2938 2940/2940/2940 2941/2941/2941
f 2942/2942/2942 2943/2943/2943 2944/2944/2944
f 2942/2942/2942 2944/2944/2944 2945/2945/2945
f 2946/2946/2946 2947/2947/2947 2948/2948/2948
f 2946/2946/2946 2948/2948/2948 2949/2949/2949
f 2950/2950/2950 2951/2951/2951 2952/2952/2952
f 2950/2950/2950 2952/2952/2952 2953/2953/2953
f 2954/2954/2954 2955/2955/2955 2956/2956/2956
f 2954/2954/2954 2956/2956/2956 2957/2957/2957
f 2958/2958/2958 2959/2959/2959 2960/2960/2960
f 2958/2958/2958 2960/2960/2960 2961/2961/2961
f 2962/2962/2962 2963/2963/2963 2964/2964/2964
f 2962/2962/2962 2964/2964/2964 2965/2965/2965
f 2966/2966/2966 2967/2967/2967 2968/2968/2968
f 2966/2966/2966 2968/2968/2968 2969/2969/2969
f 2970/2970/2970 2971/2971/2971 2972/2972/2972
f 2970/2970/2970 2972/2972/2972 2973/2973/2973
f 2974/2974/2974 2975/2975/2975 2976/2976/2976
f 2974/2974/2974 2976/2976/2976 2977/2977/2977
f 2978/2978/2978 2979/2979/2979 2980/2980/2980
f 2978/2978/2978 2980/2980/2980 2981/2981/2981
f 2982/2982/2982 2983/2983/2983 2984/2984/2984
f 2982/2982/2982 2984/2984/2984 2985/2985/2985
f 2986/2986/2986 2987/2987/2987 2988/2988/2988
f 2986/2986/2986 2988/2988/2988 2989/2989/2989
f 2990/2990/2990 2991/2991/2991 2992/2992/2992
f 2990/2990/2990 2992/2992/2992 2993/2993/2993
f 2994/2994/2994 2995/2995/2995 2996/2996/2996
f 2994/2994/2994 2996/2996/2996 2997/2997/2997
f 2998/2998/2998 2999/2999/2999 3000/3000/3000
f 2998/2998/2998 3000/3000/3000 3001/3001/3001
f 3002/3002/3002 3003/3003/3003 3004/3004/3004
f 3002/3002/3002 3004/3004/3004 3005/3005/3005
f 3006/3006/3006 3007/3007/3007 3008/3008/3008
f 3006/3006/3006 3008/3008/3008 3009/3009/3009
f 3010/3010/3010 3011/3011/3011 3012/3012/3012
f 3010/3010/3010 3012/3012/3012 3013/3013/3013
f 3014/3014/3014 3015/3015/3015 3016/3016/3016
f 3014/3014/3014 3016/3016/3016 3017/3017/3017
f 3018/3018/3018 3019/3019/3019 3020/3020/3020
f 3018/3018/3018 3020/3020/3020 3021/3021/3021
f 3022/3022/3022 3023/3023/3023 3024/3024/3024
f 3022/3022/3022 3024/3024/3024 3025/3025/3025
f 3026/3026/3026 3027/3027/3027 3028/3028/3028
f 3026/3026/3026 3028/3028/3028 3029/3029/3029
f 3030/3030/3030 3031/3031/3031 3032/3032/3032
f 3030/3030/3030 3032/3032/3032 3033/3033/3033
f 3034/3034/3034 3035/3035/3035 3036/3036/3036
f 3034/3034/3034 3036/3036/3036 3037/3037/3037
f 3038/3038/3038 3039/3039/3039 3040/3040/3040
f 3038/3038/3038 3040/3040/3040 3041/3041/3041
f 3042/3042/3042 3043/3043/3043 3044/3044/3044
f 3042/3042/3042 3044/3044/3044 3045/3045/3045
f 3046/3046/3046 3047/3047/3047 3048/3048/3048
f 3046/3046/3046 3048/3048/3048 3049/3049/3049
f 3098/3098/3098 3099/3099/3099 3100/3100/3100
f 3098/3098/3098 3100/3100/3100 3101/3101/3101
f 3102/3102/3102 3103/3103/3103 3104/3104/3104
f 3102/3102/3102 3104/3104/3104 3105/3105/3105
f 3106/3106/3106 3107/3107/3107 3108/3108/3108
f 3106/3106/3106 3108/3108/3108 3109/3109/3109
f 3110/3110/3110 3111/3111/3111 3112/3112/3112
f 3110/3110/3110 3112/3112/3112 3113/3113/3113
f 3114/3114/3114 3115/3115/3115 3116/3116/3116
f 3114/3114/3114 3116/3116/3116 3117/3117/3117
f 3118/3118/3118 3119/3119/3119 3120/3120/3120
f 3118/3118/3118 3120/3120/3120 3121/3121/3121
f 3170/3170/3170 3171/3171/3171 3172/3172/3172
f 3170/3170/3170 3172/3172/3172 3173/3173/3173
f 3174/3174/3174 3175/3175/3175 3176/3176/3176
f 3174/3174/3174 3176/3176/3176 3177/3177/3177
f 3178/3178/3178 3179/3179/3179 3180/3180/3180
f 3178/3178/3178 3180/3180/3180 3181/3181/3181
f 3182/3182/3182 3183/3183/3183 3184/3184/3184
f 3182/3182/3182 3184/3184/3184 3185/3185/3185
f 3186/3186/3186 3187/3187/3187 3188/3188/3188
f 3186/3186/3186 3188/3188/3188 3189/3189/3189
f 3190/3190/3190 3191/3191/3191 3192/3192/3192
f 3190/3190/3190 3192/3192/3192 3193/3193/3193
f 3242/3242/3242 3243/3243/3243 3244/3244/3244
f 3242/3242/3242 3244/3244/3244 3245/3245/3245
f 3246/3246/3246 3247/3247/3247 3248/3248/3248
f 3246/3246/3246 3248/3248/3248 3249/3249/3249
f 3250/3250/3250 3251/3251/3251 3252/3252/3252
f 3250/3250/3250 3252/3252/3252 3253/3253/3253
f 3254/3254/3254 3255/3255/3255 3256/3256/3256
f 3254/3254/3254 3256/3256/3256 3257/3257/3257
f 3258/3258/3258 3259/3259/3259 3260/3260/3260
f 3258/3258/3258 3260/3260/3260 3261/3261/3261
f 3262/3262/3262 3263/3263/3263 3264/3264/3264
f 3262/3262/3262 3264/3264/3264 3265/3265/3265
f 3314/3314/3314 3315/3315/3315 3316/3316/3316
f 3314/3314/3314 3316/3316/3316 3317/3317/3317
f 3318/3318/3318 3319/3319/3319 3320/3320/3320
f 3318/3318/3318 3320/3320/3320 3321/3321/3321
f 3322/3322/3322 3323/3323/3323 3324/3324/3324
f 3322/3322/3322 3324/3324/3324 3325/3325/3325
f 3326/3326/3326 3327/3327/3327 3328/3328/3328
f 3326/3326/3326 3328/3328/3328 3329/3329/3329
f 3330/3330/3330 3331/3331/3331 3332/3332/3332
f 3330/3330/3330 3332/3332/3332 3333/3333/3333
f 3334/3334/3334 3335/3335/3335 3336/3336/3336
f 3334/3334/3334 3336/3336/3336 3337/3337/3337
f 3338/3338/3338 3339/3339/3339 3340/3340/3340
f 3338/3338/3338 3340/3340/3340 3341/3341/3341
f 3342/3342/3342 3343/3343/3343 3344/3344/3344
f 3342/3342/3342 3344/3344/3344 3345/3345/3345
f 3346/3346/3346 3347/3347/3347 3348/3348/3348
f 3346/3346/3346 3348/3348/3348 3349/3349/3349
f 3350/3350/3350 3351/3351/3351 3352/3352/3352
f 3350/3350/3350 3352/3352/3352 3353/3353/3353
f 3354/3354/3354 3355/3355/3355 3356/3356/3356
f 3354/3354/3354 3356/3356/3356 3357/3357/3357
f 3358/3358/3358 3359/3359/3359 3360/3360/3360
f 3358/3358/3358 3360/3360/3360 3361/3361/3361
f 3362/3362/3362 3363/3363/3363 3364/3364/3364
f 3362/3362/3362 3364/3364/3364 3365/3365/3365
f 3366/3366/3366 3367/3367/3367 3368/3368/3368
f 3366/3366/3366 3368/3368/3368 3369/3369/3369
f 3370/3370/3370 3371/3371/3371 3372/3372/3372
f 3370/3370/3370 3372/3372/3372 3373/3373/3373
f 3374/3374/3374 3375/3375/3375 3376/3376/3376
f 3374/3374/3374 3376/3376/3376 3377/3377/3377
f 3378/3378/3378 3379/3379/3379 3380/3380/3380
f 3378/3378/3378 3380/3380/3380 3381/3381/3381
f 3382/3382/3382 3383/3383/3383 3384/3384/3384
f 3382/3382/3382 3384/3384/3384 3385/3385/3385
f 3386/3386/3386 3387/3387/3387 3388/3388/3388
f 3386/3386/3386 3388/3388/3388 3389/3389/3389
f 3390/3390/3390 3391/3391/3391 3392/3392/3392
f 3390/3390/3390 3392/3392/3392 3393/3393/3393
f 3394/3394/3394 3395/3395/3395 3396/3396/3396
f 3394/3394/3394 3396/3396/3396 3397/3397/3397
f 3398/3398/3398 3399/3399/3399 3400/3400/3400
f 3398/3398/3398 3400/3400/3400 3401/3401/3401
f 3402/3402/3402 3403/3403/3403 3404/3404/3404
f 3402/3402/3402 3404/3404/3404 3405/3405/3405
f 3406/3406/3406 3407/3407/3407 3408/3408/3408
f 3406/3406/3406 3408/3408/3408 3409/3409/3409
f 3410/3410/3410 3411/3411/3411 3412/3412/3412
f 3410/3410/3410 3412/3412/3412 3413/3413/3413
f 3414/3414/3414 3415/3415/3415 3416/3416/3416
f 3414/3414/3414 3416/3416/3416 3417/3417/3417
f 3418/3418/3418 3419/3419/3419 3420/3420/3420
f 3418/3418/3418 3420/3420/3420 3421/3421/3421
f 3422/3422/3422 3423/3423/3423 3424/3424/3424
f 3422/3422/3422 3424/3424/3424 3425/3425/3425
f 3426/3426/3426 3427/3427/3427 3428/3428/3428
f 3426/3426/3426 3428/3428/3428 3429/3429/3429
f 3430/3430/3430 3431/3431/3431 3432/3432/3432
f 3430/3430/3430 3432/3432/3432 3433/3433/3433
f 3434/3434/3434 3435/3435/3435 3436/3436/3436
f 3434/3434/3434 3436/3436/3436 3437/3437/3437
f 3438/3438/3438 3439/3439/3439 3440/3440/3440
f 3438/3438/3438 3440/3440/3440 3441/3441/3441
f 3442/3442/3442 3443/3443/3443 3444/3444/3444
f 3442/3442/3442 3444/3444/3444 3445/3445/3445
f 3446/3446/3446 3447/3447/3447 3448/3448/3448
f 3446/3446/3446 3448/3448/3448 3449/3449/3449
f 3450/3450/3450 3451/3451/3451 3452/3452/3452
f 3450/3450/3450 3452/3452/3452 3453/3453/3453
f 3454/3454/3454 3455/3455/3455 3456/3456/3456
f 3454/3454/3454 3456/3456/3456 3457/3457/3457
f 3458/3458/3458 3459/3459/3459 3460/3460/3460
f 3458/3458/3458 3460/3460/3460 3461/3461/3461
f 3462/3462/3462 3463/3463/3463 3464/3464/3464
f 3462/3462/3462 3464/3464/3464 3465/3465/3465
f 3466/3466/3466 3467/3467/3467 3468/3468/3468
f 3466/3466/3466 3468/3468/3468 3469/3469/3469
f 3470/3470/3470 3471/3471/3471 3472/3472/3472
f 3470/3470/3470 3472/3472/3472 3473/3473/3473
f 3474/3474/3474 3475/3475/3475 3476/3476/3476
f 3474/3474/3474 3476/3476/3476 3477/3477/3477
f 3478/3478/3478 3479/3479/3479 3480/3480/3480
f 3478/3478/3478 3480/3480/3480 3481/3481/3481
f 3482/3482/3482 3483/3483/3483 3484/3484/3484
f 3482/3482/3482 3484/3484/3484 3485/3485/3485
f 3486/3486/3486 3487/3487/3487 3488/3488/3488
f 3486/3486/3486 3488/3488/3488 3489/3489/3489
f 3490/3490/3490 3491/3491/3491 3492/3492/3492
f 3490/3490/3490 3492/3492/3492 3493/3493/3493
f 3494/3494/3494 3495/3495/3495 3496/3496/3496
f 3494/3494/3494 3496/3496/3496 3497/3497/3497
f 3498/3498/3498 3499/3499/3499 3500/3500/3500
f 3498/3498/3498 3500/3500/3500 3501/3501/3501
f 3502/3502/3502 3503/3503/3503 3504/3504/3504
f 3502/3502/3502 3504/3504/3504 3505/3505/3505
f 3674/3674/3674 3675/3675/3675 3676/3676/3676
f 3674/3674/3674 3676/3676/3676 3677/3677/3677
f 3678/3678/3678 3679/3679/3679 3680/3680/3680
f 3678/3678/3678 3680/3680/3680 3681/3681/3681
f 3682/3682/3682 3683/3683/3683 3684/3684/3684
f 3682/3682/3682 3684/3684/3684 3685/3685/3685
f 3686/3686/3686 3687/3687/3687 3688/3688/3688
f 3686/3686/3686 3688/3688/3688 3689/3689/3689
f 3690/3690/3690 3691/3691/3691 3692/3692/3692
f 3690/3690/3690 3692/3692/3692 3693/3693/3693
f 3694/3694/3694 3695/3695/3695 3696/3696/3696
f 3694/3694/3694 3696/3696/3696 3697/3697/3697
f 3698/3698/3698 3699/3699/3699 3700/3700/3700
f 3698/3698/3698 3700/3700/3700 3701/3701/3701
f 3702/3702/3702 3703/3703/3703 3704/3704/3704
f 3702/3702/3702 3704/3704/3704 3705/3705/3705
f 3706/3706/3706 3707/3707/3707 3708/3708/3708
f 3706/3706/3706 3708/3708/3708 3709/3709/3709
f 3710/3710/3710 3711/3711/3711 3712/3712/3712
f 3710/3710/3710 3712/3712/3712 3713/3713/3713
f 3714/3714/3714 3715/3715/3715 3716/3716/3716
f 3714/3714/3714 3716/3716/3716 3717/3717/3717
f 3718/3718/3718 3719/3719/3719 3720/3720/3720
f 3718/3718/3718 3720/3720/3720 3721/3721/3721
f 3722/3722/3722 3723/3723/3723 3724/3724/3724
f 3722/3722/3722 3724/3724/3724 3725/3725/3725
f 3726/3726/3726 3727/3727/3727 3728/3728/3728
f 3726/3726/3726 3728/3728/3728 3729/3729/3729
f 3730/3730/3730 3731/3731/3731 3732/3732/3732
f 3730/3730/3730 3732/3732/3732 3733/3733/3733
f 3734/3734/3734 3735/3735/3735 3736/3736/3736
f 3734/3734/3734 3736/3736/3736 3737/3737/3737
f 3738/3738/3738 3739/3739/3739 3740/3740/3740
f 3738/3738/3738 3740/3740/3740 3741/3741/3741
f 3742/3742/3742 3743/3743/3743 3744/3744/3744
f 3742/3742/3742 3744/3744/3744 3745/3745/3745
f 3746/3746/3746 3747/3747/3747 3748/3748/3748
f 3746/3746/3746 3748/3748/3748 3749/3749/3749
f 3750/3750/3750 3751/3751/3751 3752/3752/3752
f 3750/3750/3750 3752/3752/3752 3753/3753/3753
f 3754/3754/3754 3755/3755/3755 3756/3756/3756
f 3754/3754/3754 3756/3756/3756 3757/3757/3757
f 3758/3758/3758 3759/3759/3759 3760/3760/3760
f 3758/3758/3758 3760/3760/3760 3761/3761/3761
f 3762/3762/3762 3763/3763/3763 3764/3764/3764
f 3762/3762/3762 3764/3764/3764 3765/3765/3765
f 3766/3766/3766 3767/3767/3767 3768/3768/3768
f 3766/3766/3766 3768/3768/3768 3769/3769/3769
f 3770/3770/3770 3771/3771/3771 3772/3772/3772
f 3770/3770/3770 3772/3772/3772 3773/3773/3773
f 3774/3774/3774 3775/3775/3775 3776/3776/3776
f 3774/3774/3774 3776/3776/3776 3777/3777/3777
f 3778/3778/3778 3779/3779/3779 3780/3780/3780
f 3778/3778/3778 3780/3780/3780 3781/3781/3781
f 3782/3782/3782 3783/3783/3783 3784/3784/3784
f 3782/3782/3782 3784/3784/3784 3785/3785/3785
f 3786/3786/3786 3787/3787/3787 3788/3788/3788
f 3786/3786/3786 3788/3788/3788 3789/3789/3789
f 3790/3790/3790 3791/3791/3791 3792/3792/3792
f 3790/3790/3790 3792/3792/3792 3793/3793/3793
f 3794/3794/3794 3795/3795/3795 3796/3796/3796
f 3794/3794/3794 3796/3796/3796 3797/3797/3797
f 3798/3798/3798 3799/3799/3799 3800/3800/3800
f 3798/3798/3798 3800/3800/3800 3801/3801/3801
f 3802/3802/3802 3803/3803/3803 3804/3804/3804
f 3802/3802/3802 3804/3804/3804 3805/3805/3805
f 3806/3806/3806 3807/3807/3807 3808/3808/3808
f 3806/3806/3806 3808/3808/3808 3809/3809/3809
f 3810/3810/3810 3811/3811/3811 3812/3812/3812
f 3810/3810/3810 3812/3812/3812 3813/3813/3813
f 3814/3814/3814 3815/3815/3815 3816/3816/3816
f 3814/3814/3814 3816/3816/3816 3817/3817/3817
f 3818/3818/3818 3819/3819/3819 3820/3820/3820
f 3818/3818/3818 3820/3820/3820 3821/3821/3821
f 3822/3822/3822 3823/3823/3823 3824/3824/3824
f 3822/3822/3822 3824/3824/3824 3825/3825/3825
f 3826/3826/3826 3827/3827/3827 3828/3828/3828
f 3826/3826/3826 3828/3828/3828 3829/3829/3829
f 3830/3830/3830 3831/3831/3831 3832/3832/3832
f 3830/3830/3830 3832/3832/3832 3833/3833/3833
f 3834/3834/3834 3835/3835/3835 3836/3836/3836
f 3834/3834/3834 3836/3836/3836 3837/3837/3837
f 3838/3838/3838 3839/3839/3839 3840/3840/3840
f 3838/3838/3838 3840/3840/3840 3841/3841/3841
f 3842/3842/3842 3843/3843/3843 3844/3844/3844
f 3842/3842/3842 3844/3844/3844 3845/3845/3845
f 3846/3846/3846 3847/3847/3847 3848/3848/3848
f 3846/3846/3846 3848/3848/3848 3849/3849/3849
f 3850/3850/3850 3851/3851/3851 3852/3852/3852
f 3850/3850/3850 3852/3852/3852 3853/3853/3853
f 3854/3854/3854 3855/3855/3855 3856/3856/3856
f 3854/3854/3854 3856/3856/3856 3857/3857/3857
f 3858/3858/3858 3859/3859/3859 3860/3860/3860
f 3858/3858/3858 3860/3860/3860 3861/3861/3861
f 3862/3862/3862 3863/3863/3863 3864/3864/3864
f 3862/3862/3862 3864/3864/3864 3865/3865/3865
f 4034/4034/4034 4035/4035/4035 4036/4036/4036
f 4034/4034/4034 4036/4036/4036 4037/4037/4037
f 4038/4038/4038 4039/4039/4039 4040/4040/4040
f 4038/4038/4038 4040/4040/4040 4041/4041/4041
f 4042/4042/4042 4043/4043/4043 4044/4044/4044
f 4042/4042/4042 4044/4044/4044 4045/4045/4045
f 4046/4046/4046 4047/4047/4047 4048/4048/4048
f 4046/4046/4046 4048/4048/4048 4049/4049/4049
f 4050/4050/4050 4051/4051/4051 4052/4052/4052
f 4050/4050/4050 4052/4052/4052 4053/4053/4053
f 4054/4054/4054 4055/4055/4055 4056/4056/4056
f 4054/4054/4054 4056/4056/4056 4057/4057/4057
f 4058/4058/4058 4059/4059/4059 4060/4060/4060
f 4058/4058/4058 4060/4060/4060 4061/4061/4061
f 4062/4062/4062 4063/4063/4063 4064/4064/4064
f 4062/4062/4062 4064/4064/4064 4065/4065/4065
f 4066/4066/4066 4067/4067/4067 4068/4068/4068
f 4066/4066/4066 4068/4068/4068 4069/4069/4069
f 4070/4070/4070 4071/4071/4071 4072/4072/4072
f 4070/4070/4070 4072/4072/4072 4073/4073/4073
f 4074/4074/4074 4075/4075/4075 4076/4076/4076
f 4074/4074/4074 4076/4076/4076 4077/4077/4077
f 4078/4078/4078 4079/4079/4079 4080/4080/4080
f 4078/4078/4078 4080/4080/4080 4081/4081/4081
f 4082/4082/4082 4083/4083/4083 4084/4084/4084
f 4082/4082/4082 4084/4084/4084 4085/4085/4085
f 4086/4086/4086 4087/4087/4087 4088/4088/4088
f 4086/4086/4086 4088/4088/4088 4089/4089/4089
f 4090/4090/4090 4091/4091/4091 4092/4092/4092
f 4090/4090/4090 4092/4092/4092 4093/4093/4093
f 4094/4094/4094 4095/4095/4095 4096/4096/4096
f 4094/4094/4094 4096/4096/4096 4097/4097/4097
f 4098/4098/4098 4099/4099/4099 4100/4100/4100
f 4098/4098/4098 4100/4100/4100 4101/4101/4101
f 4102/4102/4102 4103/4103/4103 4104/4104/4104
f 4102/4102/4102 4104/4104/4104 4105/4105/4105
f 4106/4106/4106 4107/4107/4107 4108/4108/4108
f 4106/4106/4106 4108/4108/4108 4109/4109/4109
f 4110/4110/4110 4111/4111/4111 4112/4112/4112
f 4110/4110/4110 4112/4112/4112 4113/4113/4113
f 4114/4114/4114 4115/4115/4115 4116/4116/4116
f 4114/4114/4114 4116/4116/4116 4117/4117/4117
f 4118/4118/4118 4119/4119/4119 4120/4120/4120
f 4118/4118/4118 4120/4120/4120 4121/4121/4121
f 4122/4122/4122 4123/4123/4123 4124/4124/4124
f 4122/4122/4122 4124/4124/4124 4125/4125/4125
f 4126/4126/4126 4127/4127/4127 4128/4128/4128
f 4126/4126/4126 4128/4128/4128 4129/4129/4129
f 4130/4130/4130 4131/4131/4131 4132/4132/4132
f 4130/4130/4130 4132/4132/4132 4133/4133/4133
f 4134/4134/4134 4135/4135/4135 4136/4136/4136
f 4134/4134/4134 4136/4136/4136 4137/4137/4137
f 4138/4138/4138 4139/4139/4139 4140/4140/4140
f 4138/4138/4138 4140/4140/4140 4141/4141/4141
f 4142/4142/4142 4143/4143/4143 4144/4144/4144
f 4142/4142/4142 4144/4144/4144 4145/4145/4145
f 4146/4146/4146 4147/4147/4147 4148/4148/4148
f 4146/4146/4146 4148/4148/4148 4149/4149/4149
f 4150/4150/4150 4151/4151/4151 4152/4152/4152
f 4150/4150/4150 4152/4152/4152 4153/4153/4153
f 4154/4154/4154 4155/4155/4155 4156/4156/4156
f 4154/4154/4154 4156/4156/4156 4157/4157/4157
f 4158/4158/4158 4159/4159/4159 4160/4160/4160
f 4158/4158/4158 4160/4160/4160 4161/4161/4161
f 4162/4162/4162 4163/4163/4163 4164/4164/4164
f 4162/4162/4162 4164/4164/4164 4165/4165/4165
f 4166/4166/4166 4167/4167/4167 4168/4168/4168
f 4166/4166/4166 4168/4168/4168 4169/4169/4169
f 4170/4170/4170 4171/4171/4171 4172/4172/4172
f 4170/4170/4170 4172/4172/4172 4173/4173/4173
f 4174/4174/4174 4175/4175/4175 4176/4176/4176
f 4174/4174/4174 4176/4176/4176 4177/4177/4177
f 4178/4178/4178 4179/4179/4179 4180/4180/4180
f 4178/4178/4178 4180/4180/4180 4181/4181/4181
f 4182/4182/4182 4183/4183/4183 4184/4184/4184
f 4182/4182/4182 4184/4184/4184 4185/4185/4185
f 4186/4186/4186 4187/4187/4187 4188/4188/4188
f 4186/4186/4186 4188/4188/4188 4189/4189/4189
f 4190/4190/4190 4191/4191/4191 4192/4192/4192
f 4190/4190/4190 4192/4192/4192 4193/4193/4193
f 4194/4194/4194 4195/4195/4195 4196/4196/4196
f 4194/4194/4194 4196/4196/4196 4197/4197/4197
f 4198/4198/4198 4199/4199/4199 4200/4200/4200
f 4198/4198/4198 4200/4200/4200 4201/4201/4201
f 4202/4202/4202 4203/4203/4203 4204/4204/4204
f 4202/4202/4202 4204/4204/4204 4205/4205/4205
f 4206/4206/4206 4207/4207/4207 4208/4208/4208
f 4206/4206/4206 4208/4208/4208 4209/4209/4209
f 4210/4210/4210 4211/4211/4211 4212/4212/4212
f 4210/4210/4210 4212/4212/4212 4213/4213/4213
f 4214/4214/4214 4215/4215/4215 4216/4216/4216
f 4214/4214/4214 4216/4216/4216 4217/4217/4217
f 4218/4218/4218 4219/4219/4219 4220/4220/4220
f 4218/4218/4218 4220/4220/4220 4221/4221/4221
f 4222/4222/4222 4223/4223/4223 4224/4224/4224
f 4222/4222/4222 4224/4224/4224 4225/4225/4225
f 4394/4394/4394 4395/4395/4395 4396/4396/4396
f 4394/4394/4394 4396/4396/4396 4397/4397/4397
f 4398/4398/4398 4399/4399/4399 4400/4400/4400
f 4398/4398/4398 4400/4400/4400 4401/4401/4401
f 4402/4402/4402 4403/4403/4403 4404/4404/4404
f 4402/4402/4402 4404/4404/4404 4405/4405/4405
f 4406/4406/4406 4407/4407/4407 4408/4408/4408
f 4406/4406/4406 4408/4408/4408 4409/4409/4409
f 4410/4410/4410 4411/4411/4411 4412/4412/4412
f 4410/4410/4410 4412/4412/4412 4413/4413/4413
f 4414/4414/4414 4415/4415/4415 4416/4416/4416
f 4414/4414/4414 4416/4416/4416 4417/4417/4417
f 4418/4418/4418 4419/4419/4419 4420/4420/4420
f 4418/4418/4418 4420/4420/4420 4421/4421/4421
f 4422/4422/4422 4423/4423/4423 4424/4424/4424
f 4422/4422/4422 4424/4424/4424 4425/4425/4425
f 4426/4426/4426 4427/4427/4427 4428/4428/4428
f 4426/4426/4426 4428/4428/4428 4429/4429/4429
f 4430/4430/4430 4431/4431/4431 4432/4432/4432
f 4430/4430/4430 4432/4432/4432 4433/4433/4433
f 4434/4434/4434 4435/4435/4435 4436/4436/4436
f 4434/4434/4434 4436/4436/4436 4437/4437/4437
f 4438/4438/4438 4439/4439/4439 4440/4440/4440
f 4438/4438/4438 4440/4440/4440 4441/4441/4441
f 4442/4442/4442 4443/4443/4443 4444/4444/4444
f 4442/4442/4442 4444/4444/4444 4445/4445/4445
f 4446/4446/4446 4447/4447/4447 4448/4448/4448
f 4446/4446/4446 4448/4448/4448 4449/4449/4449
f 4450/4450/4450 4451/4451/4451 4452/4452/4452
f 4450/4450/4450 4452/4452/4452 4453/4453/4453
f 4454/4454/4454 4455/4455/4455 4456/4456/4456
f 4454/4454/4454 4456/4456/4456 4457/4457/4457
f 4458/4458/4458 4459/4459/4459 4460/4460/4460
f 4458/4458/4458 4460/4460/4460 4461/4461/4461
f 4462/4462/4462 4463/4463/4463 4464/4464/4464
f 4462/4462/4462 4464/4464/4464 4465/4465/4465
f 4466/4466/4466 4467/4467/4467 4468/4468/4468
f 4466/4466/4466 4468/4468/4468 4469/4469/4469
f 4470/4470/4470 4471/4471/4471 4472/4472/4472
f 4470/4470/4470 4472/4472/4472 4473/4473/4473
f 4474/4474/4474 4475/4475/4475 4476/4476/4476
f 4474/4474/4474 4476/4476/4476 4477/4477/4477
f 4478/4478/4478 4479/4479/4479 4480/4480/4480
f 4478/4478/4478 4480/4480/4480 4481/4481/4481
f 4482/4482/4482 4483/4483/4483 4484/4484/4484
f 4482/4482/4482 4484/4484/4484 4485/4485/4485
f 4486/4486/4486 4487/4487/4487 4488/4488/4488
f 4486/4486/4486 4488/4488/4488 4489/4489/4489
f 4490/4490/4490 4491/4491/4491 4492/4492/4492
f 4490/4490/4490 4492/4492/4492 4493/4493/4493
f 4494/4494/4494 4495/4495/4495 4496/4496/4496
f 4494/4494/4494 4496/4496/4496 4497/4497/4497
f 4498/4498/4498 4499/4499/4499 4500/4500/4500
f 4498/4498/4498 4500/4500/4500 4501/4501/4501
f 4502/4502/4502 4503/4503/4503 4504/4504/4504
f 4502/4502/4502 4504/4504/4504 4505/4505/4505
f 4506/4506/4506 4507/4507/4507 4508/4508/4508
f 4506/4506/4506 4508/4508/4508 4509/4509/4509
f 4510/4510/4510 4511/4511/4511 4512/4512/4512
f 4510/4510/4510 4512/4512/4512 4513/4513/4513
f 4514/4514/4514 4515/4515/4515 4516/4516/4516
f 4514/4514/4514 4516/4516/4516 4517/4517/4517
f 4518/4518/4518 4519/4519/4519 4520/4520/4520
f 4518/4518/4518 4520/4520/4520 4521/4521/4521
f 4522/4522/4522 4523/4523/4523 4524/4524/4524
f 4522/4522/4522 4524/4524/4524 4525/4525/4525
f 4526/4526/4526 4527/4527/4527 4528/4528/4528
f 4526/4526/4526 4528/4528/4528 4529/4529/4529
f 4530/4530/4530 4531/4531/4531 4532/4532/4532
f 4530/4530/4530 4532/4532/4532 4533/4533/4533
f 4534/4534/4534 4535/4535/4535 4536/4536/4536
f 4534/4534/4534 4536/4536/4536 4537/4537/4537
f 4538/4538/4538 4539/4539/4539 4540/4540/4540
f 4538/4538/4538 4540/4540/4540 4541/4541/4541
f 4542/4542/4542 4543/4543/4543 4544/4544/4544
f 4542/4542/4542 4544/4544/4544 4545/4545/4545
f 4546/4546/4546 4547/4547/4547 4548/4548/4548
f 4546/4546/4546 4548/4548/4548 4549/4549/4549
f 4550/4550/4550 4551/4551/4551 4552/4552/4552
f 4550/4550/4550 4552/4552/4552 4553/4553/4553
f 4554/4554/4554 4555/4555/4555 4556/4556/4556
f 4554/4554/4554 4556/4556/4556 4557/4557/4557
f 4558/4558/4558 4559/4559/4559 4560/4560/4560
f 4558/4558/4558 4560/4560/4560 4561/4561/4561
f 4562/4562/4562 4563/4563/4563 4564/4564/4564
f 4562/4562/4562 4564/4564/4564 4565/4565/4565
f 4566/4566/4566 4567/4567/4567 4568/4568/4568
f 4566/4566/4566 4568/4568/4568 4569/4569/4569
f 4570/4570/4570 4571/4571/4571 4572/4572/4572
f 4570/4570/4570 4572/4572/4572 4573/4573/4573
f 4574/4574/4574 4575/4575/4575 4576/4576/4576
f 4574/4574/4574 4576/4576/4576 4577/4577/4577
f 4578/4578/4578 4579/4579/4579 4580/4580/4580
f 4578/4578/4578 4580/4580/4580 4581/4581/4581
f 4582/4582/4582 4583/4583/4583 4584/4584/4584
f 4582/4582/4582 4584/4584/4584 4585/4585/4585
f 4802/4802/4802 4803/4803/4803 4804/4804/4804
f 4802/4802/4802 4804/4804/4804 4805/4805/4805
f 4806/4806/4806 4807/4807/4807 4808/4808/4808
f 4806/4806/4806 4808/4808/4808 4809/4809/4809
f 4810/4810/4810 4811/4811/4811 4812/4812/4812
f 4810/4810/4810 4812/4812/4812 4813/4813/4813
f 4814/4814/4814 4815/4815/4815 4816/4816/4816
f 4814/4814/4814 4816/4816/4816 4817/4817/4817
f 4818/4818/4818 4819/4819/4819 4820/4820/4820
f 4818/4818/4818 4820/4820/4820 4821/4821/4821
f 4822/4822/4822 4823/4823/4823 4824/4824/4824
f 4822/4822/4822 4824/4824/4824 4825/4825/4825
f 4826/4826/4826 4827/4827/4827 4828/4828/4828
f 4826/4826/4826 4828/4828/4828 4829/4829/4829
f 4830/4830/4830 4831/4831/4831 4832/4832/4832
f 4830/4830/4830 4832/4832/4832 4833/4833/4833
f 4834/4834/4834 4835/4835/4835 4836/4836/4836
f 4834/4834/4834 4836/4836/4836 4837/4837/4837
f 4838/4838/4838 4839/4839/4839 4840/4840/4840
f 4838/4838/4838 4840/4840/4840 4841/4841/4841
f 4842/4842/4842 4843/4843/4843 4844/4844/4844
f 4842/4842/4842 4844/4844/4844 4845/4845/4845
f 4846/4846/4846 4847/4847/4847 4848/4848/4848
f 4846/4846/4846 4848/4848/4848 4849/4849/4849
f 4850/4850/4850 4851/4851/4851 4852/4852/4852
f 4850/4850/4850 4852/4852/4852 4853/4853/4853
f 4854/4854/4854 4855/4855/4855 4856/4856/4856
f 4854/4854/4854 4856/4856/4856 4857/4857/4857
f 4858/4858/4858 4859/4859/4859 4860/4860/4860
f 4858/4858/4858 4860/4860/4860 4861/4861/4861
f 4862/4862/4862 4863/4863/4863 4864/4864/4864
f 4862/4862/4862 4864/4864/4864 4865/4865/4865
f 4866/4866/4866 4867/4867/4867 4868/4868/4868
f 4866/4866/4866 4868/4868/4868 4869/4869/4869
f 4870/4870/4870 4871/4871/4871 4872/4872/4872
f 4870/4870/4870 4872/4872/4872 4873/4873/4873
f 4874/4874/4874 4875/4875/4875 4876/4876/4876
f 4874/4874/4874 4876/4876/4876 4877/4877/4877
f 4878/4878/4878 4879/4879/4879 4880/4880/4880
f 4878/4878/4878 4880/4880/4880 4881/4881/4881
f 4882/4882/4882 4883/4883/4883 4884/4884/4884
f 4882/4882/4882 4884/4884/4884 4885/4885/4885
f 4886/4886/4886 4887/4887/4887 4888/4888/4888
f 4886/4886/4886 4888/4888/4888 4889/4889/4889
f 4890/4890/4890 4891/4891/4891 4892/4892/4892
f 4890/4890/4890 4892/4892/4892 4893/4893/4893
f 4894/4894/4894 4895/4895/4895 4896/4896/4896
f 4894/4894/4894 4896/4896/4896 4897/4897/4897
f 4898/4898/4898 4899/4899/4899 4900/4900/4900
f 4898/4898/4898 4900/4900/4900 4901/4901/4901
f 4902/4902/4902 4903/4903/4903 4904/4904/4904
f 4902/4902/4902 4904/4904/4904 4905/4905/4905
f 4906/4906/4906 4907/4907/4907 4908/4908/4908
f 4906/4906/4906 4908/4908/4908 4909/4909/4909
f 4910/4910/4910 4911/4911/4911 4912/4912/4912
f 4910/4910/4910 4912/4912/4912 4913/4913/4913
f 4914/4914/4914 4915/4915/4915 4916/4916/4916
f 4914/4914/4914 4916/4916/4916 4917/4917/4917
f 4918/4918/4918 4919/4919/4919 4920/4920/4920
f 4918/4918/4918 4920/4920/4920 4921/4921/4921
f 4922/4922/4922 4923/4923/4923 4924/4924/4924
f 4922/4922/4922 4924/4924/4924 4925/4925/4925
f 4926/4926/4926 4927/4927/4927 4928/4928/4928
f 4926/4926/4926 4928/4928/4928 4929/4929/4929
f 4930/4930/4930 4931/4931/4931 4932/4932/4932
f 4930/4930/4930 4932/4932/4932 4933/4933/4933
f 4934/4934/4934 4935/4935/4935 4936/4936/4936
f 4934/4934/4934 4936/4936/4936 4937/4937/4937
f 4938/4938/4938 4939/4939/4939 4940/4940/4940
f 4938/4938/4938 4940/4940/4940 4941/4941/4941
f 4942/4942/4942 4943/4943/4943 4944/4944/4944
f 4942/4942/4942 4944/4944/4944 4945/4945/4945
f 4946/4946/4946 4947/4947/4947 4948/4948/4948
f 4946/4946/4946 4948/4948/4948 4949/4949/4949
f 4950/4950/4950 4951/4951/4951 4952/4952/4952
f 4950/4950/4950 4952/4952/4952 4953/4953/4953
f 4954/4954/4954 4955/4955/4955 4956/4956/4956
f 4954/4954/4954 4956/4956/4956 4957/4957/4957
f 4958/4958/4958 4959/4959/4959 4960/4960/4960
f 4958/4958/4958 4960/4960/4960 4961/4961/4961
f 4962/4962/4962 4963/4963/4963 4964/4964/4964
f 4962/4962/4962 4964/4964/4964 4965/4965/4965
f 4966/4966/4966 4967/4967/4967 4968/4968/4968
f 4966/4966/4966 4968/4968/4968 4969/4969/4969
f 4970/4970/4970 4971/4971/4971 4972/4972/4972
f 4970/4970/4970 4972/4972/4972 4973/4973/4973
f 4974/4974/4974 4975/4975/4975 4976/4976/4976
f 4974/4974/4974 4976/4976/4976 4977/4977/4977
f 4978/4978/4978 4979/4979/4979 4980/4980/4980
f 4978/4978/4978 4980/4980/4980 4981/4981/4981
f 4982/4982/4982 4983/4983/4983 4984/4984/4984
f 4982/4982/4982 4984/4984/4984 4985/4985/4985
f 4986/4986/4986 4987/4987/4987 4988/4988/4988
f 4986/4986/4986 4988/4988/4988 4989/4989/4989
f 4990/4990/4990 4991/4991/4991 4992/4992/4992
f 4990/4990/4990 4992/4992/4992 4993/4993/4993
f 4994/4994/4994 4995/4995/4995 4996/4996/4996
f 4994/4994/4994 4996/4996/4996 4997/4997/4997
f 4998/4998/4998 4999/4999/4999 5000/5000/5000
f 4998/4998/4998 5000/5000/5000 5001/5001/5001
f 5002/5002/5002 5003/5003/5003 5004/5004/5004
f 5002/5002/5002 5004/5004/5004 5005/5005/5005
f 5006/5006/5006 5007/5007/5007 5008/5008/5008
f 5006/5006/5006 5008/5008/5008 5009/5009/5009
f 5010/5010/5010 5011/5011/5011 5012/5012/5012
f 5010/5010/5010 5012/5012/5012 5013/5013/5013
f 5014/5014/5014 5015/5015/5015 5016/5016/5016
f 5014/5014/5014 5016/5016/5016 5017/5017/5017
f 5018/5018/5018 5019/5019/5019 5020/5020/5020
f 5018/5018/5018 5020/5020/5020 5021/5021/5021
f 5022/5022/5022 5023/5023/5023 5024/5024/5024
f 5022/5022/5022 5024/5024/5024 5025/5025/5025
f 5026/5026/5026 5027/5027/5027 5028/5028/5028
f 5026/5026/5026 5028/5028/5028 5029/5029/5029
f 5030/5030/5030 5031/5031/5031 5032/5032/5032
f 5030/5030/5030 5032/5032/5032 5033/5033/5033
f 5034/5034/5034 5035/5035/5035 5036/5036/5036
f 5034/5034/5034 5036/5036/5036 5037/5037/5037
f 5038/5038/5038 5039/5039/5039 5040/5040/5040
f 5038/5038/5038 5040/5040/5040 5041/5041/5041
f 5042/5042/5042 5043/5043/5043 5044/5044/5044
f 5042/5042/5042 5044/5044/5044 5045/5045/5045
f 5046/5046/5046 5047/5047/5047 5048/5048/5048
f 5046/5046/5046 5048/5048/5048 5049/5049/5049
f 5050/5050/5050 5051/5051/5051 5052/5052/5052
f 5050/5050/5050 5052/5052/5052 5053/5053/5053
f 5054/5054/5054 5055/5055/5055 5056/5056/5056
f 5054/5054/5054 5056/5056/5056 5057/5057/5057
f 5058/5058/5058 5059/5059/5059 5060/5060/5060
f 5058/5058/5058 5060/5060/5060 5061/5061/5061
f 5062/5062/5062 5063/5063/5063 5064/5064/5064
f 5062/5062/5062 5064/5064/5064 5065/5065/5065
f 5066/5066/5066 5067/5067/5067 5068/5068/5068
f 5066/5066/5066 5068/5068/5068 5069/5069/5069
f 5070/5070/5070 5071/5071/5071 5072/5072/5072
f 5070/5070/5070 5072/5072/5072 5073/5073/5073
f 5074/5074/5074 5075/5075/5075 5076/5076/5076
f 5074/5074/5074 5076/5076/5076 5077/5077/5077
f 5078/5078/5078 5079/5079/5079 5080/5080/5080
f 5078/5078/5078 5080/5080/5080 5081/5081/5081
f 5082/5082/5082 5083/5083/5083 5084/5084/5084
f 5082/5082/5082 5084/5084/5084 5085/5085/5085
f 5086/5086/5086 5087/5087/5087 5088/5088/5088
f 5086/5086/5086 5088/5088/5088 5089/5089/5089
f 5090/5090/5090 5091/5091/5091 5092/5092/5092
f 5090/5090/5090 5092/5092/5092 5093/5093/5093
f 5094/5094/5094 5095/5095/5095 5096/5096/5096
f 5094/5094/5094 5096/5096/5096 5097/5097/5097
f 5098/5098/5098 5099/5099/5099 5100/5100/5100
f 5098/5098/5098 5100/5100/5100 5101/5101/5101
f 5102/5102/5102 5103/5103/5103 5104/5104/5104
f 5102/5102/5102 5104/5104/5104 5105/5105/5105
f 5106/5106/5106 5107/5107/5107 5108/5108/5108
f 5106/5106/5106 5108/5108/5108 5109/5109/5109
f 5110/5110/5110 5111/5111/5111 5112/5112/5112
f 5110/5110/5110 5112/5112/5112 5113/5113/5113
f 5114/5114/5114 5115/5115/5115 5116/5116/5116
f 5114/5114/5114 5116/5116/5116 5117/5117/5117
f 5118/5118/5118 5119/5119/5119 5120/5120/5120
f 5118/5118/5118 5120/5120/5120 5121/5121/5121
f 5122/5122/5122 5123/5123/5123 5124/5124/5124
f 5122/5122/5122 5124/5124/5124 5125/5125/5125
f 5126/5126/5126 5127/5127/5127 5128/5128/5128
f 5126/5126/5126 5128/5128/5128 5129/5129/5129
f 5130/5130/5130 5131/5131/5131 5132/5132/5132
f 5130/5130/5130 5132/5132/5132 5133/5133/5133
f 5134/5134/5134 5135/5135/5135 5136/5136/5136
f 5134/5134/5134 5136/5136/5136 5137/5137/5137
f 5138/5138/5138 5139/5139/5139 5140/5140/5140
f 5138/5138/5138 5140/5140/5140 5141/5141/5141
f 5142/5142/5142 5143/5143/5143 5144/5144/5144
f 5142/5142/5142 5144/5144/5144 5145/5145/5145
f 5146/5146/5146 5147/5147/5147 5148/5148/5148
f 5146/5146/5146 5148/5148/5148 5149/5149/5149
f 5150/5150/5150 5151/5151/5151 5152/5152/5152
f 5150/5150/5150 5152/5152/5152 5153/5153/5153
f 5154/5154/5154 5155/5155/5155 5156/5156/5156
f 5154/5154/5154 5156/5156/5156 5157/5157/5157
f 5158/5158/5158 5159/5159/5159 5160/5160/5160
f 5158/5158/5158 5160/5160/5160 5161/5161/5161
f 5162/5162/5162 5163/5163/5163 5164/5164/5164
f 5162/5162/5162 5164/5164/5164 5165/5165/5165
f 5166/5166/5166 5167/5167/5167 5168/5168/5168
f 5166/5166/5166 5168/5168/5168 5169/5169/5169
f 5170/5170/5170 5171/5171/5171 5172/5172/5172
f 5170/5170/5170 5172/5172/5172 5173/5173/5173
f 5174/5174/5174 5175/5175/5175 5176/5176/5176
f 5174/5174/5174 5176/5176/5176 5177/5177/5177
f 5178/5178/5178 5179/5179/5179 5180/5180/5180
f 5178/5178/5178 5180/5180/5180 5181/5181/5181
f 5182/5182/5182 5183/5183/5183 5184/5184/5184
f 5182/5182/5182 5184/5184/5184 5185/5185/5185
f 5284/5284/5284 5285/5285/5285 5286/5286/5286
f 5284/5284/5284 5286/5286/5286 5287/5287/5287
f 5288/5288/5288 5289/5289/5289 5290/5290/5290
f 5288/5288/5288 5290/5290/5290 5291/5291/5291
f 5292/5292/5292 5293/5293/5293 5294/5294/5294
f 5292/5292/5292 5294/5294/5294 5295/5295/5295
f 5296/5296/5296 5297/5297/5297 5298/5298/5298
f 5296/5296/5296 5298/5298/5298 5299/5299/5299
f 5300/5300/5300 5301/5301/5301 5302/5302/5302
f 5300/5300/5300 5302/5302/5302 5303/5303/5303
f 5304/5304/5304 5305/5305/5305 5306/5306/5306
f 5304/5304/5304 5306/5306/5306 5307/5307/5307
f 5332/5332/5332 5333/5333/5333 5334/5334/5334
f 5332/5332/5332 5334/5334/5334 5335/5335/5335
f 5336/5336/5336 5337/5337/5337 5338/5338/5338
f 5336/5336/5336 5338/5338/5338 5339/5339/5339
f 5340/5340/5340 5341/5341/5341 5342/5342/5342
f 5340/5340/5340 5342/5342/5342 5343/5343/5343
f 5344/5344/5344 5345/5345/5345 5346/5346/5346
f 5344/5344/5344 5346/5346/5346 5347/5347/5347
f 5348/5348/5348 5349/5349/5349 5350/5350/5350
f 5348/5348/5348 5350/5350/5350 5351/5351/5351
f 5352/5352/5352 5353/5353/5353 5354/5354/5354
f 5352/5352/5352 5354/5354/5354 5355/5355/5355
f 5356/5356/5356 5357/5357/5357 5358/5358/5358
f 5356/5356/5356 5358/5358/5358 5359/5359/5359
f 5360/5360/5360 5361/5361/5361 5362/5362/5362
f 5360/5360/5360 5362/5362/5362 5363/5363/5363
f 5364/5364/5364 5365/5365/5365 5366/5366/5366
f 5364/5364/5364 5366/5366/5366 5367/5367/5367
f 5368/5368/5368 5369/5369/5369 5370/5370/5370
f 5368/5368/5368 5370/5370/5370 5371/5371/5371
f 5372/5372/5372 5373/5373/5373 5374/5374/5374
f 5372/5372/5372 5374/5374/5374 5375/5375/5375
f 5376/5376/5376 5377/5377/5377 5378/5378/5378
f 5376/5376/5376 5378/5378/5378 5379/5379/5379
f 5380/5380/5380 5381/5381/5381 5382/5382/5382
f 5380/5380/5380 5382/5382/5382 5383/5383/5383
f 5384/5384/5384 5385/5385/5385 5386/5386/5386
f 5384/5384/5384 5386/5386/5386 5387/5387/5387
f 5388/5388/5388 5389/5389/5389 5390/5390/5390
f 5388/5388/5388 5390/5390/5390 5391/5391/5391
f 5392/5392/5392 5393/5393/5393 5394/5394/5394
f 5392/5392/5392 5394/5394/5394 5395/5395/5395
f 5396/5396/5396 5397/5397/5397 5398/5398/5398
f 5396/5396/5396 5398/5398/5398 5399/5399/5399
f 5400/5400/5400 5401/5401/5401 5402/5402/5402
f 5400/5400/5400 5402/5402/5402 5403/5403/5403
f 5404/5404/5404 5405/5405/5405 5406/5406/5406
f 5404/5404/5404 5406/5406/5406 5407/5407/5407
f 5408/5408/5408 5409/5409/5409 5410/5410/5410
f 5408/5408/5408 5410/5410/5410 5411/5411/5411
f 5412/5412/5412 5413/5413/5413 5414/5414/5414
f 5412/5412/5412 5414/5414/5414 5415/5415/5415
f 5416/5416/5416 5417/5417/5417 5418/5418/5418
f 5416/5416/5416 5418/5418/5418 5419/5419/5419
f 5420/5420/5420 5421/5421/5421 5422/5422/5422
f 5420/5420/5420 5422/5422/5422 5423/5423/5423
f 5424/5424/5424 5425/5425/5425 5426/5426/5426
f 5424/5424/5424 5426/5426/5426 5427/5427/5427
f 5428/5428/5428 5429/5429/5429 5430/5430/5430
f 5428/5428/5428 5430/5430/5430 5431/5431/5431
f 5432/5432/5432 5433/5433/5433 5434/5434/5434
f 5432/5432/5432 5434/5434/5434 5435/5435/5435
f 5436/5436/5436 5437/5437/5437 5438/5438/5438
f 5436/5436/5436 5438/5438/5438 5439/5439/5439
f 5440/5440/5440 5441/5441/5441 5442/5442/5442
f 5440/5440/5440 5442/5442/5442 5443/5443/5443
f 5444/5444/5444 5445/5445/5445 5446/5446/5446
f 5444/5444/5444 5446/5446/5446 5447/5447/5447
f 5448/5448/5448 5449/5449/5449 5450/5450/5450
f 5448/5448/5448 5450/5450/5450 5451/5451/5451
f 5452/5452/5452 5453/5453/5453 5454/5454/5454
f 5452/5452/5452 5454/5454/5454 5455/5455/5455
f 5456/5456/5456 5457/5457/5457 5458/5458/5458
f 5456/5456/5456 5458/5458/5458 5459/5459/5459
f 5532/5532/5532 5533/5533/5533 5534/5534/5534
f 5532/5532/5532 5534/5534/5534 5535/5535/5535
f 5536/5536/5536 5537/5537/5537 5538/5538/5538
f 5536/5536/5536 5538/5538/5538 5539/5539/5539
f 5540/5540/5540 5541/5541/5541 5542/5542/5542
f 5540/5540/5540 5542/5542/5542 5543/5543/5543
f 5544/5544/5544 5545/5545/5545 5546/5546/5546
f 5544/5544/5544 5546/5546/5546 5547/5547/5547
f 5548/5548/5548 5549/5549/5549 5550/5550/5550
f 5548/5548/5548 5550/5550/5550 5551/5551/5551
f 5552/5552/5552 5553/5553/5553 5554/5554/5554
f 5552/5552/5552 5554/5554/5554 5555/5555/5555
g Glow_Cyan
usemtl Glow_Cyan
f 306/306/306 307/307/307 308/308/308
f 306/306/306 308/308/308 309/309/309
f 310/310/310 311/311/311 312/312/312
f 310/310/310 312/312/312 313/313/313
f 314/314/314 315/315/315 316/316/316
f 314/314/314 316/316/316 317/317/317
f 318/318/318 319/319/319 320/320/320
f 318/318/318 320/320/320 321/321/321
f 322/322/322 323/323/323 324/324/324
f 322/322/322 324/324/324 325/325/325
f 326/326/326 327/327/327 328/328/328
f 326/326/326 328/328/328 329/329/329
f 330/330/330 331/331/331 332/332/332
f 330/330/330 332/332/332 333/333/333
f 334/334/334 335/335/335 336/336/336
f 334/334/334 336/336/336 337/337/337
f 338/338/338 339/339/339 340/340/340
f 338/338/338 340/340/340 341/341/341
f 342/342/342 343/343/343 344/344/344
f 342/342/342 344/344/344 345/345/345
f 346/346/346 347/347/347 348/348/348
f 346/346/346 348/348/348 349/349/349
f 350/350/350 351/351/351 352/352/352
f 350/350/350 352/352/352 353/353/353
f 354/354/354 355/355/355 356/356/356
f 354/354/354 356/356/356 357/357/357
f 358/358/358 359/359/359 360/360/360
f 358/358/358 360/360/360 361/361/361
f 362/362/362 363/363/363 364/364/364
f 362/362/362 364/364/364 365/365/365
f 366/366/366 367/367/367 368/368/368
f 366/366/366 368/368/368 369/369/369
f 370/370/370 371/371/371 372/372/372
f 370/370/370 372/372/372 373/373/373
f 374/374/374 375/375/375 376/376/376
f 374/374/374 376/376/376 377/377/377
f 378/378/378 379/379/379 380/380/380
f 378/378/378 380/380/380 381/381/381
f 382/382/382 383/383/383 384/384/384
f 382/382/382 384/384/384 385/385/385
f 386/386/386 387/387/387 388/388/388
f 386/386/386 388/388/388 389/389/389
f 390/390/390 391/391/391 392/392/392
f 390/390/390 392/392/392 393/393/393
f 394/394/394 395/395/395 396/396/396
f 394/394/394 396/396/396 397/397/397
f 398/398/398 399/399/399 400/400/400
f 398/398/398 400/400/400 401/401/401
f 518/518/518 519/519/519 520/520/520
f 518/518/518 520/520/520 521/521/521
f 522/522/522 523/523/523 524/524/524
f 522/522/522 524/524/524 525/525/525
f 526/526/526 527/527/527 528/528/528
f 526/526/526 528/528/528 529/529/529
f 530/530/530 531/531/531 532/532/532
f 530/530/530 532/532/532 533/533/533
f 534/534/534 535/535/535 536/536/536
f 534/534/534 536/536/536 537/537/537
f 538/538/538 539/539/539 540/540/540
f 538/538/538 540/540/540 541/541/541
f 542/542/542 543/543/543 544/544/544
f 542/542/542 544/544/544 545/545/545
f 546/546/546 547/547/547 548/548/548
f 546/546/546 548/548/548 549/549/549
f 550/550/550 551/551/551 552/552/552
f 550/550/550 552/552/552 553/553/553
f 554/554/554 555/555/555 556/556/556
f 554/554/554 556/556/556 557/557/557
f 558/558/558 559/559/559 560/560/560
f 558/558/558 560/560/560 561/561/561
f 562/562/562 563/563/563 564/564/564
f 562/562/562 564/564/564 565/565/565
f 566/566/566 567/567/567 568/568/568
f 566/566/566 568/568/568 569/569/569
f 570/570/570 571/571/571 572/572/572
f 570/570/570 572/572/572 573/573/573
f 574/574/574 575/575/575 576/576/576
f 574/574/574 576/576/576 577/577/577
f 578/578/578 579/579/579 580/580/580
f 578/578/578 580/580/580 581/581/581
f 582/582/582 583/583/583 584/584/584
f 582/582/582 584/584/584 585/585/585
f 586/586/586 587/587/587 588/588/588
f 586/586/586 588/588/588 589/589/589
f 590/590/590 591/591/591 592/592/592
f 590/590/590 592/592/592 593/593/593
f 594/594/594 595/595/595 596/596/596
f 594/594/594 596/596/596 597/597/597
f 598/598/598 599/599/599 600/600/600
f 598/598/598 600/600/600 601/601/601
f 602/602/602 603/603/603 604/604/604
f 602/602/602 604/604/604 605/605/605
f 606/606/606 607/607/607 608/608/608
f 606/606/606 608/608/608 609/609/609
f 610/610/610 611/611/611 612/612/612
f 610/610/610 612/612/612 613/613/613
f 662/662/662 663/663/663 664/664/664
f 662/662/662 664/664/664 665/665/665
f 666/666/666 667/667/667 668/668/668
f 666/666/666 668/668/668 669/669/669
f 670/670/670 671/671/671 672/672/672
f 670/670/670 672/672/672 673/673/673
f 674/674/674 675/675/675 676/676/676
f 674/674/674 676/676/676 677/677/677
f 678/678/678 679/679/679 680/680/680
f 678/678/678 680/680/680 681/681/681
f 682/682/682 683/683/683 684/684/684
f 682/682/682 684/684/684 685/685/685
f 686/686/686 687/687/687 688/688/688
f 686/686/686 688/688/688 689/689/689
f 690/690/690 691/691/691 692/692/692
f 690/690/690 692/692/692 693/693/693
f 694/694/694 695/695/695 696/696/696
f 694/694/694 696/696/696 697/697/697
f 698/698/698 699/699/699 700/700/700
f 698/698/698 700/700/700 701/701/701
f 702/702/702 703/703/703 704/704/704
f 702/702/702 704/704/704 705/705/705
f 706/706/706 707/707/707 708/708/708
f 706/706/706 708/708/708 709/709/709
f 710/710/710 711/711/711 712/712/712
f 710/710/710 712/712/712 713/713/713
f 714/714/714 715/715/715 716/716/716
f 714/714/714 716/716/716 717/717/717
f 718/718/718 719/719/719 720/720/720
f 718/718/718 720/720/720 721/721/721
f 722/722/722 723/723/723 724/724/724
f 722/722/722 724/724/724 725/725/725
f 726/726/726 727/727/727 728/728/728
f 726/726/726 728/728/728 729/729/729
f 730/730/730 731/731/731 732/732/732
f 730/730/730 732/732/732 733/733/733
f 734/734/734 735/735/735 736/736/736
f 734/734/734 736/736/736 737/737/737
f 738/738/738 739/739/739 740/740/740
f 738/738/738 740/740/740 741/741/741
f 742/742/742 743/743/743 744/744/744
f 742/742/742 744/744/744 745/745/745
f 746/746/746 747/747/747 748/748/748
f 746/746/746 748/748/748 749/749/749
f 750/750/750 751/751/751 752/752/752
f 750/750/750 752/752/752 753/753/753
f 754/754/754 755/755/755 756/756/756
f 754/754/754 756/756/756 757/757/757
f 806/806/806 807/807/807 808/808/808
f 806/806/806 808/808/808 809/809/809
f 810/810/810 811/811/811 812/812/812
f 810/810/810 812/812/812 813/813/813
f 814/814/814 815/815/815 816/816/816
f 814/814/814 816/816/816 817/817/817
f 818/818/818 819/819/819 820/820/820
f 818/818/818 820/820/820 821/821/821
f 822/822/822 823/823/823 824/824/824
f 822/822/822 824/824/824 825/825/825
f 826/826/826 827/827/827 828/828/828
f 826/826/826 828/828/828 829/829/829
f 830/830/830 831/831/831 832/832/832
f 830/830/830 832/832/832 833/833/833
f 834/834/834 835/835/835 836/836/836
f 834/834/834 836/836/836 837/837/837
f 838/838/838 839/839/839 840/840/840
f 838/838/838 840/840/840 841/841/841
f 842/842/842 843/843/843 844/844/844
f 842/842/842 844/844/844 845/845/845
f 846/846/846 847/847/847 848/848/848
f 846/846/846 848/848/848 849/849/849
f 850/850/850 851/851/851 852/852/852
f 850/850/850 852/852/852 853/853/853
f 854/854/854 855/855/855 856/856/856
f 854/854/854 856/856/856 857/857/857
f 858/858/858 859/859/859 860/860/860
f 858/858/858 860/860/860 861/861/861
f 862/862/862 863/863/863 864/864/864
f 862/862/862 864/864/864 865/865/865
f 866/866/866 867/867/867 868/868/868
f 866/866/866 868/868/868 869/869/869
f 870/870/870 871/871/871 872/872/872
f 870/870/870 872/872/872 873/873/873
f 874/874/874 875/875/875 876/876/876
f 874/874/874 876/876/876 877/877/877
f 878/878/878 879/879/879 880/880/880
f 878/878/878 880/880/880 881/881/881
f 882/882/882 883/883/883 884/884/884
f 882/882/882 884/884/884 885/885/885
f 886/886/886 887/887/887 888/888/888
f 886/886/886 888/888/888 889/889/889
f 890/890/890 891/891/891 892/892/892
f 890/890/890 892/892/892 893/893/893
f 894/894/894 895/895/895 896/896/896
f 894/894/894 896/896/896 897/897/897
f 898/898/898 899/899/899 900/900/900
f 898/898/898 900/900/900 901/901/901
f 1004/1004/1004 1008/1008/1008 1009/1009/1009
f 1004/1004/1004 1009/1009/1009 1005/1005/1005
f 1005/1005/1005 1009/1009/1009 1011/1011/1011
f 1005/1005/1005 1011/1011/1011 1007/1007/1007
f 1006/1006/1006 1010/1010/1010 1008/1008/1008
f 1006/1006/1006 1008/1008/1008 1004/1004/1004
f 1008/1008/1008 1012/1012/1012 1013/1013/1013
f 1008/1008/1008 1013/1013/1013 1009/1009/1009
f 1009/1009/1009 1013/1013/1013 1015/1015/1015
f 1009/1009/1009 1015/1015/1015 1011/1011/1011
f 1010/1010/1010 1014/1014/1014 1012/1012/1012
f 1010/1010/1010 1012/1012/1012 1008/1008/1008
f 1012/1012/1012 1016/1016/1016 1017/1017/1017
f 1012/1012/1012 1017/1017/1017 1013/1013/1013
f 1013/1013/1013 1017/1017/1017 1019/1019/1019
f 1013/1013/1013 1019/1019/1019 1015/1015/1015
f 1014/1014/1014 1018/1018/1018 1016/1016/1016
f 1014/1014/1014 1016/1016/1016 1012/1012/1012
f 1016/1016/1016 1020/1020/1020 1021/1021/1021
f 1016/1016/1016 1021/1021/1021 1017/1017/1017
f 1017/1017/1017 1021/1021/1021 1023/1023/1023
f 1017/1017/1017 1023/1023/1023 1019/1019/1019
f 1018/1018/1018 1022/1022/1022 1020/1020/1020
f 1018/1018/1018 1020/1020/1020 1016/1016/1016
f 1020/1020/1020 1024/1024/1024 1025/1025/1025
f 1020/1020/1020 1025/1025/1025 1021/1021/1021
f 1021/1021/1021 1025/1025/1025 1027/1027/1027
f 1021/1021/1021 1027/1027/1027 1023/1023/1023
f 1022/1022/1022 1026/1026/1026 1024/1024/1024
f 1022/1022/1022 1024/1024/1024 1020/1020/1020
f 1024/1024/1024 1028/1028/1028 1029/1029/1029
f 1024/1024/1024 1029/1029/1029 1025/1025/1025
f 1025/1025/1025 1029/1029/1029 1031/1031/1031
f 1025/1025/1025 1031/1031/1031 1027/1027/1027
f 1026/1026/1026 1030/1030/1030 1028/1028/1028
f 1026/1026/1026 1028/1028/1028 1024/1024/1024
f 1028/1028/1028 1032/1032/1032 1033/1033/1033
f 1028/1028/1028 1033/1033/1033 1029/1029/1029
f 1029/1029/1029 1033/1033/1033 1035/1035/1035
f 1029/1029/1029 1035/1035/1035 1031/1031/1031
f 1030/1030/1030 1034/1034/1034 1032/1032/1032
f 1030/1030/1030 1032/1032/1032 1028/1028/1028
f 1032/1032/1032 1036/1036/1036 1037/1037/1037
f 1032/1032/1032 1037/1037/1037 1033/1033/1033
f 1033/1033/1033 1037/1037/1037 1039/1039/1039
f 1033/1033/1033 1039/1039/1039 1035/1035/1035
f 1034/1034/1034 1038/1038/1038 1036/1036/1036
f 1034/1034/1034 1036/1036/1036 1032/1032/1032
f 1036/1036/1036 1040/1040/1040 1041/1041/1041
f 1036/1036/1036 1041/1041/1041 1037/1037/1037
f 1037/1037/1037 1041/1041/1041 1043/1043/1043
f 1037/1037/1037 1043/1043/1043 1039/1039/1039
f 1038/1038/1038 1042/1042/1042 1040/1040/1040
f 1038/1038/1038 1040/1040/1040 1036/1036/1036
f 1040/1040/1040 1044/1044/1044 1045/1045/1045
f 1040/1040/1040 1045/1045/1045 1041/1041/1041
f 1041/1041/1041 1045/1045/1045 1047/1047/1047
f 1041/1041/1041 1047/1047/1047 1043/1043/1043
f 1042/1042/1042 1046/1046/1046 1044/1044/1044
f 1042/1042/1042 1044/1044/1044 1040/1040/1040
f 1044/1044/1044 1048/1048/1048 1049/1049/1049
f 1044/1044/1044 1049/1049/1049 1045/1045/1045
f 1045/1045/1045 1049/1049/1049 1051/1051/1051
f 1045/1045/1045 1051/1051/1051 1047/1047/1047
f 1046/1046/1046 1050/1050/1050 1048/1048/1048
f 1046/1046/1046 1048/1048/1048 1044/1044/1044
f 1048/1048/1048 1052/1052/1052 1053/1053/1053
f 1048/1048/1048 1053/1053/1053 1049/1049/1049
f 1049/1049/1049 1053/1053/1053 1055/1055/1055
f 1049/1049/1049 1055/1055/1055 1051/1051/1051
f 1050/1050/1050 1054/1054/1054 1052/1052/1052
f 1050/1050/1050 1052/1052/1052 1048/1048/1048
f 1052/1052/1052 1056/1056/1056 1057/1057/1057
f 1052/1052/1052 1057/1057/1057 1053/1053/1053
f 1053/1053/1053 1057/1057/1057 1059/1059/1059
f 1053/1053/1053 1059/1059/1059 1055/1055/1055
f 1054/1054/1054 1058/1058/1058 1056/1056/1056
f 1054/1054/1054 1056/1056/1056 1052/1052/1052
f 1056/1056/1056 1060/1060/1060 1061/1061/1061
f 1056/1056/1056 1061/1061/1061 1057/1057/1057
f 1057/1057/1057 1061/1061/1061 1063/1063/1063
f 1057/1057/1057 1063/1063/1063 1059/1059/1059
f 1058/1058/1058 1062/1062/1062 1060/1060/1060
f 1058/1058/1058 1060/1060/1060 1056/1056/1056
f 1060/1060/1060 1064/1064/1064 1065/1065/1065
f 1060/1060/1060 1065/1065/1065 1061/1061/1061
f 1061/1061/1061 1065/1065/1065 1067/1067/1067
f 1061/1061/1061 1067/1067/1067 1063/1063/1063
f 1062/1062/1062 1066/1066/1066 1064/1064/1064
f 1062/1062/1062 1064/1064/1064 1060/1060/1060
f 1064/1064/1064 1004/1004/1004 1005/1005/1005
f 1064/1064/1064 1005/1005/1005 1065/1065/1065
f 1065/1065/1065 1005/1005/1005 1007/1007/1007
f 1065/1065/1065 1007/1007/1007 1067/1067/1067
f 1066/1066/1066 1006/1006/1006 1004/1004/1004
f 1066/1066/1066 1004/1004/1004 1064/1064/1064
f 1164/1164/1164 1165/1165/1165 1166/1166/1166
f 1164/1164/1164 1166/1166/1166 1167/1167/1167
f 1168/1168/1168 1169/1169/1169 1170/1170/1170
f 1168/1168/1168 1170/1170/1170 1171/1171/1171
f 1172/1172/1172 1173/1173/1173 1174/1174/1174
f 1172/1172/1172 1174/1174/1174 1175/1175/1175
f 1176/1176/1176 1177/1177/1177 1178/1178/1178
f 1176/1176/1176 1178/1178/1178 1179/1179/1179
f 1180/1180/1180 1181/1181/1181 1182/1182/1182
f 1180/1180/1180 1182/1182/1182 1183/1183/1183
f 1184/1184/1184 1185/1185/1185 1186/1186/1186
f 1184/1184/1184 1186/1186/1186 1187/1187/1187
f 1284/1284/1284 1285/1285/1285 1286/1286/1286
f 1284/1284/1284 1286/1286/1286 1287/1287/1287
f 1288/1288/1288 1289/1289/1289 1290/1290/1290
f 1288/1288/1288 1290/1290/1290 1291/1291/1291
f 1292/1292/1292 1293/1293/1293 1294/1294/1294
f 1292/1292/1292 1294/1294/1294 1295/1295/1295
f 1296/1296/1296 1297/1297/1297 1298/1298/1298
f 1296/1296/1296 1298/1298/1298 1299/1299/1299
f 1300/1300/1300 1301/1301/1301 1302/1302/1302
f 1300/1300/1300 1302/1302/1302 1303/1303/1303
f 1304/1304/1304 1305/1305/1305 1306/1306/1306
f 1304/1304/1304 1306/1306/1306 1307/1307/1307
f 1390/1390/1390 1391/1391/1391 1392/1392/1392
f 1390/1390/1390 1392/1392/1392 1393/1393/1393
f 1394/1394/1394 1395/1395/1395 1396/1396/1396
f 1394/1394/1394 1396/1396/1396 1397/1397/1397
f 1398/1398/1398 1399/1399/1399 1400/1400/1400
f 1398/1398/1398 1400/1400/1400 1401/1401/1401
f 1402/1402/1402 1403/1403/1403 1404/1404/1404
f 1402/1402/1402 1404/1404/1404 1405/1405/1405
f 1406/1406/1406 1407/1407/1407 1408/1408/1408
f 1406/1406/1406 1408/1408/1408 1409/1409/1409
f 1410/1410/1410 1411/1411/1411 1412/1412/1412
f 1410/1410/1410 1412/1412/1412 1413/1413/1413
f 1414/1414/1414 1415/1415/1415 1416/1416/1416
f 1414/1414/1414 1416/1416/1416 1417/1417/1417
f 1418/1418/1418 1419/1419/1419 1420/1420/1420
f 1418/1418/1418 1420/1420/1420 1421/1421/1421
f 1422/1422/1422 1423/1423/1423 1424/1424/1424
f 1422/1422/1422 1424/1424/1424 1425/1425/1425
f 1426/1426/1426 1427/1427/1427 1428/1428/1428
f 1426/1426/1426 1428/1428/1428 1429/1429/1429
f 1430/1430/1430 1431/1431/1431 1432/1432/1432
f 1430/1430/1430 1432/1432/1432 1433/1433/1433
f 1434/1434/1434 1435/1435/1435 1436/1436/1436
f 1434/1434/1434 1436/1436/1436 1437/1437/1437
f 1534/1534/1534 1535/1535/1535 1536/1536/1536
f 1534/1534/1534 1536/1536/1536 1537/1537/1537
f 1538/1538/1538 1539/1539/1539 1540/1540/1540
f 1538/1538/1538 1540/1540/1540 1541/1541/1541
f 1542/1542/1542 1543/1543/1543 1544/1544/1544
f 1542/1542/1542 1544/1544/1544 1545/1545/1545
f 1546/1546/1546 1547/1547/1547 1548/1548/1548
f 1546/1546/1546 1548/1548/1548 1549/1549/1549
f 1550/1550/1550 1551/1551/1551 1552/1552/1552
f 1550/1550/1550 1552/1552/1552 1553/1553/1553
f 1554/1554/1554 1555/1555/1555 1556/1556/1556
f 1554/1554/1554 1556/1556/1556 1557/1557/1557
f 1558/1558/1558 1559/1559/1559 1560/1560/1560
f 1558/1558/1558 1560/1560/1560 1561/1561/1561
f 1562/1562/1562 1563/1563/1563 1564/1564/1564
f 1562/1562/1562 1564/1564/1564 1565/1565/1565
f 1566/1566/1566 1567/1567/1567 1568/1568/1568
f 1566/1566/1566 1568/1568/1568 1569/1569/1569
f 1570/1570/1570 1571/1571/1571 1572/1572/1572
f 1570/1570/1570 1572/1572/1572 1573/1573/1573
f 1574/1574/1574 1575/1575/1575 1576/1576/1576
f 1574/1574/1574 1576/1576/1576 1577/1577/1577
f 1578/1578/1578 1579/1579/1579 1580/1580/1580
f 1578/1578/1578 1580/1580/1580 1581/1581/1581
f 1680/1680/1680 1681/1681/1681 1682/1682/1682
f 1680/1680/1680 1682/1682/1682 1683/1683/1683
f 1684/1684/1684 1685/1685/1685 1686/1686/1686
f 1684/1684/1684 1686/1686/1686 1687/1687/1687
f 1688/1688/1688 1689/1689/1689 1690/1690/1690
f 1688/1688/1688 1690/1690/1690 1691/1691/1691
f 1692/1692/1692 1693/1693/1693 1694/1694/1694
f 1692/1692/1692 1694/1694/1694 1695/1695/1695
f 1696/1696/1696 1697/1697/1697 1698/1698/1698
f 1696/1696/1696 1698/1698/1698 1699/1699/1699
f 1700/1700/1700 1701/1701/1701 1702/1702/1702
f 1700/1700/1700 1702/1702/1702 1703/1703/1703
f 1802/1802/1802 1803/1803/1803 1804/1804/1804
f 1802/1802/1802 1804/1804/1804 1805/1805/1805
f 1806/1806/1806 1807/1807/1807 1808/1808/1808
f 1806/1806/1806 1808/1808/1808 1809/1809/1809
f 1810/1810/1810 1811/1811/1811 1812/1812/1812
f 1810/1810/1810 1812/1812/1812 1813/1813/1813
f 1814/1814/1814 1815/1815/1815 1816/1816/1816
f 1814/1814/1814 1816/1816/1816 1817/1817/1817
f 1818/1818/1818 1819/1819/1819 1820/1820/1820
f 1818/1818/1818 1820/1820/1820 1821/1821/1821
f 1822/1822/1822 1823/1823/1823 1824/1824/1824
f 1822/1822/1822 1824/1824/1824 1825/1825/1825
f 2306/2306/2306 2307/2307/2307 2308/2308/2308
f 2306/2306/2306 2308/2308/2308 2309/2309/2309
f 2310/2310/2310 2311/2311/2311 2312/2312/2312
f 2310/2310/2310 2312/2312/2312 2313/2313/2313
f 2314/2314/2314 2315/2315/2315 2316/2316/2316
f 2314/2314/2314 2316/2316/2316 2317/2317/2317
f 2318/2318/2318 2319/2319/2319 2320/2320/2320
f 2318/2318/2318 2320/2320/2320 2321/2321/2321
f 2322/2322/2322 2323/2323/2323 2324/2324/2324
f 2322/2322/2322 2324/2324/2324 2325/2325/2325
f 2326/2326/2326 2327/2327/2327 2328/2328/2328
f 2326/2326/2326 2328/2328/2328 2329/2329/2329
f 2378/2378/2378 2379/2379/2379 2380/2380/2380
f 2378/2378/2378 2380/2380/2380 2381/2381/2381
f 2382/2382/2382 2383/2383/2383 2384/2384/2384
f 2382/2382/2382 2384/2384/2384 2385/2385/2385
f 2386/2386/2386 2387/2387/2387 2388/2388/2388
f 2386/2386/2386 2388/2388/2388 2389/2389/2389
f 2390/2390/2390 2391/2391/2391 2392/2392/2392
f 2390/2390/2390 2392/2392/2392 2393/2393/2393
f 2394/2394/2394 2395/2395/2395 2396/2396/2396
f 2394/2394/2394 2396/2396/2396 2397/2397/2397
f 2398/2398/2398 2399/2399/2399 2400/2400/2400
f 2398/2398/2398 2400/2400/2400 2401/2401/2401
f 2450/2450/2450 2451/2451/2451 2452/2452/2452
f 2450/2450/2450 2452/2452/2452 2453/2453/2453
f 2454/2454/2454 2455/2455/2455 2456/2456/2456
f 2454/2454/2454 2456/2456/2456 2457/2457/2457
f 2458/2458/2458 2459/2459/2459 2460/2460/2460
f 2458/2458/2458 2460/2460/2460 2461/2461/2461
f 2462/2462/2462 2463/2463/2463 2464/2464/2464
f 2462/2462/2462 2464/2464/2464 2465/2465/2465
f 2466/2466/2466 2467/2467/2467 2468/2468/2468
f 2466/2466/2466 2468/2468/2468 2469/2469/2469
f 2470/2470/2470 2471/2471/2471 2472/2472/2472
f 2470/2470/2470 2472/2472/2472 2473/2473/2473
f 2522/2522/2522 2523/2523/2523 2524/2524/2524
f 2522/2522/2522 2524/2524/2524 2525/2525/2525
f 2526/2526/2526 2527/2527/2527 2528/2528/2528
f 2526/2526/2526 2528/2528/2528 2529/2529/2529
f 2530/2530/2530 2531/2531/2531 2532/2532/2532
f 2530/2530/2530 2532/2532/2532 2533/2533/2533
f 2534/2534/2534 2535/2535/2535 2536/2536/2536
f 2534/2534/2534 2536/2536/2536 2537/2537/2537
f 2538/2538/2538 2539/2539/2539 2540/2540/2540
f 2538/2538/2538 2540/2540/2540 2541/2541/2541
f 2542/2542/2542 2543/2543/2543 2544/2544/2544
f 2542/2542/2542 2544/2544/2544 2545/2545/2545
f 3050/3050/3050 3051/3051/3051 3052/3052/3052
f 3050/3050/3050 3052/3052/3052 3053/3053/3053
f 3054/3054/3054 3055/3055/3055 3056/3056/3056
f 3054/3054/3054 3056/3056/3056 3057/3057/3057
f 3058/3058/3058 3059/3059/3059 3060/3060/3060
f 3058/3058/3058 3060/3060/3060 3061/3061/3061
f 3062/3062/3062 3063/3063/3063 3064/3064/3064
f 3062/3062/3062 3064/3064/3064 3065/3065/3065
f 3066/3066/3066 3067/3067/3067 3068/3068/3068
f 3066/3066/3066 3068/3068/3068 3069/3069/3069
f 3070/3070/3070 3071/3071/3071 3072/3072/3072
f 3070/3070/3070 3072/3072/3072 3073/3073/3073
f 3122/3122/3122 3123/3123/3123 3124/3124/3124
f 3122/3122/3122 3124/3124/3124 3125/3125/3125
f 3126/3126/3126 3127/3127/3127 3128/3128/3128
f 3126/3126/3126 3128/3128/3128 3129/3129/3129
f 3130/3130/3130 3131/3131/3131 3132/3132/3132
f 3130/3130/3130 3132/3132/3132 3133/3133/3133
f 3134/3134/3134 3135/3135/3135 3136/3136/3136
f 3134/3134/3134 3136/3136/3136 3137/3137/3137
f 3138/3138/3138 3139/3139/3139 3140/3140/3140
f 3138/3138/3138 3140/3140/3140 3141/3141/3141
f 3142/3142/3142 3143/3143/3143 3144/3144/3144
f 3142/3142/3142 3144/3144/3144 3145/3145/3145
f 3194/3194/3194 3195/3195/3195 3196/3196/3196
f 3194/3194/3194 3196/3196/3196 3197/3197/3197
f 3198/3198/3198 3199/3199/3199 3200/3200/3200
f 3198/3198/3198 3200/3200/3200 3201/3201/3201
f 3202/3202/3202 3203/3203/3203 3204/3204/3204
f 3202/3202/3202 3204/3204/3204 3205/3205/3205
f 3206/3206/3206 3207/3207/3207 3208/3208/3208
f 3206/3206/3206 3208/3208/3208 3209/3209/3209
f 3210/3210/3210 3211/3211/3211 3212/3212/3212
f 3210/3210/3210 3212/3212/3212 3213/3213/3213
f 3214/3214/3214 3215/3215/3215 3216/3216/3216
f 3214/3214/3214 3216/3216/3216 3217/3217/3217
f 3266/3266/3266 3267/3267/3267 3268/3268/3268
f 3266/3266/3266 3268/3268/3268 3269/3269/3269
f 3270/3270/3270 3271/3271/3271 3272/3272/3272
f 3270/3270/3270 3272/3272/3272 3273/3273/3273
f 3274/3274/3274 3275/3275/3275 3276/3276/3276
f 3274/3274/3274 3276/3276/3276 3277/3277/3277
f 3278/3278/3278 3279/3279/3279 3280/3280/3280
f 3278/3278/3278 3280/3280/3280 3281/3281/3281
f 3282/3282/3282 3283/3283/3283 3284/3284/3284
f 3282/3282/3282 3284/3284/3284 3285/3285/3285
f 3286/3286/3286 3287/3287/3287 3288/3288/3288
f 3286/3286/3286 3288/3288/3288 3289/3289/3289
f 3506/3506/3506 3507/3507/3507 3508/3508/3508
f 3506/3506/3506 3508/3508/3508 3509/3509/3509
f 3510/3510/3510 3511/3511/3511 3512/3512/3512
f 3510/3510/3510 3512/3512/3512 3513/3513/3513
f 3514/3514/3514 3515/3515/3515 3516/3516/3516
f 3514/3514/3514 3516/3516/3516 3517/3517/3517
f 3518/3518/3518 3519/3519/3519 3520/3520/3520
f 3518/3518/3518 3520/3520/3520 3521/3521/3521
f 3522/3522/3522 3523/3523/3523 3524/3524/3524
f 3522/3522/3522 3524/3524/3524 3525/3525/3525
f 3526/3526/3526 3527/3527/3527 3528/3528/3528
f 3526/3526/3526 3528/3528/3528 3529/3529/3529
f 3530/3530/3530 3531/3531/3531 3532/3532/3532
f 3530/3530/3530 3532/3532/3532 3533/3533/3533
f 3534/3534/3534 3535/3535/3535 3536/3536/3536
f 3534/3534/3534 3536/3536/3536 3537/3537/3537
f 3538/3538/3538 3539/3539/3539 3540/3540/3540
f 3538/3538/3538 3540/3540/3540 3541/3541/3541
f 3542/3542/3542 3543/3543/3543 3544/3544/3544
f 3542/3542/3542 3544/3544/3544 3545/3545/3545
f 3546/3546/3546 3547/3547/3547 3548/3548/3548
f 3546/3546/3546 3548/3548/3548 3549/3549/3549
f 3550/3550/3550 3551/3551/3551 3552/3552/3552
f 3550/3550/3550 3552/3552/3552 3553/3553/3553
f 3554/3554/3554 3555/3555/3555 3556/3556/3556
f 3554/3554/3554 3556/3556/3556 3557/3557/3557
f 3558/3558/3558 3559/3559/3559 3560/3560/3560
f 3558/3558/3558 3560/3560/3560 3561/3561/3561
f 3562/3562/3562 3563/3563/3563 3564/3564/3564
f 3562/3562/3562 3564/3564/3564 3565/3565/3565
f 3566/3566/3566 3567/3567/3567 3568/3568/3568
f 3566/3566/3566 3568/3568/3568 3569/3569/3569
f 3570/3570/3570 3571/3571/3571 3572/3572/3572
f 3570/3570/3570 3572/3572/3572 3573/3573/3573
f 3574/3574/3574 3575/3575/3575 3576/3576/3576
f 3574/3574/3574 3576/3576/3576 3577/3577/3577
f 3578/3578/3578 3579/3579/3579 3580/3580/3580
f 3578/3578/3578 3580/3580/3580 3581/3581/3581
f 3582/3582/3582 3583/3583/3583 3584/3584/3584
f 3582/3582/3582 3584/3584/3584 3585/3585/3585
f 3586/3586/3586 3587/3587/3587 3588/3588/3588
f 3586/3586/3586 3588/3588/3588 3589/3589/3589
f 3590/3590/3590 3591/3591/3591 3592/3592/3592
f 3590/3590/3590 3592/3592/3592 3593/3593/3593
f 3594/3594/3594 3595/3595/3595 3596/3596/3596
f 3594/3594/3594 3596/3596/3596 3597/3597/3597
f 3598/3598/3598 3599/3599/3599 3600/3600/3600
f 3598/3598/3598 3600/3600/3600 3601/3601/3601
f 3602/3602/3602 3603/3603/3603 3604/3604/3604
f 3602/3602/3602 3604/3604/3604 3605/3605/3605
f 3606/3606/3606 3607/3607/3607 3608/3608/3608
f 3606/3606/3606 3608/3608/3608 3609/3609/3609
f 3610/3610/3610 3611/3611/3611 3612/3612/3612
f 3610/3610/3610 3612/3612/3612 3613/3613/3613
f 3614/3614/3614 3615/3615/3615 3616/3616/3616
f 3614/3614/3614 3616/3616/3616 3617/3617/3617
f 3618/3618/3618 3619/3619/3619 3620/3620/3620
f 3618/3618/3618 3620/3620/3620 3621/3621/3621
f 3622/3622/3622 3623/3623/3623 3624/3624/3624
f 3622/3622/3622 3624/3624/3624 3625/3625/3625
f 3626/3626/3626 3627/3627/3627 3628/3628/3628
f 3626/3626/3626 3628/3628/3628 3629/3629/3629
f 3630/3630/3630 3631/3631/3631 3632/3632/3632
f 3630/3630/3630 3632/3632/3632 3633/3633/3633
f 3634/3634/3634 3635/3635/3635 3636/3636/3636
f 3634/3634/3634 3636/3636/3636 3637/3637/3637
f 3638/3638/3638 3639/3639/3639 3640/3640/3640
f 3638/3638/3638 3640/3640/3640 3641/3641/3641
f 3642/3642/3642 3643/3643/3643 3644/3644/3644
f 3642/3642/3642 3644/3644/3644 3645/3645/3645
f 3646/3646/3646 3647/3647/3647 3648/3648/3648
f 3646/3646/3646 3648/3648/3648 3649/3649/3649
f 3650/3650/3650 3651/3651/3651 3652/3652/3652
f 3650/3650/3650 3652/3652/3652 3653/3653/3653
f 3654/3654/3654 3655/3655/3655 3656/3656/3656
f 3654/3654/3654 3656/3656/3656 3657/3657/3657
f 3658/3658/3658 3659/3659/3659 3660/3660/3660
f 3658/3658/3658 3660/3660/3660 3661/3661/3661
f 3662/3662/3662 3663/3663/3663 3664/3664/3664
f 3662/3662/3662 3664/3664/3664 3665/3665/3665
f 3666/3666/3666 3667/3667/3667 3668/3668/3668
f 3666/3666/3666 3668/3668/3668 3669/3669/3669
f 3670/3670/3670 3671/3671/3671 3672/3672/3672
f 3670/3670/3670 3672/3672/3672 3673/3673/3673
f 3866/3866/3866 3867/3867/3867 3868/3868/3868
f 3866/3866/3866 3868/3868/3868 3869/3869/3869
f 3870/3870/3870 3871/3871/3871 3872/3872/3872
f 3870/3870/3870 3872/3872/3872 3873/3873/3873
f 3874/3874/3874 3875/3875/3875 3876/3876/3876
f 3874/3874/3874 3876/3876/3876 3877/3877/3877
f 3878/3878/3878 3879/3879/3879 3880/3880/3880
f 3878/3878/3878 3880/3880/3880 3881/3881/3881
f 3882/3882/3882 3883/3883/3883 3884/3884/3884
f 3882/3882/3882 3884/3884/3884 3885/3885/3885
f 3886/3886/3886 3887/3887/3887 3888/3888/3888
f 3886/3886/3886 3888/3888/3888 3889/3889/3889
f 3890/3890/3890 3891/3891/3891 3892/3892/3892
f 3890/3890/3890 3892/3892/3892 3893/3893/3893
f 3894/3894/3894 3895/3895/3895 3896/3896/3896
f 3894/3894/3894 3896/3896/3896 3897/3897/3897
f 3898/3898/3898 3899/3899/3899 3900/3900/3900
f 3898/3898/3898 3900/3900/3900 3901/3901/3901
f 3902/3902/3902 3903/3903/3903 3904/3904/3904
f 3902/3902/3902 3904/3904/3904 3905/3905/3905
f 3906/3906/3906 3907/3907/3907 3908/3908/3908
f 3906/3906/3906 3908/3908/3908 3909/3909/3909
f 3910/3910/3910 3911/3911/3911 3912/3912/3912
f 3910/3910/3910 3912/3912/3912 3913/3913/3913
f 3914/3914/3914 3915/3915/3915 3916/3916/3916
f 3914/3914/3914 3916/3916/3916 3917/3917/3917
f 3918/3918/3918 3919/3919/3919 3920/3920/3920
f 3918/3918/3918 3920/3920/3920 3921/3921/3921
f 3922/3922/3922 3923/3923/3923 3924/3924/3924
f 3922/3922/3922 3924/3924/3924 3925/3925/3925
f 3926/3926/3926 3927/3927/3927 3928/3928/3928
f 3926/3926/3926 3928/3928/3928 3929/3929/3929
f 3930/3930/3930 3931/3931/3931 3932/3932/3932
f 3930/3930/3930 3932/3932/3932 3933/3933/3933
f 3934/3934/3934 3935/3935/3935 3936/3936/3936
f 3934/3934/3934 3936/3936/3936 3937/3937/3937
f 3938/3938/3938 3939/3939/3939 3940/3940/3940
f 3938/3938/3938 3940/3940/3940 3941/3941/3941
f 3942/3942/3942 3943/3943/3943 3944/3944/3944
f 3942/3942/3942 3944/3944/3944 3945/3945/3945
f 3946/3946/3946 3947/3947/3947 3948/3948/3948
f 3946/3946/3946 3948/3948/3948 3949/3949/3949
f 3950/3950/3950 3951/3951/3951 3952/3952/3952
f 3950/3950/3950 3952/3952/3952 3953/3953/3953
f 3954/3954/3954 3955/3955/3955 3956/3956/3956
f 3954/3954/3954 3956/3956/3956 3957/3957/3957
f 3958/3958/3958 3959/3959/3959 3960/3960/3960
f 3958/3958/3958 3960/3960/3960 3961/3961/3961
f 3962/3962/3962 3963/3963/3963 3964/3964/3964
f 3962/3962/3962 3964/3964/3964 3965/3965/3965
f 3966/3966/3966 3967/3967/3967 3968/3968/3968
f 3966/3966/3966 3968/3968/3968 3969/3969/3969
f 3970/3970/3970 3971/3971/3971 3972/3972/3972
f 3970/3970/3970 3972/3972/3972 3973/3973/3973
f 3974/3974/3974 3975/3975/3975 3976/3976/3976
f 3974/3974/3974 3976/3976/3976 3977/3977/3977
f 3978/3978/3978 3979/3979/3979 3980/3980/3980
f 3978/3978/3978 3980/3980/3980 3981/3981/3981
f 3982/3982/3982 3983/3983/3983 3984/3984/3984
f 3982/3982/3982 3984/3984/3984 3985/3985/3985
f 3986/3986/3986 3987/3987/3987 3988/3988/3988
f 3986/3986/3986 3988/3988/3988 3989/3989/3989
f 3990/3990/3990 3991/3991/3991 3992/3992/3992
f 3990/3990/3990 3992/3992/3992 3993/3993/3993
f 3994/3994/3994 3995/3995/3995 3996/3996/3996
f 3994/3994/3994 3996/3996/3996 3997/3997/3997
f 3998/3998/3998 3999/3999/3999 4000/4000/4000
f 3998/3998/3998 4000/4000/4000 4001/4001/4001
f 4002/4002/4002 4003/4003/4003 4004/4004/4004
f 4002/4002/4002 4004/4004/4004 4005/4005/4005
f 4006/4006/4006 4007/4007/4007 4008/4008/4008
f 4006/4006/4006 4008/4008/4008 4009/4009/4009
f 4010/4010/4010 4011/4011/4011 4012/4012/4012
f 4010/4010/4010 4012/4012/4012 4013/4013/4013
f 4014/4014/4014 4015/4015/4015 4016/4016/4016
f 4014/4014/4014 4016/4016/4016 4017/4017/4017
f 4018/4018/4018 4019/4019/4019 4020/4020/4020
f 4018/4018/4018 4020/4020/4020 4021/4021/4021
f 4022/4022/4022 4023/4023/4023 4024/4024/4024
f 4022/4022/4022 4024/4024/4024 4025/4025/4025
f 4026/4026/4026 4027/4027/4027 4028/4028/4028
f 4026/4026/4026 4028/4028/4028 4029/4029/4029
f 4030/4030/4030 4031/4031/4031 4032/4032/4032
f 4030/4030/4030 4032/4032/4032 4033/4033/4033
f 4226/4226/4226 4227/4227/4227 4228/4228/4228
f 4226/4226/4226 4228/4228/4228 4229/4229/4229
f 4230/4230/4230 4231/4231/4231 4232/4232/4232
f 4230/4230/4230 4232/4232/4232 4233/4233/4233
f 4234/4234/4234 4235/4235/4235 4236/4236/4236
f 4234/4234/4234 4236/4236/4236 4237/4237/4237
f 4238/4238/4238 4239/4239/4239 4240/4240/4240
f 4238/4238/4238 4240/4240/4240 4241/4241/4241
f 4242/4242/4242 4243/4243/4243 4244/4244/4244
f 4242/4242/4242 4244/4244/4244 4245/4245/4245
f 4246/4246/4246 4247/4247/4247 4248/4248/4248
f 4246/4246/4246 4248/4248/4248 4249/4249/4249
f 4250/4250/4250 4251/4251/4251 4252/4252/4252
f 4250/4250/4250 4252/4252/4252 4253/4253/4253
f 4254/4254/4254 4255/4255/4255 4256/4256/4256
f 4254/4254/4254 4256/4256/4256 4257/4257/4257
f 4258/4258/4258 4259/4259/4259 4260/4260/4260
f 4258/4258/4258 4260/4260/4260 4261/4261/4261
f 4262/4262/4262 4263/4263/4263 4264/4264/4264
f 4262/4262/4262 4264/4264/4264 4265/4265/4265
f 4266/4266/4266 4267/4267/4267 4268/4268/4268
f 4266/4266/4266 4268/4268/4268 4269/4269/4269
f 4270/4270/4270 4271/4271/4271 4272/4272/4272
f 4270/4270/4270 4272/4272/4272 4273/4273/4273
f 4274/4274/4274 4275/4275/4275 4276/4276/4276
f 4274/4274/4274 4276/4276/4276 4277/4277/4277
f 4278/4278/4278 4279/4279/4279 4280/4280/4280
f 4278/4278/4278 4280/4280/4280 4281/4281/4281
f 4282/4282/4282 4283/4283/4283 4284/4284/4284
f 4282/4282/4282 4284/4284/4284 4285/4285/4285
f 4286/4286/4286 4287/4287/4287 4288/4288/4288
f 4286/4286/4286 4288/4288/4288 4289/4289/4289
f 4290/4290/4290 4291/4291/4291 4292/4292/4292
f 4290/4290/4290 4292/4292/4292 4293/4293/4293
f 4294/4294/4294 4295/4295/4295 4296/4296/4296
f 4294/4294/4294 4296/4296/4296 4297/4297/4297
f 4298/4298/4298 4299/4299/4299 4300/4300/4300
f 4298/4298/4298 4300/4300/4300 4301/4301/4301
f 4302/4302/4302 4303/4303/4303 4304/4304/4304
f 4302/4302/4302 4304/4304/4304 4305/4305/4305
f 4306/4306/4306 4307/4307/4307 4308/4308/4308
f 4306/4306/4306 4308/4308/4308 4309/4309/4309
f 4310/4310/4310 4311/4311/4311 4312/4312/4312
f 4310/4310/4310 4312/4312/4312 4313/4313/4313
f 4314/4314/4314 4315/4315/4315 4316/4316/4316
f 4314/4314/4314 4316/4316/4316 4317/4317/4317
f 4318/4318/4318 4319/4319/4319 4320/4320/4320
f 4318/4318/4318 4320/4320/4320 4321/4321/4321
f 4322/4322/4322 4323/4323/4323 4324/4324/4324
f 4322/4322/4322 4324/4324/4324 4325/4325/4325
f 4326/4326/4326 4327/4327/4327 4328/4328/4328
f 4326/4326/4326 4328/4328/4328 4329/4329/4329
f 4330/4330/4330 4331/4331/4331 4332/4332/4332
f 4330/4330/4330 4332/4332/4332 4333/4333/4333
f 4334/4334/4334 4335/4335/4335 4336/4336/4336
f 4334/4334/4334 4336/4336/4336 4337/4337/4337
f 4338/4338/4338 4339/4339/4339 4340/4340/4340
f 4338/4338/4338 4340/4340/4340 4341/4341/4341
f 4342/4342/4342 4343/4343/4343 4344/4344/4344
f 4342/4342/4342 4344/4344/4344 4345/4345/4345
f 4346/4346/4346 4347/4347/4347 4348/4348/4348
f 4346/4346/4346 4348/4348/4348 4349/4349/4349
f 4350/4350/4350 4351/4351/4351 4352/4352/4352
f 4350/4350/4350 4352/4352/4352 4353/4353/4353
f 4354/4354/4354 4355/4355/4355 4356/4356/4356
f 4354/4354/4354 4356/4356/4356 4357/4357/4357
f 4358/4358/4358 4359/4359/4359 4360/4360/4360
f 4358/4358/4358 4360/4360/4360 4361/4361/4361
f 4362/4362/4362 4363/4363/4363 4364/4364/4364
f 4362/4362/4362 4364/4364/4364 4365/4365/4365
f 4366/4366/4366 4367/4367/4367 4368/4368/4368
f 4366/4366/4366 4368/4368/4368 4369/4369/4369
f 4370/4370/4370 4371/4371/4371 4372/4372/4372
f 4370/4370/4370 4372/4372/4372 4373/4373/4373
f 4374/4374/4374 4375/4375/4375 4376/4376/4376
f 4374/4374/4374 4376/4376/4376 4377/4377/4377
f 4378/4378/4378 4379/4379/4379 4380/4380/4380
f 4378/4378/4378 4380/4380/4380 4381/4381/4381
f 4382/4382/4382 4383/4383/4383 4384/4384/4384
f 4382/4382/4382 4384/4384/4384 4385/4385/4385
f 4386/4386/4386 4387/4387/4387 4388/4388/4388
f 4386/4386/4386 4388/4388/4388 4389/4389/4389
f 4390/4390/4390 4391/4391/4391 4392/4392/4392
f 4390/4390/4390 4392/4392/4392 4393/4393/4393
f 4586/4586/4586 4587/4587/4587 4588/4588/4588
f 4586/4586/4586 4588/4588/4588 4589/4589/4589
f 4590/4590/4590 4591/4591/4591 4592/4592/4592
f 4590/4590/4590 4592/4592/4592 4593/4593/4593
f 4594/4594/4594 4595/4595/4595 4596/4596/4596
f 4594/4594/4594 4596/4596/4596 4597/4597/4597
f 4598/4598/4598 4599/4599/4599 4600/4600/4600
f 4598/4598/4598 4600/4600/4600 4601/4601/4601
f 4602/4602/4602 4603/4603/4603 4604/4604/4604
f 4602/4602/4602 4604/4604/4604 4605/4605/4605
f 4606/4606/4606 4607/4607/4607 4608/4608/4608
f 4606/4606/4606 4608/4608/4608 4609/4609/4609
f 4610/4610/4610 4611/4611/4611 4612/4612/4612
f 4610/4610/4610 4612/4612/4612 4613/4613/4613
f 4614/4614/4614 4615/4615/4615 4616/4616/4616
f 4614/4614/4614 4616/4616/4616 4617/4617/4617
f 4618/4618/4618 4619/4619/4619 4620/4620/4620
f 4618/4618/4618 4620/4620/4620 4621/4621/4621
f 4622/4622/4622 4623/4623/4623 4624/4624/4624
f 4622/4622/4622 4624/4624/4624 4625/4625/4625
f 4626/4626/4626 4627/4627/4627 4628/4628/4628
f 4626/4626/4626 4628/4628/4628 4629/4629/4629
f 4630/4630/4630 4631/4631/4631 4632/4632/4632
f 4630/4630/4630 4632/4632/4632 4633/4633/4633
f 4634/4634/4634 4635/4635/4635 4636/4636/4636
f 4634/4634/4634 4636/4636/4636 4637/4637/4637
f 4638/4638/4638 4639/4639/4639 4640/4640/4640
f 4638/4638/4638 4640/4640/4640 4641/4641/4641
f 4642/4642/4642 4643/4643/4643 4644/4644/4644
f 4642/4642/4642 4644/4644/4644 4645/4645/4645
f 4646/4646/4646 4647/4647/4647 4648/4648/4648
f 4646/4646/4646 4648/4648/4648 4649/4649/4649
f 4650/4650/4650 4651/4651/4651 4652/4652/4652
f 4650/4650/4650 4652/4652/4652 4653/4653/4653
f 4654/4654/4654 4655/4655/4655 4656/4656/4656
f 4654/4654/4654 4656/4656/4656 4657/4657/4657
f 4658/4658/4658 4659/4659/4659 4660/4660/4660
f 4658/4658/4658 4660/4660/4660 4661/4661/4661
f 4662/4662/4662 4663/4663/4663 4664/4664/4664
f 4662/4662/4662 4664/4664/4664 4665/4665/4665
f 4666/4666/4666 4667/4667/4667 4668/4668/4668
f 4666/4666/4666 4668/4668/4668 4669/4669/4669
f 4670/4670/4670 4671/4671/4671 4672/4672/4672
f 4670/4670/4670 4672/4672/4672 4673/4673/4673
f 4674/4674/4674 4675/4675/4675 4676/4676/4676
f 4674/4674/4674 4676/4676/4676 4677/4677/4677
f 4678/4678/4678 4679/4679/4679 4680/4680/4680
f 4678/4678/4678 4680/4680/4680 4681/4681/4681
f 4682/4682/4682 4683/4683/4683 4684/4684/4684
f 4682/4682/4682 4684/4684/4684 4685/4685/4685
f 4686/4686/4686 4687/4687/4687 4688/4688/4688
f 4686/4686/4686 4688/4688/4688 4689/4689/4689
f 4690/4690/4690 4691/4691/4691 4692/4692/4692
f 4690/4690/4690 4692/4692/4692 4693/4693/4693
f 4694/4694/4694 4695/4695/4695 4696/4696/4696
f 4694/4694/4694 4696/4696/4696 4697/4697/4697
f 4698/4698/4698 4699/4699/4699 4700/4700/4700
f 4698/4698/4698 4700/4700/4700 4701/4701/4701
f 4702/4702/4702 4703/4703/4703 4704/4704/4704
f 4702/4702/4702 4704/4704/4704 4705/4705/4705
f 4706/4706/4706 4707/4707/4707 4708/4708/4708
f 4706/4706/4706 4708/4708/4708 4709/4709/4709
f 4710/4710/4710 4711/4711/4711 4712/4712/4712
f 4710/4710/4710 4712/4712/4712 4713/4713/4713
f 4714/4714/4714 4715/4715/4715 4716/4716/4716
f 4714/4714/4714 4716/4716/4716 4717/4717/4717
f 4718/4718/4718 4719/4719/4719 4720/4720/4720
f 4718/4718/4718 4720/4720/4720 4721/4721/4721
f 4722/4722/4722 4723/4723/4723 4724/4724/4724
f 4722/4722/4722 4724/4724/4724 4725/4725/4725
f 4726/4726/4726 4727/4727/4727 4728/4728/4728
f 4726/4726/4726 4728/4728/4728 4729/4729/4729
f 4730/4730/4730 4731/4731/4731 4732/4732/4732
f 4730/4730/4730 4732/4732/4732 4733/4733/4733
f 4734/4734/4734 4735/4735/4735 4736/4736/4736
f 4734/4734/4734 4736/4736/4736 4737/4737/4737
f 4738/4738/4738 4739/4739/4739 4740/4740/4740
f 4738/4738/4738 4740/4740/4740 4741/4741/4741
f 4742/4742/4742 4743/4743/4743 4744/4744/4744
f 4742/4742/4742 4744/4744/4744 4745/4745/4745
f 4746/4746/4746 4747/4747/4747 4748/4748/4748
f 4746/4746/4746 4748/4748/4748 4749/4749/4749
f 4750/4750/4750 4751/4751/4751 4752/4752/4752
f 4750/4750/4750 4752/4752/4752 4753/4753/4753
f 5220/5220/5220 5224/5224/5224 5225/5225/5225
f 5220/5220/5220 5225/5225/5225 5221/5221/5221
f 5221/5221/5221 5225/5225/5225 5227/5227/5227
f 5221/5221/5221 5227/5227/5227 5223/5223/5223
f 5222/5222/5222 5226/5226/5226 5224/5224/5224
f 5222/5222/5222 5224/5224/5224 5220/5220/5220
f 5224/5224/5224 5228/5228/5228 5229/5229/5229
f 5224/5224/5224 5229/5229/5229 5225/5225/5225
f 5225/5225/5225 5229/5229/5229 5231/5231/5231
f 5225/5225/5225 5231/5231/5231 5227/5227/5227
f 5226/5226/5226 5230/5230/5230 5228/5228/5228
f 5226/5226/5226 5228/5228/5228 5224/5224/5224
f 5228/5228/5228 5232/5232/5232 5233/5233/5233
f 5228/5228/5228 5233/5233/5233 5229/5229/5229
f 5229/5229/5229 5233/5233/5233 5235/5235/5235
f 5229/5229/5229 5235/5235/5235 5231/5231/5231
f 5230/5230/5230 5234/5234/5234 5232/5232/5232
f 5230/5230/5230 5232/5232/5232 5228/5228/5228
f 5232/5232/5232 5236/5236/5236 5237/5237/5237
f 5232/5232/5232 5237/5237/5237 5233/5233/5233
f 5233/5233/5233 5237/5237/5237 5239/5239/5239
f 5233/5233/5233 5239/5239/5239 5235/5235/5235
f 5234/5234/5234 5238/5238/5238 5236/5236/5236
f 5234/5234/5234 5236/5236/5236 5232/5232/5232
f 5236/5236/5236 5240/5240/5240 5241/5241/5241
f 5236/5236/5236 5241/5241/5241 5237/5237/5237
f 5237/5237/5237 5241/5241/5241 5243/5243/5243
f 5237/5237/5237 5243/5243/5243 5239/5239/5239
f 5238/5238/5238 5242/5242/5242 5240/5240/5240
f 5238/5238/5238 5240/5240/5240 5236/5236/5236
f 5240/5240/5240 5244/5244/5244 5245/5245/5245
f 5240/5240/5240 5245/5245/5245 5241/5241/5241
f 5241/5241/5241 5245/5245/5245 5247/5247/5247
f 5241/5241/5241 5247/5247/5247 5243/5243/5243
f 5242/5242/5242 5246/5246/5246 5244/5244/5244
f 5242/5242/5242 5244/5244/5244 5240/5240/5240
f 5244/5244/5244 5248/5248/5248 5249/5249/5249
f 5244/5244/5244 5249/5249/5249 5245/5245/5245
f 5245/5245/5245 5249/5249/5249 5251/5251/5251
f 5245/5245/5245 5251/5251/5251 5247/5247/5247
f 5246/5246/5246 5250/5250/5250 5248/5248/5248
f 5246/5246/5246 5248/5248/5248 5244/5244/5244
f 5248/5248/5248 5252/5252/5252 5253/5253/5253
f 5248/5248/5248 5253/5253/5253 5249/5249/5249
f 5249/5249/5249 5253/5253/5253 5255/5255/5255
f 5249/5249/5249 5255/5255/5255 5251/5251/5251
f 5250/5250/5250 5254/5254/5254 5252/5252/5252
f 5250/5250/5250 5252/5252/5252 5248/5248/5248
f 5252/5252/5252 5256/5256/5256 5257/5257/5257
f 5252/5252/5252 5257/5257/5257 5253/5253/5253
f 5253/5253/5253 5257/5257/5257 5259/5259/5259
f 5253/5253/5253 5259/5259/5259 5255/5255/5255
f 5254/5254/5254 5258/5258/5258 5256/5256/5256
f 5254/5254/5254 5256/5256/5256 5252/5252/5252
f 5256/5256/5256 5260/5260/5260 5261/5261/5261
f 5256/5256/5256 5261/5261/5261 5257/5257/5257
f 5257/5257/5257 5261/5261/5261 5263/5263/5263
f 5257/5257/5257 5263/5263/5263 5259/5259/5259
f 5258/5258/5258 5262/5262/5262 5260/5260/5260
f 5258/5258/5258 5260/5260/5260 5256/5256/5256
f 5260/5260/5260 5264/5264/5264 5265/5265/5265
f 5260/5260/5260 5265/5265/5265 5261/5261/5261
f 5261/5261/5261 5265/5265/5265 5267/5267/5267
f 5261/5261/5261 5267/5267/5267 5263/5263/5263
f 5262/5262/5262 5266/5266/5266 5264/5264/5264
f 5262/5262/5262 5264/5264/5264 5260/5260/5260
f 5264/5264/5264 5268/5268/5268 5269/5269/5269
f 5264/5264/5264 5269/5269/5269 5265/5265/5265
f 5265/5265/5265 5269/5269/5269 5271/5271/5271
f 5265/5265/5265 5271/5271/5271 5267/5267/5267
f 5266/5266/5266 5270/5270/5270 5268/5268/5268
f 5266/5266/5266 5268/5268/5268 5264/5264/5264
f 5268/5268/5268 5272/5272/5272 5273/5273/5273
f 5268/5268/5268 5273/5273/5273 5269/5269/5269
f 5269/5269/5269 5273/5273/5273 5275/5275/5275
f 5269/5269/5269 5275/5275/5275 5271/5271/5271
f 5270/5270/5270 5274/5274/5274 5272/5272/5272
f 5270/5270/5270 5272/5272/5272 5268/5268/5268
f 5272/5272/5272 5276/5276/5276 5277/5277/5277
f 5272/5272/5272 5277/5277/5277 5273/5273/5273
f 5273/5273/5273 5277/5277/5277 5279/5279/5279
f 5273/5273/5273 5279/5279/5279 5275/5275/5275
f 5274/5274/5274 5278/5278/5278 5276/5276/5276
f 5274/5274/5274 5276/5276/5276 5272/5272/5272
f 5276/5276/5276 5280/5280/5280 5281/5281/5281
f 5276/5276/5276 5281/5281/5281 5277/5277/5277
f 5277/5277/5277 5281/5281/5281 5283/5283/5283
f 5277/5277/5277 5283/5283/5283 5279/5279/5279
f 5278/5278/5278 5282/5282/5282 5280/5280/5280
f 5278/5278/5278 5280/5280/5280 5276/5276/5276
f 5280/5280/5280 5220/5220/5220 5221/5221/5221
f 5280/5280/5280 5221/5221/5221 5281/5281/5281
f 5281/5281/5281 5221/5221/5221 5223/5223/5223
f 5281/5281/5281 5223/5223/5223 5283/5283/5283
f 5282/5282/5282 5222/5222/5222 5220/5220/5220
f 5282/5282/5282 5220/5220/5220 5280/5280/5280
f 5308/5308/5308 5309/5309/5309 5310/5310/5310
f 5308/5308/5308 5310/5310/5310 5311/5311/5311
f 5312/5312/5312 5313/5313/5313 5314/5314/5314
f 5312/5312/5312 5314/5314/5314 5315/5315/5315
f 5316/5316/5316 5317/5317/5317 5318/5318/5318
f 5316/5316/5316 5318/5318/5318 5319/5319/5319
f 5320/5320/5320 5321/5321/5321 5322/5322/5322
f 5320/5320/5320 5322/5322/5322 5323/5323/5323
f 5324/5324/5324 5325/5325/5325 5326/5326/5326
f 5324/5324/5324 5326/5326/5326 5327/5327/5327
f 5328/5328/5328 5329/5329/5329 5330/5330/5330
f 5328/5328/5328 5330/5330/5330 5331/5331/5331
g Cockpit_Screen
usemtl Cockpit_Screen
f 494/494/494 495/495/495 496/496/496
f 494/494/494 496/496/496 497/497/497
f 498/498/498 499/499/499 500/500/500
f 498/498/498 500/500/500 501/501/501
f 502/502/502 503/503/503 504/504/504
f 502/502/502 504/504/504 505/505/505
f 506/506/506 507/507/507 508/508/508
f 506/506/506 508/508/508 509/509/509
f 510/510/510 511/511/511 512/512/512
f 510/510/510 512/512/512 513/513/513
f 514/514/514 515/515/515 516/516/516
f 514/514/514 516/516/516 517/517/517
f 638/638/638 639/639/639 640/640/640
f 638/638/638 640/640/640 641/641/641
f 642/642/642 643/643/643 644/644/644
f 642/642/642 644/644/644 645/645/645
f 646/646/646 647/647/647 648/648/648
f 646/646/646 648/648/648 649/649/649
f 650/650/650 651/651/651 652/652/652
f 650/650/650 652/652/652 653/653/653
f 654/654/654 655/655/655 656/656/656
f 654/654/654 656/656/656 657/657/657
f 658/658/658 659/659/659 660/660/660
f 658/658/658 660/660/660 661/661/661
f 782/782/782 783/783/783 784/784/784
f 782/782/782 784/784/784 785/785/785
f 786/786/786 787/787/787 788/788/788
f 786/786/786 788/788/788 789/789/789
f 790/790/790 791/791/791 792/792/792
f 790/790/790 792/792/792 793/793/793
f 794/794/794 795/795/795 796/796/796
f 794/794/794 796/796/796 797/797/797
f 798/798/798 799/799/799 800/800/800
f 798/798/798 800/800/800 801/801/801
f 802/802/802 803/803/803 804/804/804
f 802/802/802 804/804/804 805/805/805
g Glow_Gold
usemtl Glow_Gold
f 902/902/902 904/904/904 906/906/906
f 903/903/903 907/907/907 905/905/905
f 904/904/904 905/905/905 907/907/907
f 904/904/904 907/907/907 906/906/906
f 902/902/902 906/906/906 908/908/908
f 903/903/903 909/909/909 907/907/907
f 906/906/906 907/907/907 909/909/909
f 906/906/906 909/909/909 908/908/908
f 902/902/902 908/908/908 910/910/910
f 903/903/903 911/911/911 909/909/909
f 908/908/908 909/909/909 911/911/911
f 908/908/908 911/911/911 910/910/910
f 902/902/902 910/910/910 912/912/912
f 903/903/903 913/913/913 911/911/911
f 910/910/910 911/911/911 913/913/913
f 910/910/910 913/913/913 912/912/912
f 902/902/902 912/912/912 914/914/914
f 903/903/903 915/915/915 913/913/913
f 912/912/912 913/913/913 915/915/915
f 912/912/912 915/915/915 914/914/914
f 902/902/902 914/914/914 916/916/916
f 903/903/903 917/917/917 915/915/915
f 914/914/914 915/915/915 917/917/917
f 914/914/914 917/917/917 916/916/916
f 902/902/902 916/916/916 918/918/918
f 903/903/903 919/919/919 917/917/917
f 916/916/916 917/917/917 919/919/919
f 916/916/916 919/919/919 918/918/918
f 902/902/902 918/918/918 920/920/920
f 903/903/903 921/921/921 919/919/919
f 918/918/918 919/919/919 921/921/921
f 918/918/918 921/921/921 920/920/920
f 902/902/902 920/920/920 922/922/922
f 903/903/903 923/923/923 921/921/921
f 920/920/920 921/921/921 923/923/923
f 920/920/920 923/923/923 922/922/922
f 902/902/902 922/922/922 924/924/924
f 903/903/903 925/925/925 923/923/923
f 922/922/922 923/923/923 925/925/925
f 922/922/922 925/925/925 924/924/924
f 902/902/902 924/924/924 926/926/926
f 903/903/903 927/927/927 925/925/925
f 924/924/924 925/925/925 927/927/927
f 924/924/924 927/927/927 926/926/926
f 902/902/902 926/926/926 928/928/928
f 903/903/903 929/929/929 927/927/927
f 926/926/926 927/927/927 929/929/929
f 926/926/926 929/929/929 928/928/928
f 902/902/902 928/928/928 930/930/930
f 903/903/903 931/931/931 929/929/929
f 928/928/928 929/929/929 931/931/931
f 928/928/928 931/931/931 930/930/930
f 902/902/902 930/930/930 932/932/932
f 903/903/903 933/933/933 931/931/931
f 930/930/930 931/931/931 933/933/933
f 930/930/930 933/933/933 932/932/932
f 902/902/902 932/932/932 934/934/934
f 903/903/903 935/935/935 933/933/933
f 932/932/932 933/933/933 935/935/935
f 932/932/932 935/935/935 934/934/934
f 902/902/902 934/934/934 904/904/904
f 903/903/903 905/905/905 935/935/935
f 934/934/934 935/935/935 905/905/905
f 934/934/934 905/905/905 904/904/904
f 1356/1356/1356 1358/1358/1358 1360/1360/1360
f 1357/1357/1357 1361/1361/1361 1359/1359/1359
f 1358/1358/1358 1359/1359/1359 1361/1361/1361
f 1358/1358/1358 1361/1361/1361 1360/1360/1360
f 1356/1356/1356 1360/1360/1360 1362/1362/1362
f 1357/1357/1357 1363/1363/1363 1361/1361/1361
f 1360/1360/1360 1361/1361/1361 1363/1363/1363
f 1360/1360/1360 1363/1363/1363 1362/1362/1362
f 1356/1356/1356 1362/1362/1362 1364/1364/1364
f 1357/1357/1357 1365/1365/1365 1363/1363/1363
f 1362/1362/1362 1363/1363/1363 1365/1365/1365
f 1362/1362/1362 1365/1365/1365 1364/1364/1364
f 1356/1356/1356 1364/1364/1364 1366/1366/1366
f 1357/1357/1357 1367/1367/1367 1365/1365/1365
f 1364/1364/1364 1365/1365/1365 1367/1367/1367
f 1364/1364/1364 1367/1367/1367 1366/1366/1366
f 1356/1356/1356 1366/1366/1366 1368/1368/1368
f 1357/1357/1357 1369/1369/1369 1367/1367/1367
f 1366/1366/1366 1367/1367/1367 1369/1369/1369
f 1366/1366/1366 1369/1369/1369 1368/1368/1368
f 1356/1356/1356 1368/1368/1368 1370/1370/1370
f 1357/1357/1357 1371/1371/1371 1369/1369/1369
f 1368/1368/1368 1369/1369/1369 1371/1371/1371
f 1368/1368/1368 1371/1371/1371 1370/1370/1370
f 1356/1356/1356 1370/1370/1370 1372/1372/1372
f 1357/1357/1357 1373/1373/1373 1371/1371/1371
f 1370/1370/1370 1371/1371/1371 1373/1373/1373
f 1370/1370/1370 1373/1373/1373 1372/1372/1372
f 1356/1356/1356 1372/1372/1372 1374/1374/1374
f 1357/1357/1357 1375/1375/1375 1373/1373/1373
f 1372/1372/1372 1373/1373/1373 1375/1375/1375
f 1372/1372/1372 1375/1375/1375 1374/1374/1374
f 1356/1356/1356 1374/1374/1374 1376/1376/1376
f 1357/1357/1357 1377/1377/1377 1375/1375/1375
f 1374/1374/1374 1375/1375/1375 1377/1377/1377
f 1374/1374/1374 1377/1377/1377 1376/1376/1376
f 1356/1356/1356 1376/1376/1376 1378/1378/1378
f 1357/1357/1357 1379/1379/1379 1377/1377/1377
f 1376/1376/1376 1377/1377/1377 1379/1379/1379
f 1376/1376/1376 1379/1379/1379 1378/1378/1378
f 1356/1356/1356 1378/1378/1378 1380/1380/1380
f 1357/1357/1357 1381/1381/1381 1379/1379/1379
f 1378/1378/1378 1379/1379/1379 1381/1381/1381
f 1378/1378/1378 1381/1381/1381 1380/1380/1380
f 1356/1356/1356 1380/1380/1380 1382/1382/1382
f 1357/1357/1357 1383/1383/1383 1381/1381/1381
f 1380/1380/1380 1381/1381/1381 1383/1383/1383
f 1380/1380/1380 1383/1383/1383 1382/1382/1382
f 1356/1356/1356 1382/1382/1382 1384/1384/1384
f 1357/1357/1357 1385/1385/1385 1383/1383/1383
f 1382/1382/1382 1383/1383/1383 1385/1385/1385
f 1382/1382/1382 1385/1385/1385 1384/1384/1384
f 1356/1356/1356 1384/1384/1384 1386/1386/1386
f 1357/1357/1357 1387/1387/1387 1385/1385/1385
f 1384/1384/1384 1385/1385/1385 1387/1387/1387
f 1384/1384/1384 1387/1387/1387 1386/1386/1386
f 1356/1356/1356 1386/1386/1386 1388/1388/1388
f 1357/1357/1357 1389/1389/1389 1387/1387/1387
f 1386/1386/1386 1387/1387/1387 1389/1389/1389
f 1386/1386/1386 1389/1389/1389 1388/1388/1388
f 1356/1356/1356 1388/1388/1388 1358/1358/1358
f 1357/1357/1357 1359/1359/1359 1389/1389/1389
f 1388/1388/1388 1389/1389/1389 1359/1359/1359
f 1388/1388/1388 1359/1359/1359 1358/1358/1358
f 5556/5556/5556 5558/5558/5558 5560/5560/5560
f 5557/5557/5557 5561/5561/5561 5559/5559/5559
f 5558/5558/5558 5559/5559/5559 5561/5561/5561
f 5558/5558/5558 5561/5561/5561 5560/5560/5560
f 5556/5556/5556 5560/5560/5560 5562/5562/5562
f 5557/5557/5557 5563/5563/5563 5561/5561/5561
f 5560/5560/5560 5561/5561/5561 5563/5563/5563
f 5560/5560/5560 5563/5563/5563 5562/5562/5562
f 5556/5556/5556 5562/5562/5562 5564/5564/5564
f 5557/5557/5557 5565/5565/5565 5563/5563/5563
f 5562/5562/5562 5563/5563/5563 5565/5565/5565
f 5562/5562/5562 5565/5565/5565 5564/5564/5564
f 5556/5556/5556 5564/5564/5564 5566/5566/5566
f 5557/5557/5557 5567/5567/5567 5565/5565/5565
f 5564/5564/5564 5565/5565/5565 5567/5567/5567
f 5564/5564/5564 5567/5567/5567 5566/5566/5566
f 5556/5556/5556 5566/5566/5566 5568/5568/5568
f 5557/5557/5557 5569/5569/5569 5567/5567/5567
f 5566/5566/5566 5567/5567/5567 5569/5569/5569
f 5566/5566/5566 5569/5569/5569 5568/5568/5568
f 5556/5556/5556 5568/5568/5568 5570/5570/5570
f 5557/5557/5557 5571/5571/5571 5569/5569/5569
f 5568/5568/5568 5569/5569/5569 5571/5571/5571
f 5568/5568/5568 5571/5571/5571 5570/5570/5570
f 5556/5556/5556 5570/5570/5570 5572/5572/5572
f 5557/5557/5557 5573/5573/5573 5571/5571/5571
f 5570/5570/5570 5571/5571/5571 5573/5573/5573
f 5570/5570/5570 5573/5573/5573 5572/5572/5572
f 5556/5556/5556 5572/5572/5572 5574/5574/5574
f 5557/5557/5557 5575/5575/5575 5573/5573/5573
f 5572/5572/5572 5573/5573/5573 5575/5575/5575
f 5572/5572/5572 5575/5575/5575 5574/5574/5574
f 5556/5556/5556 5574/5574/5574 5576/5576/5576
f 5557/5557/5557 5577/5577/5577 5575/5575/5575
f 5574/5574/5574 5575/5575/5575 5577/5577/5577
f 5574/5574/5574 5577/5577/5577 5576/5576/5576
f 5556/5556/5556 5576/5576/5576 5578/5578/5578
f 5557/5557/5557 5579/5579/5579 5577/5577/5577
f 5576/5576/5576 5577/5577/5577 5579/5579/5579
f 5576/5576/5576 5579/5579/5579 5578/5578/5578
f 5556/5556/5556 5578/5578/5578 5580/5580/5580
f 5557/5557/5557 5581/5581/5581 5579/5579/5579
f 5578/5578/5578 5579/5579/5579 5581/5581/5581
f 5578/5578/5578 5581/5581/5581 5580/5580/5580
f 5556/5556/5556 5580/5580/5580 5558/5558/5558
f 5557/5557/5557 5559/5559/5559 5581/5581/5581
f 5580/5580/5580 5581/5581/5581 5559/5559/5559
f 5580/5580/5580 5559/5559/5559 5558/5558/5558
g Cockpit_Light
usemtl Cockpit_Light
f 1140/1140/1140 1141/1141/1141 1142/1142/1142
f 1140/1140/1140 1142/1142/1142 1143/1143/1143
f 1144/1144/1144 1145/1145/1145 1146/1146/1146
f 1144/1144/1144 1146/1146/1146 1147/1147/1147
f 1148/1148/1148 1149/1149/1149 1150/1150/1150
f 1148/1148/1148 1150/1150/1150 1151/1151/1151
f 1152/1152/1152 1153/1153/1153 1154/1154/1154
f 1152/1152/1152 1154/1154/1154 1155/1155/1155
f 1156/1156/1156 1157/1157/1157 1158/1158/1158
f 1156/1156/1156 1158/1158/1158 1159/1159/1159
f 1160/1160/1160 1161/1161/1161 1162/1162/1162
f 1160/1160/1160 1162/1162/1162 1163/1163/1163
f 1260/1260/1260 1261/1261/1261 1262/1262/1262
f 1260/1260/1260 1262/1262/1262 1263/1263/1263
f 1264/1264/1264 1265/1265/1265 1266/1266/1266
f 1264/1264/1264 1266/1266/1266 1267/1267/1267
f 1268/1268/1268 1269/1269/1269 1270/1270/1270
f 1268/1268/1268 1270/1270/1270 1271/1271/1271
f 1272/1272/1272 1273/1273/1273 1274/1274/1274
f 1272/1272/1272 1274/1274/1274 1275/1275/1275
f 1276/1276/1276 1277/1277/1277 1278/1278/1278
f 1276/1276/1276 1278/1278/1278 1279/1279/1279
f 1280/1280/1280 1281/1281/1281 1282/1282/1282
f 1280/1280/1280 1282/1282/1282 1283/1283/1283
f 1486/1486/1486 1487/1487/1487 1488/1488/1488
f 1486/1486/1486 1488/1488/1488 1489/1489/1489
f 1490/1490/1490 1491/1491/1491 1492/1492/1492
f 1490/1490/1490 1492/1492/1492 1493/1493/1493
f 1494/1494/1494 1495/1495/1495 1496/1496/1496
f 1494/1494/1494 1496/1496/1496 1497/1497/1497
f 1498/1498/1498 1499/1499/1499 1500/1500/1500
f 1498/1498/1498 1500/1500/1500 1501/1501/1501
f 1502/1502/1502 1503/1503/1503 1504/1504/1504
f 1502/1502/1502 1504/1504/1504 1505/1505/1505
f 1506/1506/1506 1507/1507/1507 1508/1508/1508
f 1506/1506/1506 1508/1508/1508 1509/1509/1509
f 1510/1510/1510 1511/1511/1511 1512/1512/1512
f 1510/1510/1510 1512/1512/1512 1513/1513/1513
f 1514/1514/1514 1515/1515/1515 1516/1516/1516
f 1514/1514/1514 1516/1516/1516 1517/1517/1517
f 1518/1518/1518 1519/1519/1519 1520/1520/1520
f 1518/1518/1518 1520/1520/1520 1521/1521/1521
f 1522/1522/1522 1523/1523/1523 1524/1524/1524
f 1522/1522/1522 1524/1524/1524 1525/1525/1525
f 1526/1526/1526 1527/1527/1527 1528/1528/1528
f 1526/1526/1526 1528/1528/1528 1529/1529/1529
f 1530/1530/1530 1531/1531/1531 1532/1532/1532
f 1530/1530/1530 1532/1532/1532 1533/1533/1533
f 1656/1656/1656 1657/1657/1657 1658/1658/1658
f 1656/1656/1656 1658/1658/1658 1659/1659/1659
f 1660/1660/1660 1661/1661/1661 1662/1662/1662
f 1660/1660/1660 1662/1662/1662 1663/1663/1663
f 1664/1664/1664 1665/1665/1665 1666/1666/1666
f 1664/1664/1664 1666/1666/1666 1667/1667/1667
f 1668/1668/1668 1669/1669/1669 1670/1670/1670
f 1668/1668/1668 1670/1670/1670 1671/1671/1671
f 1672/1672/1672 1673/1673/1673 1674/1674/1674
f 1672/1672/1672 1674/1674/1674 1675/1675/1675
f 1676/1676/1676 1677/1677/1677 1678/1678/1678
f 1676/1676/1676 1678/1678/1678 1679/1679/1679
f 1778/1778/1778 1779/1779/1779 1780/1780/1780
f 1778/1778/1778 1780/1780/1780 1781/1781/1781
f 1782/1782/1782 1783/1783/1783 1784/1784/1784
f 1782/1782/1782 1784/1784/1784 1785/1785/1785
f 1786/1786/1786 1787/1787/1787 1788/1788/1788
f 1786/1786/1786 1788/1788/1788 1789/1789/1789
f 1790/1790/1790 1791/1791/1791 1792/1792/1792
f 1790/1790/1790 1792/1792/1792 1793/1793/1793
f 1794/1794/1794 1795/1795/1795 1796/1796/1796
f 1794/1794/1794 1796/1796/1796 1797/1797/1797
f 1798/1798/1798 1799/1799/1799 1800/1800/1800
f 1798/1798/1798 1800/1800/1800 1801/1801/1801
f 2074/2074/2074 2075/2075/2075 2076/2076/2076
f 2074/2074/2074 2076/2076/2076 2077/2077/2077
f 2078/2078/2078 2079/2079/2079 2080/2080/2080
f 2078/2078/2078 2080/2080/2080 2081/2081/2081
f 2082/2082/2082 2083/2083/2083 2084/2084/2084
f 2082/2082/2082 2084/2084/2084 2085/2085/2085
f 2086/2086/2086 2087/2087/2087 2088/2088/2088
f 2086/2086/2086 2088/2088/2088 2089/2089/2089
f 2090/2090/2090 2091/2091/2091 2092/2092/2092
f 2090/2090/2090 2092/2092/2092 2093/2093/2093
f 2094/2094/2094 2095/2095/2095 2096/2096/2096
f 2094/2094/2094 2096/2096/2096 2097/2097/2097
f 2818/2818/2818 2819/2819/2819 2820/2820/2820
f 2818/2818/2818 2820/2820/2820 2821/2821/2821
f 2822/2822/2822 2823/2823/2823 2824/2824/2824
f 2822/2822/2822 2824/2824/2824 2825/2825/2825
f 2826/2826/2826 2827/2827/2827 2828/2828/2828
f 2826/2826/2826 2828/2828/2828 2829/2829/2829
f 2830/2830/2830 2831/2831/2831 2832/2832/2832
f 2830/2830/2830 2832/2832/2832 2833/2833/2833
f 2834/2834/2834 2835/2835/2835 2836/2836/2836
f 2834/2834/2834 2836/2836/2836 2837/2837/2837
f 2838/2838/2838 2839/2839/2839 2840/2840/2840
f 2838/2838/2838 2840/2840/2840 2841/2841/2841
f 5186/5186/5186 5188/5188/5188 5190/5190/5190
f 5187/5187/5187 5191/5191/5191 5189/5189/5189
f 5188/5188/5188 5189/5189/5189 5191/5191/5191
f 5188/5188/5188 5191/5191/5191 5190/5190/5190
f 5186/5186/5186 5190/5190/5190 5192/5192/5192
f 5187/5187/5187 5193/5193/5193 5191/5191/5191
f 5190/5190/5190 5191/5191/5191 5193/5193/5193
f 5190/5190/5190 5193/5193/5193 5192/5192/5192
f 5186/5186/5186 5192/5192/5192 5194/5194/5194
f 5187/5187/5187 5195/5195/5195 5193/5193/5193
f 5192/5192/5192 5193/5193/5193 5195/5195/5195
f 5192/5192/5192 5195/5195/5195 5194/5194/5194
f 5186/5186/5186 5194/5194/5194 5196/5196/5196
f 5187/5187/5187 5197/5197/5197 5195/5195/5195
f 5194/5194/5194 5195/5195/5195 5197/5197/5197
f 5194/5194/5194 5197/5197/5197 5196/5196/5196
f 5186/5186/5186 5196/5196/5196 5198/5198/5198
f 5187/5187/5187 5199/5199/5199 5197/5197/5197
f 5196/5196/5196 5197/5197/5197 5199/5199/5199
f 5196/5196/5196 5199/5199/5199 5198/5198/5198
f 5186/5186/5186 5198/5198/5198 5200/5200/5200
f 5187/5187/5187 5201/5201/5201 5199/5199/5199
f 5198/5198/5198 5199/5199/5199 5201/5201/5201
f 5198/5198/5198 5201/5201/5201 5200/5200/5200
f 5186/5186/5186 5200/5200/5200 5202/5202/5202
f 5187/5187/5187 5203/5203/5203 5201/5201/5201
f 5200/5200/5200 5201/5201/5201 5203/5203/5203
f 5200/5200/5200 5203/5203/5203 5202/5202/5202
f 5186/5186/5186 5202/5202/5202 5204/5204/5204
f 5187/5187/5187 5205/5205/5205 5203/5203/5203
f 5202/5202/5202 5203/5203/5203 5205/5205/5205
f 5202/5202/5202 5205/5205/5205 5204/5204/5204
f 5186/5186/5186 5204/5204/5204 5206/5206/5206
f 5187/5187/5187 5207/5207/5207 5205/5205/5205
f 5204/5204/5204 5205/5205/5205 5207/5207/5207
f 5204/5204/5204 5207/5207/5207 5206/5206/5206
f 5186/5186/5186 5206/5206/5206 5208/5208/5208
f 5187/5187/5187 5209/5209/5209 5207/5207/5207
f 5206/5206/5206 5207/5207/5207 5209/5209/5209
f 5206/5206/5206 5209/5209/5209 5208/5208/5208
f 5186/5186/5186 5208/5208/5208 5210/5210/5210
f 5187/5187/5187 5211/5211/5211 5209/5209/5209
f 5208/5208/5208 5209/5209/5209 5211/5211/5211
f 5208/5208/5208 5211/5211/5211 5210/5210/5210
f 5186/5186/5186 5210/5210/5210 5212/5212/5212
f 5187/5187/5187 5213/5213/5213 5211/5211/5211
f 5210/5210/5210 5211/5211/5211 5213/5213/5213
f 5210/5210/5210 5213/5213/5213 5212/5212/5212
f 5186/5186/5186 5212/5212/5212 5214/5214/5214
f 5187/5187/5187 5215/5215/5215 5213/5213/5213
f 5212/5212/5212 5213/5213/5213 5215/5215/5215
f 5212/5212/5212 5215/5215/5215 5214/5214/5214
f 5186/5186/5186 5214/5214/5214 5216/5216/5216
f 5187/5187/5187 5217/5217/5217 5215/5215/5215
f 5214/5214/5214 5215/5215/5215 5217/5217/5217
f 5214/5214/5214 5217/5217/5217 5216/5216/5216
f 5186/5186/5186 5216/5216/5216 5218/5218/5218
f 5187/5187/5187 5219/5219/5219 5217/5217/5217
f 5216/5216/5216 5217/5217/5217 5219/5219/5219
f 5216/5216/5216 5219/5219/5219 5218/5218/5218
f 5186/5186/5186 5218/5218/5218 5188/5188/5188
f 5187/5187/5187 5189/5189/5189 5219/5219/5219
f 5218/5218/5218 5219/5219/5219 5189/5189/5189
f 5218/5218/5218 5189/5189/5189 5188/5188/5188
f 5460/5460/5460 5461/5461/5461 5462/5462/5462
f 5460/5460/5460 5462/5462/5462 5463/5463/5463
f 5464/5464/5464 5465/5465/5465 5466/5466/5466
f 5464/5464/5464 5466/5466/5466 5467/5467/5467
f 5468/5468/5468 5469/5469/5469 5470/5470/5470
f 5468/5468/5468 5470/5470/5470 5471/5471/5471
f 5472/5472/5472 5473/5473/5473 5474/5474/5474
f 5472/5472/5472 5474/5474/5474 5475/5475/5475
f 5476/5476/5476 5477/5477/5477 5478/5478/5478
f 5476/5476/5476 5478/5478/5478 5479/5479/5479
f 5480/5480/5480 5481/5481/5481 5482/5482/5482
f 5480/5480/5480 5482/5482/5482 5483/5483/5483
f 5484/5484/5484 5485/5485/5485 5486/5486/5486
f 5484/5484/5484 5486/5486/5486 5487/5487/5487
f 5488/5488/5488 5489/5489/5489 5490/5490/5490
f 5488/5488/5488 5490/5490/5490 5491/5491/5491
f 5492/5492/5492 5493/5493/5493 5494/5494/5494
f 5492/5492/5492 5494/5494/5494 5495/5495/5495
f 5496/5496/5496 5497/5497/5497 5498/5498/5498
f 5496/5496/5496 5498/5498/5498 5499/5499/5499
f 5500/5500/5500 5501/5501/5501 5502/5502/5502
f 5500/5500/5500 5502/5502/5502 5503/5503/5503
f 5504/5504/5504 5505/5505/5505 5506/5506/5506
f 5504/5504/5504 5506/5506/5506 5507/5507/5507
f 5508/5508/5508 5509/5509/5509 5510/5510/5510
f 5508/5508/5508 5510/5510/5510 5511/5511/5511
f 5512/5512/5512 5513/5513/5513 5514/5514/5514
f 5512/5512/5512 5514/5514/5514 5515/5515/5515
f 5516/5516/5516 5517/5517/5517 5518/5518/5518
f 5516/5516/5516 5518/5518/5518 5519/5519/5519
f 5520/5520/5520 5521/5521/5521 5522/5522/5522
f 5520/5520/5520 5522/5522/5522 5523/5523/5523
f 5524/5524/5524 5525/5525/5525 5526/5526/5526
f 5524/5524/5524 5526/5526/5526 5527/5527/5527
f 5528/5528/5528 5529/5529/5529 5530/5530/5530
f 5528/5528/5528 5530/5530/5530 5531/5531/5531
g Screen_LeftPanoramic
usemtl Screen_LeftPanoramic
f 1906/1906/1906 1907/1907/1907 1908/1908/1908
f 1906/1906/1906 1908/1908/1908 1909/1909/1909
f 1910/1910/1910 1911/1911/1911 1912/1912/1912
f 1910/1910/1910 1912/1912/1912 1913/1913/1913
f 1914/1914/1914 1915/1915/1915 1916/1916/1916
f 1914/1914/1914 1916/1916/1916 1917/1917/1917
f 1918/1918/1918 1919/1919/1919 1920/1920/1920
f 1918/1918/1918 1920/1920/1920 1921/1921/1921
f 1922/1922/1922 1923/1923/1923 1924/1924/1924
f 1922/1922/1922 1924/1924/1924 1925/1925/1925
f 1926/1926/1926 1927/1927/1927 1928/1928/1928
f 1926/1926/1926 1928/1928/1928 1929/1929/1929
f 1930/1930/1930 1931/1931/1931 1932/1932/1932
f 1930/1930/1930 1932/1932/1932 1933/1933/1933
f 1934/1934/1934 1935/1935/1935 1936/1936/1936
f 1934/1934/1934 1936/1936/1936 1937/1937/1937
f 1938/1938/1938 1939/1939/1939 1940/1940/1940
f 1938/1938/1938 1940/1940/1940 1941/1941/1941
f 1942/1942/1942 1943/1943/1943 1944/1944/1944
f 1942/1942/1942 1944/1944/1944 1945/1945/1945
f 1946/1946/1946 1947/1947/1947 1948/1948/1948
f 1946/1946/1946 1948/1948/1948 1949/1949/1949
f 1950/1950/1950 1951/1951/1951 1952/1952/1952
f 1950/1950/1950 1952/1952/1952 1953/1953/1953
g GlassViewport
usemtl GlassViewport
f 2050/2050/2050 2051/2051/2051 2052/2052/2052
f 2050/2050/2050 2052/2052/2052 2053/2053/2053
f 2054/2054/2054 2055/2055/2055 2056/2056/2056
f 2054/2054/2054 2056/2056/2056 2057/2057/2057
f 2058/2058/2058 2059/2059/2059 2060/2060/2060
f 2058/2058/2058 2060/2060/2060 2061/2061/2061
f 2062/2062/2062 2063/2063/2063 2064/2064/2064
f 2062/2062/2062 2064/2064/2064 2065/2065/2065
f 2066/2066/2066 2067/2067/2067 2068/2068/2068
f 2066/2066/2066 2068/2068/2068 2069/2069/2069
f 2070/2070/2070 2071/2071/2071 2072/2072/2072
f 2070/2070/2070 2072/2072/2072 2073/2073/2073
f 2794/2794/2794 2795/2795/2795 2796/2796/2796
f 2794/2794/2794 2796/2796/2796 2797/2797/2797
f 2798/2798/2798 2799/2799/2799 2800/2800/2800
f 2798/2798/2798 2800/2800/2800 2801/2801/2801
f 2802/2802/2802 2803/2803/2803 2804/2804/2804
f 2802/2802/2802 2804/2804/2804 2805/2805/2805
f 2806/2806/2806 2807/2807/2807 2808/2808/2808
f 2806/2806/2806 2808/2808/2808 2809/2809/2809
f 2810/2810/2810 2811/2811/2811 2812/2812/2812
f 2810/2810/2810 2812/2812/2812 2813/2813/2813
f 2814/2814/2814 2815/2815/2815 2816/2816/2816
f 2814/2814/2814 2816/2816/2816 2817/2817/2817
f 4754/4754/4754 4755/4755/4755 4756/4756/4756
f 4754/4754/4754 4756/4756/4756 4757/4757/4757
f 4758/4758/4758 4759/4759/4759 4760/4760/4760
f 4758/4758/4758 4760/4760/4760 4761/4761/4761
f 4762/4762/4762 4763/4763/4763 4764/4764/4764
f 4762/4762/4762 4764/4764/4764 4765/4765/4765
f 4766/4766/4766 4767/4767/4767 4768/4768/4768
f 4766/4766/4766 4768/4768/4768 4769/4769/4769
f 4770/4770/4770 4771/4771/4771 4772/4772/4772
f 4770/4770/4770 4772/4772/4772 4773/4773/4773
f 4774/4774/4774 4775/4775/4775 4776/4776/4776
f 4774/4774/4774 4776/4776/4776 4777/4777/4777
f 4778/4778/4778 4779/4779/4779 4780/4780/4780
f 4778/4778/4778 4780/4780/4780 4781/4781/4781
f 4782/4782/4782 4783/4783/4783 4784/4784/4784
f 4782/4782/4782 4784/4784/4784 4785/4785/4785
f 4786/4786/4786 4787/4787/4787 4788/4788/4788
f 4786/4786/4786 4788/4788/4788 4789/4789/4789
f 4790/4790/4790 4791/4791/4791 4792/4792/4792
f 4790/4790/4790 4792/4792/4792 4793/4793/4793
f 4794/4794/4794 4795/4795/4795 4796/4796/4796
f 4794/4794/4794 4796/4796/4796 4797/4797/4797
f 4798/4798/4798 4799/4799/4799 4800/4800/4800
f 4798/4798/4798 4800/4800/4800 4801/4801/4801
g Cockpit_ScreenGlass
usemtl Cockpit_ScreenGlass
f 2330/2330/2330 2331/2331/2331 2332/2332/2332
f 2330/2330/2330 2332/2332/2332 2333/2333/2333
f 2334/2334/2334 2335/2335/2335 2336/2336/2336
f 2334/2334/2334 2336/2336/2336 2337/2337/2337
f 2338/2338/2338 2339/2339/2339 2340/2340/2340
f 2338/2338/2338 2340/2340/2340 2341/2341/2341
f 2342/2342/2342 2343/2343/2343 2344/2344/2344
f 2342/2342/2342 2344/2344/2344 2345/2345/2345
f 2346/2346/2346 2347/2347/2347 2348/2348/2348
f 2346/2346/2346 2348/2348/2348 2349/2349/2349
f 2350/2350/2350 2351/2351/2351 2352/2352/2352
f 2350/2350/2350 2352/2352/2352 2353/2353/2353
f 2402/2402/2402 2403/2403/2403 2404/2404/2404
f 2402/2402/2402 2404/2404/2404 2405/2405/2405
f 2406/2406/2406 2407/2407/2407 2408/2408/2408
f 2406/2406/2406 2408/2408/2408 2409/2409/2409
f 2410/2410/2410 2411/2411/2411 2412/2412/2412
f 2410/2410/2410 2412/2412/2412 2413/2413/2413
f 2414/2414/2414 2415/2415/2415 2416/2416/2416
f 2414/2414/2414 2416/2416/2416 2417/2417/2417
f 2418/2418/2418 2419/2419/2419 2420/2420/2420
f 2418/2418/2418 2420/2420/2420 2421/2421/2421
f 2422/2422/2422 2423/2423/2423 2424/2424/2424
f 2422/2422/2422 2424/2424/2424 2425/2425/2425
f 2474/2474/2474 2475/2475/2475 2476/2476/2476
f 2474/2474/2474 2476/2476/2476 2477/2477/2477
f 2478/2478/2478 2479/2479/2479 2480/2480/2480
f 2478/2478/2478 2480/2480/2480 2481/2481/2481
f 2482/2482/2482 2483/2483/2483 2484/2484/2484
f 2482/2482/2482 2484/2484/2484 2485/2485/2485
f 2486/2486/2486 2487/2487/2487 2488/2488/2488
f 2486/2486/2486 2488/2488/2488 2489/2489/2489
f 2490/2490/2490 2491/2491/2491 2492/2492/2492
f 2490/2490/2490 2492/2492/2492 2493/2493/2493
f 2494/2494/2494 2495/2495/2495 2496/2496/2496
f 2494/2494/2494 2496/2496/2496 2497/2497/2497
f 2546/2546/2546 2547/2547/2547 2548/2548/2548
f 2546/2546/2546 2548/2548/2548 2549/2549/2549
f 2550/2550/2550 2551/2551/2551 2552/2552/2552
f 2550/2550/2550 2552/2552/2552 2553/2553/2553
f 2554/2554/2554 2555/2555/2555 2556/2556/2556
f 2554/2554/2554 2556/2556/2556 2557/2557/2557
f 2558/2558/2558 2559/2559/2559 2560/2560/2560
f 2558/2558/2558 2560/2560/2560 2561/2561/2561
f 2562/2562/2562 2563/2563/2563 2564/2564/2564
f 2562/2562/2562 2564/2564/2564 2565/2565/2565
f 2566/2566/2566 2567/2567/2567 2568/2568/2568
f 2566/2566/2566 2568/2568/2568 2569/2569/2569
f 3074/3074/3074 3075/3075/3075 3076/3076/3076
f 3074/3074/3074 3076/3076/3076 3077/3077/3077
f 3078/3078/3078 3079/3079/3079 3080/3080/3080
f 3078/3078/3078 3080/3080/3080 3081/3081/3081
f 3082/3082/3082 3083/3083/3083 3084/3084/3084
f 3082/3082/3082 3084/3084/3084 3085/3085/3085
f 3086/3086/3086 3087/3087/3087 3088/3088/3088
f 3086/3086/3086 3088/3088/3088 3089/3089/3089
f 3090/3090/3090 3091/3091/3091 3092/3092/3092
f 3090/3090/3090 3092/3092/3092 3093/3093/3093
f 3094/3094/3094 3095/3095/3095 3096/3096/3096
f 3094/3094/3094 3096/3096/3096 3097/3097/3097
f 3146/3146/3146 3147/3147/3147 3148/3148/3148
f 3146/3146/3146 3148/3148/3148 3149/3149/3149
f 3150/3150/3150 3151/3151/3151 3152/3152/3152
f 3150/3150/3150 3152/3152/3152 3153/3153/3153
f 3154/3154/3154 3155/3155/3155 3156/3156/3156
f 3154/3154/3154 3156/3156/3156 3157/3157/3157
f 3158/3158/3158 3159/3159/3159 3160/3160/3160
f 3158/3158/3158 3160/3160/3160 3161/3161/3161
f 3162/3162/3162 3163/3163/3163 3164/3164/3164
f 3162/3162/3162 3164/3164/3164 3165/3165/3165
f 3166/3166/3166 3167/3167/3167 3168/3168/3168
f 3166/3166/3166 3168/3168/3168 3169/3169/3169
f 3218/3218/3218 3219/3219/3219 3220/3220/3220
f 3218/3218/3218 3220/3220/3220 3221/3221/3221
f 3222/3222/3222 3223/3223/3223 3224/3224/3224
f 3222/3222/3222 3224/3224/3224 3225/3225/3225
f 3226/3226/3226 3227/3227/3227 3228/3228/3228
f 3226/3226/3226 3228/3228/3228 3229/3229/3229
f 3230/3230/3230 3231/3231/3231 3232/3232/3232
f 3230/3230/3230 3232/3232/3232 3233/3233/3233
f 3234/3234/3234 3235/3235/3235 3236/3236/3236
f 3234/3234/3234 3236/3236/3236 3237/3237/3237
f 3238/3238/3238 3239/3239/3239 3240/3240/3240
f 3238/3238/3238 3240/3240/3240 3241/3241/3241
f 3290/3290/3290 3291/3291/3291 3292/3292/3292
f 3290/3290/3290 3292/3292/3292 3293/3293/3293
f 3294/3294/3294 3295/3295/3295 3296/3296/3296
f 3294/3294/3294 3296/3296/3296 3297/3297/3297
f 3298/3298/3298 3299/3299/3299 3300/3300/3300
f 3298/3298/3298 3300/3300/3300 3301/3301/3301
f 3302/3302/3302 3303/3303/3303 3304/3304/3304
f 3302/3302/3302 3304/3304/3304 3305/3305/3305
f 3306/3306/3306 3307/3307/3307 3308/3308/3308
f 3306/3306/3306 3308/3308/3308 3309/3309/3309
f 3310/3310/3310 3311/3311/3311 3312/3312/3312
f 3310/3310/3310 3312/3312/3312 3313/3313/3313
g Screen_RightPanoramic
usemtl Screen_RightPanoramic
f 2650/2650/2650 2651/2651/2651 2652/2652/2652
f 2650/2650/2650 2652/2652/2652 2653/2653/2653
f 2654/2654/2654 2655/2655/2655 2656/2656/2656
f 2654/2654/2654 2656/2656/2656 2657/2657/2657
f 2658/2658/2658 2659/2659/2659 2660/2660/2660
f 2658/2658/2658 2660/2660/2660 2661/2661/2661
f 2662/2662/2662 2663/2663/2663 2664/2664/2664
f 2662/2662/2662 2664/2664/2664 2665/2665/2665
f 2666/2666/2666 2667/2667/2667 2668/2668/2668
f 2666/2666/2666 2668/2668/2668 2669/2669/2669
f 2670/2670/2670 2671/2671/2671 2672/2672/2672
f 2670/2670/2670 2672/2672/2672 2673/2673/2673
f 2674/2674/2674 2675/2675/2675 2676/2676/2676
f 2674/2674/2674 2676/2676/2676 2677/2677/2677
f 2678/2678/2678 2679/2679/2679 2680/2680/2680
f 2678/2678/2678 2680/2680/2680 2681/2681/2681
f 2682/2682/2682 2683/2683/2683 2684/2684/2684
f 2682/2682/2682 2684/2684/2684 2685/2685/2685
f 2686/2686/2686 2687/2687/2687 2688/2688/2688
f 2686/2686/2686 2688/2688/2688 2689/2689/2689
f 2690/2690/2690 2691/2691/2691 2692/2692/2692
f 2690/2690/2690 2692/2692/2692 2693/2693/2693
f 2694/2694/2694 2695/2695/2695 2696/2696/2696
f 2694/2694/2694 2696/2696/2696 2697/2697/2697
