# XENOASIS Real 3D UFO Spaceship Model
# Generated 10/3/2026 6:46:50 PM
v 0.0000 3.2000 0.0000
v 0.0000 2.7000 0.1200
v 0.0000 2.4500 0.3500
v 0.0000 2.2500 1.8000
v 0.0000 1.9000 2.4500
v 0.0000 1.5500 2.6500
v 0.0000 1.4500 3.8000
v 0.0000 1.1000 5.5000
v 0.0000 0.6000 7.5000
v 0.0000 0.2000 8.7500
v 0.0000 0.0000 9.0000
v 0.0000 -0.1500 8.8000
v 0.0000 -0.3000 8.2000
v 0.0000 -0.4500 7.2000
v 0.0000 -0.3800 6.5000
v 0.0000 -0.7500 4.8000
v 0.0000 -1.1500 2.8000
v 0.0000 -1.4000 1.6000
v 0.0000 -1.5500 0.0000
v 0.0000 3.2000 0.0000
v 0.0157 2.7000 0.1190
v 0.0457 2.4500 0.3470
v 0.2349 2.2500 1.7846
v 0.3198 1.9000 2.4290
v 0.3459 1.5500 2.6273
v 0.4960 1.4500 3.7675
v 0.7179 1.1000 5.4529
v 0.9789 0.6000 7.4358
v 1.1421 0.2000 8.6751
v 1.1747 0.0000 8.9230
v 1.1486 -0.1500 8.7247
v 1.0703 -0.3000 8.1298
v 0.9398 -0.4500 7.1384
v 0.8484 -0.3800 6.4444
v 0.6265 -0.7500 4.7589
v 0.3655 -1.1500 2.7760
v 0.2088 -1.4000 1.5863
v 0.0000 -1.5500 0.0000
v 0.0000 3.2000 0.0000
v 0.0311 2.7000 0.1159
v 0.0906 2.4500 0.3381
v 0.4659 2.2500 1.7387
v 0.6341 1.9000 2.3665
v 0.6859 1.5500 2.5597
v 0.9835 1.4500 3.6705
v 1.4235 1.1000 5.3126
v 1.9411 0.6000 7.2444
v 2.2647 0.2000 8.4519
v 2.3294 0.0000 8.6933
v 2.2776 -0.1500 8.5001
v 2.1223 -0.3000 7.9206
v 1.8635 -0.4500 6.9547
v 1.6823 -0.3800 6.2785
v 1.2423 -0.7500 4.6364
v 0.7247 -1.1500 2.7046
v 0.4141 -1.4000 1.5455
v 0.0000 -1.5500 0.0000
v 0.0000 3.2000 0.0000
v 0.0459 2.7000 0.1109
v 0.1339 2.4500 0.3234
v 0.6888 2.2500 1.6630
v 0.9376 1.9000 2.2635
v 1.0141 1.5500 2.4483
v 1.4542 1.4500 3.5107
v 2.1048 1.1000 5.0813
v 2.8701 0.6000 6.9291
v 3.3485 0.2000 8.0839
v 3.4442 0.0000 8.3149
v 3.3676 -0.1500 8.1301
v 3.1380 -0.3000 7.5758
v 2.7553 -0.4500 6.6519
v 2.4874 -0.3800 6.0052
v 1.8369 -0.7500 4.4346
v 1.0715 -1.1500 2.5869
v 0.6123 -1.4000 1.4782
v 0.0000 -1.5500 0.0000
v 0.0000 3.2000 0.0000
v 0.0600 2.7000 0.1039
v 0.1750 2.4500 0.3031
v 0.9000 2.2500 1.5588
v 1.2250 1.9000 2.1218
v 1.3250 1.5500 2.2950
v 1.9000 1.4500 3.2909
v 2.7500 1.1000 4.7631
v 3.7500 0.6000 6.4952
v 4.3750 0.2000 7.5777
v 4.5000 0.0000 7.7942
v 4.4000 -0.1500 7.6210
v 4.1000 -0.3000 7.1014
v 3.6000 -0.4500 6.2354
v 3.2500 -0.3800 5.6292
v 2.4000 -0.7500 4.1569
v 1.4000 -1.1500 2.4249
v 0.8000 -1.4000 1.3856
v 0.0000 -1.5500 0.0000
v 0.0000 3.2000 0.0000
v 0.0731 2.7000 0.0952
v 0.2131 2.4500 0.2777
v 1.0958 2.2500 1.4280
v 1.4915 1.9000 1.9437
v 1.6132 1.5500 2.1024
v 2.3133 1.4500 3.0147
v 3.3482 1.1000 4.3634
v 4.5657 0.6000 5.9502
v 5.3267 0.2000 6.9418
v 5.4789 0.0000 7.1402
v 5.3571 -0.1500 6.9815
v 4.9918 -0.3000 6.5055
v 4.3831 -0.4500 5.7121
v 3.9569 -0.3800 5.1568
v 2.9221 -0.7500 3.8081
v 1.7045 -1.1500 2.2214
v 0.9740 -1.4000 1.2694
v 0.0000 -1.5500 0.0000
v 0.0000 3.2000 0.0000
v 0.0849 2.7000 0.0849
v 0.2475 2.4500 0.2475
v 1.2728 2.2500 1.2728
v 1.7324 1.9000 1.7324
v 1.8738 1.5500 1.8738
v 2.6870 1.4500 2.6870
v 3.8891 1.1000 3.8891
v 5.3033 0.6000 5.3033
v 6.1872 0.2000 6.1872
v 6.3640 0.0000 6.3640
v 6.2225 -0.1500 6.2225
v 5.7983 -0.3000 5.7983
v 5.0912 -0.4500 5.0912
v 4.5962 -0.3800 4.5962
v 3.3941 -0.7500 3.3941
v 1.9799 -1.1500 1.9799
v 1.1314 -1.4000 1.1314
v 0.0000 -1.5500 0.0000
v 0.0000 3.2000 0.0000
v 0.0952 2.7000 0.0731
v 0.2777 2.4500 0.2131
v 1.4280 2.2500 1.0958
v 1.9437 1.9000 1.4915
v 2.1024 1.5500 1.6132
v 3.0147 1.4500 2.3133
v 4.3634 1.1000 3.3482
v 5.9502 0.6000 4.5657
v 6.9418 0.2000 5.3267
v 7.1402 0.0000 5.4789
v 6.9815 -0.1500 5.3571
v 6.5055 -0.3000 4.9918
v 5.7121 -0.4500 4.3831
v 5.1568 -0.3800 3.9569
v 3.8081 -0.7500 2.9221
v 2.2214 -1.1500 1.7045
v 1.2694 -1.4000 0.9740
v 0.0000 -1.5500 0.0000
v 0.0000 3.2000 0.0000
v 0.1039 2.7000 0.0600
v 0.3031 2.4500 0.1750
v 1.5588 2.2500 0.9000
v 2.1218 1.9000 1.2250
v 2.2950 1.5500 1.3250
v 3.2909 1.4500 1.9000
v 4.7631 1.1000 2.7500
v 6.4952 0.6000 3.7500
v 7.5777 0.2000 4.3750
v 7.7942 0.0000 4.5000
v 7.6210 -0.1500 4.4000
v 7.1014 -0.3000 4.1000
v 6.2354 -0.4500 3.6000
v 5.6292 -0.3800 3.2500
v 4.1569 -0.7500 2.4000
v 2.4249 -1.1500 1.4000
v 1.3856 -1.4000 0.8000
v 0.0000 -1.5500 0.0000
v 0.0000 3.2000 0.0000
v 0.1109 2.7000 0.0459
v 0.3234 2.4500 0.1339
v 1.6630 2.2500 0.6888
v 2.2635 1.9000 0.9376
v 2.4483 1.5500 1.0141
v 3.5107 1.4500 1.4542
v 5.0813 1.1000 2.1048
v 6.9291 0.6000 2.8701
v 8.0839 0.2000 3.3485
v 8.3149 0.0000 3.4442
v 8.1301 -0.1500 3.3676
v 7.5758 -0.3000 3.1380
v 6.6519 -0.4500 2.7553
v 6.0052 -0.3800 2.4874
v 4.4346 -0.7500 1.8369
v 2.5869 -1.1500 1.0715
v 1.4782 -1.4000 0.6123
v 0.0000 -1.5500 0.0000
v 0.0000 3.2000 0.0000
v 0.1159 2.7000 0.0311
v 0.3381 2.4500 0.0906
v 1.7387 2.2500 0.4659
v 2.3665 1.9000 0.6341
v 2.5597 1.5500 0.6859
v 3.6705 1.4500 0.9835
v 5.3126 1.1000 1.4235
v 7.2444 0.6000 1.9411
v 8.4519 0.2000 2.2647
v 8.6933 0.0000 2.3294
v 8.5001 -0.1500 2.2776
v 7.9206 -0.3000 2.1223
v 6.9547 -0.4500 1.8635
v 6.2785 -0.3800 1.6823
v 4.6364 -0.7500 1.2423
v 2.7046 -1.1500 0.7247
v 1.5455 -1.4000 0.4141
v 0.0000 -1.5500 0.0000
v 0.0000 3.2000 0.0000
v 0.1190 2.7000 0.0157
v 0.3470 2.4500 0.0457
v 1.7846 2.2500 0.2349
v 2.4290 1.9000 0.3198
v 2.6273 1.5500 0.3459
v 3.7675 1.4500 0.4960
v 5.4529 1.1000 0.7179
v 7.4358 0.6000 0.9789
v 8.6751 0.2000 1.1421
v 8.9230 0.0000 1.1747
v 8.7247 -0.1500 1.1486
v 8.1298 -0.3000 1.0703
v 7.1384 -0.4500 0.9398
v 6.4444 -0.3800 0.8484
v 4.7589 -0.7500 0.6265
v 2.7760 -1.1500 0.3655
v 1.5863 -1.4000 0.2088
v 0.0000 -1.5500 0.0000
v 0.0000 3.2000 0.0000
v 0.1200 2.7000 0.0000
v 0.3500 2.4500 0.0000
v 1.8000 2.2500 0.0000
v 2.4500 1.9000 0.0000
v 2.6500 1.5500 0.0000
v 3.8000 1.4500 0.0000
v 5.5000 1.1000 0.0000
v 7.5000 0.6000 0.0000
v 8.7500 0.2000 0.0000
v 9.0000 0.0000 0.0000
v 8.8000 -0.1500 0.0000
v 8.2000 -0.3000 0.0000
v 7.2000 -0.4500 0.0000
v 6.5000 -0.3800 0.0000
v 4.8000 -0.7500 0.0000
v 2.8000 -1.1500 0.0000
v 1.6000 -1.4000 0.0000
v 0.0000 -1.5500 0.0000
v 0.0000 3.2000 0.0000
v 0.1190 2.7000 -0.0157
v 0.3470 2.4500 -0.0457
v 1.7846 2.2500 -0.2349
v 2.4290 1.9000 -0.3198
v 2.6273 1.5500 -0.3459
v 3.7675 1.4500 -0.4960
v 5.4529 1.1000 -0.7179
v 7.4358 0.6000 -0.9789
v 8.6751 0.2000 -1.1421
v 8.9230 0.0000 -1.1747
v 8.7247 -0.1500 -1.1486
v 8.1298 -0.3000 -1.0703
v 7.1384 -0.4500 -0.9398
v 6.4444 -0.3800 -0.8484
v 4.7589 -0.7500 -0.6265
v 2.7760 -1.1500 -0.3655
v 1.5863 -1.4000 -0.2088
v 0.0000 -1.5500 0.0000
v 0.0000 3.2000 0.0000
v 0.1159 2.7000 -0.0311
v 0.3381 2.4500 -0.0906
v 1.7387 2.2500 -0.4659
v 2.3665 1.9000 -0.6341
v 2.5597 1.5500 -0.6859
v 3.6705 1.4500 -0.9835
v 5.3126 1.1000 -1.4235
v 7.2444 0.6000 -1.9411
v 8.4519 0.2000 -2.2647
v 8.6933 0.0000 -2.3294
v 8.5001 -0.1500 -2.2776
v 7.9206 -0.3000 -2.1223
v 6.9547 -0.4500 -1.8635
v 6.2785 -0.3800 -1.6823
v 4.6364 -0.7500 -1.2423
v 2.7046 -1.1500 -0.7247
v 1.5455 -1.4000 -0.4141
v 0.0000 -1.5500 0.0000
v 0.0000 3.2000 0.0000
v 0.1109 2.7000 -0.0459
v 0.3234 2.4500 -0.1339
v 1.6630 2.2500 -0.6888
v 2.2635 1.9000 -0.9376
v 2.4483 1.5500 -1.0141
v 3.5107 1.4500 -1.4542
v 5.0813 1.1000 -2.1048
v 6.9291 0.6000 -2.8701
v 8.0839 0.2000 -3.3485
v 8.3149 0.0000 -3.4442
v 8.1301 -0.1500 -3.3676
v 7.5758 -0.3000 -3.1380
v 6.6519 -0.4500 -2.7553
v 6.0052 -0.3800 -2.4874
v 4.4346 -0.7500 -1.8369
v 2.5869 -1.1500 -1.0715
v 1.4782 -1.4000 -0.6123
v 0.0000 -1.5500 0.0000
v 0.0000 3.2000 0.0000
v 0.1039 2.7000 -0.0600
v 0.3031 2.4500 -0.1750
v 1.5588 2.2500 -0.9000
v 2.1218 1.9000 -1.2250
v 2.2950 1.5500 -1.3250
v 3.2909 1.4500 -1.9000
v 4.7631 1.1000 -2.7500
v 6.4952 0.6000 -3.7500
v 7.5777 0.2000 -4.3750
v 7.7942 0.0000 -4.5000
v 7.6210 -0.1500 -4.4000
v 7.1014 -0.3000 -4.1000
v 6.2354 -0.4500 -3.6000
v 5.6292 -0.3800 -3.2500
v 4.1569 -0.7500 -2.4000
v 2.4249 -1.1500 -1.4000
v 1.3856 -1.4000 -0.8000
v 0.0000 -1.5500 0.0000
v 0.0000 3.2000 0.0000
v 0.0952 2.7000 -0.0731
v 0.2777 2.4500 -0.2131
v 1.4280 2.2500 -1.0958
v 1.9437 1.9000 -1.4915
v 2.1024 1.5500 -1.6132
v 3.0147 1.4500 -2.3133
v 4.3634 1.1000 -3.3482
v 5.9502 0.6000 -4.5657
v 6.9418 0.2000 -5.3267
v 7.1402 0.0000 -5.4789
v 6.9815 -0.1500 -5.3571
v 6.5055 -0.3000 -4.9918
v 5.7121 -0.4500 -4.3831
v 5.1568 -0.3800 -3.9569
v 3.8081 -0.7500 -2.9221
v 2.2214 -1.1500 -1.7045
v 1.2694 -1.4000 -0.9740
v 0.0000 -1.5500 0.0000
v 0.0000 3.2000 0.0000
v 0.0849 2.7000 -0.0849
v 0.2475 2.4500 -0.2475
v 1.2728 2.2500 -1.2728
v 1.7324 1.9000 -1.7324
v 1.8738 1.5500 -1.8738
v 2.6870 1.4500 -2.6870
v 3.8891 1.1000 -3.8891
v 5.3033 0.6000 -5.3033
v 6.1872 0.2000 -6.1872
v 6.3640 0.0000 -6.3640
v 6.2225 -0.1500 -6.2225
v 5.7983 -0.3000 -5.7983
v 5.0912 -0.4500 -5.0912
v 4.5962 -0.3800 -4.5962
v 3.3941 -0.7500 -3.3941
v 1.9799 -1.1500 -1.9799
v 1.1314 -1.4000 -1.1314
v 0.0000 -1.5500 0.0000
v 0.0000 3.2000 0.0000
v 0.0731 2.7000 -0.0952
v 0.2131 2.4500 -0.2777
v 1.0958 2.2500 -1.4280
v 1.4915 1.9000 -1.9437
v 1.6132 1.5500 -2.1024
v 2.3133 1.4500 -3.0147
v 3.3482 1.1000 -4.3634
v 4.5657 0.6000 -5.9502
v 5.3267 0.2000 -6.9418
v 5.4789 0.0000 -7.1402
v 5.3571 -0.1500 -6.9815
v 4.9918 -0.3000 -6.5055
v 4.3831 -0.4500 -5.7121
v 3.9569 -0.3800 -5.1568
v 2.9221 -0.7500 -3.8081
v 1.7045 -1.1500 -2.2214
v 0.9740 -1.4000 -1.2694
v 0.0000 -1.5500 0.0000
v 0.0000 3.2000 0.0000
v 0.0600 2.7000 -0.1039
v 0.1750 2.4500 -0.3031
v 0.9000 2.2500 -1.5588
v 1.2250 1.9000 -2.1218
v 1.3250 1.5500 -2.2950
v 1.9000 1.4500 -3.2909
v 2.7500 1.1000 -4.7631
v 3.7500 0.6000 -6.4952
v 4.3750 0.2000 -7.5777
v 4.5000 0.0000 -7.7942
v 4.4000 -0.1500 -7.6210
v 4.1000 -0.3000 -7.1014
v 3.6000 -0.4500 -6.2354
v 3.2500 -0.3800 -5.6292
v 2.4000 -0.7500 -4.1569
v 1.4000 -1.1500 -2.4249
v 0.8000 -1.4000 -1.3856
v 0.0000 -1.5500 0.0000
v 0.0000 3.2000 0.0000
v 0.0459 2.7000 -0.1109
v 0.1339 2.4500 -0.3234
v 0.6888 2.2500 -1.6630
v 0.9376 1.9000 -2.2635
v 1.0141 1.5500 -2.4483
v 1.4542 1.4500 -3.5107
v 2.1048 1.1000 -5.0813
v 2.8701 0.6000 -6.9291
v 3.3485 0.2000 -8.0839
v 3.4442 0.0000 -8.3149
v 3.3676 -0.1500 -8.1301
v 3.1380 -0.3000 -7.5758
v 2.7553 -0.4500 -6.6519
v 2.4874 -0.3800 -6.0052
v 1.8369 -0.7500 -4.4346
v 1.0715 -1.1500 -2.5869
v 0.6123 -1.4000 -1.4782
v 0.0000 -1.5500 0.0000
v 0.0000 3.2000 0.0000
v 0.0311 2.7000 -0.1159
v 0.0906 2.4500 -0.3381
v 0.4659 2.2500 -1.7387
v 0.6341 1.9000 -2.3665
v 0.6859 1.5500 -2.5597
v 0.9835 1.4500 -3.6705
v 1.4235 1.1000 -5.3126
v 1.9411 0.6000 -7.2444
v 2.2647 0.2000 -8.4519
v 2.3294 0.0000 -8.6933
v 2.2776 -0.1500 -8.5001
v 2.1223 -0.3000 -7.9206
v 1.8635 -0.4500 -6.9547
v 1.6823 -0.3800 -6.2785
v 1.2423 -0.7500 -4.6364
v 0.7247 -1.1500 -2.7046
v 0.4141 -1.4000 -1.5455
v 0.0000 -1.5500 0.0000
v 0.0000 3.2000 0.0000
v 0.0157 2.7000 -0.1190
v 0.0457 2.4500 -0.3470
v 0.2349 2.2500 -1.7846
v 0.3198 1.9000 -2.4290
v 0.3459 1.5500 -2.6273
v 0.4960 1.4500 -3.7675
v 0.7179 1.1000 -5.4529
v 0.9789 0.6000 -7.4358
v 1.1421 0.2000 -8.6751
v 1.1747 0.0000 -8.9230
v 1.1486 -0.1500 -8.7247
v 1.0703 -0.3000 -8.1298
v 0.9398 -0.4500 -7.1384
v 0.8484 -0.3800 -6.4444
v 0.6265 -0.7500 -4.7589
v 0.3655 -1.1500 -2.7760
v 0.2088 -1.4000 -1.5863
v 0.0000 -1.5500 0.0000
v 0.0000 3.2000 0.0000
v 0.0000 2.7000 -0.1200
v 0.0000 2.4500 -0.3500
v 0.0000 2.2500 -1.8000
v 0.0000 1.9000 -2.4500
v 0.0000 1.5500 -2.6500
v 0.0000 1.4500 -3.8000
v 0.0000 1.1000 -5.5000
v 0.0000 0.6000 -7.5000
v 0.0000 0.2000 -8.7500
v 0.0000 0.0000 -9.0000
v 0.0000 -0.1500 -8.8000
v 0.0000 -0.3000 -8.2000
v 0.0000 -0.4500 -7.2000
v 0.0000 -0.3800 -6.5000
v 0.0000 -0.7500 -4.8000
v 0.0000 -1.1500 -2.8000
v 0.0000 -1.4000 -1.6000
v 0.0000 -1.5500 0.0000
v 0.0000 3.2000 0.0000
v -0.0157 2.7000 -0.1190
v -0.0457 2.4500 -0.3470
v -0.2349 2.2500 -1.7846
v -0.3198 1.9000 -2.4290
v -0.3459 1.5500 -2.6273
v -0.4960 1.4500 -3.7675
v -0.7179 1.1000 -5.4529
v -0.9789 0.6000 -7.4358
v -1.1421 0.2000 -8.6751
v -1.1747 0.0000 -8.9230
v -1.1486 -0.1500 -8.7247
v -1.0703 -0.3000 -8.1298
v -0.9398 -0.4500 -7.1384
v -0.8484 -0.3800 -6.4444
v -0.6265 -0.7500 -4.7589
v -0.3655 -1.1500 -2.7760
v -0.2088 -1.4000 -1.5863
v 0.0000 -1.5500 0.0000
v 0.0000 3.2000 0.0000
v -0.0311 2.7000 -0.1159
v -0.0906 2.4500 -0.3381
v -0.4659 2.2500 -1.7387
v -0.6341 1.9000 -2.3665
v -0.6859 1.5500 -2.5597
v -0.9835 1.4500 -3.6705
v -1.4235 1.1000 -5.3126
v -1.9411 0.6000 -7.2444
v -2.2647 0.2000 -8.4519
v -2.3294 0.0000 -8.6933
v -2.2776 -0.1500 -8.5001
v -2.1223 -0.3000 -7.9206
v -1.8635 -0.4500 -6.9547
v -1.6823 -0.3800 -6.2785
v -1.2423 -0.7500 -4.6364
v -0.7247 -1.1500 -2.7046
v -0.4141 -1.4000 -1.5455
v 0.0000 -1.5500 0.0000
v 0.0000 3.2000 0.0000
v -0.0459 2.7000 -0.1109
v -0.1339 2.4500 -0.3234
v -0.6888 2.2500 -1.6630
v -0.9376 1.9000 -2.2635
v -1.0141 1.5500 -2.4483
v -1.4542 1.4500 -3.5107
v -2.1048 1.1000 -5.0813
v -2.8701 0.6000 -6.9291
v -3.3485 0.2000 -8.0839
v -3.4442 0.0000 -8.3149
v -3.3676 -0.1500 -8.1301
v -3.1380 -0.3000 -7.5758
v -2.7553 -0.4500 -6.6519
v -2.4874 -0.3800 -6.0052
v -1.8369 -0.7500 -4.4346
v -1.0715 -1.1500 -2.5869
v -0.6123 -1.4000 -1.4782
v 0.0000 -1.5500 0.0000
v 0.0000 3.2000 0.0000
v -0.0600 2.7000 -0.1039
v -0.1750 2.4500 -0.3031
v -0.9000 2.2500 -1.5588
v -1.2250 1.9000 -2.1218
v -1.3250 1.5500 -2.2950
v -1.9000 1.4500 -3.2909
v -2.7500 1.1000 -4.7631
v -3.7500 0.6000 -6.4952
v -4.3750 0.2000 -7.5777
v -4.5000 0.0000 -7.7942
v -4.4000 -0.1500 -7.6210
v -4.1000 -0.3000 -7.1014
v -3.6000 -0.4500 -6.2354
v -3.2500 -0.3800 -5.6292
v -2.4000 -0.7500 -4.1569
v -1.4000 -1.1500 -2.4249
v -0.8000 -1.4000 -1.3856
v 0.0000 -1.5500 0.0000
v 0.0000 3.2000 0.0000
v -0.0731 2.7000 -0.0952
v -0.2131 2.4500 -0.2777
v -1.0958 2.2500 -1.4280
v -1.4915 1.9000 -1.9437
v -1.6132 1.5500 -2.1024
v -2.3133 1.4500 -3.0147
v -3.3482 1.1000 -4.3634
v -4.5657 0.6000 -5.9502
v -5.3267 0.2000 -6.9418
v -5.4789 0.0000 -7.1402
v -5.3571 -0.1500 -6.9815
v -4.9918 -0.3000 -6.5055
v -4.3831 -0.4500 -5.7121
v -3.9569 -0.3800 -5.1568
v -2.9221 -0.7500 -3.8081
v -1.7045 -1.1500 -2.2214
v -0.9740 -1.4000 -1.2694
v 0.0000 -1.5500 0.0000
v 0.0000 3.2000 0.0000
v -0.0849 2.7000 -0.0849
v -0.2475 2.4500 -0.2475
v -1.2728 2.2500 -1.2728
v -1.7324 1.9000 -1.7324
v -1.8738 1.5500 -1.8738
v -2.6870 1.4500 -2.6870
v -3.8891 1.1000 -3.8891
v -5.3033 0.6000 -5.3033
v -6.1872 0.2000 -6.1872
v -6.3640 0.0000 -6.3640
v -6.2225 -0.1500 -6.2225
v -5.7983 -0.3000 -5.7983
v -5.0912 -0.4500 -5.0912
v -4.5962 -0.3800 -4.5962
v -3.3941 -0.7500 -3.3941
v -1.9799 -1.1500 -1.9799
v -1.1314 -1.4000 -1.1314
v 0.0000 -1.5500 0.0000
v 0.0000 3.2000 0.0000
v -0.0952 2.7000 -0.0731
v -0.2777 2.4500 -0.2131
v -1.4280 2.2500 -1.0958
v -1.9437 1.9000 -1.4915
v -2.1024 1.5500 -1.6132
v -3.0147 1.4500 -2.3133
v -4.3634 1.1000 -3.3482
v -5.9502 0.6000 -4.5657
v -6.9418 0.2000 -5.3267
v -7.1402 0.0000 -5.4789
v -6.9815 -0.1500 -5.3571
v -6.5055 -0.3000 -4.9918
v -5.7121 -0.4500 -4.3831
v -5.1568 -0.3800 -3.9570
v -3.8081 -0.7500 -2.9221
v -2.2214 -1.1500 -1.7045
v -1.2694 -1.4000 -0.9740
v 0.0000 -1.5500 0.0000
v 0.0000 3.2000 0.0000
v -0.1039 2.7000 -0.0600
v -0.3031 2.4500 -0.1750
v -1.5588 2.2500 -0.9000
v -2.1218 1.9000 -1.2250
v -2.2950 1.5500 -1.3250
v -3.2909 1.4500 -1.9000
v -4.7631 1.1000 -2.7500
v -6.4952 0.6000 -3.7500
v -7.5777 0.2000 -4.3750
v -7.7942 0.0000 -4.5000
v -7.6210 -0.1500 -4.4000
v -7.1014 -0.3000 -4.1000
v -6.2354 -0.4500 -3.6000
v -5.6292 -0.3800 -3.2500
v -4.1569 -0.7500 -2.4000
v -2.4249 -1.1500 -1.4000
v -1.3856 -1.4000 -0.8000
v 0.0000 -1.5500 0.0000
v 0.0000 3.2000 0.0000
v -0.1109 2.7000 -0.0459
v -0.3234 2.4500 -0.1339
v -1.6630 2.2500 -0.6888
v -2.2635 1.9000 -0.9376
v -2.4483 1.5500 -1.0141
v -3.5107 1.4500 -1.4542
v -5.0813 1.1000 -2.1048
v -6.9291 0.6000 -2.8701
v -8.0839 0.2000 -3.3485
v -8.3149 0.0000 -3.4442
v -8.1301 -0.1500 -3.3676
v -7.5758 -0.3000 -3.1380
v -6.6519 -0.4500 -2.7553
v -6.0052 -0.3800 -2.4874
v -4.4346 -0.7500 -1.8369
v -2.5869 -1.1500 -1.0715
v -1.4782 -1.4000 -0.6123
v 0.0000 -1.5500 0.0000
v 0.0000 3.2000 0.0000
v -0.1159 2.7000 -0.0311
v -0.3381 2.4500 -0.0906
v -1.7387 2.2500 -0.4659
v -2.3665 1.9000 -0.6341
v -2.5597 1.5500 -0.6859
v -3.6705 1.4500 -0.9835
v -5.3126 1.1000 -1.4235
v -7.2444 0.6000 -1.9411
v -8.4519 0.2000 -2.2647
v -8.6933 0.0000 -2.3294
v -8.5001 -0.1500 -2.2776
v -7.9206 -0.3000 -2.1223
v -6.9547 -0.4500 -1.8635
v -6.2785 -0.3800 -1.6823
v -4.6364 -0.7500 -1.2423
v -2.7046 -1.1500 -0.7247
v -1.5455 -1.4000 -0.4141
v 0.0000 -1.5500 0.0000
v 0.0000 3.2000 0.0000
v -0.1190 2.7000 -0.0157
v -0.3470 2.4500 -0.0457
v -1.7846 2.2500 -0.2349
v -2.4290 1.9000 -0.3198
v -2.6273 1.5500 -0.3459
v -3.7675 1.4500 -0.4960
v -5.4529 1.1000 -0.7179
v -7.4358 0.6000 -0.9789
v -8.6751 0.2000 -1.1421
v -8.9230 0.0000 -1.1747
v -8.7247 -0.1500 -1.1486
v -8.1298 -0.3000 -1.0703
v -7.1384 -0.4500 -0.9398
v -6.4444 -0.3800 -0.8484
v -4.7589 -0.7500 -0.6265
v -2.7760 -1.1500 -0.3655
v -1.5863 -1.4000 -0.2088
v 0.0000 -1.5500 0.0000
v 0.0000 3.2000 0.0000
v -0.1200 2.7000 0.0000
v -0.3500 2.4500 0.0000
v -1.8000 2.2500 0.0000
v -2.4500 1.9000 0.0000
v -2.6500 1.5500 0.0000
v -3.8000 1.4500 0.0000
v -5.5000 1.1000 0.0000
v -7.5000 0.6000 0.0000
v -8.7500 0.2000 0.0000
v -9.0000 0.0000 0.0000
v -8.8000 -0.1500 0.0000
v -8.2000 -0.3000 0.0000
v -7.2000 -0.4500 0.0000
v -6.5000 -0.3800 0.0000
v -4.8000 -0.7500 0.0000
v -2.8000 -1.1500 0.0000
v -1.6000 -1.4000 0.0000
v 0.0000 -1.5500 0.0000
v 0.0000 3.2000 0.0000
v -0.1190 2.7000 0.0157
v -0.3470 2.4500 0.0457
v -1.7846 2.2500 0.2349
v -2.4290 1.9000 0.3198
v -2.6273 1.5500 0.3459
v -3.7675 1.4500 0.4960
v -5.4529 1.1000 0.7179
v -7.4358 0.6000 0.9789
v -8.6751 0.2000 1.1421
v -8.9230 0.0000 1.1747
v -8.7247 -0.1500 1.1486
v -8.1298 -0.3000 1.0703
v -7.1384 -0.4500 0.9398
v -6.4444 -0.3800 0.8484
v -4.7589 -0.7500 0.6265
v -2.7760 -1.1500 0.3655
v -1.5863 -1.4000 0.2088
v 0.0000 -1.5500 0.0000
v 0.0000 3.2000 0.0000
v -0.1159 2.7000 0.0311
v -0.3381 2.4500 0.0906
v -1.7387 2.2500 0.4659
v -2.3665 1.9000 0.6341
v -2.5597 1.5500 0.6859
v -3.6705 1.4500 0.9835
v -5.3126 1.1000 1.4235
v -7.2444 0.6000 1.9411
v -8.4519 0.2000 2.2647
v -8.6933 0.0000 2.3294
v -8.5001 -0.1500 2.2776
v -7.9206 -0.3000 2.1223
v -6.9547 -0.4500 1.8635
v -6.2785 -0.3800 1.6823
v -4.6364 -0.7500 1.2423
v -2.7046 -1.1500 0.7247
v -1.5455 -1.4000 0.4141
v 0.0000 -1.5500 0.0000
v 0.0000 3.2000 0.0000
v -0.1109 2.7000 0.0459
v -0.3234 2.4500 0.1339
v -1.6630 2.2500 0.6888
v -2.2635 1.9000 0.9376
v -2.4483 1.5500 1.0141
v -3.5107 1.4500 1.4542
v -5.0813 1.1000 2.1048
v -6.9291 0.6000 2.8701
v -8.0839 0.2000 3.3485
v -8.3149 0.0000 3.4442
v -8.1301 -0.1500 3.3676
v -7.5758 -0.3000 3.1380
v -6.6519 -0.4500 2.7553
v -6.0052 -0.3800 2.4874
v -4.4346 -0.7500 1.8369
v -2.5869 -1.1500 1.0715
v -1.4782 -1.4000 0.6123
v 0.0000 -1.5500 0.0000
v 0.0000 3.2000 0.0000
v -0.1039 2.7000 0.0600
v -0.3031 2.4500 0.1750
v -1.5588 2.2500 0.9000
v -2.1218 1.9000 1.2250
v -2.2950 1.5500 1.3250
v -3.2909 1.4500 1.9000
v -4.7631 1.1000 2.7500
v -6.4952 0.6000 3.7500
v -7.5777 0.2000 4.3750
v -7.7942 0.0000 4.5000
v -7.6210 -0.1500 4.4000
v -7.1014 -0.3000 4.1000
v -6.2354 -0.4500 3.6000
v -5.6292 -0.3800 3.2500
v -4.1569 -0.7500 2.4000
v -2.4249 -1.1500 1.4000
v -1.3856 -1.4000 0.8000
v 0.0000 -1.5500 0.0000
v 0.0000 3.2000 0.0000
v -0.0952 2.7000 0.0731
v -0.2777 2.4500 0.2131
v -1.4280 2.2500 1.0958
v -1.9437 1.9000 1.4915
v -2.1024 1.5500 1.6132
v -3.0147 1.4500 2.3133
v -4.3634 1.1000 3.3482
v -5.9502 0.6000 4.5657
v -6.9418 0.2000 5.3267
v -7.1402 0.0000 5.4789
v -6.9815 -0.1500 5.3571
v -6.5055 -0.3000 4.9918
v -5.7121 -0.4500 4.3831
v -5.1568 -0.3800 3.9570
v -3.8081 -0.7500 2.9221
v -2.2214 -1.1500 1.7045
v -1.2694 -1.4000 0.9740
v 0.0000 -1.5500 0.0000
v 0.0000 3.2000 0.0000
v -0.0849 2.7000 0.0849
v -0.2475 2.4500 0.2475
v -1.2728 2.2500 1.2728
v -1.7324 1.9000 1.7324
v -1.8738 1.5500 1.8738
v -2.6870 1.4500 2.6870
v -3.8891 1.1000 3.8891
v -5.3033 0.6000 5.3033
v -6.1872 0.2000 6.1872
v -6.3640 0.0000 6.3640
v -6.2225 -0.1500 6.2225
v -5.7983 -0.3000 5.7983
v -5.0912 -0.4500 5.0912
v -4.5962 -0.3800 4.5962
v -3.3941 -0.7500 3.3941
v -1.9799 -1.1500 1.9799
v -1.1314 -1.4000 1.1314
v 0.0000 -1.5500 0.0000
v 0.0000 3.2000 0.0000
v -0.0731 2.7000 0.0952
v -0.2131 2.4500 0.2777
v -1.0958 2.2500 1.4280
v -1.4915 1.9000 1.9437
v -1.6132 1.5500 2.1024
v -2.3133 1.4500 3.0147
v -3.3482 1.1000 4.3634
v -4.5657 0.6000 5.9502
v -5.3267 0.2000 6.9418
v -5.4789 0.0000 7.1402
v -5.3571 -0.1500 6.9815
v -4.9918 -0.3000 6.5055
v -4.3831 -0.4500 5.7121
v -3.9569 -0.3800 5.1568
v -2.9221 -0.7500 3.8081
v -1.7045 -1.1500 2.2214
v -0.9740 -1.4000 1.2694
v 0.0000 -1.5500 0.0000
v 0.0000 3.2000 0.0000
v -0.0600 2.7000 0.1039
v -0.1750 2.4500 0.3031
v -0.9000 2.2500 1.5588
v -1.2250 1.9000 2.1218
v -1.3250 1.5500 2.2950
v -1.9000 1.4500 3.2909
v -2.7500 1.1000 4.7631
v -3.7500 0.6000 6.4952
v -4.3750 0.2000 7.5777
v -4.5000 0.0000 7.7942
v -4.4000 -0.1500 7.6210
v -4.1000 -0.3000 7.1014
v -3.6000 -0.4500 6.2354
v -3.2500 -0.3800 5.6292
v -2.4000 -0.7500 4.1569
v -1.4000 -1.1500 2.4249
v -0.8000 -1.4000 1.3856
v 0.0000 -1.5500 0.0000
v 0.0000 3.2000 0.0000
v -0.0459 2.7000 0.1109
v -0.1339 2.4500 0.3234
v -0.6888 2.2500 1.6630
v -0.9376 1.9000 2.2635
v -1.0141 1.5500 2.4483
v -1.4542 1.4500 3.5107
v -2.1048 1.1000 5.0813
v -2.8701 0.6000 6.9291
v -3.3485 0.2000 8.0839
v -3.4442 0.0000 8.3149
v -3.3676 -0.1500 8.1301
v -3.1380 -0.3000 7.5758
v -2.7553 -0.4500 6.6519
v -2.4874 -0.3800 6.0052
v -1.8369 -0.7500 4.4346
v -1.0715 -1.1500 2.5869
v -0.6123 -1.4000 1.4782
v 0.0000 -1.5500 0.0000
v 0.0000 3.2000 0.0000
v -0.0311 2.7000 0.1159
v -0.0906 2.4500 0.3381
v -0.4659 2.2500 1.7387
v -0.6341 1.9000 2.3665
v -0.6859 1.5500 2.5597
v -0.9835 1.4500 3.6705
v -1.4235 1.1000 5.3126
v -1.9411 0.6000 7.2444
v -2.2647 0.2000 8.4519
v -2.3294 0.0000 8.6933
v -2.2776 -0.1500 8.5001
v -2.1223 -0.3000 7.9206
v -1.8635 -0.4500 6.9547
v -1.6823 -0.3800 6.2785
v -1.2423 -0.7500 4.6364
v -0.7247 -1.1500 2.7046
v -0.4141 -1.4000 1.5455
v 0.0000 -1.5500 0.0000
v 0.0000 3.2000 0.0000
v -0.0157 2.7000 0.1190
v -0.0457 2.4500 0.3470
v -0.2349 2.2500 1.7846
v -0.3198 1.9000 2.4290
v -0.3459 1.5500 2.6273
v -0.4960 1.4500 3.7675
v -0.7179 1.1000 5.4529
v -0.9789 0.6000 7.4358
v -1.1421 0.2000 8.6751
v -1.1747 0.0000 8.9230
v -1.1486 -0.1500 8.7247
v -1.0703 -0.3000 8.1298
v -0.9398 -0.4500 7.1384
v -0.8484 -0.3800 6.4444
v -0.6265 -0.7500 4.7589
v -0.3655 -1.1500 2.7760
v -0.2088 -1.4000 1.5863
v 0.0000 -1.5500 0.0000
v 3.2173 -0.8000 3.7123
v 3.2173 -0.4000 3.7123
v 3.7123 -0.4000 3.2173
v 3.7123 -0.8000 3.2173
v 4.7023 -0.8000 4.2073
v 4.7023 -0.4000 4.2073
v 4.2073 -0.4000 4.7023
v 4.2073 -0.8000 4.7023
v 4.2073 -0.8000 4.7023
v 4.2073 -0.4000 4.7023
v 3.2173 -0.4000 3.7123
v 3.2173 -0.8000 3.7123
v 3.7123 -0.8000 3.2173
v 3.7123 -0.4000 3.2173
v 4.7023 -0.4000 4.2073
v 4.7023 -0.8000 4.2073
v 3.2173 -0.4000 3.7123
v 4.2073 -0.4000 4.7023
v 4.7023 -0.4000 4.2073
v 3.7123 -0.4000 3.2173
v 3.2173 -0.8000 3.7123
v 3.7123 -0.8000 3.2173
v 4.7023 -0.8000 4.2073
v 4.2073 -0.8000 4.7023
v 3.7123 -0.8000 -3.2173
v 3.7123 -0.4000 -3.2173
v 3.2173 -0.4000 -3.7123
v 3.2173 -0.8000 -3.7123
v 4.2073 -0.8000 -4.7023
v 4.2073 -0.4000 -4.7023
v 4.7023 -0.4000 -4.2073
v 4.7023 -0.8000 -4.2073
v 4.7023 -0.8000 -4.2073
v 4.7023 -0.4000 -4.2073
v 3.7123 -0.4000 -3.2173
v 3.7123 -0.8000 -3.2173
v 3.2173 -0.8000 -3.7123
v 3.2173 -0.4000 -3.7123
v 4.2073 -0.4000 -4.7023
v 4.2073 -0.8000 -4.7023
v 3.7123 -0.4000 -3.2173
v 4.7023 -0.4000 -4.2073
v 4.2073 -0.4000 -4.7023
v 3.2173 -0.4000 -3.7123
v 3.7123 -0.8000 -3.2173
v 3.2173 -0.8000 -3.7123
v 4.2073 -0.8000 -4.7023
v 4.7023 -0.8000 -4.2073
v -3.2173 -0.8000 -3.7123
v -3.2173 -0.4000 -3.7123
v -3.7123 -0.4000 -3.2173
v -3.7123 -0.8000 -3.2173
v -4.7023 -0.8000 -4.2073
v -4.7023 -0.4000 -4.2073
v -4.2073 -0.4000 -4.7023
v -4.2073 -0.8000 -4.7023
v -4.2073 -0.8000 -4.7023
v -4.2073 -0.4000 -4.7023
v -3.2173 -0.4000 -3.7123
v -3.2173 -0.8000 -3.7123
v -3.7123 -0.8000 -3.2173
v -3.7123 -0.4000 -3.2173
v -4.7023 -0.4000 -4.2073
v -4.7023 -0.8000 -4.2073
v -3.2173 -0.4000 -3.7123
v -4.2073 -0.4000 -4.7023
v -4.7023 -0.4000 -4.2073
v -3.7123 -0.4000 -3.2173
v -3.2173 -0.8000 -3.7123
v -3.7123 -0.8000 -3.2173
v -4.7023 -0.8000 -4.2073
v -4.2073 -0.8000 -4.7023
v -3.7123 -0.8000 3.2173
v -3.7123 -0.4000 3.2173
v -3.2173 -0.4000 3.7123
v -3.2173 -0.8000 3.7123
v -4.2073 -0.8000 4.7023
v -4.2073 -0.4000 4.7023
v -4.7023 -0.4000 4.2073
v -4.7023 -0.8000 4.2073
v -4.7023 -0.8000 4.2073
v -4.7023 -0.4000 4.2073
v -3.7123 -0.4000 3.2173
v -3.7123 -0.8000 3.2173
v -3.2173 -0.8000 3.7123
v -3.2173 -0.4000 3.7123
v -4.2073 -0.4000 4.7023
v -4.2073 -0.8000 4.7023
v -3.7123 -0.4000 3.2173
v -4.7023 -0.4000 4.2073
v -4.2073 -0.4000 4.7023
v -3.2173 -0.4000 3.7123
v -3.7123 -0.8000 3.2173
v -3.2173 -0.8000 3.7123
v -4.2073 -0.8000 4.7023
v -4.7023 -0.8000 4.2073
v -0.4500 -0.0750 8.7250
v -0.4500 0.0750 8.7250
v 0.4500 0.0750 8.7250
v 0.4500 -0.0750 8.7250
v 0.4500 -0.0750 9.0750
v 0.4500 0.0750 9.0750
v -0.4500 0.0750 9.0750
v -0.4500 -0.0750 9.0750
v -0.4500 -0.0750 9.0750
v -0.4500 0.0750 9.0750
v -0.4500 0.0750 8.7250
v -0.4500 -0.0750 8.7250
v 0.4500 -0.0750 8.7250
v 0.4500 0.0750 8.7250
v 0.4500 0.0750 9.0750
v 0.4500 -0.0750 9.0750
v -0.4500 0.0750 8.7250
v -0.4500 0.0750 9.0750
v 0.4500 0.0750 9.0750
v 0.4500 0.0750 8.7250
v -0.4500 -0.0750 8.7250
v 0.4500 -0.0750 8.7250
v 0.4500 -0.0750 9.0750
v -0.4500 -0.0750 9.0750
v 8.7250 -0.0750 0.4500
v 8.7250 0.0750 0.4500
v 8.7250 0.0750 -0.4500
v 8.7250 -0.0750 -0.4500
v 9.0750 -0.0750 -0.4500
v 9.0750 0.0750 -0.4500
v 9.0750 0.0750 0.4500
v 9.0750 -0.0750 0.4500
v 9.0750 -0.0750 0.4500
v 9.0750 0.0750 0.4500
v 8.7250 0.0750 0.4500
v 8.7250 -0.0750 0.4500
v 8.7250 -0.0750 -0.4500
v 8.7250 0.0750 -0.4500
v 9.0750 0.0750 -0.4500
v 9.0750 -0.0750 -0.4500
v 8.7250 0.0750 0.4500
v 9.0750 0.0750 0.4500
v 9.0750 0.0750 -0.4500
v 8.7250 0.0750 -0.4500
v 8.7250 -0.0750 0.4500
v 8.7250 -0.0750 -0.4500
v 9.0750 -0.0750 -0.4500
v 9.0750 -0.0750 0.4500
v 0.4500 -0.0750 -8.7250
v 0.4500 0.0750 -8.7250
v -0.4500 0.0750 -8.7250
v -0.4500 -0.0750 -8.7250
v -0.4500 -0.0750 -9.0750
v -0.4500 0.0750 -9.0750
v 0.4500 0.0750 -9.0750
v 0.4500 -0.0750 -9.0750
v 0.4500 -0.0750 -9.0750
v 0.4500 0.0750 -9.0750
v 0.4500 0.0750 -8.7250
v 0.4500 -0.0750 -8.7250
v -0.4500 -0.0750 -8.7250
v -0.4500 0.0750 -8.7250
v -0.4500 0.0750 -9.0750
v -0.4500 -0.0750 -9.0750
v 0.4500 0.0750 -8.7250
v 0.4500 0.0750 -9.0750
v -0.4500 0.0750 -9.0750
v -0.4500 0.0750 -8.7250
v 0.4500 -0.0750 -8.7250
v -0.4500 -0.0750 -8.7250
v -0.4500 -0.0750 -9.0750
v 0.4500 -0.0750 -9.0750
v -8.7250 -0.0750 -0.4500
v -8.7250 0.0750 -0.4500
v -8.7250 0.0750 0.4500
v -8.7250 -0.0750 0.4500
v -9.0750 -0.0750 0.4500
v -9.0750 0.0750 0.4500
v -9.0750 0.0750 -0.4500
v -9.0750 -0.0750 -0.4500
v -9.0750 -0.0750 -0.4500
v -9.0750 0.0750 -0.4500
v -8.7250 0.0750 -0.4500
v -8.7250 -0.0750 -0.4500
v -8.7250 -0.0750 0.4500
v -8.7250 0.0750 0.4500
v -9.0750 0.0750 0.4500
v -9.0750 -0.0750 0.4500
v -8.7250 0.0750 -0.4500
v -9.0750 0.0750 -0.4500
v -9.0750 0.0750 0.4500
v -8.7250 0.0750 0.4500
v -8.7250 -0.0750 -0.4500
v -8.7250 -0.0750 0.4500
v -9.0750 -0.0750 0.4500
v -9.0750 -0.0750 -0.4500
vt 0.0000 0.0000
vt 0.0000 0.0556
vt 0.0000 0.1111
vt 0.0000 0.1667
vt 0.0000 0.2222
vt 0.0000 0.2778
vt 0.0000 0.3333
vt 0.0000 0.3889
vt 0.0000 0.4444
vt 0.0000 0.5000
vt 0.0000 0.5556
vt 0.0000 0.6111
vt 0.0000 0.6667
vt 0.0000 0.7222
vt 0.0000 0.7778
vt 0.0000 0.8333
vt 0.0000 0.8889
vt 0.0000 0.9444
vt 0.0000 1.0000
vt 0.0208 0.0000
vt 0.0208 0.0556
vt 0.0208 0.1111
vt 0.0208 0.1667
vt 0.0208 0.2222
vt 0.0208 0.2778
vt 0.0208 0.3333
vt 0.0208 0.3889
vt 0.0208 0.4444
vt 0.0208 0.5000
vt 0.0208 0.5556
vt 0.0208 0.6111
vt 0.0208 0.6667
vt 0.0208 0.7222
vt 0.0208 0.7778
vt 0.0208 0.8333
vt 0.0208 0.8889
vt 0.0208 0.9444
vt 0.0208 1.0000
vt 0.0417 0.0000
vt 0.0417 0.0556
vt 0.0417 0.1111
vt 0.0417 0.1667
vt 0.0417 0.2222
vt 0.0417 0.2778
vt 0.0417 0.3333
vt 0.0417 0.3889
vt 0.0417 0.4444
vt 0.0417 0.5000
vt 0.0417 0.5556
vt 0.0417 0.6111
vt 0.0417 0.6667
vt 0.0417 0.7222
vt 0.0417 0.7778
vt 0.0417 0.8333
vt 0.0417 0.8889
vt 0.0417 0.9444
vt 0.0417 1.0000
vt 0.0625 0.0000
vt 0.0625 0.0556
vt 0.0625 0.1111
vt 0.0625 0.1667
vt 0.0625 0.2222
vt 0.0625 0.2778
vt 0.0625 0.3333
vt 0.0625 0.3889
vt 0.0625 0.4444
vt 0.0625 0.5000
vt 0.0625 0.5556
vt 0.0625 0.6111
vt 0.0625 0.6667
vt 0.0625 0.7222
vt 0.0625 0.7778
vt 0.0625 0.8333
vt 0.0625 0.8889
vt 0.0625 0.9444
vt 0.0625 1.0000
vt 0.0833 0.0000
vt 0.0833 0.0556
vt 0.0833 0.1111
vt 0.0833 0.1667
vt 0.0833 0.2222
vt 0.0833 0.2778
vt 0.0833 0.3333
vt 0.0833 0.3889
vt 0.0833 0.4444
vt 0.0833 0.5000
vt 0.0833 0.5556
vt 0.0833 0.6111
vt 0.0833 0.6667
vt 0.0833 0.7222
vt 0.0833 0.7778
vt 0.0833 0.8333
vt 0.0833 0.8889
vt 0.0833 0.9444
vt 0.0833 1.0000
vt 0.1042 0.0000
vt 0.1042 0.0556
vt 0.1042 0.1111
vt 0.1042 0.1667
vt 0.1042 0.2222
vt 0.1042 0.2778
vt 0.1042 0.3333
vt 0.1042 0.3889
vt 0.1042 0.4444
vt 0.1042 0.5000
vt 0.1042 0.5556
vt 0.1042 0.6111
vt 0.1042 0.6667
vt 0.1042 0.7222
vt 0.1042 0.7778
vt 0.1042 0.8333
vt 0.1042 0.8889
vt 0.1042 0.9444
vt 0.1042 1.0000
vt 0.1250 0.0000
vt 0.1250 0.0556
vt 0.1250 0.1111
vt 0.1250 0.1667
vt 0.1250 0.2222
vt 0.1250 0.2778
vt 0.1250 0.3333
vt 0.1250 0.3889
vt 0.1250 0.4444
vt 0.1250 0.5000
vt 0.1250 0.5556
vt 0.1250 0.6111
vt 0.1250 0.6667
vt 0.1250 0.7222
vt 0.1250 0.7778
vt 0.1250 0.8333
vt 0.1250 0.8889
vt 0.1250 0.9444
vt 0.1250 1.0000
vt 0.1458 0.0000
vt 0.1458 0.0556
vt 0.1458 0.1111
vt 0.1458 0.1667
vt 0.1458 0.2222
vt 0.1458 0.2778
vt 0.1458 0.3333
vt 0.1458 0.3889
vt 0.1458 0.4444
vt 0.1458 0.5000
vt 0.1458 0.5556
vt 0.1458 0.6111
vt 0.1458 0.6667
vt 0.1458 0.7222
vt 0.1458 0.7778
vt 0.1458 0.8333
vt 0.1458 0.8889
vt 0.1458 0.9444
vt 0.1458 1.0000
vt 0.1667 0.0000
vt 0.1667 0.0556
vt 0.1667 0.1111
vt 0.1667 0.1667
vt 0.1667 0.2222
vt 0.1667 0.2778
vt 0.1667 0.3333
vt 0.1667 0.3889
vt 0.1667 0.4444
vt 0.1667 0.5000
vt 0.1667 0.5556
vt 0.1667 0.6111
vt 0.1667 0.6667
vt 0.1667 0.7222
vt 0.1667 0.7778
vt 0.1667 0.8333
vt 0.1667 0.8889
vt 0.1667 0.9444
vt 0.1667 1.0000
vt 0.1875 0.0000
vt 0.1875 0.0556
vt 0.1875 0.1111
vt 0.1875 0.1667
vt 0.1875 0.2222
vt 0.1875 0.2778
vt 0.1875 0.3333
vt 0.1875 0.3889
vt 0.1875 0.4444
vt 0.1875 0.5000
vt 0.1875 0.5556
vt 0.1875 0.6111
vt 0.1875 0.6667
vt 0.1875 0.7222
vt 0.1875 0.7778
vt 0.1875 0.8333
vt 0.1875 0.8889
vt 0.1875 0.9444
vt 0.1875 1.0000
vt 0.2083 0.0000
vt 0.2083 0.0556
vt 0.2083 0.1111
vt 0.2083 0.1667
vt 0.2083 0.2222
vt 0.2083 0.2778
vt 0.2083 0.3333
vt 0.2083 0.3889
vt 0.2083 0.4444
vt 0.2083 0.5000
vt 0.2083 0.5556
vt 0.2083 0.6111
vt 0.2083 0.6667
vt 0.2083 0.7222
vt 0.2083 0.7778
vt 0.2083 0.8333
vt 0.2083 0.8889
vt 0.2083 0.9444
vt 0.2083 1.0000
vt 0.2292 0.0000
vt 0.2292 0.0556
vt 0.2292 0.1111
vt 0.2292 0.1667
vt 0.2292 0.2222
vt 0.2292 0.2778
vt 0.2292 0.3333
vt 0.2292 0.3889
vt 0.2292 0.4444
vt 0.2292 0.5000
vt 0.2292 0.5556
vt 0.2292 0.6111
vt 0.2292 0.6667
vt 0.2292 0.7222
vt 0.2292 0.7778
vt 0.2292 0.8333
vt 0.2292 0.8889
vt 0.2292 0.9444
vt 0.2292 1.0000
vt 0.2500 0.0000
vt 0.2500 0.0556
vt 0.2500 0.1111
vt 0.2500 0.1667
vt 0.2500 0.2222
vt 0.2500 0.2778
vt 0.2500 0.3333
vt 0.2500 0.3889
vt 0.2500 0.4444
vt 0.2500 0.5000
vt 0.2500 0.5556
vt 0.2500 0.6111
vt 0.2500 0.6667
vt 0.2500 0.7222
vt 0.2500 0.7778
vt 0.2500 0.8333
vt 0.2500 0.8889
vt 0.2500 0.9444
vt 0.2500 1.0000
vt 0.2708 0.0000
vt 0.2708 0.0556
vt 0.2708 0.1111
vt 0.2708 0.1667
vt 0.2708 0.2222
vt 0.2708 0.2778
vt 0.2708 0.3333
vt 0.2708 0.3889
vt 0.2708 0.4444
vt 0.2708 0.5000
vt 0.2708 0.5556
vt 0.2708 0.6111
vt 0.2708 0.6667
vt 0.2708 0.7222
vt 0.2708 0.7778
vt 0.2708 0.8333
vt 0.2708 0.8889
vt 0.2708 0.9444
vt 0.2708 1.0000
vt 0.2917 0.0000
vt 0.2917 0.0556
vt 0.2917 0.1111
vt 0.2917 0.1667
vt 0.2917 0.2222
vt 0.2917 0.2778
vt 0.2917 0.3333
vt 0.2917 0.3889
vt 0.2917 0.4444
vt 0.2917 0.5000
vt 0.2917 0.5556
vt 0.2917 0.6111
vt 0.2917 0.6667
vt 0.2917 0.7222
vt 0.2917 0.7778
vt 0.2917 0.8333
vt 0.2917 0.8889
vt 0.2917 0.9444
vt 0.2917 1.0000
vt 0.3125 0.0000
vt 0.3125 0.0556
vt 0.3125 0.1111
vt 0.3125 0.1667
vt 0.3125 0.2222
vt 0.3125 0.2778
vt 0.3125 0.3333
vt 0.3125 0.3889
vt 0.3125 0.4444
vt 0.3125 0.5000
vt 0.3125 0.5556
vt 0.3125 0.6111
vt 0.3125 0.6667
vt 0.3125 0.7222
vt 0.3125 0.7778
vt 0.3125 0.8333
vt 0.3125 0.8889
vt 0.3125 0.9444
vt 0.3125 1.0000
vt 0.3333 0.0000
vt 0.3333 0.0556
vt 0.3333 0.1111
vt 0.3333 0.1667
vt 0.3333 0.2222
vt 0.3333 0.2778
vt 0.3333 0.3333
vt 0.3333 0.3889
vt 0.3333 0.4444
vt 0.3333 0.5000
vt 0.3333 0.5556
vt 0.3333 0.6111
vt 0.3333 0.6667
vt 0.3333 0.7222
vt 0.3333 0.7778
vt 0.3333 0.8333
vt 0.3333 0.8889
vt 0.3333 0.9444
vt 0.3333 1.0000
vt 0.3542 0.0000
vt 0.3542 0.0556
vt 0.3542 0.1111
vt 0.3542 0.1667
vt 0.3542 0.2222
vt 0.3542 0.2778
vt 0.3542 0.3333
vt 0.3542 0.3889
vt 0.3542 0.4444
vt 0.3542 0.5000
vt 0.3542 0.5556
vt 0.3542 0.6111
vt 0.3542 0.6667
vt 0.3542 0.7222
vt 0.3542 0.7778
vt 0.3542 0.8333
vt 0.3542 0.8889
vt 0.3542 0.9444
vt 0.3542 1.0000
vt 0.3750 0.0000
vt 0.3750 0.0556
vt 0.3750 0.1111
vt 0.3750 0.1667
vt 0.3750 0.2222
vt 0.3750 0.2778
vt 0.3750 0.3333
vt 0.3750 0.3889
vt 0.3750 0.4444
vt 0.3750 0.5000
vt 0.3750 0.5556
vt 0.3750 0.6111
vt 0.3750 0.6667
vt 0.3750 0.7222
vt 0.3750 0.7778
vt 0.3750 0.8333
vt 0.3750 0.8889
vt 0.3750 0.9444
vt 0.3750 1.0000
vt 0.3958 0.0000
vt 0.3958 0.0556
vt 0.3958 0.1111
vt 0.3958 0.1667
vt 0.3958 0.2222
vt 0.3958 0.2778
vt 0.3958 0.3333
vt 0.3958 0.3889
vt 0.3958 0.4444
vt 0.3958 0.5000
vt 0.3958 0.5556
vt 0.3958 0.6111
vt 0.3958 0.6667
vt 0.3958 0.7222
vt 0.3958 0.7778
vt 0.3958 0.8333
vt 0.3958 0.8889
vt 0.3958 0.9444
vt 0.3958 1.0000
vt 0.4167 0.0000
vt 0.4167 0.0556
vt 0.4167 0.1111
vt 0.4167 0.1667
vt 0.4167 0.2222
vt 0.4167 0.2778
vt 0.4167 0.3333
vt 0.4167 0.3889
vt 0.4167 0.4444
vt 0.4167 0.5000
vt 0.4167 0.5556
vt 0.4167 0.6111
vt 0.4167 0.6667
vt 0.4167 0.7222
vt 0.4167 0.7778
vt 0.4167 0.8333
vt 0.4167 0.8889
vt 0.4167 0.9444
vt 0.4167 1.0000
vt 0.4375 0.0000
vt 0.4375 0.0556
vt 0.4375 0.1111
vt 0.4375 0.1667
vt 0.4375 0.2222
vt 0.4375 0.2778
vt 0.4375 0.3333
vt 0.4375 0.3889
vt 0.4375 0.4444
vt 0.4375 0.5000
vt 0.4375 0.5556
vt 0.4375 0.6111
vt 0.4375 0.6667
vt 0.4375 0.7222
vt 0.4375 0.7778
vt 0.4375 0.8333
vt 0.4375 0.8889
vt 0.4375 0.9444
vt 0.4375 1.0000
vt 0.4583 0.0000
vt 0.4583 0.0556
vt 0.4583 0.1111
vt 0.4583 0.1667
vt 0.4583 0.2222
vt 0.4583 0.2778
vt 0.4583 0.3333
vt 0.4583 0.3889
vt 0.4583 0.4444
vt 0.4583 0.5000
vt 0.4583 0.5556
vt 0.4583 0.6111
vt 0.4583 0.6667
vt 0.4583 0.7222
vt 0.4583 0.7778
vt 0.4583 0.8333
vt 0.4583 0.8889
vt 0.4583 0.9444
vt 0.4583 1.0000
vt 0.4792 0.0000
vt 0.4792 0.0556
vt 0.4792 0.1111
vt 0.4792 0.1667
vt 0.4792 0.2222
vt 0.4792 0.2778
vt 0.4792 0.3333
vt 0.4792 0.3889
vt 0.4792 0.4444
vt 0.4792 0.5000
vt 0.4792 0.5556
vt 0.4792 0.6111
vt 0.4792 0.6667
vt 0.4792 0.7222
vt 0.4792 0.7778
vt 0.4792 0.8333
vt 0.4792 0.8889
vt 0.4792 0.9444
vt 0.4792 1.0000
vt 0.5000 0.0000
vt 0.5000 0.0556
vt 0.5000 0.1111
vt 0.5000 0.1667
vt 0.5000 0.2222
vt 0.5000 0.2778
vt 0.5000 0.3333
vt 0.5000 0.3889
vt 0.5000 0.4444
vt 0.5000 0.5000
vt 0.5000 0.5556
vt 0.5000 0.6111
vt 0.5000 0.6667
vt 0.5000 0.7222
vt 0.5000 0.7778
vt 0.5000 0.8333
vt 0.5000 0.8889
vt 0.5000 0.9444
vt 0.5000 1.0000
vt 0.5208 0.0000
vt 0.5208 0.0556
vt 0.5208 0.1111
vt 0.5208 0.1667
vt 0.5208 0.2222
vt 0.5208 0.2778
vt 0.5208 0.3333
vt 0.5208 0.3889
vt 0.5208 0.4444
vt 0.5208 0.5000
vt 0.5208 0.5556
vt 0.5208 0.6111
vt 0.5208 0.6667
vt 0.5208 0.7222
vt 0.5208 0.7778
vt 0.5208 0.8333
vt 0.5208 0.8889
vt 0.5208 0.9444
vt 0.5208 1.0000
vt 0.5417 0.0000
vt 0.5417 0.0556
vt 0.5417 0.1111
vt 0.5417 0.1667
vt 0.5417 0.2222
vt 0.5417 0.2778
vt 0.5417 0.3333
vt 0.5417 0.3889
vt 0.5417 0.4444
vt 0.5417 0.5000
vt 0.5417 0.5556
vt 0.5417 0.6111
vt 0.5417 0.6667
vt 0.5417 0.7222
vt 0.5417 0.7778
vt 0.5417 0.8333
vt 0.5417 0.8889
vt 0.5417 0.9444
vt 0.5417 1.0000
vt 0.5625 0.0000
vt 0.5625 0.0556
vt 0.5625 0.1111
vt 0.5625 0.1667
vt 0.5625 0.2222
vt 0.5625 0.2778
vt 0.5625 0.3333
vt 0.5625 0.3889
vt 0.5625 0.4444
vt 0.5625 0.5000
vt 0.5625 0.5556
vt 0.5625 0.6111
vt 0.5625 0.6667
vt 0.5625 0.7222
vt 0.5625 0.7778
vt 0.5625 0.8333
vt 0.5625 0.8889
vt 0.5625 0.9444
vt 0.5625 1.0000
vt 0.5833 0.0000
vt 0.5833 0.0556
vt 0.5833 0.1111
vt 0.5833 0.1667
vt 0.5833 0.2222
vt 0.5833 0.2778
vt 0.5833 0.3333
vt 0.5833 0.3889
vt 0.5833 0.4444
vt 0.5833 0.5000
vt 0.5833 0.5556
vt 0.5833 0.6111
vt 0.5833 0.6667
vt 0.5833 0.7222
vt 0.5833 0.7778
vt 0.5833 0.8333
vt 0.5833 0.8889
vt 0.5833 0.9444
vt 0.5833 1.0000
vt 0.6042 0.0000
vt 0.6042 0.0556
vt 0.6042 0.1111
vt 0.6042 0.1667
vt 0.6042 0.2222
vt 0.6042 0.2778
vt 0.6042 0.3333
vt 0.6042 0.3889
vt 0.6042 0.4444
vt 0.6042 0.5000
vt 0.6042 0.5556
vt 0.6042 0.6111
vt 0.6042 0.6667
vt 0.6042 0.7222
vt 0.6042 0.7778
vt 0.6042 0.8333
vt 0.6042 0.8889
vt 0.6042 0.9444
vt 0.6042 1.0000
vt 0.6250 0.0000
vt 0.6250 0.0556
vt 0.6250 0.1111
vt 0.6250 0.1667
vt 0.6250 0.2222
vt 0.6250 0.2778
vt 0.6250 0.3333
vt 0.6250 0.3889
vt 0.6250 0.4444
vt 0.6250 0.5000
vt 0.6250 0.5556
vt 0.6250 0.6111
vt 0.6250 0.6667
vt 0.6250 0.7222
vt 0.6250 0.7778
vt 0.6250 0.8333
vt 0.6250 0.8889
vt 0.6250 0.9444
vt 0.6250 1.0000
vt 0.6458 0.0000
vt 0.6458 0.0556
vt 0.6458 0.1111
vt 0.6458 0.1667
vt 0.6458 0.2222
vt 0.6458 0.2778
vt 0.6458 0.3333
vt 0.6458 0.3889
vt 0.6458 0.4444
vt 0.6458 0.5000
vt 0.6458 0.5556
vt 0.6458 0.6111
vt 0.6458 0.6667
vt 0.6458 0.7222
vt 0.6458 0.7778
vt 0.6458 0.8333
vt 0.6458 0.8889
vt 0.6458 0.9444
vt 0.6458 1.0000
vt 0.6667 0.0000
vt 0.6667 0.0556
vt 0.6667 0.1111
vt 0.6667 0.1667
vt 0.6667 0.2222
vt 0.6667 0.2778
vt 0.6667 0.3333
vt 0.6667 0.3889
vt 0.6667 0.4444
vt 0.6667 0.5000
vt 0.6667 0.5556
vt 0.6667 0.6111
vt 0.6667 0.6667
vt 0.6667 0.7222
vt 0.6667 0.7778
vt 0.6667 0.8333
vt 0.6667 0.8889
vt 0.6667 0.9444
vt 0.6667 1.0000
vt 0.6875 0.0000
vt 0.6875 0.0556
vt 0.6875 0.1111
vt 0.6875 0.1667
vt 0.6875 0.2222
vt 0.6875 0.2778
vt 0.6875 0.3333
vt 0.6875 0.3889
vt 0.6875 0.4444
vt 0.6875 0.5000
vt 0.6875 0.5556
vt 0.6875 0.6111
vt 0.6875 0.6667
vt 0.6875 0.7222
vt 0.6875 0.7778
vt 0.6875 0.8333
vt 0.6875 0.8889
vt 0.6875 0.9444
vt 0.6875 1.0000
vt 0.7083 0.0000
vt 0.7083 0.0556
vt 0.7083 0.1111
vt 0.7083 0.1667
vt 0.7083 0.2222
vt 0.7083 0.2778
vt 0.7083 0.3333
vt 0.7083 0.3889
vt 0.7083 0.4444
vt 0.7083 0.5000
vt 0.7083 0.5556
vt 0.7083 0.6111
vt 0.7083 0.6667
vt 0.7083 0.7222
vt 0.7083 0.7778
vt 0.7083 0.8333
vt 0.7083 0.8889
vt 0.7083 0.9444
vt 0.7083 1.0000
vt 0.7292 0.0000
vt 0.7292 0.0556
vt 0.7292 0.1111
vt 0.7292 0.1667
vt 0.7292 0.2222
vt 0.7292 0.2778
vt 0.7292 0.3333
vt 0.7292 0.3889
vt 0.7292 0.4444
vt 0.7292 0.5000
vt 0.7292 0.5556
vt 0.7292 0.6111
vt 0.7292 0.6667
vt 0.7292 0.7222
vt 0.7292 0.7778
vt 0.7292 0.8333
vt 0.7292 0.8889
vt 0.7292 0.9444
vt 0.7292 1.0000
vt 0.7500 0.0000
vt 0.7500 0.0556
vt 0.7500 0.1111
vt 0.7500 0.1667
vt 0.7500 0.2222
vt 0.7500 0.2778
vt 0.7500 0.3333
vt 0.7500 0.3889
vt 0.7500 0.4444
vt 0.7500 0.5000
vt 0.7500 0.5556
vt 0.7500 0.6111
vt 0.7500 0.6667
vt 0.7500 0.7222
vt 0.7500 0.7778
vt 0.7500 0.8333
vt 0.7500 0.8889
vt 0.7500 0.9444
vt 0.7500 1.0000
vt 0.7708 0.0000
vt 0.7708 0.0556
vt 0.7708 0.1111
vt 0.7708 0.1667
vt 0.7708 0.2222
vt 0.7708 0.2778
vt 0.7708 0.3333
vt 0.7708 0.3889
vt 0.7708 0.4444
vt 0.7708 0.5000
vt 0.7708 0.5556
vt 0.7708 0.6111
vt 0.7708 0.6667
vt 0.7708 0.7222
vt 0.7708 0.7778
vt 0.7708 0.8333
vt 0.7708 0.8889
vt 0.7708 0.9444
vt 0.7708 1.0000
vt 0.7917 0.0000
vt 0.7917 0.0556
vt 0.7917 0.1111
vt 0.7917 0.1667
vt 0.7917 0.2222
vt 0.7917 0.2778
vt 0.7917 0.3333
vt 0.7917 0.3889
vt 0.7917 0.4444
vt 0.7917 0.5000
vt 0.7917 0.5556
vt 0.7917 0.6111
vt 0.7917 0.6667
vt 0.7917 0.7222
vt 0.7917 0.7778
vt 0.7917 0.8333
vt 0.7917 0.8889
vt 0.7917 0.9444
vt 0.7917 1.0000
vt 0.8125 0.0000
vt 0.8125 0.0556
vt 0.8125 0.1111
vt 0.8125 0.1667
vt 0.8125 0.2222
vt 0.8125 0.2778
vt 0.8125 0.3333
vt 0.8125 0.3889
vt 0.8125 0.4444
vt 0.8125 0.5000
vt 0.8125 0.5556
vt 0.8125 0.6111
vt 0.8125 0.6667
vt 0.8125 0.7222
vt 0.8125 0.7778
vt 0.8125 0.8333
vt 0.8125 0.8889
vt 0.8125 0.9444
vt 0.8125 1.0000
vt 0.8333 0.0000
vt 0.8333 0.0556
vt 0.8333 0.1111
vt 0.8333 0.1667
vt 0.8333 0.2222
vt 0.8333 0.2778
vt 0.8333 0.3333
vt 0.8333 0.3889
vt 0.8333 0.4444
vt 0.8333 0.5000
vt 0.8333 0.5556
vt 0.8333 0.6111
vt 0.8333 0.6667
vt 0.8333 0.7222
vt 0.8333 0.7778
vt 0.8333 0.8333
vt 0.8333 0.8889
vt 0.8333 0.9444
vt 0.8333 1.0000
vt 0.8542 0.0000
vt 0.8542 0.0556
vt 0.8542 0.1111
vt 0.8542 0.1667
vt 0.8542 0.2222
vt 0.8542 0.2778
vt 0.8542 0.3333
vt 0.8542 0.3889
vt 0.8542 0.4444
vt 0.8542 0.5000
vt 0.8542 0.5556
vt 0.8542 0.6111
vt 0.8542 0.6667
vt 0.8542 0.7222
vt 0.8542 0.7778
vt 0.8542 0.8333
vt 0.8542 0.8889
vt 0.8542 0.9444
vt 0.8542 1.0000
vt 0.8750 0.0000
vt 0.8750 0.0556
vt 0.8750 0.1111
vt 0.8750 0.1667
vt 0.8750 0.2222
vt 0.8750 0.2778
vt 0.8750 0.3333
vt 0.8750 0.3889
vt 0.8750 0.4444
vt 0.8750 0.5000
vt 0.8750 0.5556
vt 0.8750 0.6111
vt 0.8750 0.6667
vt 0.8750 0.7222
vt 0.8750 0.7778
vt 0.8750 0.8333
vt 0.8750 0.8889
vt 0.8750 0.9444
vt 0.8750 1.0000
vt 0.8958 0.0000
vt 0.8958 0.0556
vt 0.8958 0.1111
vt 0.8958 0.1667
vt 0.8958 0.2222
vt 0.8958 0.2778
vt 0.8958 0.3333
vt 0.8958 0.3889
vt 0.8958 0.4444
vt 0.8958 0.5000
vt 0.8958 0.5556
vt 0.8958 0.6111
vt 0.8958 0.6667
vt 0.8958 0.7222
vt 0.8958 0.7778
vt 0.8958 0.8333
vt 0.8958 0.8889
vt 0.8958 0.9444
vt 0.8958 1.0000
vt 0.9167 0.0000
vt 0.9167 0.0556
vt 0.9167 0.1111
vt 0.9167 0.1667
vt 0.9167 0.2222
vt 0.9167 0.2778
vt 0.9167 0.3333
vt 0.9167 0.3889
vt 0.9167 0.4444
vt 0.9167 0.5000
vt 0.9167 0.5556
vt 0.9167 0.6111
vt 0.9167 0.6667
vt 0.9167 0.7222
vt 0.9167 0.7778
vt 0.9167 0.8333
vt 0.9167 0.8889
vt 0.9167 0.9444
vt 0.9167 1.0000
vt 0.9375 0.0000
vt 0.9375 0.0556
vt 0.9375 0.1111
vt 0.9375 0.1667
vt 0.9375 0.2222
vt 0.9375 0.2778
vt 0.9375 0.3333
vt 0.9375 0.3889
vt 0.9375 0.4444
vt 0.9375 0.5000
vt 0.9375 0.5556
vt 0.9375 0.6111
vt 0.9375 0.6667
vt 0.9375 0.7222
vt 0.9375 0.7778
vt 0.9375 0.8333
vt 0.9375 0.8889
vt 0.9375 0.9444
vt 0.9375 1.0000
vt 0.9583 0.0000
vt 0.9583 0.0556
vt 0.9583 0.1111
vt 0.9583 0.1667
vt 0.9583 0.2222
vt 0.9583 0.2778
vt 0.9583 0.3333
vt 0.9583 0.3889
vt 0.9583 0.4444
vt 0.9583 0.5000
vt 0.9583 0.5556
vt 0.9583 0.6111
vt 0.9583 0.6667
vt 0.9583 0.7222
vt 0.9583 0.7778
vt 0.9583 0.8333
vt 0.9583 0.8889
vt 0.9583 0.9444
vt 0.9583 1.0000
vt 0.9792 0.0000
vt 0.9792 0.0556
vt 0.9792 0.1111
vt 0.9792 0.1667
vt 0.9792 0.2222
vt 0.9792 0.2778
vt 0.9792 0.3333
vt 0.9792 0.3889
vt 0.9792 0.4444
vt 0.9792 0.5000
vt 0.9792 0.5556
vt 0.9792 0.6111
vt 0.9792 0.6667
vt 0.9792 0.7222
vt 0.9792 0.7778
vt 0.9792 0.8333
vt 0.9792 0.8889
vt 0.9792 0.9444
vt 0.9792 1.0000
vt 0.0000 0.0000
vt 1.0000 0.0000
vt 1.0000 1.0000
vt 0.0000 1.0000
vt 0.0000 0.0000
vt 1.0000 0.0000
vt 1.0000 1.0000
vt 0.0000 1.0000
vt 0.0000 0.0000
vt 1.0000 0.0000
vt 1.0000 1.0000
vt 0.0000 1.0000
vt 0.0000 0.0000
vt 1.0000 0.0000
vt 1.0000 1.0000
vt 0.0000 1.0000
vt 0.0000 0.0000
vt 1.0000 0.0000
vt 1.0000 1.0000
vt 0.0000 1.0000
vt 0.0000 0.0000
vt 1.0000 0.0000
vt 1.0000 1.0000
vt 0.0000 1.0000
vt 0.0000 0.0000
vt 1.0000 0.0000
vt 1.0000 1.0000
vt 0.0000 1.0000
vt 0.0000 0.0000
vt 1.0000 0.0000
vt 1.0000 1.0000
vt 0.0000 1.0000
vt 0.0000 0.0000
vt 1.0000 0.0000
vt 1.0000 1.0000
vt 0.0000 1.0000
vt 0.0000 0.0000
vt 1.0000 0.0000
vt 1.0000 1.0000
vt 0.0000 1.0000
vt 0.0000 0.0000
vt 1.0000 0.0000
vt 1.0000 1.0000
vt 0.0000 1.0000
vt 0.0000 0.0000
vt 1.0000 0.0000
vt 1.0000 1.0000
vt 0.0000 1.0000
vt 0.0000 0.0000
vt 1.0000 0.0000
vt 1.0000 1.0000
vt 0.0000 1.0000
vt 0.0000 0.0000
vt 1.0000 0.0000
vt 1.0000 1.0000
vt 0.0000 1.0000
vt 0.0000 0.0000
vt 1.0000 0.0000
vt 1.0000 1.0000
vt 0.0000 1.0000
vt 0.0000 0.0000
vt 1.0000 0.0000
vt 1.0000 1.0000
vt 0.0000 1.0000
vt 0.0000 0.0000
vt 1.0000 0.0000
vt 1.0000 1.0000
vt 0.0000 1.0000
vt 0.0000 0.0000
vt 1.0000 0.0000
vt 1.0000 1.0000
vt 0.0000 1.0000
vt 0.0000 0.0000
vt 1.0000 0.0000
vt 1.0000 1.0000
vt 0.0000 1.0000
vt 0.0000 0.0000
vt 1.0000 0.0000
vt 1.0000 1.0000
vt 0.0000 1.0000
vt 0.0000 0.0000
vt 1.0000 0.0000
vt 1.0000 1.0000
vt 0.0000 1.0000
vt 0.0000 0.0000
vt 1.0000 0.0000
vt 1.0000 1.0000
vt 0.0000 1.0000
vt 0.0000 0.0000
vt 1.0000 0.0000
vt 1.0000 1.0000
vt 0.0000 1.0000
vt 0.0000 0.0000
vt 1.0000 0.0000
vt 1.0000 1.0000
vt 0.0000 1.0000
vt 0.0000 0.0000
vt 1.0000 0.0000
vt 1.0000 1.0000
vt 0.0000 1.0000
vt 0.0000 0.0000
vt 1.0000 0.0000
vt 1.0000 1.0000
vt 0.0000 1.0000
vt 0.0000 0.0000
vt 1.0000 0.0000
vt 1.0000 1.0000
vt 0.0000 1.0000
vt 0.0000 0.0000
vt 1.0000 0.0000
vt 1.0000 1.0000
vt 0.0000 1.0000
vt 0.0000 0.0000
vt 1.0000 0.0000
vt 1.0000 1.0000
vt 0.0000 1.0000
vt 0.0000 0.0000
vt 1.0000 0.0000
vt 1.0000 1.0000
vt 0.0000 1.0000
vt 0.0000 0.0000
vt 1.0000 0.0000
vt 1.0000 1.0000
vt 0.0000 1.0000
vt 0.0000 0.0000
vt 1.0000 0.0000
vt 1.0000 1.0000
vt 0.0000 1.0000
vt 0.0000 0.0000
vt 1.0000 0.0000
vt 1.0000 1.0000
vt 0.0000 1.0000
vt 0.0000 0.0000
vt 1.0000 0.0000
vt 1.0000 1.0000
vt 0.0000 1.0000
vt 0.0000 0.0000
vt 1.0000 0.0000
vt 1.0000 1.0000
vt 0.0000 1.0000
vt 0.0000 0.0000
vt 1.0000 0.0000
vt 1.0000 1.0000
vt 0.0000 1.0000
vt 0.0000 0.0000
vt 1.0000 0.0000
vt 1.0000 1.0000
vt 0.0000 1.0000
vt 0.0000 0.0000
vt 1.0000 0.0000
vt 1.0000 1.0000
vt 0.0000 1.0000
vt 0.0000 0.0000
vt 1.0000 0.0000
vt 1.0000 1.0000
vt 0.0000 1.0000
vt 0.0000 0.0000
vt 1.0000 0.0000
vt 1.0000 1.0000
vt 0.0000 1.0000
vt 0.0000 0.0000
vt 1.0000 0.0000
vt 1.0000 1.0000
vt 0.0000 1.0000
vt 0.0000 0.0000
vt 1.0000 0.0000
vt 1.0000 1.0000
vt 0.0000 1.0000
vt 0.0000 0.0000
vt 1.0000 0.0000
vt 1.0000 1.0000
vt 0.0000 1.0000
vt 0.0000 0.0000
vt 1.0000 0.0000
vt 1.0000 1.0000
vt 0.0000 1.0000
vt 0.0000 0.0000
vt 1.0000 0.0000
vt 1.0000 1.0000
vt 0.0000 1.0000
vt 0.0000 0.0000
vt 1.0000 0.0000
vt 1.0000 1.0000
vt 0.0000 1.0000
vt 0.0000 0.0000
vt 1.0000 0.0000
vt 1.0000 1.0000
vt 0.0000 1.0000
vt 0.0000 0.0000
vt 1.0000 0.0000
vt 1.0000 1.0000
vt 0.0000 1.0000
vn 0.0000 0.2334 0.9724
vn 0.0000 0.4229 0.9062
vn 0.0000 0.9659 0.2587
vn 0.0000 0.9674 0.2534
vn 0.0000 0.7719 0.6357
vn 0.0000 0.9487 0.3162
vn 0.0000 0.9878 0.1560
vn 0.0000 0.9746 0.2239
vn 0.0000 0.9637 0.2669
vn 0.0000 0.9285 0.3714
vn 0.0000 -0.1414 -0.9899
vn 0.0000 -0.9363 0.3511
vn 0.0000 -0.9829 0.1843
vn 0.0000 -0.9989 0.0470
vn 0.0000 -0.9923 0.1240
vn 0.0000 -0.9790 0.2037
vn 0.0000 -0.9800 0.1991
vn 0.0000 -0.9899 0.1414
vn 0.0000 -0.9956 0.0933
vn 0.1269 0.2334 0.9641
vn 0.1183 0.4229 0.8984
vn 0.0338 0.9659 0.2565
vn 0.0331 0.9674 0.2512
vn 0.0830 0.7719 0.6303
vn 0.0413 0.9487 0.3135
vn 0.0204 0.9878 0.1546
vn 0.0292 0.9746 0.2220
vn 0.0348 0.9637 0.2646
vn 0.0485 0.9285 0.3682
vn -0.1292 -0.1414 -0.9815
vn 0.0458 -0.9363 0.3481
vn 0.0241 -0.9829 0.1827
vn 0.0061 -0.9989 0.0466
vn 0.0162 -0.9923 0.1230
vn 0.0266 -0.9790 0.2020
vn 0.0260 -0.9800 0.1974
vn 0.0185 -0.9899 0.1402
vn 0.0122 -0.9956 0.0925
vn 0.2517 0.2334 0.9393
vn 0.2345 0.4229 0.8753
vn 0.0670 0.9659 0.2499
vn 0.0656 0.9674 0.2447
vn 0.1645 0.7719 0.6140
vn 0.0818 0.9487 0.3055
vn 0.0404 0.9878 0.1506
vn 0.0579 0.9746 0.2163
vn 0.0691 0.9637 0.2578
vn 0.0961 0.9285 0.3587
vn -0.2562 -0.1414 -0.9562
vn 0.0909 -0.9363 0.3392
vn 0.0477 -0.9829 0.1780
vn 0.0122 -0.9989 0.0454
vn 0.0321 -0.9923 0.1198
vn 0.0527 -0.9790 0.1968
vn 0.0515 -0.9800 0.1923
vn 0.0366 -0.9899 0.1366
vn 0.0242 -0.9956 0.0902
vn 0.3721 0.2334 0.8984
vn 0.3468 0.4229 0.8372
vn 0.0990 0.9659 0.2390
vn 0.0970 0.9674 0.2341
vn 0.2433 0.7719 0.5873
vn 0.1210 0.9487 0.2922
vn 0.0597 0.9878 0.1441
vn 0.0857 0.9746 0.2069
vn 0.1021 0.9637 0.2466
vn 0.1421 0.9285 0.3431
vn -0.3788 -0.1414 -0.9146
vn 0.1344 -0.9363 0.3244
vn 0.0705 -0.9829 0.1703
vn 0.0180 -0.9989 0.0434
vn 0.0475 -0.9923 0.1146
vn 0.0780 -0.9790 0.1882
vn 0.0762 -0.9800 0.1839
vn 0.0541 -0.9899 0.1307
vn 0.0357 -0.9956 0.0862
vn 0.4862 0.2334 0.8421
vn 0.4531 0.4229 0.7848
vn 0.1294 0.9659 0.2241
vn 0.1267 0.9674 0.2194
vn 0.3179 0.7719 0.5505
vn 0.1581 0.9487 0.2739
vn 0.0780 0.9878 0.1351
vn 0.1119 0.9746 0.1939
vn 0.1334 0.9637 0.2311
vn 0.1857 0.9285 0.3216
vn -0.4950 -0.1414 -0.8573
vn 0.1756 -0.9363 0.3041
vn 0.0921 -0.9829 0.1596
vn 0.0235 -0.9989 0.0407
vn 0.0620 -0.9923 0.1074
vn 0.1019 -0.9790 0.1764
vn 0.0995 -0.9800 0.1724
vn 0.0707 -0.9899 0.1225
vn 0.0467 -0.9956 0.0808
vn 0.5920 0.2334 0.7714
vn 0.5516 0.4229 0.7189
vn 0.1575 0.9659 0.2053
vn 0.1542 0.9674 0.2010
vn 0.3870 0.7719 0.5043
vn 0.1925 0.9487 0.2509
vn 0.0949 0.9878 0.1237
vn 0.1363 0.9746 0.1776
vn 0.1625 0.9637 0.2117
vn 0.2261 0.9285 0.2946
vn -0.6026 -0.1414 -0.7854
vn 0.2138 -0.9363 0.2786
vn 0.1122 -0.9829 0.1462
vn 0.0286 -0.9989 0.0373
vn 0.0755 -0.9923 0.0984
vn 0.1240 -0.9790 0.1616
vn 0.1212 -0.9800 0.1579
vn 0.0861 -0.9899 0.1122
vn 0.0568 -0.9956 0.0741
vn 0.6876 0.2334 0.6876
vn 0.6408 0.4229 0.6408
vn 0.1830 0.9659 0.1830
vn 0.1792 0.9674 0.1792
vn 0.4495 0.7719 0.4495
vn 0.2236 0.9487 0.2236
vn 0.1103 0.9878 0.1103
vn 0.1583 0.9746 0.1583
vn 0.1887 0.9637 0.1887
vn 0.2626 0.9285 0.2626
vn -0.7000 -0.1414 -0.7000
vn 0.2483 -0.9363 0.2483
vn 0.1303 -0.9829 0.1303
vn 0.0332 -0.9989 0.0332
vn 0.0877 -0.9923 0.0877
vn 0.1441 -0.9790 0.1441
vn 0.1408 -0.9800 0.1408
vn 0.1000 -0.9899 0.1000
vn 0.0660 -0.9956 0.0660
vn 0.7714 0.2334 0.5920
vn 0.7189 0.4229 0.5516
vn 0.2053 0.9659 0.1575
vn 0.2010 0.9674 0.1542
vn 0.5043 0.7719 0.3870
vn 0.2509 0.9487 0.1925
vn 0.1237 0.9878 0.0949
vn 0.1776 0.9746 0.1363
vn 0.2117 0.9637 0.1625
vn 0.2946 0.9285 0.2261
vn -0.7854 -0.1414 -0.6026
vn 0.2786 -0.9363 0.2138
vn 0.1462 -0.9829 0.1122
vn 0.0373 -0.9989 0.0286
vn 0.0984 -0.9923 0.0755
vn 0.1616 -0.9790 0.1240
vn 0.1579 -0.9800 0.1212
vn 0.1122 -0.9899 0.0861
vn 0.0741 -0.9956 0.0568
vn 0.8421 0.2334 0.4862
vn 0.7848 0.4229 0.4531
vn 0.2241 0.9659 0.1294
vn 0.2194 0.9674 0.1267
vn 0.5505 0.7719 0.3179
vn 0.2739 0.9487 0.1581
vn 0.1351 0.9878 0.0780
vn 0.1939 0.9746 0.1119
vn 0.2311 0.9637 0.1334
vn 0.3216 0.9285 0.1857
vn -0.8573 -0.1414 -0.4950
vn 0.3041 -0.9363 0.1756
vn 0.1596 -0.9829 0.0921
vn 0.0407 -0.9989 0.0235
vn 0.1074 -0.9923 0.0620
vn 0.1764 -0.9790 0.1019
vn 0.1724 -0.9800 0.0995
vn 0.1225 -0.9899 0.0707
vn 0.0808 -0.9956 0.0467
vn 0.8984 0.2334 0.3721
vn 0.8372 0.4229 0.3468
vn 0.2390 0.9659 0.0990
vn 0.2341 0.9674 0.0970
vn 0.5873 0.7719 0.2433
vn 0.2922 0.9487 0.1210
vn 0.1441 0.9878 0.0597
vn 0.2069 0.9746 0.0857
vn 0.2466 0.9637 0.1021
vn 0.3431 0.9285 0.1421
vn -0.9146 -0.1414 -0.3788
vn 0.3244 -0.9363 0.1344
vn 0.1703 -0.9829 0.0705
vn 0.0434 -0.9989 0.0180
vn 0.1146 -0.9923 0.0475
vn 0.1882 -0.9790 0.0780
vn 0.1839 -0.9800 0.0762
vn 0.1307 -0.9899 0.0541
vn 0.0862 -0.9956 0.0357
vn 0.9393 0.2334 0.2517
vn 0.8753 0.4229 0.2345
vn 0.2499 0.9659 0.0670
vn 0.2447 0.9674 0.0656
vn 0.6140 0.7719 0.1645
vn 0.3055 0.9487 0.0818
vn 0.1506 0.9878 0.0404
vn 0.2163 0.9746 0.0579
vn 0.2578 0.9637 0.0691
vn 0.3587 0.9285 0.0961
vn -0.9562 -0.1414 -0.2562
vn 0.3392 -0.9363 0.0909
vn 0.1780 -0.9829 0.0477
vn 0.0454 -0.9989 0.0122
vn 0.1198 -0.9923 0.0321
vn 0.1968 -0.9790 0.0527
vn 0.1923 -0.9800 0.0515
vn 0.1366 -0.9899 0.0366
vn 0.0902 -0.9956 0.0242
vn 0.9641 0.2334 0.1269
vn 0.8984 0.4229 0.1183
vn 0.2565 0.9659 0.0338
vn 0.2512 0.9674 0.0331
vn 0.6303 0.7719 0.0830
vn 0.3135 0.9487 0.0413
vn 0.1546 0.9878 0.0204
vn 0.2220 0.9746 0.0292
vn 0.2646 0.9637 0.0348
vn 0.3682 0.9285 0.0485
vn -0.9815 -0.1414 -0.1292
vn 0.3481 -0.9363 0.0458
vn 0.1827 -0.9829 0.0241
vn 0.0466 -0.9989 0.0061
vn 0.1230 -0.9923 0.0162
vn 0.2020 -0.9790 0.0266
vn 0.1974 -0.9800 0.0260
vn 0.1402 -0.9899 0.0185
vn 0.0925 -0.9956 0.0122
vn 0.9724 0.2334 0.0000
vn 0.9062 0.4229 0.0000
vn 0.2587 0.9659 0.0000
vn 0.2534 0.9674 0.0000
vn 0.6357 0.7719 0.0000
vn 0.3162 0.9487 0.0000
vn 0.1560 0.9878 0.0000
vn 0.2239 0.9746 0.0000
vn 0.2669 0.9637 0.0000
vn 0.3714 0.9285 0.0000
vn -0.9899 -0.1414 0.0000
vn 0.3511 -0.9363 0.0000
vn 0.1843 -0.9829 0.0000
vn 0.0470 -0.9989 0.0000
vn 0.1240 -0.9923 0.0000
vn 0.2037 -0.9790 0.0000
vn 0.1991 -0.9800 0.0000
vn 0.1414 -0.9899 0.0000
vn 0.0933 -0.9956 0.0000
vn 0.9641 0.2334 -0.1269
vn 0.8984 0.4229 -0.1183
vn 0.2565 0.9659 -0.0338
vn 0.2512 0.9674 -0.0331
vn 0.6303 0.7719 -0.0830
vn 0.3135 0.9487 -0.0413
vn 0.1546 0.9878 -0.0204
vn 0.2220 0.9746 -0.0292
vn 0.2646 0.9637 -0.0348
vn 0.3682 0.9285 -0.0485
vn -0.9815 -0.1414 0.1292
vn 0.3481 -0.9363 -0.0458
vn 0.1827 -0.9829 -0.0241
vn 0.0466 -0.9989 -0.0061
vn 0.1230 -0.9923 -0.0162
vn 0.2020 -0.9790 -0.0266
vn 0.1974 -0.9800 -0.0260
vn 0.1402 -0.9899 -0.0185
vn 0.0925 -0.9956 -0.0122
vn 0.9393 0.2334 -0.2517
vn 0.8753 0.4229 -0.2345
vn 0.2499 0.9659 -0.0670
vn 0.2447 0.9674 -0.0656
vn 0.6140 0.7719 -0.1645
vn 0.3055 0.9487 -0.0818
vn 0.1506 0.9878 -0.0404
vn 0.2163 0.9746 -0.0579
vn 0.2578 0.9637 -0.0691
vn 0.3587 0.9285 -0.0961
vn -0.9562 -0.1414 0.2562
vn 0.3392 -0.9363 -0.0909
vn 0.1780 -0.9829 -0.0477
vn 0.0454 -0.9989 -0.0122
vn 0.1198 -0.9923 -0.0321
vn 0.1968 -0.9790 -0.0527
vn 0.1923 -0.9800 -0.0515
vn 0.1366 -0.9899 -0.0366
vn 0.0902 -0.9956 -0.0242
vn 0.8984 0.2334 -0.3721
vn 0.8372 0.4229 -0.3468
vn 0.2390 0.9659 -0.0990
vn 0.2341 0.9674 -0.0970
vn 0.5873 0.7719 -0.2433
vn 0.2922 0.9487 -0.1210
vn 0.1441 0.9878 -0.0597
vn 0.2069 0.9746 -0.0857
vn 0.2466 0.9637 -0.1021
vn 0.3431 0.9285 -0.1421
vn -0.9146 -0.1414 0.3788
vn 0.3244 -0.9363 -0.1344
vn 0.1703 -0.9829 -0.0705
vn 0.0434 -0.9989 -0.0180
vn 0.1146 -0.9923 -0.0475
vn 0.1882 -0.9790 -0.0780
vn 0.1839 -0.9800 -0.0762
vn 0.1307 -0.9899 -0.0541
vn 0.0862 -0.9956 -0.0357
vn 0.8421 0.2334 -0.4862
vn 0.7848 0.4229 -0.4531
vn 0.2241 0.9659 -0.1294
vn 0.2194 0.9674 -0.1267
vn 0.5505 0.7719 -0.3179
vn 0.2739 0.9487 -0.1581
vn 0.1351 0.9878 -0.0780
vn 0.1939 0.9746 -0.1119
vn 0.2311 0.9637 -0.1334
vn 0.3216 0.9285 -0.1857
vn -0.8573 -0.1414 0.4950
vn 0.3041 -0.9363 -0.1756
vn 0.1596 -0.9829 -0.0921
vn 0.0407 -0.9989 -0.0235
vn 0.1074 -0.9923 -0.0620
vn 0.1764 -0.9790 -0.1019
vn 0.1724 -0.9800 -0.0995
vn 0.1225 -0.9899 -0.0707
vn 0.0808 -0.9956 -0.0467
vn 0.7714 0.2334 -0.5920
vn 0.7189 0.4229 -0.5516
vn 0.2053 0.9659 -0.1575
vn 0.2010 0.9674 -0.1542
vn 0.5043 0.7719 -0.3870
vn 0.2509 0.9487 -0.1925
vn 0.1237 0.9878 -0.0949
vn 0.1776 0.9746 -0.1363
vn 0.2117 0.9637 -0.1625
vn 0.2946 0.9285 -0.2261
vn -0.7854 -0.1414 0.6026
vn 0.2786 -0.9363 -0.2138
vn 0.1462 -0.9829 -0.1122
vn 0.0373 -0.9989 -0.0286
vn 0.0984 -0.9923 -0.0755
vn 0.1616 -0.9790 -0.1240
vn 0.1579 -0.9800 -0.1212
vn 0.1122 -0.9899 -0.0861
vn 0.0741 -0.9956 -0.0568
vn 0.6876 0.2334 -0.6876
vn 0.6408 0.4229 -0.6408
vn 0.1830 0.9659 -0.1830
vn 0.1792 0.9674 -0.1792
vn 0.4495 0.7719 -0.4495
vn 0.2236 0.9487 -0.2236
vn 0.1103 0.9878 -0.1103
vn 0.1583 0.9746 -0.1583
vn 0.1887 0.9637 -0.1887
vn 0.2626 0.9285 -0.2626
vn -0.7000 -0.1414 0.7000
vn 0.2483 -0.9363 -0.2483
vn 0.1303 -0.9829 -0.1303
vn 0.0332 -0.9989 -0.0332
vn 0.0877 -0.9923 -0.0877
vn 0.1441 -0.9790 -0.1441
vn 0.1408 -0.9800 -0.1408
vn 0.1000 -0.9899 -0.1000
vn 0.0660 -0.9956 -0.0660
vn 0.5920 0.2334 -0.7714
vn 0.5516 0.4229 -0.7189
vn 0.1575 0.9659 -0.2053
vn 0.1542 0.9674 -0.2010
vn 0.3870 0.7719 -0.5043
vn 0.1925 0.9487 -0.2509
vn 0.0949 0.9878 -0.1237
vn 0.1363 0.9746 -0.1776
vn 0.1625 0.9637 -0.2117
vn 0.2261 0.9285 -0.2946
vn -0.6026 -0.1414 0.7854
vn 0.2138 -0.9363 -0.2786
vn 0.1122 -0.9829 -0.1462
vn 0.0286 -0.9989 -0.0373
vn 0.0755 -0.9923 -0.0984
vn 0.1240 -0.9790 -0.1616
vn 0.1212 -0.9800 -0.1579
vn 0.0861 -0.9899 -0.1122
vn 0.0568 -0.9956 -0.0741
vn 0.4862 0.2334 -0.8421
vn 0.4531 0.4229 -0.7848
vn 0.1294 0.9659 -0.2241
vn 0.1267 0.9674 -0.2194
vn 0.3179 0.7719 -0.5505
vn 0.1581 0.9487 -0.2739
vn 0.0780 0.9878 -0.1351
vn 0.1119 0.9746 -0.1939
vn 0.1334 0.9637 -0.2311
vn 0.1857 0.9285 -0.3216
vn -0.4950 -0.1414 0.8573
vn 0.1756 -0.9363 -0.3041
vn 0.0921 -0.9829 -0.1596
vn 0.0235 -0.9989 -0.0407
vn 0.0620 -0.9923 -0.1074
vn 0.1019 -0.9790 -0.1764
vn 0.0995 -0.9800 -0.1724
vn 0.0707 -0.9899 -0.1225
vn 0.0467 -0.9956 -0.0808
vn 0.3721 0.2334 -0.8984
vn 0.3468 0.4229 -0.8372
vn 0.0990 0.9659 -0.2390
vn 0.0970 0.9674 -0.2341
vn 0.2433 0.7719 -0.5873
vn 0.1210 0.9487 -0.2922
vn 0.0597 0.9878 -0.1441
vn 0.0857 0.9746 -0.2069
vn 0.1021 0.9637 -0.2466
vn 0.1421 0.9285 -0.3431
vn -0.3788 -0.1414 0.9146
vn 0.1344 -0.9363 -0.3244
vn 0.0705 -0.9829 -0.1703
vn 0.0180 -0.9989 -0.0434
vn 0.0475 -0.9923 -0.1146
vn 0.0780 -0.9790 -0.1882
vn 0.0762 -0.9800 -0.1839
vn 0.0541 -0.9899 -0.1307
vn 0.0357 -0.9956 -0.0862
vn 0.2517 0.2334 -0.9393
vn 0.2345 0.4229 -0.8753
vn 0.0670 0.9659 -0.2499
vn 0.0656 0.9674 -0.2447
vn 0.1645 0.7719 -0.6140
vn 0.0818 0.9487 -0.3055
vn 0.0404 0.9878 -0.1506
vn 0.0579 0.9746 -0.2163
vn 0.0691 0.9637 -0.2578
vn 0.0961 0.9285 -0.3587
vn -0.2562 -0.1414 0.9562
vn 0.0909 -0.9363 -0.3392
vn 0.0477 -0.9829 -0.1780
vn 0.0122 -0.9989 -0.0454
vn 0.0321 -0.9923 -0.1198
vn 0.0527 -0.9790 -0.1968
vn 0.0515 -0.9800 -0.1923
vn 0.0366 -0.9899 -0.1366
vn 0.0242 -0.9956 -0.0902
vn 0.1269 0.2334 -0.9641
vn 0.1183 0.4229 -0.8984
vn 0.0338 0.9659 -0.2565
vn 0.0331 0.9674 -0.2512
vn 0.0830 0.7719 -0.6303
vn 0.0413 0.9487 -0.3135
vn 0.0204 0.9878 -0.1546
vn 0.0292 0.9746 -0.2220
vn 0.0348 0.9637 -0.2646
vn 0.0485 0.9285 -0.3682
vn -0.1292 -0.1414 0.9815
vn 0.0458 -0.9363 -0.3481
vn 0.0241 -0.9829 -0.1827
vn 0.0061 -0.9989 -0.0466
vn 0.0162 -0.9923 -0.1230
vn 0.0266 -0.9790 -0.2020
vn 0.0260 -0.9800 -0.1974
vn 0.0185 -0.9899 -0.1402
vn 0.0122 -0.9956 -0.0925
vn 0.0000 0.2334 -0.9724
vn 0.0000 0.4229 -0.9062
vn 0.0000 0.9659 -0.2587
vn 0.0000 0.9674 -0.2534
vn 0.0000 0.7719 -0.6357
vn 0.0000 0.9487 -0.3162
vn 0.0000 0.9878 -0.1560
vn 0.0000 0.9746 -0.2239
vn 0.0000 0.9637 -0.2669
vn 0.0000 0.9285 -0.3714
vn 0.0000 -0.1414 0.9899
vn 0.0000 -0.9363 -0.3511
vn 0.0000 -0.9829 -0.1843
vn 0.0000 -0.9989 -0.0470
vn 0.0000 -0.9923 -0.1240
vn 0.0000 -0.9790 -0.2037
vn 0.0000 -0.9800 -0.1991
vn 0.0000 -0.9899 -0.1414
vn 0.0000 -0.9956 -0.0933
vn -0.1269 0.2334 -0.9641
vn -0.1183 0.4229 -0.8984
vn -0.0338 0.9659 -0.2565
vn -0.0331 0.9674 -0.2512
vn -0.0830 0.7719 -0.6303
vn -0.0413 0.9487 -0.3135
vn -0.0204 0.9878 -0.1546
vn -0.0292 0.9746 -0.2220
vn -0.0348 0.9637 -0.2646
vn -0.0485 0.9285 -0.3682
vn 0.1292 -0.1414 0.9815
vn -0.0458 -0.9363 -0.3481
vn -0.0241 -0.9829 -0.1827
vn -0.0061 -0.9989 -0.0466
vn -0.0162 -0.9923 -0.1230
vn -0.0266 -0.9790 -0.2020
vn -0.0260 -0.9800 -0.1974
vn -0.0185 -0.9899 -0.1402
vn -0.0122 -0.9956 -0.0925
vn -0.2517 0.2334 -0.9393
vn -0.2345 0.4229 -0.8753
vn -0.0670 0.9659 -0.2499
vn -0.0656 0.9674 -0.2447
vn -0.1645 0.7719 -0.6140
vn -0.0818 0.9487 -0.3055
vn -0.0404 0.9878 -0.1506
vn -0.0579 0.9746 -0.2163
vn -0.0691 0.9637 -0.2578
vn -0.0961 0.9285 -0.3587
vn 0.2562 -0.1414 0.9562
vn -0.0909 -0.9363 -0.3392
vn -0.0477 -0.9829 -0.1780
vn -0.0122 -0.9989 -0.0454
vn -0.0321 -0.9923 -0.1198
vn -0.0527 -0.9790 -0.1968
vn -0.0515 -0.9800 -0.1923
vn -0.0366 -0.9899 -0.1366
vn -0.0242 -0.9956 -0.0902
vn -0.3721 0.2334 -0.8984
vn -0.3468 0.4229 -0.8372
vn -0.0990 0.9659 -0.2390
vn -0.0970 0.9674 -0.2341
vn -0.2433 0.7719 -0.5873
vn -0.1210 0.9487 -0.2922
vn -0.0597 0.9878 -0.1441
vn -0.0857 0.9746 -0.2069
vn -0.1021 0.9637 -0.2466
vn -0.1421 0.9285 -0.3431
vn 0.3788 -0.1414 0.9146
vn -0.1344 -0.9363 -0.3244
vn -0.0705 -0.9829 -0.1703
vn -0.0180 -0.9989 -0.0434
vn -0.0475 -0.9923 -0.1146
vn -0.0780 -0.9790 -0.1882
vn -0.0762 -0.9800 -0.1839
vn -0.0541 -0.9899 -0.1307
vn -0.0357 -0.9956 -0.0862
vn -0.4862 0.2334 -0.8421
vn -0.4531 0.4229 -0.7848
vn -0.1294 0.9659 -0.2241
vn -0.1267 0.9674 -0.2194
vn -0.3179 0.7719 -0.5505
vn -0.1581 0.9487 -0.2739
vn -0.0780 0.9878 -0.1351
vn -0.1119 0.9746 -0.1939
vn -0.1334 0.9637 -0.2311
vn -0.1857 0.9285 -0.3216
vn 0.4950 -0.1414 0.8573
vn -0.1756 -0.9363 -0.3041
vn -0.0921 -0.9829 -0.1596
vn -0.0235 -0.9989 -0.0407
vn -0.0620 -0.9923 -0.1074
vn -0.1019 -0.9790 -0.1764
vn -0.0995 -0.9800 -0.1724
vn -0.0707 -0.9899 -0.1225
vn -0.0467 -0.9956 -0.0808
vn -0.5920 0.2334 -0.7714
vn -0.5516 0.4229 -0.7189
vn -0.1575 0.9659 -0.2053
vn -0.1542 0.9674 -0.2010
vn -0.3870 0.7719 -0.5043
vn -0.1925 0.9487 -0.2509
vn -0.0949 0.9878 -0.1237
vn -0.1363 0.9746 -0.1776
vn -0.1625 0.9637 -0.2117
vn -0.2261 0.9285 -0.2946
vn 0.6026 -0.1414 0.7854
vn -0.2138 -0.9363 -0.2786
vn -0.1122 -0.9829 -0.1462
vn -0.0286 -0.9989 -0.0373
vn -0.0755 -0.9923 -0.0984
vn -0.1240 -0.9790 -0.1616
vn -0.1212 -0.9800 -0.1579
vn -0.0861 -0.9899 -0.1122
vn -0.0568 -0.9956 -0.0741
vn -0.6876 0.2334 -0.6876
vn -0.6408 0.4229 -0.6408
vn -0.1830 0.9659 -0.1830
vn -0.1792 0.9674 -0.1792
vn -0.4495 0.7719 -0.4495
vn -0.2236 0.9487 -0.2236
vn -0.1103 0.9878 -0.1103
vn -0.1583 0.9746 -0.1583
vn -0.1887 0.9637 -0.1887
vn -0.2626 0.9285 -0.2626
vn 0.7000 -0.1414 0.7000
vn -0.2483 -0.9363 -0.2483
vn -0.1303 -0.9829 -0.1303
vn -0.0332 -0.9989 -0.0332
vn -0.0877 -0.9923 -0.0877
vn -0.1441 -0.9790 -0.1441
vn -0.1408 -0.9800 -0.1408
vn -0.1000 -0.9899 -0.1000
vn -0.0660 -0.9956 -0.0660
vn -0.7714 0.2334 -0.5920
vn -0.7189 0.4229 -0.5516
vn -0.2053 0.9659 -0.1575
vn -0.2010 0.9674 -0.1542
vn -0.5043 0.7719 -0.3870
vn -0.2509 0.9487 -0.1925
vn -0.1237 0.9878 -0.0949
vn -0.1776 0.9746 -0.1363
vn -0.2117 0.9637 -0.1625
vn -0.2946 0.9285 -0.2261
vn 0.7854 -0.1414 0.6026
vn -0.2786 -0.9363 -0.2138
vn -0.1462 -0.9829 -0.1122
vn -0.0373 -0.9989 -0.0286
vn -0.0984 -0.9923 -0.0755
vn -0.1616 -0.9790 -0.1240
vn -0.1579 -0.9800 -0.1212
vn -0.1122 -0.9899 -0.0861
vn -0.0741 -0.9956 -0.0568
vn -0.8421 0.2334 -0.4862
vn -0.7848 0.4229 -0.4531
vn -0.2241 0.9659 -0.1294
vn -0.2194 0.9674 -0.1267
vn -0.5505 0.7719 -0.3179
vn -0.2739 0.9487 -0.1581
vn -0.1351 0.9878 -0.0780
vn -0.1939 0.9746 -0.1119
vn -0.2311 0.9637 -0.1334
vn -0.3216 0.9285 -0.1857
vn 0.8573 -0.1414 0.4950
vn -0.3041 -0.9363 -0.1756
vn -0.1596 -0.9829 -0.0921
vn -0.0407 -0.9989 -0.0235
vn -0.1074 -0.9923 -0.0620
vn -0.1764 -0.9790 -0.1019
vn -0.1724 -0.9800 -0.0995
vn -0.1225 -0.9899 -0.0707
vn -0.0808 -0.9956 -0.0467
vn -0.8984 0.2334 -0.3721
vn -0.8372 0.4229 -0.3468
vn -0.2390 0.9659 -0.0990
vn -0.2341 0.9674 -0.0970
vn -0.5873 0.7719 -0.2433
vn -0.2922 0.9487 -0.1210
vn -0.1441 0.9878 -0.0597
vn -0.2069 0.9746 -0.0857
vn -0.2466 0.9637 -0.1021
vn -0.3431 0.9285 -0.1421
vn 0.9146 -0.1414 0.3788
vn -0.3244 -0.9363 -0.1344
vn -0.1703 -0.9829 -0.0705
vn -0.0434 -0.9989 -0.0180
vn -0.1146 -0.9923 -0.0475
vn -0.1882 -0.9790 -0.0780
vn -0.1839 -0.9800 -0.0762
vn -0.1307 -0.9899 -0.0541
vn -0.0862 -0.9956 -0.0357
vn -0.9393 0.2334 -0.2517
vn -0.8753 0.4229 -0.2345
vn -0.2499 0.9659 -0.0670
vn -0.2447 0.9674 -0.0656
vn -0.6140 0.7719 -0.1645
vn -0.3055 0.9487 -0.0818
vn -0.1506 0.9878 -0.0404
vn -0.2163 0.9746 -0.0579
vn -0.2578 0.9637 -0.0691
vn -0.3587 0.9285 -0.0961
vn 0.9562 -0.1414 0.2562
vn -0.3392 -0.9363 -0.0909
vn -0.1780 -0.9829 -0.0477
vn -0.0454 -0.9989 -0.0122
vn -0.1198 -0.9923 -0.0321
vn -0.1968 -0.9790 -0.0527
vn -0.1923 -0.9800 -0.0515
vn -0.1366 -0.9899 -0.0366
vn -0.0902 -0.9956 -0.0242
vn -0.9641 0.2334 -0.1269
vn -0.8984 0.4229 -0.1183
vn -0.2565 0.9659 -0.0338
vn -0.2512 0.9674 -0.0331
vn -0.6303 0.7719 -0.0830
vn -0.3135 0.9487 -0.0413
vn -0.1546 0.9878 -0.0204
vn -0.2220 0.9746 -0.0292
vn -0.2646 0.9637 -0.0348
vn -0.3682 0.9285 -0.0485
vn 0.9815 -0.1414 0.1292
vn -0.3481 -0.9363 -0.0458
vn -0.1827 -0.9829 -0.0241
vn -0.0466 -0.9989 -0.0061
vn -0.1230 -0.9923 -0.0162
vn -0.2020 -0.9790 -0.0266
vn -0.1974 -0.9800 -0.0260
vn -0.1402 -0.9899 -0.0185
vn -0.0925 -0.9956 -0.0122
vn -0.9724 0.2334 0.0000
vn -0.9062 0.4229 0.0000
vn -0.2587 0.9659 0.0000
vn -0.2534 0.9674 0.0000
vn -0.6357 0.7719 0.0000
vn -0.3162 0.9487 0.0000
vn -0.1560 0.9878 0.0000
vn -0.2239 0.9746 0.0000
vn -0.2669 0.9637 0.0000
vn -0.3714 0.9285 0.0000
vn 0.9899 -0.1414 0.0000
vn -0.3511 -0.9363 0.0000
vn -0.1843 -0.9829 0.0000
vn -0.0470 -0.9989 0.0000
vn -0.1240 -0.9923 0.0000
vn -0.2037 -0.9790 0.0000
vn -0.1991 -0.9800 0.0000
vn -0.1414 -0.9899 0.0000
vn -0.0933 -0.9956 0.0000
vn -0.9641 0.2334 0.1269
vn -0.8984 0.4229 0.1183
vn -0.2565 0.9659 0.0338
vn -0.2512 0.9674 0.0331
vn -0.6303 0.7719 0.0830
vn -0.3135 0.9487 0.0413
vn -0.1546 0.9878 0.0204
vn -0.2220 0.9746 0.0292
vn -0.2646 0.9637 0.0348
vn -0.3682 0.9285 0.0485
vn 0.9815 -0.1414 -0.1292
vn -0.3481 -0.9363 0.0458
vn -0.1827 -0.9829 0.0241
vn -0.0466 -0.9989 0.0061
vn -0.1230 -0.9923 0.0162
vn -0.2020 -0.9790 0.0266
vn -0.1974 -0.9800 0.0260
vn -0.1402 -0.9899 0.0185
vn -0.0925 -0.9956 0.0122
vn -0.9393 0.2334 0.2517
vn -0.8753 0.4229 0.2345
vn -0.2499 0.9659 0.0670
vn -0.2447 0.9674 0.0656
vn -0.6140 0.7719 0.1645
vn -0.3055 0.9487 0.0818
vn -0.1506 0.9878 0.0404
vn -0.2163 0.9746 0.0579
vn -0.2578 0.9637 0.0691
vn -0.3587 0.9285 0.0961
vn 0.9562 -0.1414 -0.2562
vn -0.3392 -0.9363 0.0909
vn -0.1780 -0.9829 0.0477
vn -0.0454 -0.9989 0.0122
vn -0.1198 -0.9923 0.0321
vn -0.1968 -0.9790 0.0527
vn -0.1923 -0.9800 0.0515
vn -0.1366 -0.9899 0.0366
vn -0.0902 -0.9956 0.0242
vn -0.8984 0.2334 0.3721
vn -0.8372 0.4229 0.3468
vn -0.2390 0.9659 0.0990
vn -0.2341 0.9674 0.0970
vn -0.5873 0.7719 0.2433
vn -0.2922 0.9487 0.1210
vn -0.1441 0.9878 0.0597
vn -0.2069 0.9746 0.0857
vn -0.2466 0.9637 0.1021
vn -0.3431 0.9285 0.1421
vn 0.9146 -0.1414 -0.3788
vn -0.3244 -0.9363 0.1344
vn -0.1703 -0.9829 0.0705
vn -0.0434 -0.9989 0.0180
vn -0.1146 -0.9923 0.0475
vn -0.1882 -0.9790 0.0780
vn -0.1839 -0.9800 0.0762
vn -0.1307 -0.9899 0.0541
vn -0.0862 -0.9956 0.0357
vn -0.8421 0.2334 0.4862
vn -0.7848 0.4229 0.4531
vn -0.2241 0.9659 0.1294
vn -0.2194 0.9674 0.1267
vn -0.5505 0.7719 0.3179
vn -0.2739 0.9487 0.1581
vn -0.1351 0.9878 0.0780
vn -0.1939 0.9746 0.1119
vn -0.2311 0.9637 0.1334
vn -0.3216 0.9285 0.1857
vn 0.8573 -0.1414 -0.4950
vn -0.3041 -0.9363 0.1756
vn -0.1596 -0.9829 0.0921
vn -0.0407 -0.9989 0.0235
vn -0.1074 -0.9923 0.0620
vn -0.1764 -0.9790 0.1019
vn -0.1724 -0.9800 0.0995
vn -0.1225 -0.9899 0.0707
vn -0.0808 -0.9956 0.0467
vn -0.7714 0.2334 0.5920
vn -0.7189 0.4229 0.5516
vn -0.2053 0.9659 0.1575
vn -0.2010 0.9674 0.1542
vn -0.5043 0.7719 0.3870
vn -0.2509 0.9487 0.1925
vn -0.1237 0.9878 0.0949
vn -0.1776 0.9746 0.1363
vn -0.2117 0.9637 0.1625
vn -0.2946 0.9285 0.2261
vn 0.7854 -0.1414 -0.6026
vn -0.2786 -0.9363 0.2138
vn -0.1462 -0.9829 0.1122
vn -0.0373 -0.9989 0.0286
vn -0.0984 -0.9923 0.0755
vn -0.1616 -0.9790 0.1240
vn -0.1579 -0.9800 0.1212
vn -0.1122 -0.9899 0.0861
vn -0.0741 -0.9956 0.0568
vn -0.6876 0.2334 0.6876
vn -0.6408 0.4229 0.6408
vn -0.1830 0.9659 0.1830
vn -0.1792 0.9674 0.1792
vn -0.4495 0.7719 0.4495
vn -0.2236 0.9487 0.2236
vn -0.1103 0.9878 0.1103
vn -0.1583 0.9746 0.1583
vn -0.1887 0.9637 0.1887
vn -0.2626 0.9285 0.2626
vn 0.7000 -0.1414 -0.7000
vn -0.2483 -0.9363 0.2483
vn -0.1303 -0.9829 0.1303
vn -0.0332 -0.9989 0.0332
vn -0.0877 -0.9923 0.0877
vn -0.1441 -0.9790 0.1441
vn -0.1408 -0.9800 0.1408
vn -0.1000 -0.9899 0.1000
vn -0.0660 -0.9956 0.0660
vn -0.5920 0.2334 0.7714
vn -0.5516 0.4229 0.7189
vn -0.1575 0.9659 0.2053
vn -0.1542 0.9674 0.2010
vn -0.3870 0.7719 0.5043
vn -0.1925 0.9487 0.2509
vn -0.0949 0.9878 0.1237
vn -0.1363 0.9746 0.1776
vn -0.1625 0.9637 0.2117
vn -0.2261 0.9285 0.2946
vn 0.6026 -0.1414 -0.7854
vn -0.2138 -0.9363 0.2786
vn -0.1122 -0.9829 0.1462
vn -0.0286 -0.9989 0.0373
vn -0.0755 -0.9923 0.0984
vn -0.1240 -0.9790 0.1616
vn -0.1212 -0.9800 0.1579
vn -0.0861 -0.9899 0.1122
vn -0.0568 -0.9956 0.0741
vn -0.4862 0.2334 0.8421
vn -0.4531 0.4229 0.7848
vn -0.1294 0.9659 0.2241
vn -0.1267 0.9674 0.2194
vn -0.3179 0.7719 0.5505
vn -0.1581 0.9487 0.2739
vn -0.0780 0.9878 0.1351
vn -0.1119 0.9746 0.1939
vn -0.1334 0.9637 0.2311
vn -0.1857 0.9285 0.3216
vn 0.4950 -0.1414 -0.8573
vn -0.1756 -0.9363 0.3041
vn -0.0921 -0.9829 0.1596
vn -0.0235 -0.9989 0.0407
vn -0.0620 -0.9923 0.1074
vn -0.1019 -0.9790 0.1764
vn -0.0995 -0.9800 0.1724
vn -0.0707 -0.9899 0.1225
vn -0.0467 -0.9956 0.0808
vn -0.3721 0.2334 0.8984
vn -0.3468 0.4229 0.8372
vn -0.0990 0.9659 0.2390
vn -0.0970 0.9674 0.2341
vn -0.2433 0.7719 0.5873
vn -0.1210 0.9487 0.2922
vn -0.0597 0.9878 0.1441
vn -0.0857 0.9746 0.2069
vn -0.1021 0.9637 0.2466
vn -0.1421 0.9285 0.3431
vn 0.3788 -0.1414 -0.9146
vn -0.1344 -0.9363 0.3244
vn -0.0705 -0.9829 0.1703
vn -0.0180 -0.9989 0.0434
vn -0.0475 -0.9923 0.1146
vn -0.0780 -0.9790 0.1882
vn -0.0762 -0.9800 0.1839
vn -0.0541 -0.9899 0.1307
vn -0.0357 -0.9956 0.0862
vn -0.2517 0.2334 0.9393
vn -0.2345 0.4229 0.8753
vn -0.0670 0.9659 0.2499
vn -0.0656 0.9674 0.2447
vn -0.1645 0.7719 0.6140
vn -0.0818 0.9487 0.3055
vn -0.0404 0.9878 0.1506
vn -0.0579 0.9746 0.2163
vn -0.0691 0.9637 0.2578
vn -0.0961 0.9285 0.3587
vn 0.2562 -0.1414 -0.9562
vn -0.0909 -0.9363 0.3392
vn -0.0477 -0.9829 0.1780
vn -0.0122 -0.9989 0.0454
vn -0.0321 -0.9923 0.1198
vn -0.0527 -0.9790 0.1968
vn -0.0515 -0.9800 0.1923
vn -0.0366 -0.9899 0.1366
vn -0.0242 -0.9956 0.0902
vn -0.1269 0.2334 0.9641
vn -0.1183 0.4229 0.8984
vn -0.0338 0.9659 0.2565
vn -0.0331 0.9674 0.2512
vn -0.0830 0.7719 0.6303
vn -0.0413 0.9487 0.3135
vn -0.0204 0.9878 0.1546
vn -0.0292 0.9746 0.2220
vn -0.0348 0.9637 0.2646
vn -0.0485 0.9285 0.3682
vn 0.1292 -0.1414 -0.9815
vn -0.0458 -0.9363 0.3481
vn -0.0241 -0.9829 0.1827
vn -0.0061 -0.9989 0.0466
vn -0.0162 -0.9923 0.1230
vn -0.0266 -0.9790 0.2020
vn -0.0260 -0.9800 0.1974
vn -0.0185 -0.9899 0.1402
vn -0.0122 -0.9956 0.0925
vn -0.7071 0.0000 -0.7071
vn -0.7071 0.0000 -0.7071
vn -0.7071 0.0000 -0.7071
vn -0.7071 0.0000 -0.7071
vn 0.7071 0.0000 0.7071
vn 0.7071 0.0000 0.7071
vn 0.7071 0.0000 0.7071
vn 0.7071 0.0000 0.7071
vn -0.7071 0.0000 0.7071
vn -0.7071 0.0000 0.7071
vn -0.7071 0.0000 0.7071
vn -0.7071 0.0000 0.7071
vn 0.7071 0.0000 -0.7071
vn 0.7071 0.0000 -0.7071
vn 0.7071 0.0000 -0.7071
vn 0.7071 0.0000 -0.7071
vn 0.0000 1.0000 0.0000
vn 0.0000 1.0000 0.0000
vn 0.0000 1.0000 0.0000
vn 0.0000 1.0000 0.0000
vn 0.0000 -1.0000 0.0000
vn 0.0000 -1.0000 0.0000
vn 0.0000 -1.0000 0.0000
vn 0.0000 -1.0000 0.0000
vn -0.7071 0.0000 0.7071
vn -0.7071 0.0000 0.7071
vn -0.7071 0.0000 0.7071
vn -0.7071 0.0000 0.7071
vn 0.7071 0.0000 -0.7071
vn 0.7071 0.0000 -0.7071
vn 0.7071 0.0000 -0.7071
vn 0.7071 0.0000 -0.7071
vn 0.7071 0.0000 0.7071
vn 0.7071 0.0000 0.7071
vn 0.7071 0.0000 0.7071
vn 0.7071 0.0000 0.7071
vn -0.7071 0.0000 -0.7071
vn -0.7071 0.0000 -0.7071
vn -0.7071 0.0000 -0.7071
vn -0.7071 0.0000 -0.7071
vn 0.0000 1.0000 0.0000
vn 0.0000 1.0000 0.0000
vn 0.0000 1.0000 0.0000
vn 0.0000 1.0000 0.0000
vn 0.0000 -1.0000 0.0000
vn 0.0000 -1.0000 0.0000
vn 0.0000 -1.0000 0.0000
vn 0.0000 -1.0000 0.0000
vn 0.7071 0.0000 0.7071
vn 0.7071 0.0000 0.7071
vn 0.7071 0.0000 0.7071
vn 0.7071 0.0000 0.7071
vn -0.7071 0.0000 -0.7071
vn -0.7071 0.0000 -0.7071
vn -0.7071 0.0000 -0.7071
vn -0.7071 0.0000 -0.7071
vn 0.7071 0.0000 -0.7071
vn 0.7071 0.0000 -0.7071
vn 0.7071 0.0000 -0.7071
vn 0.7071 0.0000 -0.7071
vn -0.7071 0.0000 0.7071
vn -0.7071 0.0000 0.7071
vn -0.7071 0.0000 0.7071
vn -0.7071 0.0000 0.7071
vn 0.0000 1.0000 0.0000
vn 0.0000 1.0000 0.0000
vn 0.0000 1.0000 0.0000
vn 0.0000 1.0000 0.0000
vn 0.0000 -1.0000 0.0000
vn 0.0000 -1.0000 0.0000
vn 0.0000 -1.0000 0.0000
vn 0.0000 -1.0000 0.0000
vn 0.7071 0.0000 -0.7071
vn 0.7071 0.0000 -0.7071
vn 0.7071 0.0000 -0.7071
vn 0.7071 0.0000 -0.7071
vn -0.7071 0.0000 0.7071
vn -0.7071 0.0000 0.7071
vn -0.7071 0.0000 0.7071
vn -0.7071 0.0000 0.7071
vn -0.7071 0.0000 -0.7071
vn -0.7071 0.0000 -0.7071
vn -0.7071 0.0000 -0.7071
vn -0.7071 0.0000 -0.7071
vn 0.7071 0.0000 0.7071
vn 0.7071 0.0000 0.7071
vn 0.7071 0.0000 0.7071
vn 0.7071 0.0000 0.7071
vn 0.0000 1.0000 0.0000
vn 0.0000 1.0000 0.0000
vn 0.0000 1.0000 0.0000
vn 0.0000 1.0000 0.0000
vn 0.0000 -1.0000 0.0000
vn 0.0000 -1.0000 0.0000
vn 0.0000 -1.0000 0.0000
vn 0.0000 -1.0000 0.0000
vn 0.0000 0.0000 -1.0000
vn 0.0000 0.0000 -1.0000
vn 0.0000 0.0000 -1.0000
vn 0.0000 0.0000 -1.0000
vn 0.0000 0.0000 1.0000
vn 0.0000 0.0000 1.0000
vn 0.0000 0.0000 1.0000
vn 0.0000 0.0000 1.0000
vn -1.0000 0.0000 0.0000
vn -1.0000 0.0000 0.0000
vn -1.0000 0.0000 0.0000
vn -1.0000 0.0000 0.0000
vn 1.0000 0.0000 0.0000
vn 1.0000 0.0000 0.0000
vn 1.0000 0.0000 0.0000
vn 1.0000 0.0000 0.0000
vn 0.0000 1.0000 0.0000
vn 0.0000 1.0000 0.0000
vn 0.0000 1.0000 0.0000
vn 0.0000 1.0000 0.0000
vn 0.0000 -1.0000 0.0000
vn 0.0000 -1.0000 0.0000
vn 0.0000 -1.0000 0.0000
vn 0.0000 -1.0000 0.0000
vn -1.0000 0.0000 0.0000
vn -1.0000 0.0000 0.0000
vn -1.0000 0.0000 0.0000
vn -1.0000 0.0000 0.0000
vn 1.0000 0.0000 0.0000
vn 1.0000 0.0000 0.0000
vn 1.0000 0.0000 0.0000
vn 1.0000 0.0000 0.0000
vn 0.0000 0.0000 1.0000
vn 0.0000 0.0000 1.0000
vn 0.0000 0.0000 1.0000
vn 0.0000 0.0000 1.0000
vn 0.0000 0.0000 -1.0000
vn 0.0000 0.0000 -1.0000
vn 0.0000 0.0000 -1.0000
vn 0.0000 0.0000 -1.0000
vn 0.0000 1.0000 0.0000
vn 0.0000 1.0000 0.0000
vn 0.0000 1.0000 0.0000
vn 0.0000 1.0000 0.0000
vn 0.0000 -1.0000 0.0000
vn 0.0000 -1.0000 0.0000
vn 0.0000 -1.0000 0.0000
vn 0.0000 -1.0000 0.0000
vn 0.0000 0.0000 1.0000
vn 0.0000 0.0000 1.0000
vn 0.0000 0.0000 1.0000
vn 0.0000 0.0000 1.0000
vn 0.0000 0.0000 -1.0000
vn 0.0000 0.0000 -1.0000
vn 0.0000 0.0000 -1.0000
vn 0.0000 0.0000 -1.0000
vn 1.0000 0.0000 0.0000
vn 1.0000 0.0000 0.0000
vn 1.0000 0.0000 0.0000
vn 1.0000 0.0000 0.0000
vn -1.0000 0.0000 0.0000
vn -1.0000 0.0000 0.0000
vn -1.0000 0.0000 0.0000
vn -1.0000 0.0000 0.0000
vn 0.0000 1.0000 0.0000
vn 0.0000 1.0000 0.0000
vn 0.0000 1.0000 0.0000
vn 0.0000 1.0000 0.0000
vn 0.0000 -1.0000 0.0000
vn 0.0000 -1.0000 0.0000
vn 0.0000 -1.0000 0.0000
vn 0.0000 -1.0000 0.0000
vn 1.0000 0.0000 0.0000
vn 1.0000 0.0000 0.0000
vn 1.0000 0.0000 0.0000
vn 1.0000 0.0000 0.0000
vn -1.0000 0.0000 0.0000
vn -1.0000 0.0000 0.0000
vn -1.0000 0.0000 0.0000
vn -1.0000 0.0000 0.0000
vn 0.0000 0.0000 -1.0000
vn 0.0000 0.0000 -1.0000
vn 0.0000 0.0000 -1.0000
vn 0.0000 0.0000 -1.0000
vn 0.0000 0.0000 1.0000
vn 0.0000 0.0000 1.0000
vn 0.0000 0.0000 1.0000
vn 0.0000 0.0000 1.0000
vn 0.0000 1.0000 0.0000
vn 0.0000 1.0000 0.0000
vn 0.0000 1.0000 0.0000
vn 0.0000 1.0000 0.0000
vn 0.0000 -1.0000 0.0000
vn 0.0000 -1.0000 0.0000
vn 0.0000 -1.0000 0.0000
vn 0.0000 -1.0000 0.0000
g Hull_Accent
usemtl Hull_Accent
f 1/1/1 21/21/21 2/2/2
f 20/20/20 40/40/40 21/21/21
f 39/39/39 59/59/59 40/40/40
f 58/58/58 78/78/78 59/59/59
f 77/77/77 97/97/97 78/78/78
f 96/96/96 116/116/116 97/97/97
f 115/115/115 135/135/135 116/116/116
f 134/134/134 154/154/154 135/135/135
f 153/153/153 173/173/173 154/154/154
f 172/172/172 192/192/192 173/173/173
f 191/191/191 211/211/211 192/192/192
f 210/210/210 230/230/230 211/211/211
f 229/229/229 249/249/249 230/230/230
f 248/248/248 268/268/268 249/249/249
f 267/267/267 287/287/287 268/268/268
f 286/286/286 306/306/306 287/287/287
f 305/305/305 325/325/325 306/306/306
f 324/324/324 344/344/344 325/325/325
f 343/343/343 363/363/363 344/344/344
f 362/362/362 382/382/382 363/363/363
f 381/381/381 401/401/401 382/382/382
f 400/400/400 420/420/420 401/401/401
f 419/419/419 439/439/439 420/420/420
f 438/438/438 458/458/458 439/439/439
f 457/457/457 477/477/477 458/458/458
f 476/476/476 496/496/496 477/477/477
f 495/495/495 515/515/515 496/496/496
f 514/514/514 534/534/534 515/515/515
f 533/533/533 553/553/553 534/534/534
f 552/552/552 572/572/572 553/553/553
f 571/571/571 591/591/591 572/572/572
f 590/590/590 610/610/610 591/591/591
f 609/609/609 629/629/629 610/610/610
f 628/628/628 648/648/648 629/629/629
f 647/647/647 667/667/667 648/648/648
f 666/666/666 686/686/686 667/667/667
f 685/685/685 705/705/705 686/686/686
f 704/704/704 724/724/724 705/705/705
f 723/723/723 743/743/743 724/724/724
f 742/742/742 762/762/762 743/743/743
f 761/761/761 781/781/781 762/762/762
f 780/780/780 800/800/800 781/781/781
f 799/799/799 819/819/819 800/800/800
f 818/818/818 838/838/838 819/819/819
f 837/837/837 857/857/857 838/838/838
f 856/856/856 876/876/876 857/857/857
f 875/875/875 895/895/895 876/876/876
f 894/894/894 2/2/2 895/895/895
f 2/2/2 21/21/21 22/22/22
f 2/2/2 22/22/22 3/3/3
f 21/21/21 40/40/40 41/41/41
f 21/21/21 41/41/41 22/22/22
f 40/40/40 59/59/59 60/60/60
f 40/40/40 60/60/60 41/41/41
f 59/59/59 78/78/78 79/79/79
f 59/59/59 79/79/79 60/60/60
f 78/78/78 97/97/97 98/98/98
f 78/78/78 98/98/98 79/79/79
f 97/97/97 116/116/116 117/117/117
f 97/97/97 117/117/117 98/98/98
f 116/116/116 135/135/135 136/136/136
f 116/116/116 136/136/136 117/117/117
f 135/135/135 154/154/154 155/155/155
f 135/135/135 155/155/155 136/136/136
f 154/154/154 173/173/173 174/174/174
f 154/154/154 174/174/174 155/155/155
f 173/173/173 192/192/192 193/193/193
f 173/173/173 193/193/193 174/174/174
f 192/192/192 211/211/211 212/212/212
f 192/192/192 212/212/212 193/193/193
f 211/211/211 230/230/230 231/231/231
f 211/211/211 231/231/231 212/212/212
f 230/230/230 249/249/249 250/250/250
f 230/230/230 250/250/250 231/231/231
f 249/249/249 268/268/268 269/269/269
f 249/249/249 269/269/269 250/250/250
f 268/268/268 287/287/287 288/288/288
f 268/268/268 288/288/288 269/269/269
f 287/287/287 306/306/306 307/307/307
f 287/287/287 307/307/307 288/288/288
f 306/306/306 325/325/325 326/326/326
f 306/306/306 326/326/326 307/307/307
f 325/325/325 344/344/344 345/345/345
f 325/325/325 345/345/345 326/326/326
f 344/344/344 363/363/363 364/364/364
f 344/344/344 364/364/364 345/345/345
f 363/363/363 382/382/382 383/383/383
f 363/363/363 383/383/383 364/364/364
f 382/382/382 401/401/401 402/402/402
f 382/382/382 402/402/402 383/383/383
f 401/401/401 420/420/420 421/421/421
f 401/401/401 421/421/421 402/402/402
f 420/420/420 439/439/439 440/440/440
f 420/420/420 440/440/440 421/421/421
f 439/439/439 458/458/458 459/459/459
f 439/439/439 459/459/459 440/440/440
f 458/458/458 477/477/477 478/478/478
f 458/458/458 478/478/478 459/459/459
f 477/477/477 496/496/496 497/497/497
f 477/477/477 497/497/497 478/478/478
f 496/496/496 515/515/515 516/516/516
f 496/496/496 516/516/516 497/497/497
f 515/515/515 534/534/534 535/535/535
f 515/515/515 535/535/535 516/516/516
f 534/534/534 553/553/553 554/554/554
f 534/534/534 554/554/554 535/535/535
f 553/553/553 572/572/572 573/573/573
f 553/553/553 573/573/573 554/554/554
f 572/572/572 591/591/591 592/592/592
f 572/572/572 592/592/592 573/573/573
f 591/591/591 610/610/610 611/611/611
f 591/591/591 611/611/611 592/592/592
f 610/610/610 629/629/629 630/630/630
f 610/610/610 630/630/630 611/611/611
f 629/629/629 648/648/648 649/649/649
f 629/629/629 649/649/649 630/630/630
f 648/648/648 667/667/667 668/668/668
f 648/648/648 668/668/668 649/649/649
f 667/667/667 686/686/686 687/687/687
f 667/667/667 687/687/687 668/668/668
f 686/686/686 705/705/705 706/706/706
f 686/686/686 706/706/706 687/687/687
f 705/705/705 724/724/724 725/725/725
f 705/705/705 725/725/725 706/706/706
f 724/724/724 743/743/743 744/744/744
f 724/724/724 744/744/744 725/725/725
f 743/743/743 762/762/762 763/763/763
f 743/743/743 763/763/763 744/744/744
f 762/762/762 781/781/781 782/782/782
f 762/762/762 782/782/782 763/763/763
f 781/781/781 800/800/800 801/801/801
f 781/781/781 801/801/801 782/782/782
f 800/800/800 819/819/819 820/820/820
f 800/800/800 820/820/820 801/801/801
f 819/819/819 838/838/838 839/839/839
f 819/819/819 839/839/839 820/820/820
f 838/838/838 857/857/857 858/858/858
f 838/838/838 858/858/858 839/839/839
f 857/857/857 876/876/876 877/877/877
f 857/857/857 877/877/877 858/858/858
f 876/876/876 895/895/895 896/896/896
f 876/876/876 896/896/896 877/877/877
f 895/895/895 2/2/2 3/3/3
f 895/895/895 3/3/3 896/896/896
f 6/6/6 25/25/25 26/26/26
f 6/6/6 26/26/26 7/7/7
f 25/25/25 44/44/44 45/45/45
f 25/25/25 45/45/45 26/26/26
f 44/44/44 63/63/63 64/64/64
f 44/44/44 64/64/64 45/45/45
f 63/63/63 82/82/82 83/83/83
f 63/63/63 83/83/83 64/64/64
f 82/82/82 101/101/101 102/102/102
f 82/82/82 102/102/102 83/83/83
f 101/101/101 120/120/120 121/121/121
f 101/101/101 121/121/121 102/102/102
f 120/120/120 139/139/139 140/140/140
f 120/120/120 140/140/140 121/121/121
f 139/139/139 158/158/158 159/159/159
f 139/139/139 159/159/159 140/140/140
f 158/158/158 177/177/177 178/178/178
f 158/158/158 178/178/178 159/159/159
f 177/177/177 196/196/196 197/197/197
f 177/177/177 197/197/197 178/178/178
f 196/196/196 215/215/215 216/216/216
f 196/196/196 216/216/216 197/197/197
f 215/215/215 234/234/234 235/235/235
f 215/215/215 235/235/235 216/216/216
f 234/234/234 253/253/253 254/254/254
f 234/234/234 254/254/254 235/235/235
f 253/253/253 272/272/272 273/273/273
f 253/253/253 273/273/273 254/254/254
f 272/272/272 291/291/291 292/292/292
f 272/272/272 292/292/292 273/273/273
f 291/291/291 310/310/310 311/311/311
f 291/291/291 311/311/311 292/292/292
f 310/310/310 329/329/329 330/330/330
f 310/310/310 330/330/330 311/311/311
f 329/329/329 348/348/348 349/349/349
f 329/329/329 349/349/349 330/330/330
f 348/348/348 367/367/367 368/368/368
f 348/348/348 368/368/368 349/349/349
f 367/367/367 386/386/386 387/387/387
f 367/367/367 387/387/387 368/368/368
f 386/386/386 405/405/405 406/406/406
f 386/386/386 406/406/406 387/387/387
f 405/405/405 424/424/424 425/425/425
f 405/405/405 425/425/425 406/406/406
f 424/424/424 443/443/443 444/444/444
f 424/424/424 444/444/444 425/425/425
f 443/443/443 462/462/462 463/463/463
f 443/443/443 463/463/463 444/444/444
f 462/462/462 481/481/481 482/482/482
f 462/462/462 482/482/482 463/463/463
f 481/481/481 500/500/500 501/501/501
f 481/481/481 501/501/501 482/482/482
f 500/500/500 519/519/519 520/520/520
f 500/500/500 520/520/520 501/501/501
f 519/519/519 538/538/538 539/539/539
f 519/519/519 539/539/539 520/520/520
f 538/538/538 557/557/557 558/558/558
f 538/538/538 558/558/558 539/539/539
f 557/557/557 576/576/576 577/577/577
f 557/557/557 577/577/577 558/558/558
f 576/576/576 595/595/595 596/596/596
f 576/576/576 596/596/596 577/577/577
f 595/595/595 614/614/614 615/615/615
f 595/595/595 615/615/615 596/596/596
f 614/614/614 633/633/633 634/634/634
f 614/614/614 634/634/634 615/615/615
f 633/633/633 652/652/652 653/653/653
f 633/633/633 653/653/653 634/634/634
f 652/652/652 671/671/671 672/672/672
f 652/652/652 672/672/672 653/653/653
f 671/671/671 690/690/690 691/691/691
f 671/671/671 691/691/691 672/672/672
f 690/690/690 709/709/709 710/710/710
f 690/690/690 710/710/710 691/691/691
f 709/709/709 728/728/728 729/729/729
f 709/709/709 729/729/729 710/710/710
f 728/728/728 747/747/747 748/748/748
f 728/728/728 748/748/748 729/729/729
f 747/747/747 766/766/766 767/767/767
f 747/747/747 767/767/767 748/748/748
f 766/766/766 785/785/785 786/786/786
f 766/766/766 786/786/786 767/767/767
f 785/785/785 804/804/804 805/805/805
f 785/785/785 805/805/805 786/786/786
f 804/804/804 823/823/823 824/824/824
f 804/804/804 824/824/824 805/805/805
f 823/823/823 842/842/842 843/843/843
f 823/823/823 843/843/843 824/824/824
f 842/842/842 861/861/861 862/862/862
f 842/842/842 862/862/862 843/843/843
f 861/861/861 880/880/880 881/881/881
f 861/861/861 881/881/881 862/862/862
f 880/880/880 899/899/899 900/900/900
f 880/880/880 900/900/900 881/881/881
f 899/899/899 6/6/6 7/7/7
f 899/899/899 7/7/7 900/900/900
f 9/9/9 28/28/28 29/29/29
f 9/9/9 29/29/29 10/10/10
f 28/28/28 47/47/47 48/48/48
f 28/28/28 48/48/48 29/29/29
f 47/47/47 66/66/66 67/67/67
f 47/47/47 67/67/67 48/48/48
f 66/66/66 85/85/85 86/86/86
f 66/66/66 86/86/86 67/67/67
f 85/85/85 104/104/104 105/105/105
f 85/85/85 105/105/105 86/86/86
f 104/104/104 123/123/123 124/124/124
f 104/104/104 124/124/124 105/105/105
f 123/123/123 142/142/142 143/143/143
f 123/123/123 143/143/143 124/124/124
f 142/142/142 161/161/161 162/162/162
f 142/142/142 162/162/162 143/143/143
f 161/161/161 180/180/180 181/181/181
f 161/161/161 181/181/181 162/162/162
f 180/180/180 199/199/199 200/200/200
f 180/180/180 200/200/200 181/181/181
f 199/199/199 218/218/218 219/219/219
f 199/199/199 219/219/219 200/200/200
f 218/218/218 237/237/237 238/238/238
f 218/218/218 238/238/238 219/219/219
f 237/237/237 256/256/256 257/257/257
f 237/237/237 257/257/257 238/238/238
f 256/256/256 275/275/275 276/276/276
f 256/256/256 276/276/276 257/257/257
f 275/275/275 294/294/294 295/295/295
f 275/275/275 295/295/295 276/276/276
f 294/294/294 313/313/313 314/314/314
f 294/294/294 314/314/314 295/295/295
f 313/313/313 332/332/332 333/333/333
f 313/313/313 333/333/333 314/314/314
f 332/332/332 351/351/351 352/352/352
f 332/332/332 352/352/352 333/333/333
f 351/351/351 370/370/370 371/371/371
f 351/351/351 371/371/371 352/352/352
f 370/370/370 389/389/389 390/390/390
f 370/370/370 390/390/390 371/371/371
f 389/389/389 408/408/408 409/409/409
f 389/389/389 409/409/409 390/390/390
f 408/408/408 427/427/427 428/428/428
f 408/408/408 428/428/428 409/409/409
f 427/427/427 446/446/446 447/447/447
f 427/427/427 447/447/447 428/428/428
f 446/446/446 465/465/465 466/466/466
f 446/446/446 466/466/466 447/447/447
f 465/465/465 484/484/484 485/485/485
f 465/465/465 485/485/485 466/466/466
f 484/484/484 503/503/503 504/504/504
f 484/484/484 504/504/504 485/485/485
f 503/503/503 522/522/522 523/523/523
f 503/503/503 523/523/523 504/504/504
f 522/522/522 541/541/541 542/542/542
f 522/522/522 542/542/542 523/523/523
f 541/541/541 560/560/560 561/561/561
f 541/541/541 561/561/561 542/542/542
f 560/560/560 579/579/579 580/580/580
f 560/560/560 580/580/580 561/561/561
f 579/579/579 598/598/598 599/599/599
f 579/579/579 599/599/599 580/580/580
f 598/598/598 617/617/617 618/618/618
f 598/598/598 618/618/618 599/599/599
f 617/617/617 636/636/636 637/637/637
f 617/617/617 637/637/637 618/618/618
f 636/636/636 655/655/655 656/656/656
f 636/636/636 656/656/656 637/637/637
f 655/655/655 674/674/674 675/675/675
f 655/655/655 675/675/675 656/656/656
f 674/674/674 693/693/693 694/694/694
f 674/674/674 694/694/694 675/675/675
f 693/693/693 712/712/712 713/713/713
f 693/693/693 713/713/713 694/694/694
f 712/712/712 731/731/731 732/732/732
f 712/712/712 732/732/732 713/713/713
f 731/731/731 750/750/750 751/751/751
f 731/731/731 751/751/751 732/732/732
f 750/750/750 769/769/769 770/770/770
f 750/750/750 770/770/770 751/751/751
f 769/769/769 788/788/788 789/789/789
f 769/769/769 789/789/789 770/770/770
f 788/788/788 807/807/807 808/808/808
f 788/788/788 808/808/808 789/789/789
f 807/807/807 826/826/826 827/827/827
f 807/807/807 827/827/827 808/808/808
f 826/826/826 845/845/845 846/846/846
f 826/826/826 846/846/846 827/827/827
f 845/845/845 864/864/864 865/865/865
f 845/845/845 865/865/865 846/846/846
f 864/864/864 883/883/883 884/884/884
f 864/864/864 884/884/884 865/865/865
f 883/883/883 902/902/902 903/903/903
f 883/883/883 903/903/903 884/884/884
f 902/902/902 9/9/9 10/10/10
f 902/902/902 10/10/10 903/903/903
f 10/10/10 29/29/29 30/30/30
f 10/10/10 30/30/30 11/11/11
f 29/29/29 48/48/48 49/49/49
f 29/29/29 49/49/49 30/30/30
f 48/48/48 67/67/67 68/68/68
f 48/48/48 68/68/68 49/49/49
f 67/67/67 86/86/86 87/87/87
f 67/67/67 87/87/87 68/68/68
f 86/86/86 105/105/105 106/106/106
f 86/86/86 106/106/106 87/87/87
f 105/105/105 124/124/124 125/125/125
f 105/105/105 125/125/125 106/106/106
f 124/124/124 143/143/143 144/144/144
f 124/124/124 144/144/144 125/125/125
f 143/143/143 162/162/162 163/163/163
f 143/143/143 163/163/163 144/144/144
f 162/162/162 181/181/181 182/182/182
f 162/162/162 182/182/182 163/163/163
f 181/181/181 200/200/200 201/201/201
f 181/181/181 201/201/201 182/182/182
f 200/200/200 219/219/219 220/220/220
f 200/200/200 220/220/220 201/201/201
f 219/219/219 238/238/238 239/239/239
f 219/219/219 239/239/239 220/220/220
f 238/238/238 257/257/257 258/258/258
f 238/238/238 258/258/258 239/239/239
f 257/257/257 276/276/276 277/277/277
f 257/257/257 277/277/277 258/258/258
f 276/276/276 295/295/295 296/296/296
f 276/276/276 296/296/296 277/277/277
f 295/295/295 314/314/314 315/315/315
f 295/295/295 315/315/315 296/296/296
f 314/314/314 333/333/333 334/334/334
f 314/314/314 334/334/334 315/315/315
f 333/333/333 352/352/352 353/353/353
f 333/333/333 353/353/353 334/334/334
f 352/352/352 371/371/371 372/372/372
f 352/352/352 372/372/372 353/353/353
f 371/371/371 390/390/390 391/391/391
f 371/371/371 391/391/391 372/372/372
f 390/390/390 409/409/409 410/410/410
f 390/390/390 410/410/410 391/391/391
f 409/409/409 428/428/428 429/429/429
f 409/409/409 429/429/429 410/410/410
f 428/428/428 447/447/447 448/448/448
f 428/428/428 448/448/448 429/429/429
f 447/447/447 466/466/466 467/467/467
f 447/447/447 467/467/467 448/448/448
f 466/466/466 485/485/485 486/486/486
f 466/466/466 486/486/486 467/467/467
f 485/485/485 504/504/504 505/505/505
f 485/485/485 505/505/505 486/486/486
f 504/504/504 523/523/523 524/524/524
f 504/504/504 524/524/524 505/505/505
f 523/523/523 542/542/542 543/543/543
f 523/523/523 543/543/543 524/524/524
f 542/542/542 561/561/561 562/562/562
f 542/542/542 562/562/562 543/543/543
f 561/561/561 580/580/580 581/581/581
f 561/561/561 581/581/581 562/562/562
f 580/580/580 599/599/599 600/600/600
f 580/580/580 600/600/600 581/581/581
f 599/599/599 618/618/618 619/619/619
f 599/599/599 619/619/619 600/600/600
f 618/618/618 637/637/637 638/638/638
f 618/618/618 638/638/638 619/619/619
f 637/637/637 656/656/656 657/657/657
f 637/637/637 657/657/657 638/638/638
f 656/656/656 675/675/675 676/676/676
f 656/656/656 676/676/676 657/657/657
f 675/675/675 694/694/694 695/695/695
f 675/675/675 695/695/695 676/676/676
f 694/694/694 713/713/713 714/714/714
f 694/694/694 714/714/714 695/695/695
f 713/713/713 732/732/732 733/733/733
f 713/713/713 733/733/733 714/714/714
f 732/732/732 751/751/751 752/752/752
f 732/732/732 752/752/752 733/733/733
f 751/751/751 770/770/770 771/771/771
f 751/751/751 771/771/771 752/752/752
f 770/770/770 789/789/789 790/790/790
f 770/770/770 790/790/790 771/771/771
f 789/789/789 808/808/808 809/809/809
f 789/789/789 809/809/809 790/790/790
f 808/808/808 827/827/827 828/828/828
f 808/808/808 828/828/828 809/809/809
f 827/827/827 846/846/846 847/847/847
f 827/827/827 847/847/847 828/828/828
f 846/846/846 865/865/865 866/866/866
f 846/846/846 866/866/866 847/847/847
f 865/865/865 884/884/884 885/885/885
f 865/865/865 885/885/885 866/866/866
f 884/884/884 903/903/903 904/904/904
f 884/884/884 904/904/904 885/885/885
f 903/903/903 10/10/10 11/11/11
f 903/903/903 11/11/11 904/904/904
f 11/11/11 30/30/30 31/31/31
f 11/11/11 31/31/31 12/12/12
f 30/30/30 49/49/49 50/50/50
f 30/30/30 50/50/50 31/31/31
f 49/49/49 68/68/68 69/69/69
f 49/49/49 69/69/69 50/50/50
f 68/68/68 87/87/87 88/88/88
f 68/68/68 88/88/88 69/69/69
f 87/87/87 106/106/106 107/107/107
f 87/87/87 107/107/107 88/88/88
f 106/106/106 125/125/125 126/126/126
f 106/106/106 126/126/126 107/107/107
f 125/125/125 144/144/144 145/145/145
f 125/125/125 145/145/145 126/126/126
f 144/144/144 163/163/163 164/164/164
f 144/144/144 164/164/164 145/145/145
f 163/163/163 182/182/182 183/183/183
f 163/163/163 183/183/183 164/164/164
f 182/182/182 201/201/201 202/202/202
f 182/182/182 202/202/202 183/183/183
f 201/201/201 220/220/220 221/221/221
f 201/201/201 221/221/221 202/202/202
f 220/220/220 239/239/239 240/240/240
f 220/220/220 240/240/240 221/221/221
f 239/239/239 258/258/258 259/259/259
f 239/239/239 259/259/259 240/240/240
f 258/258/258 277/277/277 278/278/278
f 258/258/258 278/278/278 259/259/259
f 277/277/277 296/296/296 297/297/297
f 277/277/277 297/297/297 278/278/278
f 296/296/296 315/315/315 316/316/316
f 296/296/296 316/316/316 297/297/297
f 315/315/315 334/334/334 335/335/335
f 315/315/315 335/335/335 316/316/316
f 334/334/334 353/353/353 354/354/354
f 334/334/334 354/354/354 335/335/335
f 353/353/353 372/372/372 373/373/373
f 353/353/353 373/373/373 354/354/354
f 372/372/372 391/391/391 392/392/392
f 372/372/372 392/392/392 373/373/373
f 391/391/391 410/410/410 411/411/411
f 391/391/391 411/411/411 392/392/392
f 410/410/410 429/429/429 430/430/430
f 410/410/410 430/430/430 411/411/411
f 429/429/429 448/448/448 449/449/449
f 429/429/429 449/449/449 430/430/430
f 448/448/448 467/467/467 468/468/468
f 448/448/448 468/468/468 449/449/449
f 467/467/467 486/486/486 487/487/487
f 467/467/467 487/487/487 468/468/468
f 486/486/486 505/505/505 506/506/506
f 486/486/486 506/506/506 487/487/487
f 505/505/505 524/524/524 525/525/525
f 505/505/505 525/525/525 506/506/506
f 524/524/524 543/543/543 544/544/544
f 524/524/524 544/544/544 525/525/525
f 543/543/543 562/562/562 563/563/563
f 543/543/543 563/563/563 544/544/544
f 562/562/562 581/581/581 582/582/582
f 562/562/562 582/582/582 563/563/563
f 581/581/581 600/600/600 601/601/601
f 581/581/581 601/601/601 582/582/582
f 600/600/600 619/619/619 620/620/620
f 600/600/600 620/620/620 601/601/601
f 619/619/619 638/638/638 639/639/639
f 619/619/619 639/639/639 620/620/620
f 638/638/638 657/657/657 658/658/658
f 638/638/638 658/658/658 639/639/639
f 657/657/657 676/676/676 677/677/677
f 657/657/657 677/677/677 658/658/658
f 676/676/676 695/695/695 696/696/696
f 676/676/676 696/696/696 677/677/677
f 695/695/695 714/714/714 715/715/715
f 695/695/695 715/715/715 696/696/696
f 714/714/714 733/733/733 734/734/734
f 714/714/714 734/734/734 715/715/715
f 733/733/733 752/752/752 753/753/753
f 733/733/733 753/753/753 734/734/734
f 752/752/752 771/771/771 772/772/772
f 752/752/752 772/772/772 753/753/753
f 771/771/771 790/790/790 791/791/791
f 771/771/771 791/791/791 772/772/772
f 790/790/790 809/809/809 810/810/810
f 790/790/790 810/810/810 791/791/791
f 809/809/809 828/828/828 829/829/829
f 809/809/809 829/829/829 810/810/810
f 828/828/828 847/847/847 848/848/848
f 828/828/828 848/848/848 829/829/829
f 847/847/847 866/866/866 867/867/867
f 847/847/847 867/867/867 848/848/848
f 866/866/866 885/885/885 886/886/886
f 866/866/866 886/886/886 867/867/867
f 885/885/885 904/904/904 905/905/905
f 885/885/885 905/905/905 886/886/886
f 904/904/904 11/11/11 12/12/12
f 904/904/904 12/12/12 905/905/905
f 16/16/16 35/35/35 36/36/36
f 16/16/16 36/36/36 17/17/17
f 35/35/35 54/54/54 55/55/55
f 35/35/35 55/55/55 36/36/36
f 54/54/54 73/73/73 74/74/74
f 54/54/54 74/74/74 55/55/55
f 73/73/73 92/92/92 93/93/93
f 73/73/73 93/93/93 74/74/74
f 92/92/92 111/111/111 112/112/112
f 92/92/92 112/112/112 93/93/93
f 111/111/111 130/130/130 131/131/131
f 111/111/111 131/131/131 112/112/112
f 130/130/130 149/149/149 150/150/150
f 130/130/130 150/150/150 131/131/131
f 149/149/149 168/168/168 169/169/169
f 149/149/149 169/169/169 150/150/150
f 168/168/168 187/187/187 188/188/188
f 168/168/168 188/188/188 169/169/169
f 187/187/187 206/206/206 207/207/207
f 187/187/187 207/207/207 188/188/188
f 206/206/206 225/225/225 226/226/226
f 206/206/206 226/226/226 207/207/207
f 225/225/225 244/244/244 245/245/245
f 225/225/225 245/245/245 226/226/226
f 244/244/244 263/263/263 264/264/264
f 244/244/244 264/264/264 245/245/245
f 263/263/263 282/282/282 283/283/283
f 263/263/263 283/283/283 264/264/264
f 282/282/282 301/301/301 302/302/302
f 282/282/282 302/302/302 283/283/283
f 301/301/301 320/320/320 321/321/321
f 301/301/301 321/321/321 302/302/302
f 320/320/320 339/339/339 340/340/340
f 320/320/320 340/340/340 321/321/321
f 339/339/339 358/358/358 359/359/359
f 339/339/339 359/359/359 340/340/340
f 358/358/358 377/377/377 378/378/378
f 358/358/358 378/378/378 359/359/359
f 377/377/377 396/396/396 397/397/397
f 377/377/377 397/397/397 378/378/378
f 396/396/396 415/415/415 416/416/416
f 396/396/396 416/416/416 397/397/397
f 415/415/415 434/434/434 435/435/435
f 415/415/415 435/435/435 416/416/416
f 434/434/434 453/453/453 454/454/454
f 434/434/434 454/454/454 435/435/435
f 453/453/453 472/472/472 473/473/473
f 453/453/453 473/473/473 454/454/454
f 472/472/472 491/491/491 492/492/492
f 472/472/472 492/492/492 473/473/473
f 491/491/491 510/510/510 511/511/511
f 491/491/491 511/511/511 492/492/492
f 510/510/510 529/529/529 530/530/530
f 510/510/510 530/530/530 511/511/511
f 529/529/529 548/548/548 549/549/549
f 529/529/529 549/549/549 530/530/530
f 548/548/548 567/567/567 568/568/568
f 548/548/548 568/568/568 549/549/549
f 567/567/567 586/586/586 587/587/587
f 567/567/567 587/587/587 568/568/568
f 586/586/586 605/605/605 606/606/606
f 586/586/586 606/606/606 587/587/587
f 605/605/605 624/624/624 625/625/625
f 605/605/605 625/625/625 606/606/606
f 624/624/624 643/643/643 644/644/644
f 624/624/624 644/644/644 625/625/625
f 643/643/643 662/662/662 663/663/663
f 643/643/643 663/663/663 644/644/644
f 662/662/662 681/681/681 682/682/682
f 662/662/662 682/682/682 663/663/663
f 681/681/681 700/700/700 701/701/701
f 681/681/681 701/701/701 682/682/682
f 700/700/700 719/719/719 720/720/720
f 700/700/700 720/720/720 701/701/701
f 719/719/719 738/738/738 739/739/739
f 719/719/719 739/739/739 720/720/720
f 738/738/738 757/757/757 758/758/758
f 738/738/738 758/758/758 739/739/739
f 757/757/757 776/776/776 777/777/777
f 757/757/757 777/777/777 758/758/758
f 776/776/776 795/795/795 796/796/796
f 776/776/776 796/796/796 777/777/777
f 795/795/795 814/814/814 815/815/815
f 795/795/795 815/815/815 796/796/796
f 814/814/814 833/833/833 834/834/834
f 814/814/814 834/834/834 815/815/815
f 833/833/833 852/852/852 853/853/853
f 833/833/833 853/853/853 834/834/834
f 852/852/852 871/871/871 872/872/872
f 852/852/852 872/872/872 853/853/853
f 871/871/871 890/890/890 891/891/891
f 871/871/871 891/891/891 872/872/872
f 890/890/890 909/909/909 910/910/910
f 890/890/890 910/910/910 891/891/891
f 909/909/909 16/16/16 17/17/17
f 909/909/909 17/17/17 910/910/910
f 913/913/913 914/914/914 915/915/915
f 913/913/913 915/915/915 916/916/916
f 917/917/917 918/918/918 919/919/919
f 917/917/917 919/919/919 920/920/920
f 921/921/921 922/922/922 923/923/923
f 921/921/921 923/923/923 924/924/924
f 925/925/925 926/926/926 927/927/927
f 925/925/925 927/927/927 928/928/928
f 929/929/929 930/930/930 931/931/931
f 929/929/929 931/931/931 932/932/932
f 933/933/933 934/934/934 935/935/935
f 933/933/933 935/935/935 936/936/936
f 937/937/937 938/938/938 939/939/939
f 937/937/937 939/939/939 940/940/940
f 941/941/941 942/942/942 943/943/943
f 941/941/941 943/943/943 944/944/944
f 945/945/945 946/946/946 947/947/947
f 945/945/945 947/947/947 948/948/948
f 949/949/949 950/950/950 951/951/951
f 949/949/949 951/951/951 952/952/952
f 953/953/953 954/954/954 955/955/955
f 953/953/953 955/955/955 956/956/956
f 957/957/957 958/958/958 959/959/959
f 957/957/957 959/959/959 960/960/960
f 961/961/961 962/962/962 963/963/963
f 961/961/961 963/963/963 964/964/964
f 965/965/965 966/966/966 967/967/967
f 965/965/965 967/967/967 968/968/968
f 969/969/969 970/970/970 971/971/971
f 969/969/969 971/971/971 972/972/972
f 973/973/973 974/974/974 975/975/975
f 973/973/973 975/975/975 976/976/976
f 977/977/977 978/978/978 979/979/979
f 977/977/977 979/979/979 980/980/980
f 981/981/981 982/982/982 983/983/983
f 981/981/981 983/983/983 984/984/984
f 985/985/985 986/986/986 987/987/987
f 985/985/985 987/987/987 988/988/988
f 989/989/989 990/990/990 991/991/991
f 989/989/989 991/991/991 992/992/992
f 993/993/993 994/994/994 995/995/995
f 993/993/993 995/995/995 996/996/996
f 997/997/997 998/998/998 999/999/999
f 997/997/997 999/999/999 1000/1000/1000
f 1001/1001/1001 1002/1002/1002 1003/1003/1003
f 1001/1001/1001 1003/1003/1003 1004/1004/1004
f 1005/1005/1005 1006/1006/1006 1007/1007/1007
f 1005/1005/1005 1007/1007/1007 1008/1008/1008
g Hull_Primary
usemtl Hull_Primary
f 3/3/3 22/22/22 23/23/23
f 3/3/3 23/23/23 4/4/4
f 22/22/22 41/41/41 42/42/42
f 22/22/22 42/42/42 23/23/23
f 41/41/41 60/60/60 61/61/61
f 41/41/41 61/61/61 42/42/42
f 60/60/60 79/79/79 80/80/80
f 60/60/60 80/80/80 61/61/61
f 79/79/79 98/98/98 99/99/99
f 79/79/79 99/99/99 80/80/80
f 98/98/98 117/117/117 118/118/118
f 98/98/98 118/118/118 99/99/99
f 117/117/117 136/136/136 137/137/137
f 117/117/117 137/137/137 118/118/118
f 136/136/136 155/155/155 156/156/156
f 136/136/136 156/156/156 137/137/137
f 155/155/155 174/174/174 175/175/175
f 155/155/155 175/175/175 156/156/156
f 174/174/174 193/193/193 194/194/194
f 174/174/174 194/194/194 175/175/175
f 193/193/193 212/212/212 213/213/213
f 193/193/193 213/213/213 194/194/194
f 212/212/212 231/231/231 232/232/232
f 212/212/212 232/232/232 213/213/213
f 231/231/231 250/250/250 251/251/251
f 231/231/231 251/251/251 232/232/232
f 250/250/250 269/269/269 270/270/270
f 250/250/250 270/270/270 251/251/251
f 269/269/269 288/288/288 289/289/289
f 269/269/269 289/289/289 270/270/270
f 288/288/288 307/307/307 308/308/308
f 288/288/288 308/308/308 289/289/289
f 307/307/307 326/326/326 327/327/327
f 307/307/307 327/327/327 308/308/308
f 326/326/326 345/345/345 346/346/346
f 326/326/326 346/346/346 327/327/327
f 345/345/345 364/364/364 365/365/365
f 345/345/345 365/365/365 346/346/346
f 364/364/364 383/383/383 384/384/384
f 364/364/364 384/384/384 365/365/365
f 383/383/383 402/402/402 403/403/403
f 383/383/383 403/403/403 384/384/384
f 402/402/402 421/421/421 422/422/422
f 402/402/402 422/422/422 403/403/403
f 421/421/421 440/440/440 441/441/441
f 421/421/421 441/441/441 422/422/422
f 440/440/440 459/459/459 460/460/460
f 440/440/440 460/460/460 441/441/441
f 459/459/459 478/478/478 479/479/479
f 459/459/459 479/479/479 460/460/460
f 478/478/478 497/497/497 498/498/498
f 478/478/478 498/498/498 479/479/479
f 497/497/497 516/516/516 517/517/517
f 497/497/497 517/517/517 498/498/498
f 516/516/516 535/535/535 536/536/536
f 516/516/516 536/536/536 517/517/517
f 535/535/535 554/554/554 555/555/555
f 535/535/535 555/555/555 536/536/536
f 554/554/554 573/573/573 574/574/574
f 554/554/554 574/574/574 555/555/555
f 573/573/573 592/592/592 593/593/593
f 573/573/573 593/593/593 574/574/574
f 592/592/592 611/611/611 612/612/612
f 592/592/592 612/612/612 593/593/593
f 611/611/611 630/630/630 631/631/631
f 611/611/611 631/631/631 612/612/612
f 630/630/630 649/649/649 650/650/650
f 630/630/630 650/650/650 631/631/631
f 649/649/649 668/668/668 669/669/669
f 649/649/649 669/669/669 650/650/650
f 668/668/668 687/687/687 688/688/688
f 668/668/668 688/688/688 669/669/669
f 687/687/687 706/706/706 707/707/707
f 687/687/687 707/707/707 688/688/688
f 706/706/706 725/725/725 726/726/726
f 706/706/706 726/726/726 707/707/707
f 725/725/725 744/744/744 745/745/745
f 725/725/725 745/745/745 726/726/726
f 744/744/744 763/763/763 764/764/764
f 744/744/744 764/764/764 745/745/745
f 763/763/763 782/782/782 783/783/783
f 763/763/763 783/783/783 764/764/764
f 782/782/782 801/801/801 802/802/802
f 782/782/782 802/802/802 783/783/783
f 801/801/801 820/820/820 821/821/821
f 801/801/801 821/821/821 802/802/802
f 820/820/820 839/839/839 840/840/840
f 820/820/820 840/840/840 821/821/821
f 839/839/839 858/858/858 859/859/859
f 839/839/839 859/859/859 840/840/840
f 858/858/858 877/877/877 878/878/878
f 858/858/858 878/878/878 859/859/859
f 877/877/877 896/896/896 897/897/897
f 877/877/877 897/897/897 878/878/878
f 896/896/896 3/3/3 4/4/4
f 896/896/896 4/4/4 897/897/897
f 7/7/7 26/26/26 27/27/27
f 7/7/7 27/27/27 8/8/8
f 26/26/26 45/45/45 46/46/46
f 26/26/26 46/46/46 27/27/27
f 45/45/45 64/64/64 65/65/65
f 45/45/45 65/65/65 46/46/46
f 64/64/64 83/83/83 84/84/84
f 64/64/64 84/84/84 65/65/65
f 83/83/83 102/102/102 103/103/103
f 83/83/83 103/103/103 84/84/84
f 102/102/102 121/121/121 122/122/122
f 102/102/102 122/122/122 103/103/103
f 121/121/121 140/140/140 141/141/141
f 121/121/121 141/141/141 122/122/122
f 140/140/140 159/159/159 160/160/160
f 140/140/140 160/160/160 141/141/141
f 159/159/159 178/178/178 179/179/179
f 159/159/159 179/179/179 160/160/160
f 178/178/178 197/197/197 198/198/198
f 178/178/178 198/198/198 179/179/179
f 197/197/197 216/216/216 217/217/217
f 197/197/197 217/217/217 198/198/198
f 216/216/216 235/235/235 236/236/236
f 216/216/216 236/236/236 217/217/217
f 235/235/235 254/254/254 255/255/255
f 235/235/235 255/255/255 236/236/236
f 254/254/254 273/273/273 274/274/274
f 254/254/254 274/274/274 255/255/255
f 273/273/273 292/292/292 293/293/293
f 273/273/273 293/293/293 274/274/274
f 292/292/292 311/311/311 312/312/312
f 292/292/292 312/312/312 293/293/293
f 311/311/311 330/330/330 331/331/331
f 311/311/311 331/331/331 312/312/312
f 330/330/330 349/349/349 350/350/350
f 330/330/330 350/350/350 331/331/331
f 349/349/349 368/368/368 369/369/369
f 349/349/349 369/369/369 350/350/350
f 368/368/368 387/387/387 388/388/388
f 368/368/368 388/388/388 369/369/369
f 387/387/387 406/406/406 407/407/407
f 387/387/387 407/407/407 388/388/388
f 406/406/406 425/425/425 426/426/426
f 406/406/406 426/426/426 407/407/407
f 425/425/425 444/444/444 445/445/445
f 425/425/425 445/445/445 426/426/426
f 444/444/444 463/463/463 464/464/464
f 444/444/444 464/464/464 445/445/445
f 463/463/463 482/482/482 483/483/483
f 463/463/463 483/483/483 464/464/464
f 482/482/482 501/501/501 502/502/502
f 482/482/482 502/502/502 483/483/483
f 501/501/501 520/520/520 521/521/521
f 501/501/501 521/521/521 502/502/502
f 520/520/520 539/539/539 540/540/540
f 520/520/520 540/540/540 521/521/521
f 539/539/539 558/558/558 559/559/559
f 539/539/539 559/559/559 540/540/540
f 558/558/558 577/577/577 578/578/578
f 558/558/558 578/578/578 559/559/559
f 577/577/577 596/596/596 597/597/597
f 577/577/577 597/597/597 578/578/578
f 596/596/596 615/615/615 616/616/616
f 596/596/596 616/616/616 597/597/597
f 615/615/615 634/634/634 635/635/635
f 615/615/615 635/635/635 616/616/616
f 634/634/634 653/653/653 654/654/654
f 634/634/634 654/654/654 635/635/635
f 653/653/653 672/672/672 673/673/673
f 653/653/653 673/673/673 654/654/654
f 672/672/672 691/691/691 692/692/692
f 672/672/672 692/692/692 673/673/673
f 691/691/691 710/710/710 711/711/711
f 691/691/691 711/711/711 692/692/692
f 710/710/710 729/729/729 730/730/730
f 710/710/710 730/730/730 711/711/711
f 729/729/729 748/748/748 749/749/749
f 729/729/729 749/749/749 730/730/730
f 748/748/748 767/767/767 768/768/768
f 748/748/748 768/768/768 749/749/749
f 767/767/767 786/786/786 787/787/787
f 767/767/767 787/787/787 768/768/768
f 786/786/786 805/805/805 806/806/806
f 786/786/786 806/806/806 787/787/787
f 805/805/805 824/824/824 825/825/825
f 805/805/805 825/825/825 806/806/806
f 824/824/824 843/843/843 844/844/844
f 824/824/824 844/844/844 825/825/825
f 843/843/843 862/862/862 863/863/863
f 843/843/843 863/863/863 844/844/844
f 862/862/862 881/881/881 882/882/882
f 862/862/862 882/882/882 863/863/863
f 881/881/881 900/900/900 901/901/901
f 881/881/881 901/901/901 882/882/882
f 900/900/900 7/7/7 8/8/8
f 900/900/900 8/8/8 901/901/901
f 8/8/8 27/27/27 28/28/28
f 8/8/8 28/28/28 9/9/9
f 27/27/27 46/46/46 47/47/47
f 27/27/27 47/47/47 28/28/28
f 46/46/46 65/65/65 66/66/66
f 46/46/46 66/66/66 47/47/47
f 65/65/65 84/84/84 85/85/85
f 65/65/65 85/85/85 66/66/66
f 84/84/84 103/103/103 104/104/104
f 84/84/84 104/104/104 85/85/85
f 103/103/103 122/122/122 123/123/123
f 103/103/103 123/123/123 104/104/104
f 122/122/122 141/141/141 142/142/142
f 122/122/122 142/142/142 123/123/123
f 141/141/141 160/160/160 161/161/161
f 141/141/141 161/161/161 142/142/142
f 160/160/160 179/179/179 180/180/180
f 160/160/160 180/180/180 161/161/161
f 179/179/179 198/198/198 199/199/199
f 179/179/179 199/199/199 180/180/180
f 198/198/198 217/217/217 218/218/218
f 198/198/198 218/218/218 199/199/199
f 217/217/217 236/236/236 237/237/237
f 217/217/217 237/237/237 218/218/218
f 236/236/236 255/255/255 256/256/256
f 236/236/236 256/256/256 237/237/237
f 255/255/255 274/274/274 275/275/275
f 255/255/255 275/275/275 256/256/256
f 274/274/274 293/293/293 294/294/294
f 274/274/274 294/294/294 275/275/275
f 293/293/293 312/312/312 313/313/313
f 293/293/293 313/313/313 294/294/294
f 312/312/312 331/331/331 332/332/332
f 312/312/312 332/332/332 313/313/313
f 331/331/331 350/350/350 351/351/351
f 331/331/331 351/351/351 332/332/332
f 350/350/350 369/369/369 370/370/370
f 350/350/350 370/370/370 351/351/351
f 369/369/369 388/388/388 389/389/389
f 369/369/369 389/389/389 370/370/370
f 388/388/388 407/407/407 408/408/408
f 388/388/388 408/408/408 389/389/389
f 407/407/407 426/426/426 427/427/427
f 407/407/407 427/427/427 408/408/408
f 426/426/426 445/445/445 446/446/446
f 426/426/426 446/446/446 427/427/427
f 445/445/445 464/464/464 465/465/465
f 445/445/445 465/465/465 446/446/446
f 464/464/464 483/483/483 484/484/484
f 464/464/464 484/484/484 465/465/465
f 483/483/483 502/502/502 503/503/503
f 483/483/483 503/503/503 484/484/484
f 502/502/502 521/521/521 522/522/522
f 502/502/502 522/522/522 503/503/503
f 521/521/521 540/540/540 541/541/541
f 521/521/521 541/541/541 522/522/522
f 540/540/540 559/559/559 560/560/560
f 540/540/540 560/560/560 541/541/541
f 559/559/559 578/578/578 579/579/579
f 559/559/559 579/579/579 560/560/560
f 578/578/578 597/597/597 598/598/598
f 578/578/578 598/598/598 579/579/579
f 597/597/597 616/616/616 617/617/617
f 597/597/597 617/617/617 598/598/598
f 616/616/616 635/635/635 636/636/636
f 616/616/616 636/636/636 617/617/617
f 635/635/635 654/654/654 655/655/655
f 635/635/635 655/655/655 636/636/636
f 654/654/654 673/673/673 674/674/674
f 654/654/654 674/674/674 655/655/655
f 673/673/673 692/692/692 693/693/693
f 673/673/673 693/693/693 674/674/674
f 692/692/692 711/711/711 712/712/712
f 692/692/692 712/712/712 693/693/693
f 711/711/711 730/730/730 731/731/731
f 711/711/711 731/731/731 712/712/712
f 730/730/730 749/749/749 750/750/750
f 730/730/730 750/750/750 731/731/731
f 749/749/749 768/768/768 769/769/769
f 749/749/749 769/769/769 750/750/750
f 768/768/768 787/787/787 788/788/788
f 768/768/768 788/788/788 769/769/769
f 787/787/787 806/806/806 807/807/807
f 787/787/787 807/807/807 788/788/788
f 806/806/806 825/825/825 826/826/826
f 806/806/806 826/826/826 807/807/807
f 825/825/825 844/844/844 845/845/845
f 825/825/825 845/845/845 826/826/826
f 844/844/844 863/863/863 864/864/864
f 844/844/844 864/864/864 845/845/845
f 863/863/863 882/882/882 883/883/883
f 863/863/863 883/883/883 864/864/864
f 882/882/882 901/901/901 902/902/902
f 882/882/882 902/902/902 883/883/883
f 901/901/901 8/8/8 9/9/9
f 901/901/901 9/9/9 902/902/902
f 12/12/12 31/31/31 32/32/32
f 12/12/12 32/32/32 13/13/13
f 31/31/31 50/50/50 51/51/51
f 31/31/31 51/51/51 32/32/32
f 50/50/50 69/69/69 70/70/70
f 50/50/50 70/70/70 51/51/51
f 69/69/69 88/88/88 89/89/89
f 69/69/69 89/89/89 70/70/70
f 88/88/88 107/107/107 108/108/108
f 88/88/88 108/108/108 89/89/89
f 107/107/107 126/126/126 127/127/127
f 107/107/107 127/127/127 108/108/108
f 126/126/126 145/145/145 146/146/146
f 126/126/126 146/146/146 127/127/127
f 145/145/145 164/164/164 165/165/165
f 145/145/145 165/165/165 146/146/146
f 164/164/164 183/183/183 184/184/184
f 164/164/164 184/184/184 165/165/165
f 183/183/183 202/202/202 203/203/203
f 183/183/183 203/203/203 184/184/184
f 202/202/202 221/221/221 222/222/222
f 202/202/202 222/222/222 203/203/203
f 221/221/221 240/240/240 241/241/241
f 221/221/221 241/241/241 222/222/222
f 240/240/240 259/259/259 260/260/260
f 240/240/240 260/260/260 241/241/241
f 259/259/259 278/278/278 279/279/279
f 259/259/259 279/279/279 260/260/260
f 278/278/278 297/297/297 298/298/298
f 278/278/278 298/298/298 279/279/279
f 297/297/297 316/316/316 317/317/317
f 297/297/297 317/317/317 298/298/298
f 316/316/316 335/335/335 336/336/336
f 316/316/316 336/336/336 317/317/317
f 335/335/335 354/354/354 355/355/355
f 335/335/335 355/355/355 336/336/336
f 354/354/354 373/373/373 374/374/374
f 354/354/354 374/374/374 355/355/355
f 373/373/373 392/392/392 393/393/393
f 373/373/373 393/393/393 374/374/374
f 392/392/392 411/411/411 412/412/412
f 392/392/392 412/412/412 393/393/393
f 411/411/411 430/430/430 431/431/431
f 411/411/411 431/431/431 412/412/412
f 430/430/430 449/449/449 450/450/450
f 430/430/430 450/450/450 431/431/431
f 449/449/449 468/468/468 469/469/469
f 449/449/449 469/469/469 450/450/450
f 468/468/468 487/487/487 488/488/488
f 468/468/468 488/488/488 469/469/469
f 487/487/487 506/506/506 507/507/507
f 487/487/487 507/507/507 488/488/488
f 506/506/506 525/525/525 526/526/526
f 506/506/506 526/526/526 507/507/507
f 525/525/525 544/544/544 545/545/545
f 525/525/525 545/545/545 526/526/526
f 544/544/544 563/563/563 564/564/564
f 544/544/544 564/564/564 545/545/545
f 563/563/563 582/582/582 583/583/583
f 563/563/563 583/583/583 564/564/564
f 582/582/582 601/601/601 602/602/602
f 582/582/582 602/602/602 583/583/583
f 601/601/601 620/620/620 621/621/621
f 601/601/601 621/621/621 602/602/602
f 620/620/620 639/639/639 640/640/640
f 620/620/620 640/640/640 621/621/621
f 639/639/639 658/658/658 659/659/659
f 639/639/639 659/659/659 640/640/640
f 658/658/658 677/677/677 678/678/678
f 658/658/658 678/678/678 659/659/659
f 677/677/677 696/696/696 697/697/697
f 677/677/677 697/697/697 678/678/678
f 696/696/696 715/715/715 716/716/716
f 696/696/696 716/716/716 697/697/697
f 715/715/715 734/734/734 735/735/735
f 715/715/715 735/735/735 716/716/716
f 734/734/734 753/753/753 754/754/754
f 734/734/734 754/754/754 735/735/735
f 753/753/753 772/772/772 773/773/773
f 753/753/753 773/773/773 754/754/754
f 772/772/772 791/791/791 792/792/792
f 772/772/772 792/792/792 773/773/773
f 791/791/791 810/810/810 811/811/811
f 791/791/791 811/811/811 792/792/792
f 810/810/810 829/829/829 830/830/830
f 810/810/810 830/830/830 811/811/811
f 829/829/829 848/848/848 849/849/849
f 829/829/829 849/849/849 830/830/830
f 848/848/848 867/867/867 868/868/868
f 848/848/848 868/868/868 849/849/849
f 867/867/867 886/886/886 887/887/887
f 867/867/867 887/887/887 868/868/868
f 886/886/886 905/905/905 906/906/906
f 886/886/886 906/906/906 887/887/887
f 905/905/905 12/12/12 13/13/13
f 905/905/905 13/13/13 906/906/906
f 15/15/15 34/34/34 35/35/35
f 15/15/15 35/35/35 16/16/16
f 34/34/34 53/53/53 54/54/54
f 34/34/34 54/54/54 35/35/35
f 53/53/53 72/72/72 73/73/73
f 53/53/53 73/73/73 54/54/54
f 72/72/72 91/91/91 92/92/92
f 72/72/72 92/92/92 73/73/73
f 91/91/91 110/110/110 111/111/111
f 91/91/91 111/111/111 92/92/92
f 110/110/110 129/129/129 130/130/130
f 110/110/110 130/130/130 111/111/111
f 129/129/129 148/148/148 149/149/149
f 129/129/129 149/149/149 130/130/130
f 148/148/148 167/167/167 168/168/168
f 148/148/148 168/168/168 149/149/149
f 167/167/167 186/186/186 187/187/187
f 167/167/167 187/187/187 168/168/168
f 186/186/186 205/205/205 206/206/206
f 186/186/186 206/206/206 187/187/187
f 205/205/205 224/224/224 225/225/225
f 205/205/205 225/225/225 206/206/206
f 224/224/224 243/243/243 244/244/244
f 224/224/224 244/244/244 225/225/225
f 243/243/243 262/262/262 263/263/263
f 243/243/243 263/263/263 244/244/244
f 262/262/262 281/281/281 282/282/282
f 262/262/262 282/282/282 263/263/263
f 281/281/281 300/300/300 301/301/301
f 281/281/281 301/301/301 282/282/282
f 300/300/300 319/319/319 320/320/320
f 300/300/300 320/320/320 301/301/301
f 319/319/319 338/338/338 339/339/339
f 319/319/319 339/339/339 320/320/320
f 338/338/338 357/357/357 358/358/358
f 338/338/338 358/358/358 339/339/339
f 357/357/357 376/376/376 377/377/377
f 357/357/357 377/377/377 358/358/358
f 376/376/376 395/395/395 396/396/396
f 376/376/376 396/396/396 377/377/377
f 395/395/395 414/414/414 415/415/415
f 395/395/395 415/415/415 396/396/396
f 414/414/414 433/433/433 434/434/434
f 414/414/414 434/434/434 415/415/415
f 433/433/433 452/452/452 453/453/453
f 433/433/433 453/453/453 434/434/434
f 452/452/452 471/471/471 472/472/472
f 452/452/452 472/472/472 453/453/453
f 471/471/471 490/490/490 491/491/491
f 471/471/471 491/491/491 472/472/472
f 490/490/490 509/509/509 510/510/510
f 490/490/490 510/510/510 491/491/491
f 509/509/509 528/528/528 529/529/529
f 509/509/509 529/529/529 510/510/510
f 528/528/528 547/547/547 548/548/548
f 528/528/528 548/548/548 529/529/529
f 547/547/547 566/566/566 567/567/567
f 547/547/547 567/567/567 548/548/548
f 566/566/566 585/585/585 586/586/586
f 566/566/566 586/586/586 567/567/567
f 585/585/585 604/604/604 605/605/605
f 585/585/585 605/605/605 586/586/586
f 604/604/604 623/623/623 624/624/624
f 604/604/604 624/624/624 605/605/605
f 623/623/623 642/642/642 643/643/643
f 623/623/623 643/643/643 624/624/624
f 642/642/642 661/661/661 662/662/662
f 642/642/642 662/662/662 643/643/643
f 661/661/661 680/680/680 681/681/681
f 661/661/661 681/681/681 662/662/662
f 680/680/680 699/699/699 700/700/700
f 680/680/680 700/700/700 681/681/681
f 699/699/699 718/718/718 719/719/719
f 699/699/699 719/719/719 700/700/700
f 718/718/718 737/737/737 738/738/738
f 718/718/718 738/738/738 719/719/719
f 737/737/737 756/756/756 757/757/757
f 737/737/737 757/757/757 738/738/738
f 756/756/756 775/775/775 776/776/776
f 756/756/756 776/776/776 757/757/757
f 775/775/775 794/794/794 795/795/795
f 775/775/775 795/795/795 776/776/776
f 794/794/794 813/813/813 814/814/814
f 794/794/794 814/814/814 795/795/795
f 813/813/813 832/832/832 833/833/833
f 813/813/813 833/833/833 814/814/814
f 832/832/832 851/851/851 852/852/852
f 832/832/832 852/852/852 833/833/833
f 851/851/851 870/870/870 871/871/871
f 851/851/851 871/871/871 852/852/852
f 870/870/870 889/889/889 890/890/890
f 870/870/870 890/890/890 871/871/871
f 889/889/889 908/908/908 909/909/909
f 889/889/889 909/909/909 890/890/890
f 908/908/908 15/15/15 16/16/16
f 908/908/908 16/16/16 909/909/909
g Bridge_Glass
usemtl Bridge_Glass
f 4/4/4 23/23/23 24/24/24
f 4/4/4 24/24/24 5/5/5
f 23/23/23 42/42/42 43/43/43
f 23/23/23 43/43/43 24/24/24
f 42/42/42 61/61/61 62/62/62
f 42/42/42 62/62/62 43/43/43
f 61/61/61 80/80/80 81/81/81
f 61/61/61 81/81/81 62/62/62
f 80/80/80 99/99/99 100/100/100
f 80/80/80 100/100/100 81/81/81
f 99/99/99 118/118/118 119/119/119
f 99/99/99 119/119/119 100/100/100
f 118/118/118 137/137/137 138/138/138
f 118/118/118 138/138/138 119/119/119
f 137/137/137 156/156/156 157/157/157
f 137/137/137 157/157/157 138/138/138
f 156/156/156 175/175/175 176/176/176
f 156/156/156 176/176/176 157/157/157
f 175/175/175 194/194/194 195/195/195
f 175/175/175 195/195/195 176/176/176
f 194/194/194 213/213/213 214/214/214
f 194/194/194 214/214/214 195/195/195
f 213/213/213 232/232/232 233/233/233
f 213/213/213 233/233/233 214/214/214
f 232/232/232 251/251/251 252/252/252
f 232/232/232 252/252/252 233/233/233
f 251/251/251 270/270/270 271/271/271
f 251/251/251 271/271/271 252/252/252
f 270/270/270 289/289/289 290/290/290
f 270/270/270 290/290/290 271/271/271
f 289/289/289 308/308/308 309/309/309
f 289/289/289 309/309/309 290/290/290
f 308/308/308 327/327/327 328/328/328
f 308/308/308 328/328/328 309/309/309
f 327/327/327 346/346/346 347/347/347
f 327/327/327 347/347/347 328/328/328
f 346/346/346 365/365/365 366/366/366
f 346/346/346 366/366/366 347/347/347
f 365/365/365 384/384/384 385/385/385
f 365/365/365 385/385/385 366/366/366
f 384/384/384 403/403/403 404/404/404
f 384/384/384 404/404/404 385/385/385
f 403/403/403 422/422/422 423/423/423
f 403/403/403 423/423/423 404/404/404
f 422/422/422 441/441/441 442/442/442
f 422/422/422 442/442/442 423/423/423
f 441/441/441 460/460/460 461/461/461
f 441/441/441 461/461/461 442/442/442
f 460/460/460 479/479/479 480/480/480
f 460/460/460 480/480/480 461/461/461
f 479/479/479 498/498/498 499/499/499
f 479/479/479 499/499/499 480/480/480
f 498/498/498 517/517/517 518/518/518
f 498/498/498 518/518/518 499/499/499
f 517/517/517 536/536/536 537/537/537
f 517/517/517 537/537/537 518/518/518
f 536/536/536 555/555/555 556/556/556
f 536/536/536 556/556/556 537/537/537
f 555/555/555 574/574/574 575/575/575
f 555/555/555 575/575/575 556/556/556
f 574/574/574 593/593/593 594/594/594
f 574/574/574 594/594/594 575/575/575
f 593/593/593 612/612/612 613/613/613
f 593/593/593 613/613/613 594/594/594
f 612/612/612 631/631/631 632/632/632
f 612/612/612 632/632/632 613/613/613
f 631/631/631 650/650/650 651/651/651
f 631/631/631 651/651/651 632/632/632
f 650/650/650 669/669/669 670/670/670
f 650/650/650 670/670/670 651/651/651
f 669/669/669 688/688/688 689/689/689
f 669/669/669 689/689/689 670/670/670
f 688/688/688 707/707/707 708/708/708
f 688/688/688 708/708/708 689/689/689
f 707/707/707 726/726/726 727/727/727
f 707/707/707 727/727/727 708/708/708
f 726/726/726 745/745/745 746/746/746
f 726/726/726 746/746/746 727/727/727
f 745/745/745 764/764/764 765/765/765
f 745/745/745 765/765/765 746/746/746
f 764/764/764 783/783/783 784/784/784
f 764/764/764 784/784/784 765/765/765
f 783/783/783 802/802/802 803/803/803
f 783/783/783 803/803/803 784/784/784
f 802/802/802 821/821/821 822/822/822
f 802/802/802 822/822/822 803/803/803
f 821/821/821 840/840/840 841/841/841
f 821/821/821 841/841/841 822/822/822
f 840/840/840 859/859/859 860/860/860
f 840/840/840 860/860/860 841/841/841
f 859/859/859 878/878/878 879/879/879
f 859/859/859 879/879/879 860/860/860
f 878/878/878 897/897/897 898/898/898
f 878/878/878 898/898/898 879/879/879
f 897/897/897 4/4/4 5/5/5
f 897/897/897 5/5/5 898/898/898
f 5/5/5 24/24/24 25/25/25
f 5/5/5 25/25/25 6/6/6
f 24/24/24 43/43/43 44/44/44
f 24/24/24 44/44/44 25/25/25
f 43/43/43 62/62/62 63/63/63
f 43/43/43 63/63/63 44/44/44
f 62/62/62 81/81/81 82/82/82
f 62/62/62 82/82/82 63/63/63
f 81/81/81 100/100/100 101/101/101
f 81/81/81 101/101/101 82/82/82
f 100/100/100 119/119/119 120/120/120
f 100/100/100 120/120/120 101/101/101
f 119/119/119 138/138/138 139/139/139
f 119/119/119 139/139/139 120/120/120
f 138/138/138 157/157/157 158/158/158
f 138/138/138 158/158/158 139/139/139
f 157/157/157 176/176/176 177/177/177
f 157/157/157 177/177/177 158/158/158
f 176/176/176 195/195/195 196/196/196
f 176/176/176 196/196/196 177/177/177
f 195/195/195 214/214/214 215/215/215
f 195/195/195 215/215/215 196/196/196
f 214/214/214 233/233/233 234/234/234
f 214/214/214 234/234/234 215/215/215
f 233/233/233 252/252/252 253/253/253
f 233/233/233 253/253/253 234/234/234
f 252/252/252 271/271/271 272/272/272
f 252/252/252 272/272/272 253/253/253
f 271/271/271 290/290/290 291/291/291
f 271/271/271 291/291/291 272/272/272
f 290/290/290 309/309/309 310/310/310
f 290/290/290 310/310/310 291/291/291
f 309/309/309 328/328/328 329/329/329
f 309/309/309 329/329/329 310/310/310
f 328/328/328 347/347/347 348/348/348
f 328/328/328 348/348/348 329/329/329
f 347/347/347 366/366/366 367/367/367
f 347/347/347 367/367/367 348/348/348
f 366/366/366 385/385/385 386/386/386
f 366/366/366 386/386/386 367/367/367
f 385/385/385 404/404/404 405/405/405
f 385/385/385 405/405/405 386/386/386
f 404/404/404 423/423/423 424/424/424
f 404/404/404 424/424/424 405/405/405
f 423/423/423 442/442/442 443/443/443
f 423/423/423 443/443/443 424/424/424
f 442/442/442 461/461/461 462/462/462
f 442/442/442 462/462/462 443/443/443
f 461/461/461 480/480/480 481/481/481
f 461/461/461 481/481/481 462/462/462
f 480/480/480 499/499/499 500/500/500
f 480/480/480 500/500/500 481/481/481
f 499/499/499 518/518/518 519/519/519
f 499/499/499 519/519/519 500/500/500
f 518/518/518 537/537/537 538/538/538
f 518/518/518 538/538/538 519/519/519
f 537/537/537 556/556/556 557/557/557
f 537/537/537 557/557/557 538/538/538
f 556/556/556 575/575/575 576/576/576
f 556/556/556 576/576/576 557/557/557
f 575/575/575 594/594/594 595/595/595
f 575/575/575 595/595/595 576/576/576
f 594/594/594 613/613/613 614/614/614
f 594/594/594 614/614/614 595/595/595
f 613/613/613 632/632/632 633/633/633
f 613/613/613 633/633/633 614/614/614
f 632/632/632 651/651/651 652/652/652
f 632/632/632 652/652/652 633/633/633
f 651/651/651 670/670/670 671/671/671
f 651/651/651 671/671/671 652/652/652
f 670/670/670 689/689/689 690/690/690
f 670/670/670 690/690/690 671/671/671
f 689/689/689 708/708/708 709/709/709
f 689/689/689 709/709/709 690/690/690
f 708/708/708 727/727/727 728/728/728
f 708/708/708 728/728/728 709/709/709
f 727/727/727 746/746/746 747/747/747
f 727/727/727 747/747/747 728/728/728
f 746/746/746 765/765/765 766/766/766
f 746/746/746 766/766/766 747/747/747
f 765/765/765 784/784/784 785/785/785
f 765/765/765 785/785/785 766/766/766
f 784/784/784 803/803/803 804/804/804
f 784/784/784 804/804/804 785/785/785
f 803/803/803 822/822/822 823/823/823
f 803/803/803 823/823/823 804/804/804
f 822/822/822 841/841/841 842/842/842
f 822/822/822 842/842/842 823/823/823
f 841/841/841 860/860/860 861/861/861
f 841/841/841 861/861/861 842/842/842
f 860/860/860 879/879/879 880/880/880
f 860/860/860 880/880/880 861/861/861
f 879/879/879 898/898/898 899/899/899
f 879/879/879 899/899/899 880/880/880
f 898/898/898 5/5/5 6/6/6
f 898/898/898 6/6/6 899/899/899
g Plasma_Ring
usemtl Plasma_Ring
f 13/13/13 32/32/32 33/33/33
f 13/13/13 33/33/33 14/14/14
f 32/32/32 51/51/51 52/52/52
f 32/32/32 52/52/52 33/33/33
f 51/51/51 70/70/70 71/71/71
f 51/51/51 71/71/71 52/52/52
f 70/70/70 89/89/89 90/90/90
f 70/70/70 90/90/90 71/71/71
f 89/89/89 108/108/108 109/109/109
f 89/89/89 109/109/109 90/90/90
f 108/108/108 127/127/127 128/128/128
f 108/108/108 128/128/128 109/109/109
f 127/127/127 146/146/146 147/147/147
f 127/127/127 147/147/147 128/128/128
f 146/146/146 165/165/165 166/166/166
f 146/146/146 166/166/166 147/147/147
f 165/165/165 184/184/184 185/185/185
f 165/165/165 185/185/185 166/166/166
f 184/184/184 203/203/203 204/204/204
f 184/184/184 204/204/204 185/185/185
f 203/203/203 222/222/222 223/223/223
f 203/203/203 223/223/223 204/204/204
f 222/222/222 241/241/241 242/242/242
f 222/222/222 242/242/242 223/223/223
f 241/241/241 260/260/260 261/261/261
f 241/241/241 261/261/261 242/242/242
f 260/260/260 279/279/279 280/280/280
f 260/260/260 280/280/280 261/261/261
f 279/279/279 298/298/298 299/299/299
f 279/279/279 299/299/299 280/280/280
f 298/298/298 317/317/317 318/318/318
f 298/298/298 318/318/318 299/299/299
f 317/317/317 336/336/336 337/337/337
f 317/317/317 337/337/337 318/318/318
f 336/336/336 355/355/355 356/356/356
f 336/336/336 356/356/356 337/337/337
f 355/355/355 374/374/374 375/375/375
f 355/355/355 375/375/375 356/356/356
f 374/374/374 393/393/393 394/394/394
f 374/374/374 394/394/394 375/375/375
f 393/393/393 412/412/412 413/413/413
f 393/393/393 413/413/413 394/394/394
f 412/412/412 431/431/431 432/432/432
f 412/412/412 432/432/432 413/413/413
f 431/431/431 450/450/450 451/451/451
f 431/431/431 451/451/451 432/432/432
f 450/450/450 469/469/469 470/470/470
f 450/450/450 470/470/470 451/451/451
f 469/469/469 488/488/488 489/489/489
f 469/469/469 489/489/489 470/470/470
f 488/488/488 507/507/507 508/508/508
f 488/488/488 508/508/508 489/489/489
f 507/507/507 526/526/526 527/527/527
f 507/507/507 527/527/527 508/508/508
f 526/526/526 545/545/545 546/546/546
f 526/526/526 546/546/546 527/527/527
f 545/545/545 564/564/564 565/565/565
f 545/545/545 565/565/565 546/546/546
f 564/564/564 583/583/583 584/584/584
f 564/564/564 584/584/584 565/565/565
f 583/583/583 602/602/602 603/603/603
f 583/583/583 603/603/603 584/584/584
f 602/602/602 621/621/621 622/622/622
f 602/602/602 622/622/622 603/603/603
f 621/621/621 640/640/640 641/641/641
f 621/621/621 641/641/641 622/622/622
f 640/640/640 659/659/659 660/660/660
f 640/640/640 660/660/660 641/641/641
f 659/659/659 678/678/678 679/679/679
f 659/659/659 679/679/679 660/660/660
f 678/678/678 697/697/697 698/698/698
f 678/678/678 698/698/698 679/679/679
f 697/697/697 716/716/716 717/717/717
f 697/697/697 717/717/717 698/698/698
f 716/716/716 735/735/735 736/736/736
f 716/716/716 736/736/736 717/717/717
f 735/735/735 754/754/754 755/755/755
f 735/735/735 755/755/755 736/736/736
f 754/754/754 773/773/773 774/774/774
f 754/754/754 774/774/774 755/755/755
f 773/773/773 792/792/792 793/793/793
f 773/773/773 793/793/793 774/774/774
f 792/792/792 811/811/811 812/812/812
f 792/792/792 812/812/812 793/793/793
f 811/811/811 830/830/830 831/831/831
f 811/811/811 831/831/831 812/812/812
f 830/830/830 849/849/849 850/850/850
f 830/830/830 850/850/850 831/831/831
f 849/849/849 868/868/868 869/869/869
f 849/849/849 869/869/869 850/850/850
f 868/868/868 887/887/887 888/888/888
f 868/868/868 888/888/888 869/869/869
f 887/887/887 906/906/906 907/907/907
f 887/887/887 907/907/907 888/888/888
f 906/906/906 13/13/13 14/14/14
f 906/906/906 14/14/14 907/907/907
f 14/14/14 33/33/33 34/34/34
f 14/14/14 34/34/34 15/15/15
f 33/33/33 52/52/52 53/53/53
f 33/33/33 53/53/53 34/34/34
f 52/52/52 71/71/71 72/72/72
f 52/52/52 72/72/72 53/53/53
f 71/71/71 90/90/90 91/91/91
f 71/71/71 91/91/91 72/72/72
f 90/90/90 109/109/109 110/110/110
f 90/90/90 110/110/110 91/91/91
f 109/109/109 128/128/128 129/129/129
f 109/109/109 129/129/129 110/110/110
f 128/128/128 147/147/147 148/148/148
f 128/128/128 148/148/148 129/129/129
f 147/147/147 166/166/166 167/167/167
f 147/147/147 167/167/167 148/148/148
f 166/166/166 185/185/185 186/186/186
f 166/166/166 186/186/186 167/167/167
f 185/185/185 204/204/204 205/205/205
f 185/185/185 205/205/205 186/186/186
f 204/204/204 223/223/223 224/224/224
f 204/204/204 224/224/224 205/205/205
f 223/223/223 242/242/242 243/243/243
f 223/223/223 243/243/243 224/224/224
f 242/242/242 261/261/261 262/262/262
f 242/242/242 262/262/262 243/243/243
f 261/261/261 280/280/280 281/281/281
f 261/261/261 281/281/281 262/262/262
f 280/280/280 299/299/299 300/300/300
f 280/280/280 300/300/300 281/281/281
f 299/299/299 318/318/318 319/319/319
f 299/299/299 319/319/319 300/300/300
f 318/318/318 337/337/337 338/338/338
f 318/318/318 338/338/338 319/319/319
f 337/337/337 356/356/356 357/357/357
f 337/337/337 357/357/357 338/338/338
f 356/356/356 375/375/375 376/376/376
f 356/356/356 376/376/376 357/357/357
f 375/375/375 394/394/394 395/395/395
f 375/375/375 395/395/395 376/376/376
f 394/394/394 413/413/413 414/414/414
f 394/394/394 414/414/414 395/395/395
f 413/413/413 432/432/432 433/433/433
f 413/413/413 433/433/433 414/414/414
f 432/432/432 451/451/451 452/452/452
f 432/432/432 452/452/452 433/433/433
f 451/451/451 470/470/470 471/471/471
f 451/451/451 471/471/471 452/452/452
f 470/470/470 489/489/489 490/490/490
f 470/470/470 490/490/490 471/471/471
f 489/489/489 508/508/508 509/509/509
f 489/489/489 509/509/509 490/490/490
f 508/508/508 527/527/527 528/528/528
f 508/508/508 528/528/528 509/509/509
f 527/527/527 546/546/546 547/547/547
f 527/527/527 547/547/547 528/528/528
f 546/546/546 565/565/565 566/566/566
f 546/546/546 566/566/566 547/547/547
f 565/565/565 584/584/584 585/585/585
f 565/565/565 585/585/585 566/566/566
f 584/584/584 603/603/603 604/604/604
f 584/584/584 604/604/604 585/585/585
f 603/603/603 622/622/622 623/623/623
f 603/603/603 623/623/623 604/604/604
f 622/622/622 641/641/641 642/642/642
f 622/622/622 642/642/642 623/623/623
f 641/641/641 660/660/660 661/661/661
f 641/641/641 661/661/661 642/642/642
f 660/660/660 679/679/679 680/680/680
f 660/660/660 680/680/680 661/661/661
f 679/679/679 698/698/698 699/699/699
f 679/679/679 699/699/699 680/680/680
f 698/698/698 717/717/717 718/718/718
f 698/698/698 718/718/718 699/699/699
f 717/717/717 736/736/736 737/737/737
f 717/717/717 737/737/737 718/718/718
f 736/736/736 755/755/755 756/756/756
f 736/736/736 756/756/756 737/737/737
f 755/755/755 774/774/774 775/775/775
f 755/755/755 775/775/775 756/756/756
f 774/774/774 793/793/793 794/794/794
f 774/774/774 794/794/794 775/775/775
f 793/793/793 812/812/812 813/813/813
f 793/793/793 813/813/813 794/794/794
f 812/812/812 831/831/831 832/832/832
f 812/812/812 832/832/832 813/813/813
f 831/831/831 850/850/850 851/851/851
f 831/831/831 851/851/851 832/832/832
f 850/850/850 869/869/869 870/870/870
f 850/850/850 870/870/870 851/851/851
f 869/869/869 888/888/888 889/889/889
f 869/869/869 889/889/889 870/870/870
f 888/888/888 907/907/907 908/908/908
f 888/888/888 908/908/908 889/889/889
f 907/907/907 14/14/14 15/15/15
f 907/907/907 15/15/15 908/908/908
f 1009/1009/1009 1010/1010/1010 1011/1011/1011
f 1009/1009/1009 1011/1011/1011 1012/1012/1012
f 1013/1013/1013 1014/1014/1014 1015/1015/1015
f 1013/1013/1013 1015/1015/1015 1016/1016/1016
f 1017/1017/1017 1018/1018/1018 1019/1019/1019
f 1017/1017/1017 1019/1019/1019 1020/1020/1020
f 1021/1021/1021 1022/1022/1022 1023/1023/1023
f 1021/1021/1021 1023/1023/1023 1024/1024/1024
f 1025/1025/1025 1026/1026/1026 1027/1027/1027
f 1025/1025/1025 1027/1027/1027 1028/1028/1028
f 1029/1029/1029 1030/1030/1030 1031/1031/1031
f 1029/1029/1029 1031/1031/1031 1032/1032/1032
f 1033/1033/1033 1034/1034/1034 1035/1035/1035
f 1033/1033/1033 1035/1035/1035 1036/1036/1036
f 1037/1037/1037 1038/1038/1038 1039/1039/1039
f 1037/1037/1037 1039/1039/1039 1040/1040/1040
f 1041/1041/1041 1042/1042/1042 1043/1043/1043
f 1041/1041/1041 1043/1043/1043 1044/1044/1044
f 1045/1045/1045 1046/1046/1046 1047/1047/1047
f 1045/1045/1045 1047/1047/1047 1048/1048/1048
f 1049/1049/1049 1050/1050/1050 1051/1051/1051
f 1049/1049/1049 1051/1051/1051 1052/1052/1052
f 1053/1053/1053 1054/1054/1054 1055/1055/1055
f 1053/1053/1053 1055/1055/1055 1056/1056/1056
f 1057/1057/1057 1058/1058/1058 1059/1059/1059
f 1057/1057/1057 1059/1059/1059 1060/1060/1060
f 1061/1061/1061 1062/1062/1062 1063/1063/1063
f 1061/1061/1061 1063/1063/1063 1064/1064/1064
f 1065/1065/1065 1066/1066/1066 1067/1067/1067
f 1065/1065/1065 1067/1067/1067 1068/1068/1068
f 1069/1069/1069 1070/1070/1070 1071/1071/1071
f 1069/1069/1069 1071/1071/1071 1072/1072/1072
f 1073/1073/1073 1074/1074/1074 1075/1075/1075
f 1073/1073/1073 1075/1075/1075 1076/1076/1076
f 1077/1077/1077 1078/1078/1078 1079/1079/1079
f 1077/1077/1077 1079/1079/1079 1080/1080/1080
f 1081/1081/1081 1082/1082/1082 1083/1083/1083
f 1081/1081/1081 1083/1083/1083 1084/1084/1084
f 1085/1085/1085 1086/1086/1086 1087/1087/1087
f 1085/1085/1085 1087/1087/1087 1088/1088/1088
f 1089/1089/1089 1090/1090/1090 1091/1091/1091
f 1089/1089/1089 1091/1091/1091 1092/1092/1092
f 1093/1093/1093 1094/1094/1094 1095/1095/1095
f 1093/1093/1093 1095/1095/1095 1096/1096/1096
f 1097/1097/1097 1098/1098/1098 1099/1099/1099
f 1097/1097/1097 1099/1099/1099 1100/1100/1100
f 1101/1101/1101 1102/1102/1102 1103/1103/1103
f 1101/1101/1101 1103/1103/1103 1104/1104/1104
g Reactor_Core
usemtl Reactor_Core
f 17/17/17 36/36/36 37/37/37
f 17/17/17 37/37/37 18/18/18
f 36/36/36 55/55/55 56/56/56
f 36/36/36 56/56/56 37/37/37
f 55/55/55 74/74/74 75/75/75
f 55/55/55 75/75/75 56/56/56
f 74/74/74 93/93/93 94/94/94
f 74/74/74 94/94/94 75/75/75
f 93/93/93 112/112/112 113/113/113
f 93/93/93 113/113/113 94/94/94
f 112/112/112 131/131/131 132/132/132
f 112/112/112 132/132/132 113/113/113
f 131/131/131 150/150/150 151/151/151
f 131/131/131 151/151/151 132/132/132
f 150/150/150 169/169/169 170/170/170
f 150/150/150 170/170/170 151/151/151
f 169/169/169 188/188/188 189/189/189
f 169/169/169 189/189/189 170/170/170
f 188/188/188 207/207/207 208/208/208
f 188/188/188 208/208/208 189/189/189
f 207/207/207 226/226/226 227/227/227
f 207/207/207 227/227/227 208/208/208
f 226/226/226 245/245/245 246/246/246
f 226/226/226 246/246/246 227/227/227
f 245/245/245 264/264/264 265/265/265
f 245/245/245 265/265/265 246/246/246
f 264/264/264 283/283/283 284/284/284
f 264/264/264 284/284/284 265/265/265
f 283/283/283 302/302/302 303/303/303
f 283/283/283 303/303/303 284/284/284
f 302/302/302 321/321/321 322/322/322
f 302/302/302 322/322/322 303/303/303
f 321/321/321 340/340/340 341/341/341
f 321/321/321 341/341/341 322/322/322
f 340/340/340 359/359/359 360/360/360
f 340/340/340 360/360/360 341/341/341
f 359/359/359 378/378/378 379/379/379
f 359/359/359 379/379/379 360/360/360
f 378/378/378 397/397/397 398/398/398
f 378/378/378 398/398/398 379/379/379
f 397/397/397 416/416/416 417/417/417
f 397/397/397 417/417/417 398/398/398
f 416/416/416 435/435/435 436/436/436
f 416/416/416 436/436/436 417/417/417
f 435/435/435 454/454/454 455/455/455
f 435/435/435 455/455/455 436/436/436
f 454/454/454 473/473/473 474/474/474
f 454/454/454 474/474/474 455/455/455
f 473/473/473 492/492/492 493/493/493
f 473/473/473 493/493/493 474/474/474
f 492/492/492 511/511/511 512/512/512
f 492/492/492 512/512/512 493/493/493
f 511/511/511 530/530/530 531/531/531
f 511/511/511 531/531/531 512/512/512
f 530/530/530 549/549/549 550/550/550
f 530/530/530 550/550/550 531/531/531
f 549/549/549 568/568/568 569/569/569
f 549/549/549 569/569/569 550/550/550
f 568/568/568 587/587/587 588/588/588
f 568/568/568 588/588/588 569/569/569
f 587/587/587 606/606/606 607/607/607
f 587/587/587 607/607/607 588/588/588
f 606/606/606 625/625/625 626/626/626
f 606/606/606 626/626/626 607/607/607
f 625/625/625 644/644/644 645/645/645
f 625/625/625 645/645/645 626/626/626
f 644/644/644 663/663/663 664/664/664
f 644/644/644 664/664/664 645/645/645
f 663/663/663 682/682/682 683/683/683
f 663/663/663 683/683/683 664/664/664
f 682/682/682 701/701/701 702/702/702
f 682/682/682 702/702/702 683/683/683
f 701/701/701 720/720/720 721/721/721
f 701/701/701 721/721/721 702/702/702
f 720/720/720 739/739/739 740/740/740
f 720/720/720 740/740/740 721/721/721
f 739/739/739 758/758/758 759/759/759
f 739/739/739 759/759/759 740/740/740
f 758/758/758 777/777/777 778/778/778
f 758/758/758 778/778/778 759/759/759
f 777/777/777 796/796/796 797/797/797
f 777/777/777 797/797/797 778/778/778
f 796/796/796 815/815/815 816/816/816
f 796/796/796 816/816/816 797/797/797
f 815/815/815 834/834/834 835/835/835
f 815/815/815 835/835/835 816/816/816
f 834/834/834 853/853/853 854/854/854
f 834/834/834 854/854/854 835/835/835
f 853/853/853 872/872/872 873/873/873
f 853/853/853 873/873/873 854/854/854
f 872/872/872 891/891/891 892/892/892
f 872/872/872 892/892/892 873/873/873
f 891/891/891 910/910/910 911/911/911
f 891/891/891 911/911/911 892/892/892
f 910/910/910 17/17/17 18/18/18
f 910/910/910 18/18/18 911/911/911
f 18/18/18 37/37/37 38/38/38
f 37/37/37 56/56/56 57/57/57
f 56/56/56 75/75/75 76/76/76
f 75/75/75 94/94/94 95/95/95
f 94/94/94 113/113/113 114/114/114
f 113/113/113 132/132/132 133/133/133
f 132/132/132 151/151/151 152/152/152
f 151/151/151 170/170/170 171/171/171
f 170/170/170 189/189/189 190/190/190
f 189/189/189 208/208/208 209/209/209
f 208/208/208 227/227/227 228/228/228
f 227/227/227 246/246/246 247/247/247
f 246/246/246 265/265/265 266/266/266
f 265/265/265 284/284/284 285/285/285
f 284/284/284 303/303/303 304/304/304
f 303/303/303 322/322/322 323/323/323
f 322/322/322 341/341/341 342/342/342
f 341/341/341 360/360/360 361/361/361
f 360/360/360 379/379/379 380/380/380
f 379/379/379 398/398/398 399/399/399
f 398/398/398 417/417/417 418/418/418
f 417/417/417 436/436/436 437/437/437
f 436/436/436 455/455/455 456/456/456
f 455/455/455 474/474/474 475/475/475
f 474/474/474 493/493/493 494/494/494
f 493/493/493 512/512/512 513/513/513
f 512/512/512 531/531/531 532/532/532
f 531/531/531 550/550/550 551/551/551
f 550/550/550 569/569/569 570/570/570
f 569/569/569 588/588/588 589/589/589
f 588/588/588 607/607/607 608/608/608
f 607/607/607 626/626/626 627/627/627
f 626/626/626 645/645/645 646/646/646
f 645/645/645 664/664/664 665/665/665
f 664/664/664 683/683/683 684/684/684
f 683/683/683 702/702/702 703/703/703
f 702/702/702 721/721/721 722/722/722
f 721/721/721 740/740/740 741/741/741
f 740/740/740 759/759/759 760/760/760
f 759/759/759 778/778/778 779/779/779
f 778/778/778 797/797/797 798/798/798
f 797/797/797 816/816/816 817/817/817
f 816/816/816 835/835/835 836/836/836
f 835/835/835 854/854/854 855/855/855
f 854/854/854 873/873/873 874/874/874
f 873/873/873 892/892/892 893/893/893
f 892/892/892 911/911/911 912/912/912
f 911/911/911 18/18/18 19/19/19
