# XENOASIS Real 3D UFO Spaceship Model
# Generated 10/2/2026 6:28:49 PM
v 0.0000 0.0000 0.0000
v 0.0000 -0.1000 0.0000
v 0.0000 0.0000 8.8000
v 0.0000 -0.1000 8.8000
v 1.5281 0.0000 8.6663
v 1.5281 -0.1000 8.6663
v 3.0098 0.0000 8.2693
v 3.0098 -0.1000 8.2693
v 4.4000 0.0000 7.6210
v 4.4000 -0.1000 7.6210
v 5.6565 0.0000 6.7412
v 5.6565 -0.1000 6.7412
v 6.7412 0.0000 5.6565
v 6.7412 -0.1000 5.6565
v 7.6210 0.0000 4.4000
v 7.6210 -0.1000 4.4000
v 8.2693 0.0000 3.0098
v 8.2693 -0.1000 3.0098
v 8.6663 0.0000 1.5281
v 8.6663 -0.1000 1.5281
v 8.8000 0.0000 0.0000
v 8.8000 -0.1000 0.0000
v 8.6663 0.0000 -1.5281
v 8.6663 -0.1000 -1.5281
v 8.2693 0.0000 -3.0098
v 8.2693 -0.1000 -3.0098
v 7.6210 0.0000 -4.4000
v 7.6210 -0.1000 -4.4000
v 6.7412 0.0000 -5.6565
v 6.7412 -0.1000 -5.6565
v 5.6565 0.0000 -6.7412
v 5.6565 -0.1000 -6.7412
v 4.4000 0.0000 -7.6210
v 4.4000 -0.1000 -7.6210
v 3.0098 0.0000 -8.2693
v 3.0098 -0.1000 -8.2693
v 1.5281 0.0000 -8.6663
v 1.5281 -0.1000 -8.6663
v 0.0000 0.0000 -8.8000
v 0.0000 -0.1000 -8.8000
v -1.5281 0.0000 -8.6663
v -1.5281 -0.1000 -8.6663
v -3.0098 0.0000 -8.2693
v -3.0098 -0.1000 -8.2693
v -4.4000 0.0000 -7.6210
v -4.4000 -0.1000 -7.6210
v -5.6565 0.0000 -6.7412
v -5.6565 -0.1000 -6.7412
v -6.7412 0.0000 -5.6565
v -6.7412 -0.1000 -5.6565
v -7.6210 0.0000 -4.4000
v -7.6210 -0.1000 -4.4000
v -8.2693 0.0000 -3.0098
v -8.2693 -0.1000 -3.0098
v -8.6663 0.0000 -1.5281
v -8.6663 -0.1000 -1.5281
v -8.8000 0.0000 0.0000
v -8.8000 -0.1000 0.0000
v -8.6663 0.0000 1.5281
v -8.6663 -0.1000 1.5281
v -8.2693 0.0000 3.0098
v -8.2693 -0.1000 3.0098
v -7.6210 0.0000 4.4000
v -7.6210 -0.1000 4.4000
v -6.7412 0.0000 5.6565
v -6.7412 -0.1000 5.6565
v -5.6565 0.0000 6.7412
v -5.6565 -0.1000 6.7412
v -4.4000 0.0000 7.6210
v -4.4000 -0.1000 7.6210
v -3.0098 0.0000 8.2693
v -3.0098 -0.1000 8.2693
v -1.5281 0.0000 8.6663
v -1.5281 -0.1000 8.6663
v -1.2900 0.0050 -8.0000
v -1.2100 0.0050 -8.0000
v -1.2100 0.0350 -8.0000
v -1.2900 0.0350 -8.0000
v -1.2100 0.0050 -1.6000
v -1.2900 0.0050 -1.6000
v -1.2900 0.0350 -1.6000
v -1.2100 0.0350 -1.6000
v -1.2900 0.0050 -1.6000
v -1.2900 0.0050 -8.0000
v -1.2900 0.0350 -8.0000
v -1.2900 0.0350 -1.6000
v -1.2100 0.0050 -8.0000
v -1.2100 0.0050 -1.6000
v -1.2100 0.0350 -1.6000
v -1.2100 0.0350 -8.0000
v -1.2900 0.0350 -8.0000
v -1.2100 0.0350 -8.0000
v -1.2100 0.0350 -1.6000
v -1.2900 0.0350 -1.6000
v -1.2900 0.0050 -1.6000
v -1.2100 0.0050 -1.6000
v -1.2100 0.0050 -8.0000
v -1.2900 0.0050 -8.0000
v 1.2100 0.0050 -8.0000
v 1.2900 0.0050 -8.0000
v 1.2900 0.0350 -8.0000
v 1.2100 0.0350 -8.0000
v 1.2900 0.0050 -1.6000
v 1.2100 0.0050 -1.6000
v 1.2100 0.0350 -1.6000
v 1.2900 0.0350 -1.6000
v 1.2100 0.0050 -1.6000
v 1.2100 0.0050 -8.0000
v 1.2100 0.0350 -8.0000
v 1.2100 0.0350 -1.6000
v 1.2900 0.0050 -8.0000
v 1.2900 0.0050 -1.6000
v 1.2900 0.0350 -1.6000
v 1.2900 0.0350 -8.0000
v 1.2100 0.0350 -8.0000
v 1.2900 0.0350 -8.0000
v 1.2900 0.0350 -1.6000
v 1.2100 0.0350 -1.6000
v 1.2100 0.0050 -1.6000
v 1.2900 0.0050 -1.6000
v 1.2900 0.0050 -8.0000
v 1.2100 0.0050 -8.0000
v -8.4064 0.0100 0.6931
v -8.3475 0.0100 0.6814
v -8.3475 0.0300 0.6814
v -8.4064 0.0300 0.6931
v -7.9729 0.0100 2.5649
v -8.0317 0.0100 2.5766
v -8.0317 0.0300 2.5766
v -7.9729 0.0300 2.5649
v -8.0317 0.0100 2.5766
v -8.4064 0.0100 0.6931
v -8.4064 0.0300 0.6931
v -8.0317 0.0300 2.5766
v -8.3475 0.0100 0.6814
v -7.9729 0.0100 2.5649
v -7.9729 0.0300 2.5649
v -8.3475 0.0300 0.6814
v -8.4064 0.0300 0.6931
v -8.3475 0.0300 0.6814
v -7.9729 0.0300 2.5649
v -8.0317 0.0300 2.5766
v -8.0317 0.0100 2.5766
v -7.9729 0.0100 2.5649
v -8.3475 0.0100 0.6814
v -8.4064 0.0100 0.6931
v -8.0571 0.0100 2.4962
v -8.0022 0.0100 2.4720
v -8.0022 0.0300 2.4720
v -8.0571 0.0300 2.4962
v -7.2287 0.0100 4.2298
v -7.2837 0.0100 4.2539
v -7.2837 0.0300 4.2539
v -7.2287 0.0300 4.2298
v -7.2837 0.0100 4.2539
v -8.0571 0.0100 2.4962
v -8.0571 0.0300 2.4962
v -7.2837 0.0300 4.2539
v -8.0022 0.0100 2.4720
v -7.2287 0.0100 4.2298
v -7.2287 0.0300 4.2298
v -8.0022 0.0300 2.4720
v -8.0571 0.0300 2.4962
v -8.0022 0.0300 2.4720
v -7.2287 0.0300 4.2298
v -7.2837 0.0300 4.2539
v -7.2837 0.0100 4.2539
v -7.2287 0.0100 4.2298
v -8.0022 0.0100 2.4720
v -8.0571 0.0100 2.4962
v -7.3258 0.0100 4.1809
v -7.2775 0.0100 4.1454
v -7.2775 0.0300 4.1454
v -7.3258 0.0300 4.1809
v -6.1419 0.0100 5.6941
v -6.1903 0.0100 5.7296
v -6.1903 0.0300 5.7296
v -6.1419 0.0300 5.6941
v -6.1903 0.0100 5.7296
v -7.3258 0.0100 4.1809
v -7.3258 0.0300 4.1809
v -6.1903 0.0300 5.7296
v -7.2775 0.0100 4.1454
v -6.1419 0.0100 5.6941
v -6.1419 0.0300 5.6941
v -7.2775 0.0300 4.1454
v -7.3258 0.0300 4.1809
v -7.2775 0.0300 4.1454
v -6.1419 0.0300 5.6941
v -6.1903 0.0300 5.7296
v -6.1903 0.0100 5.7296
v -6.1419 0.0100 5.6941
v -7.2775 0.0100 4.1454
v -7.3258 0.0100 4.1809
v -6.2473 0.0100 5.6674
v -6.2077 0.0100 5.6223
v -6.2077 0.0300 5.6223
v -6.2473 0.0300 5.6674
v -4.7639 0.0100 6.8885
v -4.8034 0.0100 6.9336
v -4.8034 0.0300 6.9336
v -4.7639 0.0300 6.8885
v -4.8034 0.0100 6.9336
v -6.2473 0.0100 5.6674
v -6.2473 0.0300 5.6674
v -4.8034 0.0300 6.9336
v -6.2077 0.0100 5.6223
v -4.7639 0.0100 6.8885
v -4.7639 0.0300 6.8885
v -6.2077 0.0300 5.6223
v -6.2473 0.0300 5.6674
v -6.2077 0.0300 5.6223
v -4.7639 0.0300 6.8885
v -4.8034 0.0300 6.9336
v -4.8034 0.0100 6.9336
v -4.7639 0.0100 6.8885
v -6.2077 0.0100 5.6223
v -6.2473 0.0100 5.6674
v -4.8726 0.0100 6.8852
v -4.8437 0.0100 6.8326
v -4.8437 0.0300 6.8326
v -4.8726 0.0300 6.8852
v -3.1600 0.0100 7.7563
v -3.1889 0.0100 7.8089
v -3.1889 0.0300 7.8089
v -3.1600 0.0300 7.7563
v -3.1889 0.0100 7.8089
v -4.8726 0.0100 6.8852
v -4.8726 0.0300 6.8852
v -3.1889 0.0300 7.8089
v -4.8437 0.0100 6.8326
v -3.1600 0.0100 7.7563
v -3.1600 0.0300 7.7563
v -4.8437 0.0300 6.8326
v -4.8726 0.0300 6.8852
v -4.8437 0.0300 6.8326
v -3.1600 0.0300 7.7563
v -3.1889 0.0300 7.8089
v -3.1889 0.0100 7.8089
v -3.1600 0.0100 7.7563
v -4.8437 0.0100 6.8326
v -4.8726 0.0100 6.8852
v -3.2668 0.0100 7.7766
v -3.2500 0.0100 7.7190
v -3.2500 0.0300 7.7190
v -3.2668 0.0300 7.7766
v -1.4064 0.0100 8.2564
v -1.4231 0.0100 8.3140
v -1.4231 0.0300 8.3140
v -1.4064 0.0300 8.2564
v -1.4231 0.0100 8.3140
v -3.2668 0.0100 7.7766
v -3.2668 0.0300 7.7766
v -1.4231 0.0300 8.3140
v -3.2500 0.0100 7.7190
v -1.4064 0.0100 8.2564
v -1.4064 0.0300 8.2564
v -3.2500 0.0300 7.7190
v -3.2668 0.0300 7.7766
v -3.2500 0.0300 7.7190
v -1.4064 0.0300 8.2564
v -1.4231 0.0300 8.3140
v -1.4231 0.0100 8.3140
v -1.4064 0.0100 8.2564
v -3.2500 0.0100 7.7190
v -3.2668 0.0100 7.7766
v -1.5062 0.0100 8.2993
v -1.5023 0.0100 8.2395
v -1.5023 0.0300 8.2395
v -1.5062 0.0300 8.2993
v 0.4140 0.0100 8.3651
v 0.4101 0.0100 8.4249
v 0.4101 0.0300 8.4249
v 0.4140 0.0300 8.3651
v 0.4101 0.0100 8.4249
v -1.5062 0.0100 8.2993
v -1.5062 0.0300 8.2993
v 0.4101 0.0300 8.4249
v -1.5023 0.0100 8.2395
v 0.4140 0.0100 8.3651
v 0.4140 0.0300 8.3651
v -1.5023 0.0300 8.2395
v -1.5062 0.0300 8.2993
v -1.5023 0.0300 8.2395
v 0.4140 0.0300 8.3651
v 0.4101 0.0300 8.4249
v 0.4101 0.0100 8.4249
v 0.4140 0.0100 8.3651
v -1.5023 0.0100 8.2395
v -1.5062 0.0100 8.2993
v 0.3258 0.0100 8.4286
v 0.3166 0.0100 8.3693
v 0.3166 0.0300 8.3693
v 0.3258 0.0300 8.4286
v 2.2147 0.0100 8.0772
v 2.2238 0.0100 8.1365
v 2.2238 0.0300 8.1365
v 2.2147 0.0300 8.0772
v 2.2238 0.0100 8.1365
v 0.3258 0.0100 8.4286
v 0.3258 0.0300 8.4286
v 2.2238 0.0300 8.1365
v 0.3166 0.0100 8.3693
v 2.2147 0.0100 8.0772
v 2.2147 0.0300 8.0772
v 0.3166 0.0300 8.3693
v 0.3258 0.0300 8.4286
v 0.3166 0.0300 8.3693
v 2.2147 0.0300 8.0772
v 2.2238 0.0300 8.1365
v 2.2238 0.0100 8.1365
v 2.2147 0.0100 8.0772
v 0.3166 0.0100 8.3693
v 0.3258 0.0100 8.4286
v 2.1423 0.0100 8.1583
v 2.1206 0.0100 8.1024
v 2.1206 0.0300 8.1024
v 2.1423 0.0300 8.1583
v 3.9104 0.0100 7.4064
v 3.9322 0.0100 7.4623
v 3.9322 0.0300 7.4623
v 3.9104 0.0300 7.4064
v 3.9322 0.0100 7.4623
v 2.1423 0.0100 8.1583
v 2.1423 0.0300 8.1583
v 3.9322 0.0300 7.4623
v 2.1206 0.0100 8.1024
v 3.9104 0.0100 7.4064
v 3.9104 0.0300 7.4064
v 2.1206 0.0300 8.1024
v 2.1423 0.0300 8.1583
v 2.1206 0.0300 8.1024
v 3.9104 0.0300 7.4064
v 3.9322 0.0300 7.4623
v 3.9322 0.0100 7.4623
v 3.9104 0.0100 7.4064
v 2.1206 0.0100 8.1024
v 2.1423 0.0100 8.1583
v 3.8573 0.0100 7.5012
v 3.8240 0.0100 7.4514
v 3.8240 0.0300 7.4514
v 3.8573 0.0300 7.5012
v 5.4208 0.0100 6.3844
v 5.4541 0.0100 6.4343
v 5.4541 0.0300 6.4343
v 5.4208 0.0300 6.3844
v 5.4541 0.0100 6.4343
v 3.8573 0.0100 7.5012
v 3.8573 0.0300 7.5012
v 5.4541 0.0300 6.4343
v 3.8240 0.0100 7.4514
v 5.4208 0.0100 6.3844
v 5.4208 0.0300 6.3844
v 3.8240 0.0300 7.4514
v 3.8573 0.0300 7.5012
v 3.8240 0.0300 7.4514
v 5.4208 0.0300 6.3844
v 5.4541 0.0300 6.4343
v 5.4541 0.0100 6.4343
v 5.4208 0.0100 6.3844
v 3.8240 0.0100 7.4514
v 3.8573 0.0100 7.5012
v 5.3895 0.0100 6.4885
v 5.3461 0.0100 6.4471
v 5.3461 0.0300 6.4471
v 5.3895 0.0300 6.4885
v 6.6741 0.0100 5.0598
v 6.7175 0.0100 5.1013
v 6.7175 0.0300 5.1013
v 6.6741 0.0300 5.0598
v 6.7175 0.0100 5.1013
v 5.3895 0.0100 6.4885
v 5.3895 0.0300 6.4885
v 6.7175 0.0300 5.1013
v 5.3461 0.0100 6.4471
v 6.6741 0.0100 5.0598
v 6.6741 0.0300 5.0598
v 5.3461 0.0300 6.4471
v 5.3895 0.0300 6.4885
v 5.3461 0.0300 6.4471
v 6.6741 0.0300 5.0598
v 6.7175 0.0300 5.1013
v 6.7175 0.0100 5.1013
v 6.6741 0.0100 5.0598
v 5.3461 0.0100 6.4471
v 5.3895 0.0100 6.4885
v 6.6661 0.0100 5.1683
v 6.6148 0.0100 5.1371
v 6.6148 0.0300 5.1371
v 6.6661 0.0300 5.1683
v 7.6111 0.0100 3.4953
v 7.6624 0.0100 3.5265
v 7.6624 0.0300 3.5265
v 7.6111 0.0300 3.4953
v 7.6624 0.0100 3.5265
v 6.6661 0.0100 5.1683
v 6.6661 0.0300 5.1683
v 7.6624 0.0300 3.5265
v 6.6148 0.0100 5.1371
v 7.6111 0.0100 3.4953
v 7.6111 0.0300 3.4953
v 6.6148 0.0300 5.1371
v 6.6661 0.0300 5.1683
v 6.6148 0.0300 5.1371
v 7.6111 0.0300 3.4953
v 7.6624 0.0300 3.5265
v 7.6624 0.0100 3.5265
v 7.6111 0.0100 3.4953
v 6.6148 0.0100 5.1371
v 6.6661 0.0100 5.1683
v 7.6267 0.0100 3.6029
v 7.5699 0.0100 3.5836
v 7.5699 0.0300 3.5836
v 7.6267 0.0300 3.6029
v 8.1872 0.0100 1.7652
v 8.2440 0.0100 1.7844
v 8.2440 0.0300 1.7844
v 8.1872 0.0300 1.7652
v 8.2440 0.0100 1.7844
v 7.6267 0.0100 3.6029
v 7.6267 0.0300 3.6029
v 8.2440 0.0300 1.7844
v 7.5699 0.0100 3.5836
v 8.1872 0.0100 1.7652
v 8.1872 0.0300 1.7652
v 7.5699 0.0300 3.5836
v 7.6267 0.0300 3.6029
v 7.5699 0.0300 3.5836
v 8.1872 0.0300 1.7652
v 8.2440 0.0300 1.7844
v 8.2440 0.0100 1.7844
v 8.1872 0.0100 1.7652
v 7.5699 0.0100 3.5836
v 7.6267 0.0100 3.6029
v 8.2257 0.0100 1.8668
v 8.1661 0.0100 1.8603
v 8.1661 0.0300 1.8603
v 8.2257 0.0300 1.8668
v 8.3752 0.0100 -0.0487
v 8.4348 0.0100 -0.0422
v 8.4348 0.0300 -0.0422
v 8.3752 0.0300 -0.0487
v 8.4348 0.0100 -0.0422
v 8.2257 0.0100 1.8668
v 8.2257 0.0300 1.8668
v 8.4348 0.0300 -0.0422
v 8.1661 0.0100 1.8603
v 8.3752 0.0100 -0.0487
v 8.3752 0.0300 -0.0487
v 8.1661 0.0300 1.8603
v 8.2257 0.0300 1.8668
v 8.1661 0.0300 1.8603
v 8.3752 0.0300 -0.0487
v 8.4348 0.0300 -0.0422
v 8.4348 0.0100 -0.0422
v 8.3752 0.0100 -0.0487
v 8.1661 0.0100 1.8603
v 8.2257 0.0100 1.8668
v 8.4348 0.0100 0.0422
v 8.3752 0.0100 0.0487
v 8.3752 0.0300 0.0487
v 8.4348 0.0300 0.0422
v 8.1661 0.0100 -1.8603
v 8.2257 0.0100 -1.8668
v 8.2257 0.0300 -1.8668
v 8.1661 0.0300 -1.8603
v 8.2257 0.0100 -1.8668
v 8.4348 0.0100 0.0422
v 8.4348 0.0300 0.0422
v 8.2257 0.0300 -1.8668
v 8.3752 0.0100 0.0487
v 8.1661 0.0100 -1.8603
v 8.1661 0.0300 -1.8603
v 8.3752 0.0300 0.0487
v 8.4348 0.0300 0.0422
v 8.3752 0.0300 0.0487
v 8.1661 0.0300 -1.8603
v 8.2257 0.0300 -1.8668
v 8.2257 0.0100 -1.8668
v 8.1661 0.0100 -1.8603
v 8.3752 0.0100 0.0487
v 8.4348 0.0100 0.0422
v 8.2440 0.0100 -1.7844
v 8.1872 0.0100 -1.7652
v 8.1872 0.0300 -1.7652
v 8.2440 0.0300 -1.7844
v 7.5699 0.0100 -3.5836
v 7.6267 0.0100 -3.6029
v 7.6267 0.0300 -3.6029
v 7.5699 0.0300 -3.5836
v 7.6267 0.0100 -3.6029
v 8.2440 0.0100 -1.7844
v 8.2440 0.0300 -1.7844
v 7.6267 0.0300 -3.6029
v 8.1872 0.0100 -1.7652
v 7.5699 0.0100 -3.5836
v 7.5699 0.0300 -3.5836
v 8.1872 0.0300 -1.7652
v 8.2440 0.0300 -1.7844
v 8.1872 0.0300 -1.7652
v 7.5699 0.0300 -3.5836
v 7.6267 0.0300 -3.6029
v 7.6267 0.0100 -3.6029
v 7.5699 0.0100 -3.5836
v 8.1872 0.0100 -1.7652
v 8.2440 0.0100 -1.7844
v 7.6624 0.0100 -3.5265
v 7.6111 0.0100 -3.4953
v 7.6111 0.0300 -3.4953
v 7.6624 0.0300 -3.5265
v 6.6148 0.0100 -5.1371
v 6.6661 0.0100 -5.1682
v 6.6661 0.0300 -5.1682
v 6.6148 0.0300 -5.1371
v 6.6661 0.0100 -5.1682
v 7.6624 0.0100 -3.5265
v 7.6624 0.0300 -3.5265
v 6.6661 0.0300 -5.1682
v 7.6111 0.0100 -3.4953
v 6.6148 0.0100 -5.1371
v 6.6148 0.0300 -5.1371
v 7.6111 0.0300 -3.4953
v 7.6624 0.0300 -3.5265
v 7.6111 0.0300 -3.4953
v 6.6148 0.0300 -5.1371
v 6.6661 0.0300 -5.1682
v 6.6661 0.0100 -5.1682
v 6.6148 0.0100 -5.1371
v 7.6111 0.0100 -3.4953
v 7.6624 0.0100 -3.5265
v 6.7175 0.0100 -5.1013
v 6.6741 0.0100 -5.0598
v 6.6741 0.0300 -5.0598
v 6.7175 0.0300 -5.1013
v 5.3461 0.0100 -6.4471
v 5.3895 0.0100 -6.4885
v 5.3895 0.0300 -6.4885
v 5.3461 0.0300 -6.4471
v 5.3895 0.0100 -6.4885
v 6.7175 0.0100 -5.1013
v 6.7175 0.0300 -5.1013
v 5.3895 0.0300 -6.4885
v 6.6741 0.0100 -5.0598
v 5.3461 0.0100 -6.4471
v 5.3461 0.0300 -6.4471
v 6.6741 0.0300 -5.0598
v 6.7175 0.0300 -5.1013
v 6.6741 0.0300 -5.0598
v 5.3461 0.0300 -6.4471
v 5.3895 0.0300 -6.4885
v 5.3895 0.0100 -6.4885
v 5.3461 0.0100 -6.4471
v 6.6741 0.0100 -5.0598
v 6.7175 0.0100 -5.1013
v 5.4541 0.0100 -6.4343
v 5.4208 0.0100 -6.3844
v 5.4208 0.0300 -6.3844
v 5.4541 0.0300 -6.4343
v 3.8240 0.0100 -7.4513
v 3.8573 0.0100 -7.5012
v 3.8573 0.0300 -7.5012
v 3.8240 0.0300 -7.4513
v 3.8573 0.0100 -7.5012
v 5.4541 0.0100 -6.4343
v 5.4541 0.0300 -6.4343
v 3.8573 0.0300 -7.5012
v 5.4208 0.0100 -6.3844
v 3.8240 0.0100 -7.4513
v 3.8240 0.0300 -7.4513
v 5.4208 0.0300 -6.3844
v 5.4541 0.0300 -6.4343
v 5.4208 0.0300 -6.3844
v 3.8240 0.0300 -7.4513
v 3.8573 0.0300 -7.5012
v 3.8573 0.0100 -7.5012
v 3.8240 0.0100 -7.4513
v 5.4208 0.0100 -6.3844
v 5.4541 0.0100 -6.4343
v 3.9322 0.0100 -7.4623
v 3.9104 0.0100 -7.4064
v 3.9104 0.0300 -7.4064
v 3.9322 0.0300 -7.4623
v 2.1206 0.0100 -8.1024
v 2.1423 0.0100 -8.1583
v 2.1423 0.0300 -8.1583
v 2.1206 0.0300 -8.1024
v 2.1423 0.0100 -8.1583
v 3.9322 0.0100 -7.4623
v 3.9322 0.0300 -7.4623
v 2.1423 0.0300 -8.1583
v 3.9104 0.0100 -7.4064
v 2.1206 0.0100 -8.1024
v 2.1206 0.0300 -8.1024
v 3.9104 0.0300 -7.4064
v 3.9322 0.0300 -7.4623
v 3.9104 0.0300 -7.4064
v 2.1206 0.0300 -8.1024
v 2.1423 0.0300 -8.1583
v 2.1423 0.0100 -8.1583
v 2.1206 0.0100 -8.1024
v 3.9104 0.0100 -7.4064
v 3.9322 0.0100 -7.4623
v 2.2238 0.0100 -8.1365
v 2.2147 0.0100 -8.0772
v 2.2147 0.0300 -8.0772
v 2.2238 0.0300 -8.1365
v 0.3166 0.0100 -8.3693
v 0.3258 0.0100 -8.4286
v 0.3258 0.0300 -8.4286
v 0.3166 0.0300 -8.3693
v 0.3258 0.0100 -8.4286
v 2.2238 0.0100 -8.1365
v 2.2238 0.0300 -8.1365
v 0.3258 0.0300 -8.4286
v 2.2147 0.0100 -8.0772
v 0.3166 0.0100 -8.3693
v 0.3166 0.0300 -8.3693
v 2.2147 0.0300 -8.0772
v 2.2238 0.0300 -8.1365
v 2.2147 0.0300 -8.0772
v 0.3166 0.0300 -8.3693
v 0.3258 0.0300 -8.4286
v 0.3258 0.0100 -8.4286
v 0.3166 0.0100 -8.3693
v 2.2147 0.0100 -8.0772
v 2.2238 0.0100 -8.1365
v 0.4101 0.0100 -8.4249
v 0.4140 0.0100 -8.3651
v 0.4140 0.0300 -8.3651
v 0.4101 0.0300 -8.4249
v -1.5023 0.0100 -8.2395
v -1.5062 0.0100 -8.2993
v -1.5062 0.0300 -8.2993
v -1.5023 0.0300 -8.2395
v -1.5062 0.0100 -8.2993
v 0.4101 0.0100 -8.4249
v 0.4101 0.0300 -8.4249
v -1.5062 0.0300 -8.2993
v 0.4140 0.0100 -8.3651
v -1.5023 0.0100 -8.2395
v -1.5023 0.0300 -8.2395
v 0.4140 0.0300 -8.3651
v 0.4101 0.0300 -8.4249
v 0.4140 0.0300 -8.3651
v -1.5023 0.0300 -8.2395
v -1.5062 0.0300 -8.2993
v -1.5062 0.0100 -8.2993
v -1.5023 0.0100 -8.2395
v 0.4140 0.0100 -8.3651
v 0.4101 0.0100 -8.4249
v -1.4231 0.0100 -8.3140
v -1.4064 0.0100 -8.2564
v -1.4064 0.0300 -8.2564
v -1.4231 0.0300 -8.3140
v -3.2500 0.0100 -7.7190
v -3.2668 0.0100 -7.7766
v -3.2668 0.0300 -7.7766
v -3.2500 0.0300 -7.7190
v -3.2668 0.0100 -7.7766
v -1.4231 0.0100 -8.3140
v -1.4231 0.0300 -8.3140
v -3.2668 0.0300 -7.7766
v -1.4064 0.0100 -8.2564
v -3.2500 0.0100 -7.7190
v -3.2500 0.0300 -7.7190
v -1.4064 0.0300 -8.2564
v -1.4231 0.0300 -8.3140
v -1.4064 0.0300 -8.2564
v -3.2500 0.0300 -7.7190
v -3.2668 0.0300 -7.7766
v -3.2668 0.0100 -7.7766
v -3.2500 0.0100 -7.7190
v -1.4064 0.0100 -8.2564
v -1.4231 0.0100 -8.3140
v -3.1889 0.0100 -7.8089
v -3.1600 0.0100 -7.7563
v -3.1600 0.0300 -7.7563
v -3.1889 0.0300 -7.8089
v -4.8437 0.0100 -6.8326
v -4.8726 0.0100 -6.8852
v -4.8726 0.0300 -6.8852
v -4.8437 0.0300 -6.8326
v -4.8726 0.0100 -6.8852
v -3.1889 0.0100 -7.8089
v -3.1889 0.0300 -7.8089
v -4.8726 0.0300 -6.8852
v -3.1600 0.0100 -7.7563
v -4.8437 0.0100 -6.8326
v -4.8437 0.0300 -6.8326
v -3.1600 0.0300 -7.7563
v -3.1889 0.0300 -7.8089
v -3.1600 0.0300 -7.7563
v -4.8437 0.0300 -6.8326
v -4.8726 0.0300 -6.8852
v -4.8726 0.0100 -6.8852
v -4.8437 0.0100 -6.8326
v -3.1600 0.0100 -7.7563
v -3.1889 0.0100 -7.8089
v -4.8034 0.0100 -6.9336
v -4.7639 0.0100 -6.8885
v -4.7639 0.0300 -6.8885
v -4.8034 0.0300 -6.9336
v -6.2077 0.0100 -5.6223
v -6.2473 0.0100 -5.6674
v -6.2473 0.0300 -5.6674
v -6.2077 0.0300 -5.6223
v -6.2473 0.0100 -5.6674
v -4.8034 0.0100 -6.9336
v -4.8034 0.0300 -6.9336
v -6.2473 0.0300 -5.6674
v -4.7639 0.0100 -6.8885
v -6.2077 0.0100 -5.6223
v -6.2077 0.0300 -5.6223
v -4.7639 0.0300 -6.8885
v -4.8034 0.0300 -6.9336
v -4.7639 0.0300 -6.8885
v -6.2077 0.0300 -5.6223
v -6.2473 0.0300 -5.6674
v -6.2473 0.0100 -5.6674
v -6.2077 0.0100 -5.6223
v -4.7639 0.0100 -6.8885
v -4.8034 0.0100 -6.9336
v -6.1903 0.0100 -5.7296
v -6.1419 0.0100 -5.6941
v -6.1419 0.0300 -5.6941
v -6.1903 0.0300 -5.7296
v -7.2775 0.0100 -4.1454
v -7.3258 0.0100 -4.1809
v -7.3258 0.0300 -4.1809
v -7.2775 0.0300 -4.1454
v -7.3258 0.0100 -4.1809
v -6.1903 0.0100 -5.7296
v -6.1903 0.0300 -5.7296
v -7.3258 0.0300 -4.1809
v -6.1419 0.0100 -5.6941
v -7.2775 0.0100 -4.1454
v -7.2775 0.0300 -4.1454
v -6.1419 0.0300 -5.6941
v -6.1903 0.0300 -5.7296
v -6.1419 0.0300 -5.6941
v -7.2775 0.0300 -4.1454
v -7.3258 0.0300 -4.1809
v -7.3258 0.0100 -4.1809
v -7.2775 0.0100 -4.1454
v -6.1419 0.0100 -5.6941
v -6.1903 0.0100 -5.7296
v -7.2837 0.0100 -4.2539
v -7.2287 0.0100 -4.2298
v -7.2287 0.0300 -4.2298
v -7.2837 0.0300 -4.2539
v -8.0022 0.0100 -2.4720
v -8.0571 0.0100 -2.4962
v -8.0571 0.0300 -2.4962
v -8.0022 0.0300 -2.4720
v -8.0571 0.0100 -2.4962
v -7.2837 0.0100 -4.2539
v -7.2837 0.0300 -4.2539
v -8.0571 0.0300 -2.4962
v -7.2287 0.0100 -4.2298
v -8.0022 0.0100 -2.4720
v -8.0022 0.0300 -2.4720
v -7.2287 0.0300 -4.2298
v -7.2837 0.0300 -4.2539
v -7.2287 0.0300 -4.2298
v -8.0022 0.0300 -2.4720
v -8.0571 0.0300 -2.4962
v -8.0571 0.0100 -2.4962
v -8.0022 0.0100 -2.4720
v -7.2287 0.0100 -4.2298
v -7.2837 0.0100 -4.2539
v -8.0317 0.0100 -2.5766
v -7.9729 0.0100 -2.5649
v -7.9729 0.0300 -2.5649
v -8.0317 0.0300 -2.5766
v -8.3475 0.0100 -0.6814
v -8.4064 0.0100 -0.6931
v -8.4064 0.0300 -0.6931
v -8.3475 0.0300 -0.6814
v -8.4064 0.0100 -0.6931
v -8.0317 0.0100 -2.5766
v -8.0317 0.0300 -2.5766
v -8.4064 0.0300 -0.6931
v -7.9729 0.0100 -2.5649
v -8.3475 0.0100 -0.6814
v -8.3475 0.0300 -0.6814
v -7.9729 0.0300 -2.5649
v -8.0317 0.0300 -2.5766
v -7.9729 0.0300 -2.5649
v -8.3475 0.0300 -0.6814
v -8.4064 0.0300 -0.6931
v -8.4064 0.0100 -0.6931
v -8.3475 0.0100 -0.6814
v -7.9729 0.0100 -2.5649
v -8.0317 0.0100 -2.5766
v 0.0000 0.1000 0.0000
v 0.0000 0.0000 0.0000
v 0.0000 0.1000 2.2000
v 0.0000 0.0000 2.2000
v 0.4292 0.1000 2.1577
v 0.4292 0.0000 2.1577
v 0.8419 0.1000 2.0325
v 0.8419 0.0000 2.0325
v 1.2223 0.1000 1.8292
v 1.2223 0.0000 1.8292
v 1.5556 0.1000 1.5556
v 1.5556 0.0000 1.5556
v 1.8292 0.1000 1.2223
v 1.8292 0.0000 1.2223
v 2.0325 0.1000 0.8419
v 2.0325 0.0000 0.8419
v 2.1577 0.1000 0.4292
v 2.1577 0.0000 0.4292
v 2.2000 0.1000 0.0000
v 2.2000 0.0000 0.0000
v 2.1577 0.1000 -0.4292
v 2.1577 0.0000 -0.4292
v 2.0325 0.1000 -0.8419
v 2.0325 0.0000 -0.8419
v 1.8292 0.1000 -1.2223
v 1.8292 0.0000 -1.2223
v 1.5556 0.1000 -1.5556
v 1.5556 0.0000 -1.5556
v 1.2223 0.1000 -1.8292
v 1.2223 0.0000 -1.8292
v 0.8419 0.1000 -2.0325
v 0.8419 0.0000 -2.0325
v 0.4292 0.1000 -2.1577
v 0.4292 0.0000 -2.1577
v 0.0000 0.1000 -2.2000
v 0.0000 0.0000 -2.2000
v -0.4292 0.1000 -2.1577
v -0.4292 0.0000 -2.1577
v -0.8419 0.1000 -2.0325
v -0.8419 0.0000 -2.0325
v -1.2223 0.1000 -1.8292
v -1.2223 0.0000 -1.8292
v -1.5556 0.1000 -1.5556
v -1.5556 0.0000 -1.5556
v -1.8292 0.1000 -1.2223
v -1.8292 0.0000 -1.2223
v -2.0325 0.1000 -0.8419
v -2.0325 0.0000 -0.8419
v -2.1577 0.1000 -0.4292
v -2.1577 0.0000 -0.4292
v -2.2000 0.1000 0.0000
v -2.2000 0.0000 0.0000
v -2.1577 0.1000 0.4292
v -2.1577 0.0000 0.4292
v -2.0325 0.1000 0.8419
v -2.0325 0.0000 0.8419
v -1.8292 0.1000 1.2223
v -1.8292 0.0000 1.2223
v -1.5556 0.1000 1.5556
v -1.5556 0.0000 1.5556
v -1.2223 0.1000 1.8292
v -1.2223 0.0000 1.8292
v -0.8419 0.1000 2.0325
v -0.8419 0.0000 2.0325
v -0.4292 0.1000 2.1577
v -0.4292 0.0000 2.1577
v 0.0000 0.1070 2.0500
v 0.0000 0.1070 2.2000
v 0.0000 0.0950 2.0500
v 0.0000 0.0950 2.2000
v 0.3999 0.1070 2.0106
v 0.4292 0.1070 2.1577
v 0.3999 0.0950 2.0106
v 0.4292 0.0950 2.1577
v 0.7845 0.1070 1.8940
v 0.8419 0.1070 2.0325
v 0.7845 0.0950 1.8940
v 0.8419 0.0950 2.0325
v 1.1389 0.1070 1.7045
v 1.2223 0.1070 1.8292
v 1.1389 0.0950 1.7045
v 1.2223 0.0950 1.8292
v 1.4496 0.1070 1.4496
v 1.5556 0.1070 1.5556
v 1.4496 0.0950 1.4496
v 1.5556 0.0950 1.5556
v 1.7045 0.1070 1.1389
v 1.8292 0.1070 1.2223
v 1.7045 0.0950 1.1389
v 1.8292 0.0950 1.2223
v 1.8940 0.1070 0.7845
v 2.0325 0.1070 0.8419
v 1.8940 0.0950 0.7845
v 2.0325 0.0950 0.8419
v 2.0106 0.1070 0.3999
v 2.1577 0.1070 0.4292
v 2.0106 0.0950 0.3999
v 2.1577 0.0950 0.4292
v 2.0500 0.1070 0.0000
v 2.2000 0.1070 0.0000
v 2.0500 0.0950 0.0000
v 2.2000 0.0950 0.0000
v 2.0106 0.1070 -0.3999
v 2.1577 0.1070 -0.4292
v 2.0106 0.0950 -0.3999
v 2.1577 0.0950 -0.4292
v 1.8940 0.1070 -0.7845
v 2.0325 0.1070 -0.8419
v 1.8940 0.0950 -0.7845
v 2.0325 0.0950 -0.8419
v 1.7045 0.1070 -1.1389
v 1.8292 0.1070 -1.2223
v 1.7045 0.0950 -1.1389
v 1.8292 0.0950 -1.2223
v 1.4496 0.1070 -1.4496
v 1.5556 0.1070 -1.5556
v 1.4496 0.0950 -1.4496
v 1.5556 0.0950 -1.5556
v 1.1389 0.1070 -1.7045
v 1.2223 0.1070 -1.8292
v 1.1389 0.0950 -1.7045
v 1.2223 0.0950 -1.8292
v 0.7845 0.1070 -1.8940
v 0.8419 0.1070 -2.0325
v 0.7845 0.0950 -1.8940
v 0.8419 0.0950 -2.0325
v 0.3999 0.1070 -2.0106
v 0.4292 0.1070 -2.1577
v 0.3999 0.0950 -2.0106
v 0.4292 0.0950 -2.1577
v 0.0000 0.1070 -2.0500
v 0.0000 0.1070 -2.2000
v 0.0000 0.0950 -2.0500
v 0.0000 0.0950 -2.2000
v -0.3999 0.1070 -2.0106
v -0.4292 0.1070 -2.1577
v -0.3999 0.0950 -2.0106
v -0.4292 0.0950 -2.1577
v -0.7845 0.1070 -1.8940
v -0.8419 0.1070 -2.0325
v -0.7845 0.0950 -1.8940
v -0.8419 0.0950 -2.0325
v -1.1389 0.1070 -1.7045
v -1.2223 0.1070 -1.8292
v -1.1389 0.0950 -1.7045
v -1.2223 0.0950 -1.8292
v -1.4496 0.1070 -1.4496
v -1.5556 0.1070 -1.5556
v -1.4496 0.0950 -1.4496
v -1.5556 0.0950 -1.5556
v -1.7045 0.1070 -1.1389
v -1.8292 0.1070 -1.2223
v -1.7045 0.0950 -1.1389
v -1.8292 0.0950 -1.2223
v -1.8940 0.1070 -0.7845
v -2.0325 0.1070 -0.8419
v -1.8940 0.0950 -0.7845
v -2.0325 0.0950 -0.8419
v -2.0106 0.1070 -0.3999
v -2.1577 0.1070 -0.4292
v -2.0106 0.0950 -0.3999
v -2.1577 0.0950 -0.4292
v -2.0500 0.1070 0.0000
v -2.2000 0.1070 0.0000
v -2.0500 0.0950 0.0000
v -2.2000 0.0950 0.0000
v -2.0106 0.1070 0.3999
v -2.1577 0.1070 0.4292
v -2.0106 0.0950 0.3999
v -2.1577 0.0950 0.4292
v -1.8940 0.1070 0.7845
v -2.0325 0.1070 0.8419
v -1.8940 0.0950 0.7845
v -2.0325 0.0950 0.8419
v -1.7045 0.1070 1.1389
v -1.8292 0.1070 1.2223
v -1.7045 0.0950 1.1389
v -1.8292 0.0950 1.2223
v -1.4496 0.1070 1.4496
v -1.5556 0.1070 1.5556
v -1.4496 0.0950 1.4496
v -1.5556 0.0950 1.5556
v -1.1389 0.1070 1.7045
v -1.2223 0.1070 1.8292
v -1.1389 0.0950 1.7045
v -1.2223 0.0950 1.8292
v -0.7845 0.1070 1.8940
v -0.8419 0.1070 2.0325
v -0.7845 0.0950 1.8940
v -0.8419 0.0950 2.0325
v -0.3999 0.1070 2.0106
v -0.4292 0.1070 2.1577
v -0.3999 0.0950 2.0106
v -0.4292 0.0950 2.1577
v 0.0000 0.1070 1.1500
v 0.0000 0.1070 1.2500
v 0.0000 0.0950 1.1500
v 0.0000 0.0950 1.2500
v 0.2976 0.1070 1.1108
v 0.3235 0.1070 1.2074
v 0.2976 0.0950 1.1108
v 0.3235 0.0950 1.2074
v 0.5750 0.1070 0.9959
v 0.6250 0.1070 1.0825
v 0.5750 0.0950 0.9959
v 0.6250 0.0950 1.0825
v 0.8132 0.1070 0.8132
v 0.8839 0.1070 0.8839
v 0.8132 0.0950 0.8132
v 0.8839 0.0950 0.8839
v 0.9959 0.1070 0.5750
v 1.0825 0.1070 0.6250
v 0.9959 0.0950 0.5750
v 1.0825 0.0950 0.6250
v 1.1108 0.1070 0.2976
v 1.2074 0.1070 0.3235
v 1.1108 0.0950 0.2976
v 1.2074 0.0950 0.3235
v 1.1500 0.1070 0.0000
v 1.2500 0.1070 0.0000
v 1.1500 0.0950 0.0000
v 1.2500 0.0950 0.0000
v 1.1108 0.1070 -0.2976
v 1.2074 0.1070 -0.3235
v 1.1108 0.0950 -0.2976
v 1.2074 0.0950 -0.3235
v 0.9959 0.1070 -0.5750
v 1.0825 0.1070 -0.6250
v 0.9959 0.0950 -0.5750
v 1.0825 0.0950 -0.6250
v 0.8132 0.1070 -0.8132
v 0.8839 0.1070 -0.8839
v 0.8132 0.0950 -0.8132
v 0.8839 0.0950 -0.8839
v 0.5750 0.1070 -0.9959
v 0.6250 0.1070 -1.0825
v 0.5750 0.0950 -0.9959
v 0.6250 0.0950 -1.0825
v 0.2976 0.1070 -1.1108
v 0.3235 0.1070 -1.2074
v 0.2976 0.0950 -1.1108
v 0.3235 0.0950 -1.2074
v 0.0000 0.1070 -1.1500
v 0.0000 0.1070 -1.2500
v 0.0000 0.0950 -1.1500
v 0.0000 0.0950 -1.2500
v -0.2976 0.1070 -1.1108
v -0.3235 0.1070 -1.2074
v -0.2976 0.0950 -1.1108
v -0.3235 0.0950 -1.2074
v -0.5750 0.1070 -0.9959
v -0.6250 0.1070 -1.0825
v -0.5750 0.0950 -0.9959
v -0.6250 0.0950 -1.0825
v -0.8132 0.1070 -0.8132
v -0.8839 0.1070 -0.8839
v -0.8132 0.0950 -0.8132
v -0.8839 0.0950 -0.8839
v -0.9959 0.1070 -0.5750
v -1.0825 0.1070 -0.6250
v -0.9959 0.0950 -0.5750
v -1.0825 0.0950 -0.6250
v -1.1108 0.1070 -0.2976
v -1.2074 0.1070 -0.3235
v -1.1108 0.0950 -0.2976
v -1.2074 0.0950 -0.3235
v -1.1500 0.1070 0.0000
v -1.2500 0.1070 0.0000
v -1.1500 0.0950 0.0000
v -1.2500 0.0950 0.0000
v -1.1108 0.1070 0.2976
v -1.2074 0.1070 0.3235
v -1.1108 0.0950 0.2976
v -1.2074 0.0950 0.3235
v -0.9959 0.1070 0.5750
v -1.0825 0.1070 0.6250
v -0.9959 0.0950 0.5750
v -1.0825 0.0950 0.6250
v -0.8132 0.1070 0.8132
v -0.8839 0.1070 0.8839
v -0.8132 0.0950 0.8132
v -0.8839 0.0950 0.8839
v -0.5750 0.1070 0.9959
v -0.6250 0.1070 1.0825
v -0.5750 0.0950 0.9959
v -0.6250 0.0950 1.0825
v -0.2976 0.1070 1.1108
v -0.3235 0.1070 1.2074
v -0.2976 0.0950 1.1108
v -0.3235 0.0950 1.2074
v -0.0300 0.0995 -2.0000
v 0.0300 0.0995 -2.0000
v 0.0300 0.1045 -2.0000
v -0.0300 0.1045 -2.0000
v 0.0300 0.0995 2.0000
v -0.0300 0.0995 2.0000
v -0.0300 0.1045 2.0000
v 0.0300 0.1045 2.0000
v -0.0300 0.0995 2.0000
v -0.0300 0.0995 -2.0000
v -0.0300 0.1045 -2.0000
v -0.0300 0.1045 2.0000
v 0.0300 0.0995 -2.0000
v 0.0300 0.0995 2.0000
v 0.0300 0.1045 2.0000
v 0.0300 0.1045 -2.0000
v -0.0300 0.1045 -2.0000
v 0.0300 0.1045 -2.0000
v 0.0300 0.1045 2.0000
v -0.0300 0.1045 2.0000
v -0.0300 0.0995 2.0000
v 0.0300 0.0995 2.0000
v 0.0300 0.0995 -2.0000
v -0.0300 0.0995 -2.0000
v -2.0000 0.0995 -0.0300
v 2.0000 0.0995 -0.0300
v 2.0000 0.1045 -0.0300
v -2.0000 0.1045 -0.0300
v 2.0000 0.0995 0.0300
v -2.0000 0.0995 0.0300
v -2.0000 0.1045 0.0300
v 2.0000 0.1045 0.0300
v -2.0000 0.0995 0.0300
v -2.0000 0.0995 -0.0300
v -2.0000 0.1045 -0.0300
v -2.0000 0.1045 0.0300
v 2.0000 0.0995 -0.0300
v 2.0000 0.0995 0.0300
v 2.0000 0.1045 0.0300
v 2.0000 0.1045 -0.0300
v -2.0000 0.1045 -0.0300
v 2.0000 0.1045 -0.0300
v 2.0000 0.1045 0.0300
v -2.0000 0.1045 0.0300
v -2.0000 0.0995 0.0300
v 2.0000 0.0995 0.0300
v 2.0000 0.0995 -0.0300
v -2.0000 0.0995 -0.0300
v 0.0000 0.1600 2.4000
v 0.0000 0.0000 2.4000
v 0.0000 0.1600 3.9000
v 0.0000 0.0000 3.9000
v 0.3882 0.1600 3.8489
v 0.3882 0.0000 3.8489
v 0.7500 0.1600 3.6990
v 0.7500 0.0000 3.6990
v 1.0607 0.1600 3.4607
v 1.0607 0.0000 3.4607
v 1.2990 0.1600 3.1500
v 1.2990 0.0000 3.1500
v 1.4489 0.1600 2.7882
v 1.4489 0.0000 2.7882
v 1.5000 0.1600 2.4000
v 1.5000 0.0000 2.4000
v 1.4489 0.1600 2.0118
v 1.4489 0.0000 2.0118
v 1.2990 0.1600 1.6500
v 1.2990 0.0000 1.6500
v 1.0607 0.1600 1.3393
v 1.0607 0.0000 1.3393
v 0.7500 0.1600 1.1010
v 0.7500 0.0000 1.1010
v 0.3882 0.1600 0.9511
v 0.3882 0.0000 0.9511
v 0.0000 0.1600 0.9000
v 0.0000 0.0000 0.9000
v -0.3882 0.1600 0.9511
v -0.3882 0.0000 0.9511
v -0.7500 0.1600 1.1010
v -0.7500 0.0000 1.1010
v -1.0607 0.1600 1.3393
v -1.0607 0.0000 1.3393
v -1.2990 0.1600 1.6500
v -1.2990 0.0000 1.6500
v -1.4489 0.1600 2.0118
v -1.4489 0.0000 2.0118
v -1.5000 0.1600 2.4000
v -1.5000 0.0000 2.4000
v -1.4489 0.1600 2.7882
v -1.4489 0.0000 2.7882
v -1.2990 0.1600 3.1500
v -1.2990 0.0000 3.1500
v -1.0607 0.1600 3.4607
v -1.0607 0.0000 3.4607
v -0.7500 0.1600 3.6990
v -0.7500 0.0000 3.6990
v -0.3882 0.1600 3.8489
v -0.3882 0.0000 3.8489
v 0.0000 0.1670 3.8000
v 0.0000 0.1670 3.9000
v 0.0000 0.1550 3.8000
v 0.0000 0.1550 3.9000
v 0.3623 0.1670 3.7523
v 0.3882 0.1670 3.8489
v 0.3623 0.1550 3.7523
v 0.3882 0.1550 3.8489
v 0.7000 0.1670 3.6124
v 0.7500 0.1670 3.6990
v 0.7000 0.1550 3.6124
v 0.7500 0.1550 3.6990
v 0.9899 0.1670 3.3900
v 1.0607 0.1670 3.4607
v 0.9899 0.1550 3.3900
v 1.0607 0.1550 3.4607
v 1.2124 0.1670 3.1000
v 1.2990 0.1670 3.1500
v 1.2124 0.1550 3.1000
v 1.2990 0.1550 3.1500
v 1.3523 0.1670 2.7623
v 1.4489 0.1670 2.7882
v 1.3523 0.1550 2.7623
v 1.4489 0.1550 2.7882
v 1.4000 0.1670 2.4000
v 1.5000 0.1670 2.4000
v 1.4000 0.1550 2.4000
v 1.5000 0.1550 2.4000
v 1.3523 0.1670 2.0377
v 1.4489 0.1670 2.0118
v 1.3523 0.1550 2.0377
v 1.4489 0.1550 2.0118
v 1.2124 0.1670 1.7000
v 1.2990 0.1670 1.6500
v 1.2124 0.1550 1.7000
v 1.2990 0.1550 1.6500
v 0.9899 0.1670 1.4101
v 1.0607 0.1670 1.3393
v 0.9899 0.1550 1.4101
v 1.0607 0.1550 1.3393
v 0.7000 0.1670 1.1876
v 0.7500 0.1670 1.1010
v 0.7000 0.1550 1.1876
v 0.7500 0.1550 1.1010
v 0.3623 0.1670 1.0477
v 0.3882 0.1670 0.9511
v 0.3623 0.1550 1.0477
v 0.3882 0.1550 0.9511
v 0.0000 0.1670 1.0000
v 0.0000 0.1670 0.9000
v 0.0000 0.1550 1.0000
v 0.0000 0.1550 0.9000
v -0.3623 0.1670 1.0477
v -0.3882 0.1670 0.9511
v -0.3623 0.1550 1.0477
v -0.3882 0.1550 0.9511
v -0.7000 0.1670 1.1876
v -0.7500 0.1670 1.1010
v -0.7000 0.1550 1.1876
v -0.7500 0.1550 1.1010
v -0.9899 0.1670 1.4101
v -1.0607 0.1670 1.3393
v -0.9899 0.1550 1.4101
v -1.0607 0.1550 1.3393
v -1.2124 0.1670 1.7000
v -1.2990 0.1670 1.6500
v -1.2124 0.1550 1.7000
v -1.2990 0.1550 1.6500
v -1.3523 0.1670 2.0377
v -1.4489 0.1670 2.0118
v -1.3523 0.1550 2.0377
v -1.4489 0.1550 2.0118
v -1.4000 0.1670 2.4000
v -1.5000 0.1670 2.4000
v -1.4000 0.1550 2.4000
v -1.5000 0.1550 2.4000
v -1.3523 0.1670 2.7623
v -1.4489 0.1670 2.7882
v -1.3523 0.1550 2.7623
v -1.4489 0.1550 2.7882
v -1.2124 0.1670 3.1000
v -1.2990 0.1670 3.1500
v -1.2124 0.1550 3.1000
v -1.2990 0.1550 3.1500
v -0.9899 0.1670 3.3900
v -1.0607 0.1670 3.4607
v -0.9899 0.1550 3.3900
v -1.0607 0.1550 3.4607
v -0.7000 0.1670 3.6124
v -0.7500 0.1670 3.6990
v -0.7000 0.1550 3.6124
v -0.7500 0.1550 3.6990
v -0.3623 0.1670 3.7523
v -0.3882 0.1670 3.8489
v -0.3623 0.1550 3.7523
v -0.3882 0.1550 3.8489
v -4.8000 0.3000 4.2000
v -4.8000 0.0000 4.2000
v -4.8000 0.3000 5.4500
v -4.8000 0.0000 5.4500
v -4.3216 0.3000 5.3548
v -4.3216 0.0000 5.3548
v -3.9161 0.3000 5.0839
v -3.9161 0.0000 5.0839
v -3.6452 0.3000 4.6784
v -3.6452 0.0000 4.6784
v -3.5500 0.3000 4.2000
v -3.5500 0.0000 4.2000
v -3.6452 0.3000 3.7216
v -3.6452 0.0000 3.7216
v -3.9161 0.3000 3.3161
v -3.9161 0.0000 3.3161
v -4.3216 0.3000 3.0452
v -4.3216 0.0000 3.0452
v -4.8000 0.3000 2.9500
v -4.8000 0.0000 2.9500
v -5.2784 0.3000 3.0452
v -5.2784 0.0000 3.0452
v -5.6839 0.3000 3.3161
v -5.6839 0.0000 3.3161
v -5.9549 0.3000 3.7216
v -5.9549 0.0000 3.7216
v -6.0500 0.3000 4.2000
v -6.0500 0.0000 4.2000
v -5.9548 0.3000 4.6784
v -5.9548 0.0000 4.6784
v -5.6839 0.3000 5.0839
v -5.6839 0.0000 5.0839
v -5.2784 0.3000 5.3548
v -5.2784 0.0000 5.3548
v -4.8000 0.3085 5.3600
v -4.8000 0.3085 5.4700
v -4.8000 0.2935 5.3600
v -4.8000 0.2935 5.4700
v -4.3561 0.3085 5.2717
v -4.3140 0.3085 5.3733
v -4.3561 0.2935 5.2717
v -4.3140 0.2935 5.3733
v -3.9798 0.3085 5.0202
v -3.9020 0.3085 5.0980
v -3.9798 0.2935 5.0202
v -3.9020 0.2935 5.0980
v -3.7283 0.3085 4.6439
v -3.6267 0.3085 4.6860
v -3.7283 0.2935 4.6439
v -3.6267 0.2935 4.6860
v -3.6400 0.3085 4.2000
v -3.5300 0.3085 4.2000
v -3.6400 0.2935 4.2000
v -3.5300 0.2935 4.2000
v -3.7283 0.3085 3.7561
v -3.6267 0.3085 3.7140
v -3.7283 0.2935 3.7561
v -3.6267 0.2935 3.7140
v -3.9798 0.3085 3.3798
v -3.9020 0.3085 3.3020
v -3.9798 0.2935 3.3798
v -3.9020 0.2935 3.3020
v -4.3561 0.3085 3.1283
v -4.3140 0.3085 3.0267
v -4.3561 0.2935 3.1283
v -4.3140 0.2935 3.0267
v -4.8000 0.3085 3.0400
v -4.8000 0.3085 2.9300
v -4.8000 0.2935 3.0400
v -4.8000 0.2935 2.9300
v -5.2439 0.3085 3.1283
v -5.2860 0.3085 3.0267
v -5.2439 0.2935 3.1283
v -5.2860 0.2935 3.0267
v -5.6202 0.3085 3.3798
v -5.6980 0.3085 3.3020
v -5.6202 0.2935 3.3798
v -5.6980 0.2935 3.3020
v -5.8717 0.3085 3.7561
v -5.9733 0.3085 3.7140
v -5.8717 0.2935 3.7561
v -5.9733 0.2935 3.7140
v -5.9600 0.3085 4.2000
v -6.0700 0.3085 4.2000
v -5.9600 0.2935 4.2000
v -6.0700 0.2935 4.2000
v -5.8717 0.3085 4.6439
v -5.9733 0.3085 4.6860
v -5.8717 0.2935 4.6439
v -5.9733 0.2935 4.6860
v -5.6202 0.3085 5.0202
v -5.6980 0.3085 5.0980
v -5.6202 0.2935 5.0202
v -5.6980 0.2935 5.0980
v -5.2439 0.3085 5.2717
v -5.2860 0.3085 5.3733
v -5.2439 0.2935 5.2717
v -5.2860 0.2935 5.3733
v 0.0000 0.3000 6.2000
v 0.0000 0.0000 6.2000
v 0.0000 0.3000 7.4500
v 0.0000 0.0000 7.4500
v 0.4784 0.3000 7.3548
v 0.4784 0.0000 7.3548
v 0.8839 0.3000 7.0839
v 0.8839 0.0000 7.0839
v 1.1548 0.3000 6.6784
v 1.1548 0.0000 6.6784
v 1.2500 0.3000 6.2000
v 1.2500 0.0000 6.2000
v 1.1548 0.3000 5.7216
v 1.1548 0.0000 5.7216
v 0.8839 0.3000 5.3161
v 0.8839 0.0000 5.3161
v 0.4784 0.3000 5.0452
v 0.4784 0.0000 5.0452
v 0.0000 0.3000 4.9500
v 0.0000 0.0000 4.9500
v -0.4784 0.3000 5.0452
v -0.4784 0.0000 5.0452
v -0.8839 0.3000 5.3161
v -0.8839 0.0000 5.3161
v -1.1549 0.3000 5.7216
v -1.1549 0.0000 5.7216
v -1.2500 0.3000 6.2000
v -1.2500 0.0000 6.2000
v -1.1548 0.3000 6.6784
v -1.1548 0.0000 6.6784
v -0.8839 0.3000 7.0839
v -0.8839 0.0000 7.0839
v -0.4784 0.3000 7.3548
v -0.4784 0.0000 7.3548
v 0.0000 0.3085 7.3600
v 0.0000 0.3085 7.4700
v 0.0000 0.2935 7.3600
v 0.0000 0.2935 7.4700
v 0.4439 0.3085 7.2717
v 0.4860 0.3085 7.3733
v 0.4439 0.2935 7.2717
v 0.4860 0.2935 7.3733
v 0.8202 0.3085 7.0202
v 0.8980 0.3085 7.0980
v 0.8202 0.2935 7.0202
v 0.8980 0.2935 7.0980
v 1.0717 0.3085 6.6439
v 1.1733 0.3085 6.6860
v 1.0717 0.2935 6.6439
v 1.1733 0.2935 6.6860
v 1.1600 0.3085 6.2000
v 1.2700 0.3085 6.2000
v 1.1600 0.2935 6.2000
v 1.2700 0.2935 6.2000
v 1.0717 0.3085 5.7561
v 1.1733 0.3085 5.7140
v 1.0717 0.2935 5.7561
v 1.1733 0.2935 5.7140
v 0.8202 0.3085 5.3798
v 0.8980 0.3085 5.3020
v 0.8202 0.2935 5.3798
v 0.8980 0.2935 5.3020
v 0.4439 0.3085 5.1283
v 0.4860 0.3085 5.0267
v 0.4439 0.2935 5.1283
v 0.4860 0.2935 5.0267
v 0.0000 0.3085 5.0400
v 0.0000 0.3085 4.9300
v 0.0000 0.2935 5.0400
v 0.0000 0.2935 4.9300
v -0.4439 0.3085 5.1283
v -0.4860 0.3085 5.0267
v -0.4439 0.2935 5.1283
v -0.4860 0.2935 5.0267
v -0.8202 0.3085 5.3798
v -0.8980 0.3085 5.3020
v -0.8202 0.2935 5.3798
v -0.8980 0.2935 5.3020
v -1.0717 0.3085 5.7561
v -1.1733 0.3085 5.7140
v -1.0717 0.2935 5.7561
v -1.1733 0.2935 5.7140
v -1.1600 0.3085 6.2000
v -1.2700 0.3085 6.2000
v -1.1600 0.2935 6.2000
v -1.2700 0.2935 6.2000
v -1.0717 0.3085 6.6439
v -1.1733 0.3085 6.6860
v -1.0717 0.2935 6.6439
v -1.1733 0.2935 6.6860
v -0.8202 0.3085 7.0202
v -0.8980 0.3085 7.0980
v -0.8202 0.2935 7.0202
v -0.8980 0.2935 7.0980
v -0.4439 0.3085 7.2717
v -0.4860 0.3085 7.3733
v -0.4439 0.2935 7.2717
v -0.4860 0.2935 7.3733
v 4.8000 0.3000 4.2000
v 4.8000 0.0000 4.2000
v 4.8000 0.3000 5.4500
v 4.8000 0.0000 5.4500
v 5.2784 0.3000 5.3548
v 5.2784 0.0000 5.3548
v 5.6839 0.3000 5.0839
v 5.6839 0.0000 5.0839
v 5.9549 0.3000 4.6784
v 5.9549 0.0000 4.6784
v 6.0500 0.3000 4.2000
v 6.0500 0.0000 4.2000
v 5.9549 0.3000 3.7216
v 5.9549 0.0000 3.7216
v 5.6839 0.3000 3.3161
v 5.6839 0.0000 3.3161
v 5.2784 0.3000 3.0452
v 5.2784 0.0000 3.0452
v 4.8000 0.3000 2.9500
v 4.8000 0.0000 2.9500
v 4.3216 0.3000 3.0452
v 4.3216 0.0000 3.0452
v 3.9161 0.3000 3.3161
v 3.9161 0.0000 3.3161
v 3.6452 0.3000 3.7216
v 3.6452 0.0000 3.7216
v 3.5500 0.3000 4.2000
v 3.5500 0.0000 4.2000
v 3.6452 0.3000 4.6784
v 3.6452 0.0000 4.6784
v 3.9161 0.3000 5.0839
v 3.9161 0.0000 5.0839
v 4.3216 0.3000 5.3548
v 4.3216 0.0000 5.3548
v 4.8000 0.3085 5.3600
v 4.8000 0.3085 5.4700
v 4.8000 0.2935 5.3600
v 4.8000 0.2935 5.4700
v 5.2439 0.3085 5.2717
v 5.2860 0.3085 5.3733
v 5.2439 0.2935 5.2717
v 5.2860 0.2935 5.3733
v 5.6202 0.3085 5.0202
v 5.6980 0.3085 5.0980
v 5.6202 0.2935 5.0202
v 5.6980 0.2935 5.0980
v 5.8717 0.3085 4.6439
v 5.9733 0.3085 4.6860
v 5.8717 0.2935 4.6439
v 5.9733 0.2935 4.6860
v 5.9600 0.3085 4.2000
v 6.0700 0.3085 4.2000
v 5.9600 0.2935 4.2000
v 6.0700 0.2935 4.2000
v 5.8717 0.3085 3.7561
v 5.9733 0.3085 3.7140
v 5.8717 0.2935 3.7561
v 5.9733 0.2935 3.7140
v 5.6202 0.3085 3.3798
v 5.6980 0.3085 3.3020
v 5.6202 0.2935 3.3798
v 5.6980 0.2935 3.3020
v 5.2439 0.3085 3.1283
v 5.2860 0.3085 3.0267
v 5.2439 0.2935 3.1283
v 5.2860 0.2935 3.0267
v 4.8000 0.3085 3.0400
v 4.8000 0.3085 2.9300
v 4.8000 0.2935 3.0400
v 4.8000 0.2935 2.9300
v 4.3561 0.3085 3.1283
v 4.3140 0.3085 3.0267
v 4.3561 0.2935 3.1283
v 4.3140 0.2935 3.0267
v 3.9798 0.3085 3.3798
v 3.9020 0.3085 3.3020
v 3.9798 0.2935 3.3798
v 3.9020 0.2935 3.3020
v 3.7283 0.3085 3.7561
v 3.6267 0.3085 3.7140
v 3.7283 0.2935 3.7561
v 3.6267 0.2935 3.7140
v 3.6400 0.3085 4.2000
v 3.5300 0.3085 4.2000
v 3.6400 0.2935 4.2000
v 3.5300 0.2935 4.2000
v 3.7283 0.3085 4.6439
v 3.6267 0.3085 4.6860
v 3.7283 0.2935 4.6439
v 3.6267 0.2935 4.6860
v 3.9798 0.3085 5.0202
v 3.9020 0.3085 5.0980
v 3.9798 0.2935 5.0202
v 3.9020 0.2935 5.0980
v 4.3561 0.3085 5.2717
v 4.3140 0.3085 5.3733
v 4.3561 0.2935 5.2717
v 4.3140 0.2935 5.3733
v 8.2035 0.0000 -2.8817
v 8.6643 0.0000 -0.7293
v 8.6643 5.2000 -0.7293
v 8.2035 5.2000 -2.8817
v 8.4198 0.0000 -0.6770
v 7.9591 0.0000 -2.8294
v 7.9591 5.2000 -2.8294
v 8.4198 5.2000 -0.6770
v 7.9591 0.0000 -2.8294
v 8.2035 0.0000 -2.8817
v 8.2035 5.2000 -2.8817
v 7.9591 5.2000 -2.8294
v 8.6643 0.0000 -0.7293
v 8.4198 0.0000 -0.6770
v 8.4198 5.2000 -0.6770
v 8.6643 5.2000 -0.7293
v 8.2035 5.2000 -2.8817
v 8.6643 5.2000 -0.7293
v 8.4198 5.2000 -0.6770
v 7.9591 5.2000 -2.8294
v 7.9591 0.0000 -2.8294
v 8.4198 0.0000 -0.6770
v 8.6643 0.0000 -0.7293
v 8.2035 0.0000 -2.8817
v 8.4252 0.2000 -0.7672
v 8.4304 0.2000 -0.7075
v 8.4304 5.0000 -0.7075
v 8.4252 5.0000 -0.7672
v 8.3507 0.2000 -0.7005
v 8.3455 0.2000 -0.7603
v 8.3455 5.0000 -0.7603
v 8.3507 5.0000 -0.7005
v 8.3455 0.2000 -0.7603
v 8.4252 0.2000 -0.7672
v 8.4252 5.0000 -0.7672
v 8.3455 5.0000 -0.7603
v 8.4304 0.2000 -0.7075
v 8.3507 0.2000 -0.7005
v 8.3507 5.0000 -0.7005
v 8.4304 5.0000 -0.7075
v 8.4252 5.0000 -0.7672
v 8.4304 5.0000 -0.7075
v 8.3507 5.0000 -0.7005
v 8.3455 5.0000 -0.7603
v 8.3455 0.2000 -0.7603
v 8.3507 0.2000 -0.7005
v 8.4304 0.2000 -0.7075
v 8.4252 0.2000 -0.7672
v 7.2488 0.0000 -4.8018
v 8.2223 0.0000 -2.8277
v 8.2223 5.2000 -2.8277
v 7.2488 5.2000 -4.8018
v 7.9981 0.0000 -2.7171
v 7.0245 0.0000 -4.6912
v 7.0245 5.2000 -4.6912
v 7.9981 5.2000 -2.7171
v 7.0245 0.0000 -4.6912
v 7.2488 0.0000 -4.8018
v 7.2488 5.2000 -4.8018
v 7.0245 5.2000 -4.6912
v 8.2223 0.0000 -2.8277
v 7.9981 0.0000 -2.7171
v 7.9981 5.2000 -2.7171
v 8.2223 5.2000 -2.8277
v 7.2488 5.2000 -4.8018
v 8.2223 5.2000 -2.8277
v 7.9981 5.2000 -2.7171
v 7.0245 5.2000 -4.6912
v 7.0245 0.0000 -4.6912
v 7.9981 0.0000 -2.7171
v 8.2223 0.0000 -2.8277
v 7.2488 0.0000 -4.8018
v 7.9812 0.2000 -2.8059
v 8.0009 0.2000 -2.7492
v 8.0009 5.0000 -2.7492
v 7.9812 5.0000 -2.8059
v 7.9253 0.2000 -2.7230
v 7.9056 0.2000 -2.7796
v 7.9056 5.0000 -2.7796
v 7.9253 5.0000 -2.7230
v 7.9056 0.2000 -2.7796
v 7.9812 0.2000 -2.8059
v 7.9812 5.0000 -2.8059
v 7.9056 5.0000 -2.7796
v 8.0009 0.2000 -2.7492
v 7.9253 0.2000 -2.7230
v 7.9253 5.0000 -2.7230
v 8.0009 5.0000 -2.7492
v 7.9812 5.0000 -2.8059
v 8.0009 5.0000 -2.7492
v 7.9253 5.0000 -2.7230
v 7.9056 5.0000 -2.7796
v 7.9056 0.2000 -2.7796
v 7.9253 0.2000 -2.7230
v 8.0009 0.2000 -2.7492
v 7.9812 0.2000 -2.8059
v 5.8531 0.0000 -6.4299
v 7.2802 0.0000 -4.7540
v 7.2802 5.2000 -4.7540
v 5.8531 5.2000 -6.4299
v 7.0898 0.0000 -4.5919
v 5.6628 0.0000 -6.2678
v 5.6628 5.2000 -6.2678
v 7.0898 5.2000 -4.5919
v 5.6628 0.0000 -6.2678
v 5.8531 0.0000 -6.4299
v 5.8531 5.2000 -6.4299
v 5.6628 5.2000 -6.2678
v 7.2802 0.0000 -4.7540
v 7.0898 0.0000 -4.5919
v 7.0898 5.2000 -4.5919
v 7.2802 5.2000 -4.7540
v 5.8531 5.2000 -6.4299
v 7.2802 5.2000 -4.7540
v 7.0898 5.2000 -4.5919
v 5.6628 5.2000 -6.2678
v 5.6628 0.0000 -6.2678
v 7.0898 0.0000 -4.5919
v 7.2802 0.0000 -4.7540
v 5.8531 0.0000 -6.4299
v 7.0517 0.2000 -4.6739
v 7.0847 0.2000 -4.6238
v 7.0847 5.0000 -4.6238
v 7.0517 5.0000 -4.6739
v 7.0179 0.2000 -4.5798
v 6.9849 0.2000 -4.6300
v 6.9849 5.0000 -4.6300
v 7.0179 5.0000 -4.5798
v 6.9849 0.2000 -4.6300
v 7.0517 0.2000 -4.6739
v 7.0517 5.0000 -4.6739
v 6.9849 5.0000 -4.6300
v 7.0847 0.2000 -4.6238
v 7.0179 0.2000 -4.5798
v 7.0179 5.0000 -4.5798
v 7.0847 5.0000 -4.6238
v 7.0517 5.0000 -4.6739
v 7.0847 5.0000 -4.6238
v 7.0179 5.0000 -4.5798
v 6.9849 5.0000 -4.6300
v 6.9849 0.2000 -4.6300
v 7.0179 0.2000 -4.5798
v 7.0847 0.2000 -4.6238
v 7.0517 0.2000 -4.6739
v 4.1014 0.0000 -7.6668
v 5.8953 0.0000 -6.3912
v 5.8953 5.2000 -6.3912
v 4.1014 5.2000 -7.6668
v 5.7504 0.0000 -6.1875
v 3.9565 0.0000 -7.4631
v 3.9565 5.2000 -7.4631
v 5.7504 5.2000 -6.1875
v 3.9565 0.0000 -7.4631
v 4.1014 0.0000 -7.6668
v 4.1014 5.2000 -7.6668
v 3.9565 5.2000 -7.4631
v 5.8953 0.0000 -6.3912
v 5.7504 0.0000 -6.1875
v 5.7504 5.2000 -6.1875
v 5.8953 5.2000 -6.3912
v 4.1014 5.2000 -7.6668
v 5.8953 5.2000 -6.3912
v 5.7504 5.2000 -6.1875
v 3.9565 5.2000 -7.4631
v 3.9565 0.0000 -7.4631
v 5.7504 0.0000 -6.1875
v 5.8953 0.0000 -6.3912
v 4.1014 0.0000 -7.6668
v 5.6934 0.2000 -6.2576
v 5.7376 0.2000 -6.2171
v 5.7376 5.0000 -6.2171
v 5.6934 5.0000 -6.2576
v 5.6836 0.2000 -6.1581
v 5.6393 0.2000 -6.1987
v 5.6393 5.0000 -6.1987
v 5.6836 5.0000 -6.1581
v 5.6393 0.2000 -6.1987
v 5.6934 0.2000 -6.2576
v 5.6934 5.0000 -6.2576
v 5.6393 5.0000 -6.1987
v 5.7376 0.2000 -6.2171
v 5.6836 0.2000 -6.1581
v 5.6836 5.0000 -6.1581
v 5.7376 5.0000 -6.2171
v 5.6934 5.0000 -6.2576
v 5.7376 5.0000 -6.2171
v 5.6836 5.0000 -6.1581
v 5.6393 5.0000 -6.1987
v 5.6393 0.2000 -6.1987
v 5.6836 0.2000 -6.1581
v 5.7376 0.2000 -6.2171
v 5.6934 0.2000 -6.2576
v 2.1003 0.0000 -8.4375
v 4.1518 0.0000 -7.6397
v 4.1518 5.2000 -7.6397
v 2.1003 5.2000 -8.4375
v 4.0612 0.0000 -7.4067
v 2.0097 0.0000 -8.2045
v 2.0097 5.2000 -8.2045
v 4.0612 5.2000 -7.4067
v 2.0097 0.0000 -8.2045
v 2.1003 0.0000 -8.4375
v 2.1003 5.2000 -8.4375
v 2.0097 5.2000 -8.2045
v 4.1518 0.0000 -7.6397
v 4.0612 0.0000 -7.4067
v 4.0612 5.2000 -7.4067
v 4.1518 5.2000 -7.6397
v 2.1003 5.2000 -8.4375
v 4.1518 5.2000 -7.6397
v 4.0612 5.2000 -7.4067
v 2.0097 5.2000 -8.2045
v 2.0097 0.0000 -8.2045
v 4.0612 0.0000 -7.4067
v 4.1518 0.0000 -7.6397
v 2.1003 0.0000 -8.4375
v 3.9887 0.2000 -7.4607
v 4.0415 0.2000 -7.4323
v 4.0415 5.0000 -7.4323
v 3.9887 5.0000 -7.4607
v 4.0036 0.2000 -7.3619
v 3.9507 0.2000 -7.3903
v 3.9507 5.0000 -7.3903
v 4.0036 5.0000 -7.3619
v 3.9507 0.2000 -7.3903
v 3.9887 0.2000 -7.4607
v 3.9887 5.0000 -7.4607
v 3.9507 5.0000 -7.3903
v 4.0415 0.2000 -7.4323
v 4.0036 0.2000 -7.3619
v 4.0036 5.0000 -7.3619
v 4.0415 5.0000 -7.4323
v 3.9887 5.0000 -7.4607
v 4.0415 5.0000 -7.4323
v 4.0036 5.0000 -7.3619
v 3.9507 5.0000 -7.3903
v 3.9507 0.2000 -7.3903
v 4.0036 0.2000 -7.3619
v 4.0415 0.2000 -7.4323
v 3.9887 0.2000 -7.4607
v -0.0286 0.0000 -8.6949
v 2.1557 0.0000 -8.4235
v 2.1557 5.2000 -8.4235
v -0.0286 5.2000 -8.6949
v 2.1249 0.0000 -8.1754
v -0.0594 0.0000 -8.4468
v -0.0594 5.2000 -8.4468
v 2.1249 5.2000 -8.1754
v -0.0594 0.0000 -8.4468
v -0.0286 0.0000 -8.6949
v -0.0286 5.2000 -8.6949
v -0.0594 5.2000 -8.4468
v 2.1557 0.0000 -8.4235
v 2.1249 0.0000 -8.1754
v 2.1249 5.2000 -8.1754
v 2.1557 5.2000 -8.4235
v -0.0286 5.2000 -8.6949
v 2.1557 5.2000 -8.4235
v 2.1249 5.2000 -8.1754
v -0.0594 5.2000 -8.4468
v -0.0594 0.0000 -8.4468
v 2.1249 0.0000 -8.1754
v 2.1557 0.0000 -8.4235
v -0.0286 0.0000 -8.6949
v 2.0414 0.2000 -8.2101
v 2.0996 0.2000 -8.1954
v 2.0996 5.0000 -8.1954
v 2.0414 5.0000 -8.2101
v 2.0800 0.2000 -8.1178
v 2.0219 0.2000 -8.1325
v 2.0219 5.0000 -8.1325
v 2.0800 5.0000 -8.1178
v 2.0219 0.2000 -8.1325
v 2.0414 0.2000 -8.2101
v 2.0414 5.0000 -8.2101
v 2.0219 5.0000 -8.1325
v 2.0996 0.2000 -8.1954
v 2.0800 0.2000 -8.1178
v 2.0800 5.0000 -8.1178
v 2.0996 5.0000 -8.1954
v 2.0414 5.0000 -8.2101
v 2.0996 5.0000 -8.1954
v 2.0800 5.0000 -8.1178
v 2.0219 5.0000 -8.1325
v 2.0219 0.2000 -8.1325
v 2.0800 0.2000 -8.1178
v 2.0996 0.2000 -8.1954
v 2.0414 0.2000 -8.2101
v -2.1557 0.0000 -8.4235
v 0.0286 0.0000 -8.6949
v 0.0286 5.2000 -8.6949
v -2.1557 5.2000 -8.4235
v 0.0594 0.0000 -8.4468
v -2.1249 0.0000 -8.1754
v -2.1249 5.2000 -8.1754
v 0.0594 5.2000 -8.4468
v -2.1249 0.0000 -8.1754
v -2.1557 0.0000 -8.4235
v -2.1557 5.2000 -8.4235
v -2.1249 5.2000 -8.1754
v 0.0286 0.0000 -8.6949
v 0.0594 0.0000 -8.4468
v 0.0594 5.2000 -8.4468
v 0.0286 5.2000 -8.6949
v -2.1557 5.2000 -8.4235
v 0.0286 5.2000 -8.6949
v 0.0594 5.2000 -8.4468
v -2.1249 5.2000 -8.1754
v -2.1249 0.0000 -8.1754
v 0.0594 0.0000 -8.4468
v 0.0286 0.0000 -8.6949
v -2.1557 0.0000 -8.4235
v -0.0300 0.2000 -8.4600
v 0.0300 0.2000 -8.4600
v 0.0300 5.0000 -8.4600
v -0.0300 5.0000 -8.4600
v 0.0300 0.2000 -8.3800
v -0.0300 0.2000 -8.3800
v -0.0300 5.0000 -8.3800
v 0.0300 5.0000 -8.3800
v -0.0300 0.2000 -8.3800
v -0.0300 0.2000 -8.4600
v -0.0300 5.0000 -8.4600
v -0.0300 5.0000 -8.3800
v 0.0300 0.2000 -8.4600
v 0.0300 0.2000 -8.3800
v 0.0300 5.0000 -8.3800
v 0.0300 5.0000 -8.4600
v -0.0300 5.0000 -8.4600
v 0.0300 5.0000 -8.4600
v 0.0300 5.0000 -8.3800
v -0.0300 5.0000 -8.3800
v -0.0300 0.2000 -8.3800
v 0.0300 0.2000 -8.3800
v 0.0300 0.2000 -8.4600
v -0.0300 0.2000 -8.4600
v -4.1518 0.0000 -7.6397
v -2.1003 0.0000 -8.4375
v -2.1003 5.2000 -8.4375
v -4.1518 5.2000 -7.6397
v -2.0097 0.0000 -8.2045
v -4.0612 0.0000 -7.4067
v -4.0612 5.2000 -7.4067
v -2.0097 5.2000 -8.2045
v -4.0612 0.0000 -7.4067
v -4.1518 0.0000 -7.6397
v -4.1518 5.2000 -7.6397
v -4.0612 5.2000 -7.4067
v -2.1003 0.0000 -8.4375
v -2.0097 0.0000 -8.2045
v -2.0097 5.2000 -8.2045
v -2.1003 5.2000 -8.4375
v -4.1518 5.2000 -7.6397
v -2.1003 5.2000 -8.4375
v -2.0097 5.2000 -8.2045
v -4.0612 5.2000 -7.4067
v -4.0612 0.0000 -7.4067
v -2.0097 0.0000 -8.2045
v -2.1003 0.0000 -8.4375
v -4.1518 0.0000 -7.6397
v -2.0996 0.2000 -8.1954
v -2.0414 0.2000 -8.2101
v -2.0414 5.0000 -8.2101
v -2.0996 5.0000 -8.1954
v -2.0219 0.2000 -8.1325
v -2.0800 0.2000 -8.1178
v -2.0800 5.0000 -8.1178
v -2.0219 5.0000 -8.1325
v -2.0800 0.2000 -8.1178
v -2.0996 0.2000 -8.1954
v -2.0996 5.0000 -8.1954
v -2.0800 5.0000 -8.1178
v -2.0414 0.2000 -8.2101
v -2.0219 0.2000 -8.1325
v -2.0219 5.0000 -8.1325
v -2.0414 5.0000 -8.2101
v -2.0996 5.0000 -8.1954
v -2.0414 5.0000 -8.2101
v -2.0219 5.0000 -8.1325
v -2.0800 5.0000 -8.1178
v -2.0800 0.2000 -8.1178
v -2.0219 0.2000 -8.1325
v -2.0414 0.2000 -8.2101
v -2.0996 0.2000 -8.1954
v -5.8953 0.0000 -6.3912
v -4.1014 0.0000 -7.6668
v -4.1014 5.2000 -7.6668
v -5.8953 5.2000 -6.3912
v -3.9565 0.0000 -7.4631
v -5.7504 0.0000 -6.1875
v -5.7504 5.2000 -6.1875
v -3.9565 5.2000 -7.4631
v -5.7504 0.0000 -6.1875
v -5.8953 0.0000 -6.3912
v -5.8953 5.2000 -6.3912
v -5.7504 5.2000 -6.1875
v -4.1014 0.0000 -7.6668
v -3.9565 0.0000 -7.4631
v -3.9565 5.2000 -7.4631
v -4.1014 5.2000 -7.6668
v -5.8953 5.2000 -6.3912
v -4.1014 5.2000 -7.6668
v -3.9565 5.2000 -7.4631
v -5.7504 5.2000 -6.1875
v -5.7504 0.0000 -6.1875
v -3.9565 0.0000 -7.4631
v -4.1014 0.0000 -7.6668
v -5.8953 0.0000 -6.3912
v -4.0415 0.2000 -7.4323
v -3.9887 0.2000 -7.4607
v -3.9887 5.0000 -7.4607
v -4.0415 5.0000 -7.4323
v -3.9507 0.2000 -7.3903
v -4.0036 0.2000 -7.3618
v -4.0036 5.0000 -7.3618
v -3.9507 5.0000 -7.3903
v -4.0036 0.2000 -7.3618
v -4.0415 0.2000 -7.4323
v -4.0415 5.0000 -7.4323
v -4.0036 5.0000 -7.3618
v -3.9887 0.2000 -7.4607
v -3.9507 0.2000 -7.3903
v -3.9507 5.0000 -7.3903
v -3.9887 5.0000 -7.4607
v -4.0415 5.0000 -7.4323
v -3.9887 5.0000 -7.4607
v -3.9507 5.0000 -7.3903
v -4.0036 5.0000 -7.3618
v -4.0036 0.2000 -7.3618
v -3.9507 0.2000 -7.3903
v -3.9887 0.2000 -7.4607
v -4.0415 0.2000 -7.4323
v -7.2802 0.0000 -4.7540
v -5.8531 0.0000 -6.4299
v -5.8531 5.2000 -6.4299
v -7.2802 5.2000 -4.7540
v -5.6628 0.0000 -6.2678
v -7.0898 0.0000 -4.5919
v -7.0898 5.2000 -4.5919
v -5.6628 5.2000 -6.2678
v -7.0898 0.0000 -4.5919
v -7.2802 0.0000 -4.7540
v -7.2802 5.2000 -4.7540
v -7.0898 5.2000 -4.5919
v -5.8531 0.0000 -6.4299
v -5.6628 0.0000 -6.2678
v -5.6628 5.2000 -6.2678
v -5.8531 5.2000 -6.4299
v -7.2802 5.2000 -4.7540
v -5.8531 5.2000 -6.4299
v -5.6628 5.2000 -6.2678
v -7.0898 5.2000 -4.5919
v -7.0898 0.0000 -4.5919
v -5.6628 0.0000 -6.2678
v -5.8531 0.0000 -6.4299
v -7.2802 0.0000 -4.7540
v -5.7376 0.2000 -6.2171
v -5.6934 0.2000 -6.2576
v -5.6934 5.0000 -6.2576
v -5.7376 5.0000 -6.2171
v -5.6393 0.2000 -6.1987
v -5.6836 0.2000 -6.1581
v -5.6836 5.0000 -6.1581
v -5.6393 5.0000 -6.1987
v -5.6836 0.2000 -6.1581
v -5.7376 0.2000 -6.2171
v -5.7376 5.0000 -6.2171
v -5.6836 5.0000 -6.1581
v -5.6934 0.2000 -6.2576
v -5.6393 0.2000 -6.1987
v -5.6393 5.0000 -6.1987
v -5.6934 5.0000 -6.2576
v -5.7376 5.0000 -6.2171
v -5.6934 5.0000 -6.2576
v -5.6393 5.0000 -6.1987
v -5.6836 5.0000 -6.1581
v -5.6836 0.2000 -6.1581
v -5.6393 0.2000 -6.1987
v -5.6934 0.2000 -6.2576
v -5.7376 0.2000 -6.2171
v -8.2223 0.0000 -2.8277
v -7.2488 0.0000 -4.8018
v -7.2488 5.2000 -4.8018
v -8.2223 5.2000 -2.8277
v -7.0245 0.0000 -4.6912
v -7.9981 0.0000 -2.7171
v -7.9981 5.2000 -2.7171
v -7.0245 5.2000 -4.6912
v -7.9981 0.0000 -2.7171
v -8.2223 0.0000 -2.8277
v -8.2223 5.2000 -2.8277
v -7.9981 5.2000 -2.7171
v -7.2488 0.0000 -4.8018
v -7.0245 0.0000 -4.6912
v -7.0245 5.2000 -4.6912
v -7.2488 5.2000 -4.8018
v -8.2223 5.2000 -2.8277
v -7.2488 5.2000 -4.8018
v -7.0245 5.2000 -4.6912
v -7.9981 5.2000 -2.7171
v -7.9981 0.0000 -2.7171
v -7.0245 0.0000 -4.6912
v -7.2488 0.0000 -4.8018
v -8.2223 0.0000 -2.8277
v -7.0847 0.2000 -4.6238
v -7.0517 0.2000 -4.6739
v -7.0517 5.0000 -4.6739
v -7.0847 5.0000 -4.6238
v -6.9849 0.2000 -4.6300
v -7.0179 0.2000 -4.5798
v -7.0179 5.0000 -4.5798
v -6.9849 5.0000 -4.6300
v -7.0179 0.2000 -4.5798
v -7.0847 0.2000 -4.6238
v -7.0847 5.0000 -4.6238
v -7.0179 5.0000 -4.5798
v -7.0517 0.2000 -4.6739
v -6.9849 0.2000 -4.6300
v -6.9849 5.0000 -4.6300
v -7.0517 5.0000 -4.6739
v -7.0847 5.0000 -4.6238
v -7.0517 5.0000 -4.6739
v -6.9849 5.0000 -4.6300
v -7.0179 5.0000 -4.5798
v -7.0179 0.2000 -4.5798
v -6.9849 0.2000 -4.6300
v -7.0517 0.2000 -4.6739
v -7.0847 0.2000 -4.6238
v -8.6643 0.0000 -0.7293
v -8.2035 0.0000 -2.8817
v -8.2035 5.2000 -2.8817
v -8.6643 5.2000 -0.7293
v -7.9591 0.0000 -2.8294
v -8.4198 0.0000 -0.6770
v -8.4198 5.2000 -0.6770
v -7.9591 5.2000 -2.8294
v -8.4198 0.0000 -0.6770
v -8.6643 0.0000 -0.7293
v -8.6643 5.2000 -0.7293
v -8.4198 5.2000 -0.6770
v -8.2035 0.0000 -2.8817
v -7.9591 0.0000 -2.8294
v -7.9591 5.2000 -2.8294
v -8.2035 5.2000 -2.8817
v -8.6643 5.2000 -0.7293
v -8.2035 5.2000 -2.8817
v -7.9591 5.2000 -2.8294
v -8.4198 5.2000 -0.6770
v -8.4198 0.0000 -0.6770
v -7.9591 0.0000 -2.8294
v -8.2035 0.0000 -2.8817
v -8.6643 0.0000 -0.7293
v -8.0009 0.2000 -2.7492
v -7.9812 0.2000 -2.8059
v -7.9812 5.0000 -2.8059
v -8.0009 5.0000 -2.7492
v -7.9056 0.2000 -2.7796
v -7.9253 0.2000 -2.7230
v -7.9253 5.0000 -2.7230
v -7.9056 5.0000 -2.7796
v -7.9253 0.2000 -2.7230
v -8.0009 0.2000 -2.7492
v -8.0009 5.0000 -2.7492
v -7.9253 5.0000 -2.7230
v -7.9812 0.2000 -2.8059
v -7.9056 0.2000 -2.7796
v -7.9056 5.0000 -2.7796
v -7.9812 5.0000 -2.8059
v -8.0009 5.0000 -2.7492
v -7.9812 5.0000 -2.8059
v -7.9056 5.0000 -2.7796
v -7.9253 5.0000 -2.7230
v -7.9253 0.2000 -2.7230
v -7.9056 0.2000 -2.7796
v -7.9812 0.2000 -2.8059
v -8.0009 0.2000 -2.7492
v -2.1750 0.0000 -8.8250
v -1.5250 0.0000 -8.8250
v -1.5250 4.8000 -8.8250
v -2.1750 4.8000 -8.8250
v -1.5250 0.0000 -8.1750
v -2.1750 0.0000 -8.1750
v -2.1750 4.8000 -8.1750
v -1.5250 4.8000 -8.1750
v -2.1750 0.0000 -8.1750
v -2.1750 0.0000 -8.8250
v -2.1750 4.8000 -8.8250
v -2.1750 4.8000 -8.1750
v -1.5250 0.0000 -8.8250
v -1.5250 0.0000 -8.1750
v -1.5250 4.8000 -8.1750
v -1.5250 4.8000 -8.8250
v -2.1750 4.8000 -8.8250
v -1.5250 4.8000 -8.8250
v -1.5250 4.8000 -8.1750
v -2.1750 4.8000 -8.1750
v -2.1750 0.0000 -8.1750
v -1.5250 0.0000 -8.1750
v -1.5250 0.0000 -8.8250
v -2.1750 0.0000 -8.8250
v 1.5250 0.0000 -8.8250
v 2.1750 0.0000 -8.8250
v 2.1750 4.8000 -8.8250
v 1.5250 4.8000 -8.8250
v 2.1750 0.0000 -8.1750
v 1.5250 0.0000 -8.1750
v 1.5250 4.8000 -8.1750
v 2.1750 4.8000 -8.1750
v 1.5250 0.0000 -8.1750
v 1.5250 0.0000 -8.8250
v 1.5250 4.8000 -8.8250
v 1.5250 4.8000 -8.1750
v 2.1750 0.0000 -8.8250
v 2.1750 0.0000 -8.1750
v 2.1750 4.8000 -8.1750
v 2.1750 4.8000 -8.8250
v 1.5250 4.8000 -8.8250
v 2.1750 4.8000 -8.8250
v 2.1750 4.8000 -8.1750
v 1.5250 4.8000 -8.1750
v 1.5250 0.0000 -8.1750
v 2.1750 0.0000 -8.1750
v 2.1750 0.0000 -8.8250
v 1.5250 0.0000 -8.8250
v -2.1750 4.5000 -8.8250
v 2.1750 4.5000 -8.8250
v 2.1750 5.2000 -8.8250
v -2.1750 5.2000 -8.8250
v 2.1750 4.5000 -8.1750
v -2.1750 4.5000 -8.1750
v -2.1750 5.2000 -8.1750
v 2.1750 5.2000 -8.1750
v -2.1750 4.5000 -8.1750
v -2.1750 4.5000 -8.8250
v -2.1750 5.2000 -8.8250
v -2.1750 5.2000 -8.1750
v 2.1750 4.5000 -8.8250
v 2.1750 4.5000 -8.1750
v 2.1750 5.2000 -8.1750
v 2.1750 5.2000 -8.8250
v -2.1750 5.2000 -8.8250
v 2.1750 5.2000 -8.8250
v 2.1750 5.2000 -8.1750
v -2.1750 5.2000 -8.1750
v -2.1750 4.5000 -8.1750
v 2.1750 4.5000 -8.1750
v 2.1750 4.5000 -8.8250
v -2.1750 4.5000 -8.8250
v -1.3000 4.4000 -8.4750
v 1.3000 4.4000 -8.4750
v 1.3000 4.5000 -8.4750
v -1.3000 4.5000 -8.4750
v 1.3000 4.4000 -8.4250
v -1.3000 4.4000 -8.4250
v -1.3000 4.5000 -8.4250
v 1.3000 4.5000 -8.4250
v -1.3000 4.4000 -8.4250
v -1.3000 4.4000 -8.4750
v -1.3000 4.5000 -8.4750
v -1.3000 4.5000 -8.4250
v 1.3000 4.4000 -8.4750
v 1.3000 4.4000 -8.4250
v 1.3000 4.5000 -8.4250
v 1.3000 4.5000 -8.4750
v -1.3000 4.5000 -8.4750
v 1.3000 4.5000 -8.4750
v 1.3000 4.5000 -8.4250
v -1.3000 4.5000 -8.4250
v -1.3000 4.4000 -8.4250
v 1.3000 4.4000 -8.4250
v 1.3000 4.4000 -8.4750
v -1.3000 4.4000 -8.4750
v -1.4750 0.0500 -8.6100
v -0.0250 0.0500 -8.6100
v -0.0250 4.3500 -8.6100
v -1.4750 4.3500 -8.6100
v -0.0250 0.0500 -8.4900
v -1.4750 0.0500 -8.4900
v -1.4750 4.3500 -8.4900
v -0.0250 4.3500 -8.4900
v -1.4750 0.0500 -8.4900
v -1.4750 0.0500 -8.6100
v -1.4750 4.3500 -8.6100
v -1.4750 4.3500 -8.4900
v -0.0250 0.0500 -8.6100
v -0.0250 0.0500 -8.4900
v -0.0250 4.3500 -8.4900
v -0.0250 4.3500 -8.6100
v -1.4750 4.3500 -8.6100
v -0.0250 4.3500 -8.6100
v -0.0250 4.3500 -8.4900
v -1.4750 4.3500 -8.4900
v -1.4750 0.0500 -8.4900
v -0.0250 0.0500 -8.4900
v -0.0250 0.0500 -8.6100
v -1.4750 0.0500 -8.6100
v 0.0250 0.0500 -8.6100
v 1.4750 0.0500 -8.6100
v 1.4750 4.3500 -8.6100
v 0.0250 4.3500 -8.6100
v 1.4750 0.0500 -8.4900
v 0.0250 0.0500 -8.4900
v 0.0250 4.3500 -8.4900
v 1.4750 4.3500 -8.4900
v 0.0250 0.0500 -8.4900
v 0.0250 0.0500 -8.6100
v 0.0250 4.3500 -8.6100
v 0.0250 4.3500 -8.4900
v 1.4750 0.0500 -8.6100
v 1.4750 0.0500 -8.4900
v 1.4750 4.3500 -8.4900
v 1.4750 4.3500 -8.6100
v 0.0250 4.3500 -8.6100
v 1.4750 4.3500 -8.6100
v 1.4750 4.3500 -8.4900
v 0.0250 4.3500 -8.4900
v 0.0250 0.0500 -8.4900
v 1.4750 0.0500 -8.4900
v 1.4750 0.0500 -8.6100
v 0.0250 0.0500 -8.6100
v -8.4272 0.0050 0.6584
v -7.6965 0.0050 3.4948
v -7.6965 0.7550 3.4948
v -8.4272 0.7550 0.6584
v -8.0355 0.0050 3.5821
v -8.7661 0.0050 0.7457
v -8.7661 0.7550 0.7457
v -8.0355 0.7550 3.5821
v -8.7661 0.0050 0.7457
v -8.4272 0.0050 0.6584
v -8.4272 0.7550 0.6584
v -8.7661 0.7550 0.7457
v -7.6965 0.0050 3.4948
v -8.0355 0.0050 3.5821
v -8.0355 0.7550 3.5821
v -7.6965 0.7550 3.4948
v -8.4272 0.7550 0.6584
v -7.6965 0.7550 3.4948
v -8.0355 0.7550 3.5821
v -8.7661 0.7550 0.7457
v -8.7661 0.0050 0.7457
v -8.0355 0.0050 3.5821
v -7.6965 0.0050 3.4948
v -8.4272 0.0050 0.6584
v -8.3642 0.7400 0.6422
v -7.6336 0.7400 3.4786
v -7.6336 0.7800 3.4786
v -8.3642 0.7800 0.6422
v -8.0016 0.7400 3.5734
v -8.7322 0.7400 0.7370
v -8.7322 0.7800 0.7370
v -8.0016 0.7800 3.5734
v -8.7322 0.7400 0.7370
v -8.3642 0.7400 0.6422
v -8.3642 0.7800 0.6422
v -8.7322 0.7800 0.7370
v -7.6336 0.7400 3.4786
v -8.0016 0.7400 3.5734
v -8.0016 0.7800 3.5734
v -7.6336 0.7800 3.4786
v -8.3642 0.7800 0.6422
v -7.6336 0.7800 3.4786
v -8.0016 0.7800 3.5734
v -8.7322 0.7800 0.7370
v -8.7322 0.7400 0.7370
v -8.0016 0.7400 3.5734
v -7.6336 0.7400 3.4786
v -8.3642 0.7400 0.6422
v -8.4272 4.7000 0.6584
v -7.6965 4.7000 3.4948
v -7.6965 5.2000 3.4948
v -8.4272 5.2000 0.6584
v -8.0355 4.7000 3.5821
v -8.7661 4.7000 0.7457
v -8.7661 5.2000 0.7457
v -8.0355 5.2000 3.5821
v -8.7661 4.7000 0.7457
v -8.4272 4.7000 0.6584
v -8.4272 5.2000 0.6584
v -8.7661 5.2000 0.7457
v -7.6965 4.7000 3.4948
v -8.0355 4.7000 3.5821
v -8.0355 5.2000 3.5821
v -7.6965 5.2000 3.4948
v -8.4272 5.2000 0.6584
v -7.6965 5.2000 3.4948
v -8.0355 5.2000 3.5821
v -8.7661 5.2000 0.7457
v -8.7661 4.7000 0.7457
v -8.0355 4.7000 3.5821
v -7.6965 4.7000 3.4948
v -8.4272 4.7000 0.6584
v -8.5700 0.7600 0.7254
v -7.8539 0.7600 3.5051
v -7.8539 4.6800 3.5051
v -8.5700 4.6800 0.7254
v -7.8927 0.7600 3.5151
v -8.6087 0.7600 0.7354
v -8.6087 4.6800 0.7354
v -7.8927 4.6800 3.5151
v -8.6087 0.7600 0.7354
v -8.5700 0.7600 0.7254
v -8.5700 4.6800 0.7254
v -8.6087 4.6800 0.7354
v -7.8539 0.7600 3.5051
v -7.8927 0.7600 3.5151
v -7.8927 4.6800 3.5151
v -7.8539 4.6800 3.5051
v -8.5700 4.6800 0.7254
v -7.8539 4.6800 3.5051
v -7.8927 4.6800 3.5151
v -8.6087 4.6800 0.7354
v -8.6087 0.7600 0.7354
v -7.8927 0.7600 3.5151
v -7.8539 0.7600 3.5051
v -8.5700 0.7600 0.7254
v -7.7602 0.0050 3.3511
v -6.1507 0.0050 5.7982
v -6.1507 0.7550 5.7982
v -7.7602 0.7550 3.3511
v -6.4431 0.0050 5.9906
v -8.0526 0.0050 3.5434
v -8.0526 0.7550 3.5434
v -6.4431 0.7550 5.9906
v -8.0526 0.0050 3.5434
v -7.7602 0.0050 3.3511
v -7.7602 0.7550 3.3511
v -8.0526 0.7550 3.5434
v -6.1507 0.0050 5.7982
v -6.4431 0.0050 5.9906
v -6.4431 0.7550 5.9906
v -6.1507 0.7550 5.7982
v -7.7602 0.7550 3.3511
v -6.1507 0.7550 5.7982
v -6.4431 0.7550 5.9906
v -8.0526 0.7550 3.5434
v -8.0526 0.0050 3.5434
v -6.4431 0.0050 5.9906
v -6.1507 0.0050 5.7982
v -7.7602 0.0050 3.3511
v -7.7059 0.7400 3.3154
v -6.0964 0.7400 5.7625
v -6.0964 0.7800 5.7625
v -7.7059 0.7800 3.3154
v -6.4139 0.7400 5.9713
v -8.0234 0.7400 3.5242
v -8.0234 0.7800 3.5242
v -6.4139 0.7800 5.9713
v -8.0234 0.7400 3.5242
v -7.7059 0.7400 3.3154
v -7.7059 0.7800 3.3154
v -8.0234 0.7800 3.5242
v -6.0964 0.7400 5.7625
v -6.4139 0.7400 5.9713
v -6.4139 0.7800 5.9713
v -6.0964 0.7800 5.7625
v -7.7059 0.7800 3.3154
v -6.0964 0.7800 5.7625
v -6.4139 0.7800 5.9713
v -8.0234 0.7800 3.5242
v -8.0234 0.7400 3.5242
v -6.4139 0.7400 5.9713
v -6.0964 0.7400 5.7625
v -7.7059 0.7400 3.3154
v -7.7602 4.7000 3.3511
v -6.1507 4.7000 5.7982
v -6.1507 5.2000 5.7982
v -7.7602 5.2000 3.3511
v -6.4431 4.7000 5.9906
v -8.0526 4.7000 3.5434
v -8.0526 5.2000 3.5434
v -6.4431 5.2000 5.9906
v -8.0526 4.7000 3.5434
v -7.7602 4.7000 3.3511
v -7.7602 5.2000 3.3511
v -8.0526 5.2000 3.5434
v -6.1507 4.7000 5.7982
v -6.4431 4.7000 5.9906
v -6.4431 5.2000 5.9906
v -6.1507 5.2000 5.7982
v -7.7602 5.2000 3.3511
v -6.1507 5.2000 5.7982
v -6.4431 5.2000 5.9906
v -8.0526 5.2000 3.5434
v -8.0526 4.7000 3.5434
v -6.4431 4.7000 5.9906
v -6.1507 4.7000 5.7982
v -7.7602 4.7000 3.3511
v -7.8736 0.7600 3.4607
v -6.2963 0.7600 5.8589
v -6.2963 4.6800 5.8589
v -7.8736 4.6800 3.4607
v -6.3297 0.7600 5.8809
v -7.9070 0.7600 3.4827
v -7.9070 4.6800 3.4827
v -6.3297 4.6800 5.8809
v -7.9070 0.7600 3.4827
v -7.8736 0.7600 3.4607
v -7.8736 4.6800 3.4607
v -7.9070 4.6800 3.4827
v -6.2963 0.7600 5.8589
v -6.3297 0.7600 5.8809
v -6.3297 4.6800 5.8809
v -6.2963 4.6800 5.8589
v -7.8736 4.6800 3.4607
v -6.2963 4.6800 5.8589
v -6.3297 4.6800 5.8809
v -7.9070 4.6800 3.4827
v -7.9070 0.7600 3.4827
v -6.3297 0.7600 5.8809
v -6.2963 0.7600 5.8589
v -7.8736 0.7600 3.4607
v -6.2574 0.0050 5.6829
v -3.9424 0.0050 7.4772
v -3.9424 0.7550 7.4772
v -6.2574 0.7550 5.6829
v -4.1568 0.0050 7.7538
v -6.4719 0.0050 5.9595
v -6.4719 0.7550 5.9595
v -4.1568 0.7550 7.7538
v -6.4719 0.0050 5.9595
v -6.2574 0.0050 5.6829
v -6.2574 0.7550 5.6829
v -6.4719 0.7550 5.9595
v -3.9424 0.0050 7.4772
v -4.1568 0.0050 7.7538
v -4.1568 0.7550 7.7538
v -3.9424 0.7550 7.4772
v -6.2574 0.7550 5.6829
v -3.9424 0.7550 7.4772
v -4.1568 0.7550 7.7538
v -6.4719 0.7550 5.9595
v -6.4719 0.0050 5.9595
v -4.1568 0.0050 7.7538
v -3.9424 0.0050 7.4772
v -6.2574 0.0050 5.6829
v -6.2176 0.7400 5.6315
v -3.9025 0.7400 7.4258
v -3.9025 0.7800 7.4258
v -6.2176 0.7800 5.6315
v -4.1353 0.7400 7.7262
v -6.4504 0.7400 5.9318
v -6.4504 0.7800 5.9318
v -4.1353 0.7800 7.7262
v -6.4504 0.7400 5.9318
v -6.2176 0.7400 5.6315
v -6.2176 0.7800 5.6315
v -6.4504 0.7800 5.9318
v -3.9025 0.7400 7.4258
v -4.1353 0.7400 7.7262
v -4.1353 0.7800 7.7262
v -3.9025 0.7800 7.4258
v -6.2176 0.7800 5.6315
v -3.9025 0.7800 7.4258
v -4.1353 0.7800 7.7262
v -6.4504 0.7800 5.9318
v -6.4504 0.7400 5.9318
v -4.1353 0.7400 7.7262
v -3.9025 0.7400 7.4258
v -6.2176 0.7400 5.6315
v -6.2574 4.7000 5.6829
v -3.9424 4.7000 7.4772
v -3.9424 5.2000 7.4772
v -6.2574 5.2000 5.6829
v -4.1568 4.7000 7.7538
v -6.4719 4.7000 5.9595
v -6.4719 5.2000 5.9595
v -4.1568 5.2000 7.7538
v -6.4719 4.7000 5.9595
v -6.2574 4.7000 5.6829
v -6.2574 5.2000 5.6829
v -6.4719 5.2000 5.9595
v -3.9424 4.7000 7.4772
v -4.1568 4.7000 7.7538
v -4.1568 5.2000 7.7538
v -3.9424 5.2000 7.4772
v -6.2574 5.2000 5.6829
v -3.9424 5.2000 7.4772
v -4.1568 5.2000 7.7538
v -6.4719 5.2000 5.9595
v -6.4719 4.7000 5.9595
v -4.1568 4.7000 7.7538
v -3.9424 4.7000 7.4772
v -6.2574 4.7000 5.6829
v -6.3292 0.7600 5.8233
v -4.0605 0.7600 7.5817
v -4.0605 4.6800 7.5817
v -6.3292 4.6800 5.8233
v -4.0850 0.7600 7.6134
v -6.3537 0.7600 5.8549
v -6.3537 4.6800 5.8549
v -4.0850 4.6800 7.6134
v -6.3537 0.7600 5.8549
v -6.3292 0.7600 5.8233
v -6.3292 4.6800 5.8233
v -6.3537 4.6800 5.8549
v -4.0605 0.7600 7.5817
v -4.0850 0.7600 7.6134
v -4.0850 4.6800 7.6134
v -4.0605 4.6800 7.5817
v -6.3292 4.6800 5.8233
v -4.0605 4.6800 7.5817
v -4.0850 4.6800 7.6134
v -6.3537 4.6800 5.8549
v -6.3537 0.7600 5.8549
v -4.0850 0.7600 7.6134
v -4.0605 0.7600 7.5817
v -6.3292 0.7600 5.8233
v -4.0807 0.0050 7.4026
v -1.3094 0.0050 8.3508
v -1.3094 0.7550 8.3508
v -4.0807 0.7550 7.4026
v -1.4227 0.0050 8.6819
v -4.1940 0.0050 7.7337
v -4.1940 0.7550 7.7337
v -1.4227 0.7550 8.6819
v -4.1940 0.0050 7.7337
v -4.0807 0.0050 7.4026
v -4.0807 0.7550 7.4026
v -4.1940 0.7550 7.7337
v -1.3094 0.0050 8.3508
v -1.4227 0.0050 8.6819
v -1.4227 0.7550 8.6819
v -1.3094 0.7550 8.3508
v -4.0807 0.7550 7.4026
v -1.3094 0.7550 8.3508
v -1.4227 0.7550 8.6819
v -4.1940 0.7550 7.7337
v -4.1940 0.0050 7.7337
v -1.4227 0.0050 8.6819
v -1.3094 0.0050 8.3508
v -4.0807 0.0050 7.4026
v -4.0597 0.7400 7.3411
v -1.2884 0.7400 8.2893
v -1.2884 0.7800 8.2893
v -4.0597 0.7800 7.3411
v -1.4114 0.7400 8.6488
v -4.1827 0.7400 7.7006
v -4.1827 0.7800 7.7006
v -1.4114 0.7800 8.6488
v -4.1827 0.7400 7.7006
v -4.0597 0.7400 7.3411
v -4.0597 0.7800 7.3411
v -4.1827 0.7800 7.7006
v -1.2884 0.7400 8.2893
v -1.4114 0.7400 8.6488
v -1.4114 0.7800 8.6488
v -1.2884 0.7800 8.2893
v -4.0597 0.7800 7.3411
v -1.2884 0.7800 8.2893
v -1.4114 0.7800 8.6488
v -4.1827 0.7800 7.7006
v -4.1827 0.7400 7.7006
v -1.4114 0.7400 8.6488
v -1.2884 0.7400 8.2893
v -4.0597 0.7400 7.3411
v -4.0807 4.7000 7.4026
v -1.3094 4.7000 8.3508
v -1.3094 5.2000 8.3508
v -4.0807 5.2000 7.4026
v -1.4227 4.7000 8.6819
v -4.1940 4.7000 7.7337
v -4.1940 5.2000 7.7337
v -1.4227 5.2000 8.6819
v -4.1940 4.7000 7.7337
v -4.0807 4.7000 7.4026
v -4.0807 5.2000 7.4026
v -4.1940 5.2000 7.7337
v -1.3094 4.7000 8.3508
v -1.4227 4.7000 8.6819
v -1.4227 5.2000 8.6819
v -1.3094 5.2000 8.3508
v -4.0807 5.2000 7.4026
v -1.3094 5.2000 8.3508
v -1.4227 5.2000 8.6819
v -4.1940 5.2000 7.7337
v -4.1940 4.7000 7.7337
v -1.4227 4.7000 8.6819
v -1.3094 4.7000 8.3508
v -4.0807 4.7000 7.4026
v -4.1032 0.7600 7.5587
v -1.3873 0.7600 8.4880
v -1.3873 4.6800 8.4880
v -4.1032 4.6800 7.5587
v -1.4003 0.7600 8.5258
v -4.1161 0.7600 7.5966
v -4.1161 4.6800 7.5966
v -1.4003 4.6800 8.5258
v -4.1161 0.7600 7.5966
v -4.1032 0.7600 7.5587
v -4.1032 4.6800 7.5587
v -4.1161 4.6800 7.5966
v -1.3873 0.7600 8.4880
v -1.4003 0.7600 8.5258
v -1.4003 4.6800 8.5258
v -1.3873 4.6800 8.4880
v -4.1032 4.6800 7.5587
v -1.3873 4.6800 8.4880
v -1.4003 4.6800 8.5258
v -4.1161 4.6800 7.5966
v -4.1161 0.7600 7.5966
v -1.4003 0.7600 8.5258
v -1.3873 0.7600 8.4880
v -4.1032 0.7600 7.5587
v -1.4645 0.0050 8.3250
v 1.4645 0.0050 8.3250
v 1.4645 0.7550 8.3250
v -1.4645 0.7550 8.3250
v 1.4645 0.0050 8.6750
v -1.4645 0.0050 8.6750
v -1.4645 0.7550 8.6750
v 1.4645 0.7550 8.6750
v -1.4645 0.0050 8.6750
v -1.4645 0.0050 8.3250
v -1.4645 0.7550 8.3250
v -1.4645 0.7550 8.6750
v 1.4645 0.0050 8.3250
v 1.4645 0.0050 8.6750
v 1.4645 0.7550 8.6750
v 1.4645 0.7550 8.3250
v -1.4645 0.7550 8.3250
v 1.4645 0.7550 8.3250
v 1.4645 0.7550 8.6750
v -1.4645 0.7550 8.6750
v -1.4645 0.0050 8.6750
v 1.4645 0.0050 8.6750
v 1.4645 0.0050 8.3250
v -1.4645 0.0050 8.3250
v -1.4645 0.7400 8.2600
v 1.4645 0.7400 8.2600
v 1.4645 0.7800 8.2600
v -1.4645 0.7800 8.2600
v 1.4645 0.7400 8.6400
v -1.4645 0.7400 8.6400
v -1.4645 0.7800 8.6400
v 1.4645 0.7800 8.6400
v -1.4645 0.7400 8.6400
v -1.4645 0.7400 8.2600
v -1.4645 0.7800 8.2600
v -1.4645 0.7800 8.6400
v 1.4645 0.7400 8.2600
v 1.4645 0.7400 8.6400
v 1.4645 0.7800 8.6400
v 1.4645 0.7800 8.2600
v -1.4645 0.7800 8.2600
v 1.4645 0.7800 8.2600
v 1.4645 0.7800 8.6400
v -1.4645 0.7800 8.6400
v -1.4645 0.7400 8.6400
v 1.4645 0.7400 8.6400
v 1.4645 0.7400 8.2600
v -1.4645 0.7400 8.2600
v -1.4645 4.7000 8.3250
v 1.4645 4.7000 8.3250
v 1.4645 5.2000 8.3250
v -1.4645 5.2000 8.3250
v 1.4645 4.7000 8.6750
v -1.4645 4.7000 8.6750
v -1.4645 5.2000 8.6750
v 1.4645 5.2000 8.6750
v -1.4645 4.7000 8.6750
v -1.4645 4.7000 8.3250
v -1.4645 5.2000 8.3250
v -1.4645 5.2000 8.6750
v 1.4645 4.7000 8.3250
v 1.4645 4.7000 8.6750
v 1.4645 5.2000 8.6750
v 1.4645 5.2000 8.3250
v -1.4645 5.2000 8.3250
v 1.4645 5.2000 8.3250
v 1.4645 5.2000 8.6750
v -1.4645 5.2000 8.6750
v -1.4645 4.7000 8.6750
v 1.4645 4.7000 8.6750
v 1.4645 4.7000 8.3250
v -1.4645 4.7000 8.3250
v -1.4352 0.7600 8.4800
v 1.4352 0.7600 8.4800
v 1.4352 4.6800 8.4800
v -1.4352 4.6800 8.4800
v 1.4352 0.7600 8.5200
v -1.4352 0.7600 8.5200
v -1.4352 4.6800 8.5200
v 1.4352 4.6800 8.5200
v -1.4352 0.7600 8.5200
v -1.4352 0.7600 8.4800
v -1.4352 4.6800 8.4800
v -1.4352 4.6800 8.5200
v 1.4352 0.7600 8.4800
v 1.4352 0.7600 8.5200
v 1.4352 4.6800 8.5200
v 1.4352 4.6800 8.4800
v -1.4352 4.6800 8.4800
v 1.4352 4.6800 8.4800
v 1.4352 4.6800 8.5200
v -1.4352 4.6800 8.5200
v -1.4352 0.7600 8.5200
v 1.4352 0.7600 8.5200
v 1.4352 0.7600 8.4800
v -1.4352 0.7600 8.4800
v 1.3094 0.0050 8.3508
v 4.0807 0.0050 7.4026
v 4.0807 0.7550 7.4026
v 1.3094 0.7550 8.3508
v 4.1940 0.0050 7.7337
v 1.4227 0.0050 8.6819
v 1.4227 0.7550 8.6819
v 4.1940 0.7550 7.7337
v 1.4227 0.0050 8.6819
v 1.3094 0.0050 8.3508
v 1.3094 0.7550 8.3508
v 1.4227 0.7550 8.6819
v 4.0807 0.0050 7.4026
v 4.1940 0.0050 7.7337
v 4.1940 0.7550 7.7337
v 4.0807 0.7550 7.4026
v 1.3094 0.7550 8.3508
v 4.0807 0.7550 7.4026
v 4.1940 0.7550 7.7337
v 1.4227 0.7550 8.6819
v 1.4227 0.0050 8.6819
v 4.1940 0.0050 7.7337
v 4.0807 0.0050 7.4026
v 1.3094 0.0050 8.3508
v 1.2884 0.7400 8.2893
v 4.0597 0.7400 7.3411
v 4.0597 0.7800 7.3411
v 1.2884 0.7800 8.2893
v 4.1827 0.7400 7.7006
v 1.4114 0.7400 8.6488
v 1.4114 0.7800 8.6488
v 4.1827 0.7800 7.7006
v 1.4114 0.7400 8.6488
v 1.2884 0.7400 8.2893
v 1.2884 0.7800 8.2893
v 1.4114 0.7800 8.6488
v 4.0597 0.7400 7.3411
v 4.1827 0.7400 7.7006
v 4.1827 0.7800 7.7006
v 4.0597 0.7800 7.3411
v 1.2884 0.7800 8.2893
v 4.0597 0.7800 7.3411
v 4.1827 0.7800 7.7006
v 1.4114 0.7800 8.6488
v 1.4114 0.7400 8.6488
v 4.1827 0.7400 7.7006
v 4.0597 0.7400 7.3411
v 1.2884 0.7400 8.2893
v 1.3094 4.7000 8.3508
v 4.0807 4.7000 7.4026
v 4.0807 5.2000 7.4026
v 1.3094 5.2000 8.3508
v 4.1940 4.7000 7.7337
v 1.4227 4.7000 8.6819
v 1.4227 5.2000 8.6819
v 4.1940 5.2000 7.7337
v 1.4227 4.7000 8.6819
v 1.3094 4.7000 8.3508
v 1.3094 5.2000 8.3508
v 1.4227 5.2000 8.6819
v 4.0807 4.7000 7.4026
v 4.1940 4.7000 7.7337
v 4.1940 5.2000 7.7337
v 4.0807 5.2000 7.4026
v 1.3094 5.2000 8.3508
v 4.0807 5.2000 7.4026
v 4.1940 5.2000 7.7337
v 1.4227 5.2000 8.6819
v 1.4227 4.7000 8.6819
v 4.1940 4.7000 7.7337
v 4.0807 4.7000 7.4026
v 1.3094 4.7000 8.3508
v 1.3873 0.7600 8.4880
v 4.1032 0.7600 7.5587
v 4.1032 4.6800 7.5587
v 1.3873 4.6800 8.4880
v 4.1161 0.7600 7.5966
v 1.4003 0.7600 8.5258
v 1.4003 4.6800 8.5258
v 4.1161 4.6800 7.5966
v 1.4003 0.7600 8.5258
v 1.3873 0.7600 8.4880
v 1.3873 4.6800 8.4880
v 1.4003 4.6800 8.5258
v 4.1032 0.7600 7.5587
v 4.1161 0.7600 7.5966
v 4.1161 4.6800 7.5966
v 4.1032 4.6800 7.5587
v 1.3873 4.6800 8.4880
v 4.1032 4.6800 7.5587
v 4.1161 4.6800 7.5966
v 1.4003 4.6800 8.5258
v 1.4003 0.7600 8.5258
v 4.1161 0.7600 7.5966
v 4.1032 0.7600 7.5587
v 1.3873 0.7600 8.4880
v 3.9424 0.0050 7.4772
v 6.2574 0.0050 5.6829
v 6.2574 0.7550 5.6829
v 3.9424 0.7550 7.4772
v 6.4719 0.0050 5.9595
v 4.1568 0.0050 7.7538
v 4.1568 0.7550 7.7538
v 6.4719 0.7550 5.9595
v 4.1568 0.0050 7.7538
v 3.9424 0.0050 7.4772
v 3.9424 0.7550 7.4772
v 4.1568 0.7550 7.7538
v 6.2574 0.0050 5.6829
v 6.4719 0.0050 5.9595
v 6.4719 0.7550 5.9595
v 6.2574 0.7550 5.6829
v 3.9424 0.7550 7.4772
v 6.2574 0.7550 5.6829
v 6.4719 0.7550 5.9595
v 4.1568 0.7550 7.7538
v 4.1568 0.0050 7.7538
v 6.4719 0.0050 5.9595
v 6.2574 0.0050 5.6829
v 3.9424 0.0050 7.4772
v 3.9025 0.7400 7.4258
v 6.2176 0.7400 5.6315
v 6.2176 0.7800 5.6315
v 3.9025 0.7800 7.4258
v 6.4504 0.7400 5.9318
v 4.1353 0.7400 7.7262
v 4.1353 0.7800 7.7262
v 6.4504 0.7800 5.9318
v 4.1353 0.7400 7.7262
v 3.9025 0.7400 7.4258
v 3.9025 0.7800 7.4258
v 4.1353 0.7800 7.7262
v 6.2176 0.7400 5.6315
v 6.4504 0.7400 5.9318
v 6.4504 0.7800 5.9318
v 6.2176 0.7800 5.6315
v 3.9025 0.7800 7.4258
v 6.2176 0.7800 5.6315
v 6.4504 0.7800 5.9318
v 4.1353 0.7800 7.7262
v 4.1353 0.7400 7.7262
v 6.4504 0.7400 5.9318
v 6.2176 0.7400 5.6315
v 3.9025 0.7400 7.4258
v 3.9424 4.7000 7.4772
v 6.2574 4.7000 5.6829
v 6.2574 5.2000 5.6829
v 3.9424 5.2000 7.4772
v 6.4719 4.7000 5.9595
v 4.1568 4.7000 7.7538
v 4.1568 5.2000 7.7538
v 6.4719 5.2000 5.9595
v 4.1568 4.7000 7.7538
v 3.9424 4.7000 7.4772
v 3.9424 5.2000 7.4772
v 4.1568 5.2000 7.7538
v 6.2574 4.7000 5.6829
v 6.4719 4.7000 5.9595
v 6.4719 5.2000 5.9595
v 6.2574 5.2000 5.6829
v 3.9424 5.2000 7.4772
v 6.2574 5.2000 5.6829
v 6.4719 5.2000 5.9595
v 4.1568 5.2000 7.7538
v 4.1568 4.7000 7.7538
v 6.4719 4.7000 5.9595
v 6.2574 4.7000 5.6829
v 3.9424 4.7000 7.4772
v 4.0605 0.7600 7.5817
v 6.3292 0.7600 5.8233
v 6.3292 4.6800 5.8233
v 4.0605 4.6800 7.5817
v 6.3537 0.7600 5.8549
v 4.0850 0.7600 7.6134
v 4.0850 4.6800 7.6134
v 6.3537 4.6800 5.8549
v 4.0850 0.7600 7.6134
v 4.0605 0.7600 7.5817
v 4.0605 4.6800 7.5817
v 4.0850 4.6800 7.6134
v 6.3292 0.7600 5.8233
v 6.3537 0.7600 5.8549
v 6.3537 4.6800 5.8549
v 6.3292 4.6800 5.8233
v 4.0605 4.6800 7.5817
v 6.3292 4.6800 5.8233
v 6.3537 4.6800 5.8549
v 4.0850 4.6800 7.6134
v 4.0850 0.7600 7.6134
v 6.3537 0.7600 5.8549
v 6.3292 0.7600 5.8233
v 4.0605 0.7600 7.5817
v 6.1507 0.0050 5.7982
v 7.7602 0.0050 3.3511
v 7.7602 0.7550 3.3511
v 6.1507 0.7550 5.7982
v 8.0526 0.0050 3.5434
v 6.4431 0.0050 5.9906
v 6.4431 0.7550 5.9906
v 8.0526 0.7550 3.5434
v 6.4431 0.0050 5.9906
v 6.1507 0.0050 5.7982
v 6.1507 0.7550 5.7982
v 6.4431 0.7550 5.9906
v 7.7602 0.0050 3.3511
v 8.0526 0.0050 3.5434
v 8.0526 0.7550 3.5434
v 7.7602 0.7550 3.3511
v 6.1507 0.7550 5.7982
v 7.7602 0.7550 3.3511
v 8.0526 0.7550 3.5434
v 6.4431 0.7550 5.9906
v 6.4431 0.0050 5.9906
v 8.0526 0.0050 3.5434
v 7.7602 0.0050 3.3511
v 6.1507 0.0050 5.7982
v 6.0964 0.7400 5.7625
v 7.7059 0.7400 3.3154
v 7.7059 0.7800 3.3154
v 6.0964 0.7800 5.7625
v 8.0234 0.7400 3.5242
v 6.4139 0.7400 5.9713
v 6.4139 0.7800 5.9713
v 8.0234 0.7800 3.5242
v 6.4139 0.7400 5.9713
v 6.0964 0.7400 5.7625
v 6.0964 0.7800 5.7625
v 6.4139 0.7800 5.9713
v 7.7059 0.7400 3.3154
v 8.0234 0.7400 3.5242
v 8.0234 0.7800 3.5242
v 7.7059 0.7800 3.3154
v 6.0964 0.7800 5.7625
v 7.7059 0.7800 3.3154
v 8.0234 0.7800 3.5242
v 6.4139 0.7800 5.9713
v 6.4139 0.7400 5.9713
v 8.0234 0.7400 3.5242
v 7.7059 0.7400 3.3154
v 6.0964 0.7400 5.7625
v 6.1507 4.7000 5.7982
v 7.7602 4.7000 3.3511
v 7.7602 5.2000 3.3511
v 6.1507 5.2000 5.7982
v 8.0526 4.7000 3.5434
v 6.4431 4.7000 5.9906
v 6.4431 5.2000 5.9906
v 8.0526 5.2000 3.5434
v 6.4431 4.7000 5.9906
v 6.1507 4.7000 5.7982
v 6.1507 5.2000 5.7982
v 6.4431 5.2000 5.9906
v 7.7602 4.7000 3.3511
v 8.0526 4.7000 3.5434
v 8.0526 5.2000 3.5434
v 7.7602 5.2000 3.3511
v 6.1507 5.2000 5.7982
v 7.7602 5.2000 3.3511
v 8.0526 5.2000 3.5434
v 6.4431 5.2000 5.9906
v 6.4431 4.7000 5.9906
v 8.0526 4.7000 3.5434
v 7.7602 4.7000 3.3511
v 6.1507 4.7000 5.7982
v 6.2963 0.7600 5.8589
v 7.8736 0.7600 3.4607
v 7.8736 4.6800 3.4607
v 6.2963 4.6800 5.8589
v 7.9070 0.7600 3.4827
v 6.3297 0.7600 5.8809
v 6.3297 4.6800 5.8809
v 7.9070 4.6800 3.4827
v 6.3297 0.7600 5.8809
v 6.2963 0.7600 5.8589
v 6.2963 4.6800 5.8589
v 6.3297 4.6800 5.8809
v 7.8736 0.7600 3.4607
v 7.9070 0.7600 3.4827
v 7.9070 4.6800 3.4827
v 7.8736 4.6800 3.4607
v 6.2963 4.6800 5.8589
v 7.8736 4.6800 3.4607
v 7.9070 4.6800 3.4827
v 6.3297 4.6800 5.8809
v 6.3297 0.7600 5.8809
v 7.9070 0.7600 3.4827
v 7.8736 0.7600 3.4607
v 6.2963 0.7600 5.8589
v 7.6965 0.0050 3.4948
v 8.4272 0.0050 0.6584
v 8.4272 0.7550 0.6584
v 7.6965 0.7550 3.4948
v 8.7661 0.0050 0.7457
v 8.0355 0.0050 3.5821
v 8.0355 0.7550 3.5821
v 8.7661 0.7550 0.7457
v 8.0355 0.0050 3.5821
v 7.6965 0.0050 3.4948
v 7.6965 0.7550 3.4948
v 8.0355 0.7550 3.5821
v 8.4272 0.0050 0.6584
v 8.7661 0.0050 0.7457
v 8.7661 0.7550 0.7457
v 8.4272 0.7550 0.6584
v 7.6965 0.7550 3.4948
v 8.4272 0.7550 0.6584
v 8.7661 0.7550 0.7457
v 8.0355 0.7550 3.5821
v 8.0355 0.0050 3.5821
v 8.7661 0.0050 0.7457
v 8.4272 0.0050 0.6584
v 7.6965 0.0050 3.4948
v 7.6336 0.7400 3.4786
v 8.3642 0.7400 0.6422
v 8.3642 0.7800 0.6422
v 7.6336 0.7800 3.4786
v 8.7322 0.7400 0.7370
v 8.0016 0.7400 3.5734
v 8.0016 0.7800 3.5734
v 8.7322 0.7800 0.7370
v 8.0016 0.7400 3.5734
v 7.6336 0.7400 3.4786
v 7.6336 0.7800 3.4786
v 8.0016 0.7800 3.5734
v 8.3642 0.7400 0.6422
v 8.7322 0.7400 0.7370
v 8.7322 0.7800 0.7370
v 8.3642 0.7800 0.6422
v 7.6336 0.7800 3.4786
v 8.3642 0.7800 0.6422
v 8.7322 0.7800 0.7370
v 8.0016 0.7800 3.5734
v 8.0016 0.7400 3.5734
v 8.7322 0.7400 0.7370
v 8.3642 0.7400 0.6422
v 7.6336 0.7400 3.4786
v 7.6965 4.7000 3.4948
v 8.4272 4.7000 0.6584
v 8.4272 5.2000 0.6584
v 7.6965 5.2000 3.4948
v 8.7661 4.7000 0.7457
v 8.0355 4.7000 3.5821
v 8.0355 5.2000 3.5821
v 8.7661 5.2000 0.7457
v 8.0355 4.7000 3.5821
v 7.6965 4.7000 3.4948
v 7.6965 5.2000 3.4948
v 8.0355 5.2000 3.5821
v 8.4272 4.7000 0.6584
v 8.7661 4.7000 0.7457
v 8.7661 5.2000 0.7457
v 8.4272 5.2000 0.6584
v 7.6965 5.2000 3.4948
v 8.4272 5.2000 0.6584
v 8.7661 5.2000 0.7457
v 8.0355 5.2000 3.5821
v 8.0355 4.7000 3.5821
v 8.7661 4.7000 0.7457
v 8.4272 4.7000 0.6584
v 7.6965 4.7000 3.4948
v 7.8539 0.7600 3.5051
v 8.5700 0.7600 0.7254
v 8.5700 4.6800 0.7254
v 7.8539 4.6800 3.5051
v 8.6087 0.7600 0.7354
v 7.8927 0.7600 3.5151
v 7.8927 4.6800 3.5151
v 8.6087 4.6800 0.7354
v 7.8927 0.7600 3.5151
v 7.8539 0.7600 3.5051
v 7.8539 4.6800 3.5051
v 7.8927 4.6800 3.5151
v 8.5700 0.7600 0.7254
v 8.6087 0.7600 0.7354
v 8.6087 4.6800 0.7354
v 8.5700 4.6800 0.7254
v 7.8539 4.6800 3.5051
v 8.5700 4.6800 0.7254
v 8.6087 4.6800 0.7354
v 7.8927 4.6800 3.5151
v 7.8927 0.7600 3.5151
v 8.6087 0.7600 0.7354
v 8.5700 0.7600 0.7254
v 7.8539 0.7600 3.5051
v -8.1895 0.0000 1.3526
v -8.1583 0.0000 1.5299
v -8.1583 5.2000 1.5299
v -8.1895 5.2000 1.3526
v -8.5522 0.0000 1.5994
v -8.5835 0.0000 1.4221
v -8.5835 5.2000 1.4221
v -8.5522 5.2000 1.5994
v -8.5835 0.0000 1.4221
v -8.1895 0.0000 1.3526
v -8.1895 5.2000 1.3526
v -8.5835 5.2000 1.4221
v -8.1583 0.0000 1.5299
v -8.5522 0.0000 1.5994
v -8.5522 5.2000 1.5994
v -8.1583 5.2000 1.5299
v -8.1895 5.2000 1.3526
v -8.1583 5.2000 1.5299
v -8.5522 5.2000 1.5994
v -8.5835 5.2000 1.4221
v -8.5835 0.0000 1.4221
v -8.5522 0.0000 1.5994
v -8.1583 0.0000 1.5299
v -8.1895 0.0000 1.3526
v -7.2330 0.0000 4.0721
v -7.1430 0.0000 4.2279
v -7.1430 5.2000 4.2279
v -7.2330 5.2000 4.0721
v -7.4894 0.0000 4.4279
v -7.5794 0.0000 4.2721
v -7.5794 5.2000 4.2721
v -7.4894 5.2000 4.4279
v -7.5794 0.0000 4.2721
v -7.2330 0.0000 4.0721
v -7.2330 5.2000 4.0721
v -7.5794 5.2000 4.2721
v -7.1430 0.0000 4.2279
v -7.4894 0.0000 4.4279
v -7.4894 5.2000 4.4279
v -7.1430 5.2000 4.2279
v -7.2330 5.2000 4.0721
v -7.1430 5.2000 4.2279
v -7.4894 5.2000 4.4279
v -7.5794 5.2000 4.2721
v -7.5794 0.0000 4.2721
v -7.4894 0.0000 4.4279
v -7.1430 0.0000 4.2279
v -7.2330 0.0000 4.0721
v -5.4041 0.0000 6.3003
v -5.2662 0.0000 6.4160
v -5.2662 5.2000 6.4160
v -5.4041 5.2000 6.3003
v -5.5233 0.0000 6.7224
v -5.6612 0.0000 6.6067
v -5.6612 5.2000 6.6067
v -5.5233 5.2000 6.7224
v -5.6612 0.0000 6.6067
v -5.4041 0.0000 6.3003
v -5.4041 5.2000 6.3003
v -5.6612 5.2000 6.6067
v -5.2662 0.0000 6.4160
v -5.5233 0.0000 6.7224
v -5.5233 5.2000 6.7224
v -5.2662 5.2000 6.4160
v -5.4041 5.2000 6.3003
v -5.2662 5.2000 6.4160
v -5.5233 5.2000 6.7224
v -5.6612 5.2000 6.6067
v -5.6612 0.0000 6.6067
v -5.5233 0.0000 6.7224
v -5.2662 0.0000 6.4160
v -5.4041 0.0000 6.3003
v -2.9233 0.0000 7.7687
v -2.7542 0.0000 7.8302
v -2.7542 5.2000 7.8302
v -2.9233 5.2000 7.7687
v -2.8910 0.0000 8.2061
v -3.0601 0.0000 8.1445
v -3.0601 5.2000 8.1445
v -2.8910 5.2000 8.2061
v -3.0601 0.0000 8.1445
v -2.9233 0.0000 7.7687
v -2.9233 5.2000 7.7687
v -3.0601 5.2000 8.1445
v -2.7542 0.0000 7.8302
v -2.8910 0.0000 8.2061
v -2.8910 5.2000 8.2061
v -2.7542 5.2000 7.8302
v -2.9233 5.2000 7.7687
v -2.7542 5.2000 7.8302
v -2.8910 5.2000 8.2061
v -3.0601 5.2000 8.1445
v -3.0601 0.0000 8.1445
v -2.8910 0.0000 8.2061
v -2.7542 0.0000 7.8302
v -2.9233 0.0000 7.7687
v -0.0900 0.0000 8.3000
v 0.0900 0.0000 8.3000
v 0.0900 5.2000 8.3000
v -0.0900 5.2000 8.3000
v 0.0900 0.0000 8.7000
v -0.0900 0.0000 8.7000
v -0.0900 5.2000 8.7000
v 0.0900 5.2000 8.7000
v -0.0900 0.0000 8.7000
v -0.0900 0.0000 8.3000
v -0.0900 5.2000 8.3000
v -0.0900 5.2000 8.7000
v 0.0900 0.0000 8.3000
v 0.0900 0.0000 8.7000
v 0.0900 5.2000 8.7000
v 0.0900 5.2000 8.3000
v -0.0900 5.2000 8.3000
v 0.0900 5.2000 8.3000
v 0.0900 5.2000 8.7000
v -0.0900 5.2000 8.7000
v -0.0900 0.0000 8.7000
v 0.0900 0.0000 8.7000
v 0.0900 0.0000 8.3000
v -0.0900 0.0000 8.3000
v 2.7542 0.0000 7.8302
v 2.9233 0.0000 7.7687
v 2.9233 5.2000 7.7687
v 2.7542 5.2000 7.8302
v 3.0601 0.0000 8.1445
v 2.8910 0.0000 8.2061
v 2.8910 5.2000 8.2061
v 3.0601 5.2000 8.1445
v 2.8910 0.0000 8.2061
v 2.7542 0.0000 7.8302
v 2.7542 5.2000 7.8302
v 2.8910 5.2000 8.2061
v 2.9233 0.0000 7.7687
v 3.0601 0.0000 8.1445
v 3.0601 5.2000 8.1445
v 2.9233 5.2000 7.7687
v 2.7542 5.2000 7.8302
v 2.9233 5.2000 7.7687
v 3.0601 5.2000 8.1445
v 2.8910 5.2000 8.2061
v 2.8910 0.0000 8.2061
v 3.0601 0.0000 8.1445
v 2.9233 0.0000 7.7687
v 2.7542 0.0000 7.8302
v 5.2662 0.0000 6.4160
v 5.4041 0.0000 6.3003
v 5.4041 5.2000 6.3003
v 5.2662 5.2000 6.4160
v 5.6612 0.0000 6.6067
v 5.5233 0.0000 6.7224
v 5.5233 5.2000 6.7224
v 5.6612 5.2000 6.6067
v 5.5233 0.0000 6.7224
v 5.2662 0.0000 6.4160
v 5.2662 5.2000 6.4160
v 5.5233 5.2000 6.7224
v 5.4041 0.0000 6.3003
v 5.6612 0.0000 6.6067
v 5.6612 5.2000 6.6067
v 5.4041 5.2000 6.3003
v 5.2662 5.2000 6.4160
v 5.4041 5.2000 6.3003
v 5.6612 5.2000 6.6067
v 5.5233 5.2000 6.7224
v 5.5233 0.0000 6.7224
v 5.6612 0.0000 6.6067
v 5.4041 0.0000 6.3003
v 5.2662 0.0000 6.4160
v 7.1430 0.0000 4.2279
v 7.2330 0.0000 4.0721
v 7.2330 5.2000 4.0721
v 7.1430 5.2000 4.2279
v 7.5794 0.0000 4.2721
v 7.4894 0.0000 4.4279
v 7.4894 5.2000 4.4279
v 7.5794 5.2000 4.2721
v 7.4894 0.0000 4.4279
v 7.1430 0.0000 4.2279
v 7.1430 5.2000 4.2279
v 7.4894 5.2000 4.4279
v 7.2330 0.0000 4.0721
v 7.5794 0.0000 4.2721
v 7.5794 5.2000 4.2721
v 7.2330 5.2000 4.0721
v 7.1430 5.2000 4.2279
v 7.2330 5.2000 4.0721
v 7.5794 5.2000 4.2721
v 7.4894 5.2000 4.4279
v 7.4894 0.0000 4.4279
v 7.5794 0.0000 4.2721
v 7.2330 0.0000 4.0721
v 7.1430 0.0000 4.2279
v 8.1583 0.0000 1.5299
v 8.1895 0.0000 1.3526
v 8.1895 5.2000 1.3526
v 8.1583 5.2000 1.5299
v 8.5835 0.0000 1.4221
v 8.5522 0.0000 1.5994
v 8.5522 5.2000 1.5994
v 8.5835 5.2000 1.4221
v 8.5522 0.0000 1.5994
v 8.1583 0.0000 1.5299
v 8.1583 5.2000 1.5299
v 8.5522 5.2000 1.5994
v 8.1895 0.0000 1.3526
v 8.5835 0.0000 1.4221
v 8.5835 5.2000 1.4221
v 8.1895 5.2000 1.3526
v 8.1583 5.2000 1.5299
v 8.1895 5.2000 1.3526
v 8.5835 5.2000 1.4221
v 8.5522 5.2000 1.5994
v 8.5522 0.0000 1.5994
v 8.5835 0.0000 1.4221
v 8.1895 0.0000 1.3526
v 8.1583 0.0000 1.5299
v 0.0000 5.3750 4.2000
v 0.0000 5.3750 9.0000
v 0.0000 5.1250 4.2000
v 0.0000 5.1250 9.0000
v 0.7293 5.3750 4.1362
v 1.5628 5.3750 8.8633
v 0.7293 5.1250 4.1362
v 1.5628 5.1250 8.8633
v 1.4365 5.3750 3.9467
v 3.0782 5.3750 8.4572
v 1.4365 5.1250 3.9467
v 3.0782 5.1250 8.4572
v 2.1000 5.3750 3.6373
v 4.5000 5.3750 7.7942
v 2.1000 5.1250 3.6373
v 4.5000 5.1250 7.7942
v 2.6997 5.3750 3.2174
v 5.7851 5.3750 6.8944
v 2.6997 5.1250 3.2174
v 5.7851 5.1250 6.8944
v 3.2174 5.3750 2.6997
v 6.8944 5.3750 5.7851
v 3.2174 5.1250 2.6997
v 6.8944 5.1250 5.7851
v 3.6373 5.3750 2.1000
v 7.7942 5.3750 4.5000
v 3.6373 5.1250 2.1000
v 7.7942 5.1250 4.5000
v 3.9467 5.3750 1.4365
v 8.4572 5.3750 3.0782
v 3.9467 5.1250 1.4365
v 8.4572 5.1250 3.0782
v 4.1362 5.3750 0.7293
v 8.8633 5.3750 1.5628
v 4.1362 5.1250 0.7293
v 8.8633 5.1250 1.5628
v 4.2000 5.3750 0.0000
v 9.0000 5.3750 0.0000
v 4.2000 5.1250 0.0000
v 9.0000 5.1250 0.0000
v 4.1362 5.3750 -0.7293
v 8.8633 5.3750 -1.5628
v 4.1362 5.1250 -0.7293
v 8.8633 5.1250 -1.5628
v 3.9467 5.3750 -1.4365
v 8.4572 5.3750 -3.0782
v 3.9467 5.1250 -1.4365
v 8.4572 5.1250 -3.0782
v 3.6373 5.3750 -2.1000
v 7.7942 5.3750 -4.5000
v 3.6373 5.1250 -2.1000
v 7.7942 5.1250 -4.5000
v 3.2174 5.3750 -2.6997
v 6.8944 5.3750 -5.7851
v 3.2174 5.1250 -2.6997
v 6.8944 5.1250 -5.7851
v 2.6997 5.3750 -3.2174
v 5.7851 5.3750 -6.8944
v 2.6997 5.1250 -3.2174
v 5.7851 5.1250 -6.8944
v 2.1000 5.3750 -3.6373
v 4.5000 5.3750 -7.7942
v 2.1000 5.1250 -3.6373
v 4.5000 5.1250 -7.7942
v 1.4365 5.3750 -3.9467
v 3.0782 5.3750 -8.4572
v 1.4365 5.1250 -3.9467
v 3.0782 5.1250 -8.4572
v 0.7293 5.3750 -4.1362
v 1.5628 5.3750 -8.8633
v 0.7293 5.1250 -4.1362
v 1.5628 5.1250 -8.8633
v 0.0000 5.3750 -4.2000
v 0.0000 5.3750 -9.0000
v 0.0000 5.1250 -4.2000
v 0.0000 5.1250 -9.0000
v -0.7293 5.3750 -4.1362
v -1.5628 5.3750 -8.8633
v -0.7293 5.1250 -4.1362
v -1.5628 5.1250 -8.8633
v -1.4365 5.3750 -3.9467
v -3.0782 5.3750 -8.4572
v -1.4365 5.1250 -3.9467
v -3.0782 5.1250 -8.4572
v -2.1000 5.3750 -3.6373
v -4.5000 5.3750 -7.7942
v -2.1000 5.1250 -3.6373
v -4.5000 5.1250 -7.7942
v -2.6997 5.3750 -3.2174
v -5.7851 5.3750 -6.8944
v -2.6997 5.1250 -3.2174
v -5.7851 5.1250 -6.8944
v -3.2174 5.3750 -2.6997
v -6.8944 5.3750 -5.7851
v -3.2174 5.1250 -2.6997
v -6.8944 5.1250 -5.7851
v -3.6373 5.3750 -2.1000
v -7.7942 5.3750 -4.5000
v -3.6373 5.1250 -2.1000
v -7.7942 5.1250 -4.5000
v -3.9467 5.3750 -1.4365
v -8.4572 5.3750 -3.0782
v -3.9467 5.1250 -1.4365
v -8.4572 5.1250 -3.0782
v -4.1362 5.3750 -0.7293
v -8.8633 5.3750 -1.5628
v -4.1362 5.1250 -0.7293
v -8.8633 5.1250 -1.5628
v -4.2000 5.3750 0.0000
v -9.0000 5.3750 0.0000
v -4.2000 5.1250 0.0000
v -9.0000 5.1250 0.0000
v -4.1362 5.3750 0.7293
v -8.8633 5.3750 1.5628
v -4.1362 5.1250 0.7293
v -8.8633 5.1250 1.5628
v -3.9467 5.3750 1.4365
v -8.4572 5.3750 3.0782
v -3.9467 5.1250 1.4365
v -8.4572 5.1250 3.0782
v -3.6373 5.3750 2.1000
v -7.7942 5.3750 4.5000
v -3.6373 5.1250 2.1000
v -7.7942 5.1250 4.5000
v -3.2174 5.3750 2.6997
v -6.8944 5.3750 5.7851
v -3.2174 5.1250 2.6997
v -6.8944 5.1250 5.7851
v -2.6997 5.3750 3.2174
v -5.7851 5.3750 6.8944
v -2.6997 5.1250 3.2174
v -5.7851 5.1250 6.8944
v -2.1000 5.3750 3.6373
v -4.5000 5.3750 7.7942
v -2.1000 5.1250 3.6373
v -4.5000 5.1250 7.7942
v -1.4365 5.3750 3.9467
v -3.0782 5.3750 8.4572
v -1.4365 5.1250 3.9467
v -3.0782 5.1250 8.4572
v -0.7293 5.3750 4.1362
v -1.5628 5.3750 8.8633
v -0.7293 5.1250 4.1362
v -1.5628 5.1250 8.8633
v 0.0000 5.1600 4.0500
v 0.0000 5.1600 4.2500
v 0.0000 5.1200 4.0500
v 0.0000 5.1200 4.2500
v 0.7033 5.1600 3.9885
v 0.7380 5.1600 4.1854
v 0.7033 5.1200 3.9885
v 0.7380 5.1200 4.1854
v 1.3852 5.1600 3.8058
v 1.4536 5.1600 3.9937
v 1.3852 5.1200 3.8058
v 1.4536 5.1200 3.9937
v 2.0250 5.1600 3.5074
v 2.1250 5.1600 3.6806
v 2.0250 5.1200 3.5074
v 2.1250 5.1200 3.6806
v 2.6033 5.1600 3.1025
v 2.7318 5.1600 3.2557
v 2.6033 5.1200 3.1025
v 2.7318 5.1200 3.2557
v 3.1025 5.1600 2.6033
v 3.2557 5.1600 2.7318
v 3.1025 5.1200 2.6033
v 3.2557 5.1200 2.7318
v 3.5074 5.1600 2.0250
v 3.6806 5.1600 2.1250
v 3.5074 5.1200 2.0250
v 3.6806 5.1200 2.1250
v 3.8058 5.1600 1.3852
v 3.9937 5.1600 1.4536
v 3.8058 5.1200 1.3852
v 3.9937 5.1200 1.4536
v 3.9885 5.1600 0.7033
v 4.1854 5.1600 0.7380
v 3.9885 5.1200 0.7033
v 4.1854 5.1200 0.7380
v 4.0500 5.1600 0.0000
v 4.2500 5.1600 0.0000
v 4.0500 5.1200 0.0000
v 4.2500 5.1200 0.0000
v 3.9885 5.1600 -0.7033
v 4.1854 5.1600 -0.7380
v 3.9885 5.1200 -0.7033
v 4.1854 5.1200 -0.7380
v 3.8058 5.1600 -1.3852
v 3.9937 5.1600 -1.4536
v 3.8058 5.1200 -1.3852
v 3.9937 5.1200 -1.4536
v 3.5074 5.1600 -2.0250
v 3.6806 5.1600 -2.1250
v 3.5074 5.1200 -2.0250
v 3.6806 5.1200 -2.1250
v 3.1025 5.1600 -2.6033
v 3.2557 5.1600 -2.7318
v 3.1025 5.1200 -2.6033
v 3.2557 5.1200 -2.7318
v 2.6033 5.1600 -3.1025
v 2.7318 5.1600 -3.2557
v 2.6033 5.1200 -3.1025
v 2.7318 5.1200 -3.2557
v 2.0250 5.1600 -3.5074
v 2.1250 5.1600 -3.6806
v 2.0250 5.1200 -3.5074
v 2.1250 5.1200 -3.6806
v 1.3852 5.1600 -3.8058
v 1.4536 5.1600 -3.9937
v 1.3852 5.1200 -3.8058
v 1.4536 5.1200 -3.9937
v 0.7033 5.1600 -3.9885
v 0.7380 5.1600 -4.1854
v 0.7033 5.1200 -3.9885
v 0.7380 5.1200 -4.1854
v 0.0000 5.1600 -4.0500
v 0.0000 5.1600 -4.2500
v 0.0000 5.1200 -4.0500
v 0.0000 5.1200 -4.2500
v -0.7033 5.1600 -3.9885
v -0.7380 5.1600 -4.1854
v -0.7033 5.1200 -3.9885
v -0.7380 5.1200 -4.1854
v -1.3852 5.1600 -3.8058
v -1.4536 5.1600 -3.9937
v -1.3852 5.1200 -3.8058
v -1.4536 5.1200 -3.9937
v -2.0250 5.1600 -3.5074
v -2.1250 5.1600 -3.6806
v -2.0250 5.1200 -3.5074
v -2.1250 5.1200 -3.6806
v -2.6033 5.1600 -3.1025
v -2.7318 5.1600 -3.2557
v -2.6033 5.1200 -3.1025
v -2.7318 5.1200 -3.2557
v -3.1025 5.1600 -2.6033
v -3.2557 5.1600 -2.7318
v -3.1025 5.1200 -2.6033
v -3.2557 5.1200 -2.7318
v -3.5074 5.1600 -2.0250
v -3.6806 5.1600 -2.1250
v -3.5074 5.1200 -2.0250
v -3.6806 5.1200 -2.1250
v -3.8058 5.1600 -1.3852
v -3.9937 5.1600 -1.4536
v -3.8058 5.1200 -1.3852
v -3.9937 5.1200 -1.4536
v -3.9885 5.1600 -0.7033
v -4.1854 5.1600 -0.7380
v -3.9885 5.1200 -0.7033
v -4.1854 5.1200 -0.7380
v -4.0500 5.1600 0.0000
v -4.2500 5.1600 0.0000
v -4.0500 5.1200 0.0000
v -4.2500 5.1200 0.0000
v -3.9885 5.1600 0.7033
v -4.1854 5.1600 0.7380
v -3.9885 5.1200 0.7033
v -4.1854 5.1200 0.7380
v -3.8058 5.1600 1.3852
v -3.9937 5.1600 1.4536
v -3.8058 5.1200 1.3852
v -3.9937 5.1200 1.4536
v -3.5074 5.1600 2.0250
v -3.6806 5.1600 2.1250
v -3.5074 5.1200 2.0250
v -3.6806 5.1200 2.1250
v -3.1025 5.1600 2.6033
v -3.2557 5.1600 2.7318
v -3.1025 5.1200 2.6033
v -3.2557 5.1200 2.7318
v -2.6033 5.1600 3.1025
v -2.7318 5.1600 3.2557
v -2.6033 5.1200 3.1025
v -2.7318 5.1200 3.2557
v -2.0250 5.1600 3.5074
v -2.1250 5.1600 3.6806
v -2.0250 5.1200 3.5074
v -2.1250 5.1200 3.6806
v -1.3852 5.1600 3.8058
v -1.4536 5.1600 3.9937
v -1.3852 5.1200 3.8058
v -1.4536 5.1200 3.9937
v -0.7033 5.1600 3.9885
v -0.7380 5.1600 4.1854
v -0.7033 5.1200 3.9885
v -0.7380 5.1200 4.1854
v 0.0000 5.2450 0.0000
v 0.0000 5.1950 0.0000
v 0.0000 5.2450 4.1800
v 0.0000 5.1950 4.1800
v 0.7258 5.2450 4.1165
v 0.7258 5.1950 4.1165
v 1.4296 5.2450 3.9279
v 1.4296 5.1950 3.9279
v 2.0900 5.2450 3.6200
v 2.0900 5.1950 3.6200
v 2.6869 5.2450 3.2021
v 2.6869 5.1950 3.2021
v 3.2021 5.2450 2.6869
v 3.2021 5.1950 2.6869
v 3.6200 5.2450 2.0900
v 3.6200 5.1950 2.0900
v 3.9279 5.2450 1.4296
v 3.9279 5.1950 1.4296
v 4.1165 5.2450 0.7258
v 4.1165 5.1950 0.7258
v 4.1800 5.2450 0.0000
v 4.1800 5.1950 0.0000
v 4.1165 5.2450 -0.7258
v 4.1165 5.1950 -0.7258
v 3.9279 5.2450 -1.4296
v 3.9279 5.1950 -1.4296
v 3.6200 5.2450 -2.0900
v 3.6200 5.1950 -2.0900
v 3.2021 5.2450 -2.6869
v 3.2021 5.1950 -2.6869
v 2.6869 5.2450 -3.2021
v 2.6869 5.1950 -3.2021
v 2.0900 5.2450 -3.6200
v 2.0900 5.1950 -3.6200
v 1.4296 5.2450 -3.9279
v 1.4296 5.1950 -3.9279
v 0.7258 5.2450 -4.1165
v 0.7258 5.1950 -4.1165
v 0.0000 5.2450 -4.1800
v 0.0000 5.1950 -4.1800
v -0.7258 5.2450 -4.1165
v -0.7258 5.1950 -4.1165
v -1.4296 5.2450 -3.9279
v -1.4296 5.1950 -3.9279
v -2.0900 5.2450 -3.6200
v -2.0900 5.1950 -3.6200
v -2.6869 5.2450 -3.2021
v -2.6869 5.1950 -3.2021
v -3.2021 5.2450 -2.6869
v -3.2021 5.1950 -2.6869
v -3.6200 5.2450 -2.0900
v -3.6200 5.1950 -2.0900
v -3.9279 5.2450 -1.4296
v -3.9279 5.1950 -1.4296
v -4.1165 5.2450 -0.7258
v -4.1165 5.1950 -0.7258
v -4.1800 5.2450 0.0000
v -4.1800 5.1950 0.0000
v -4.1165 5.2450 0.7258
v -4.1165 5.1950 0.7258
v -3.9279 5.2450 1.4296
v -3.9279 5.1950 1.4296
v -3.6200 5.2450 2.0900
v -3.6200 5.1950 2.0900
v -3.2021 5.2450 2.6869
v -3.2021 5.1950 2.6869
v -2.6869 5.2450 3.2021
v -2.6869 5.1950 3.2021
v -2.0900 5.2450 3.6200
v -2.0900 5.1950 3.6200
v -1.4296 5.2450 3.9279
v -1.4296 5.1950 3.9279
v -0.7258 5.2450 4.1165
v -0.7258 5.1950 4.1165
v -0.0500 5.1800 0.0000
v 0.0500 5.1800 0.0000
v 0.0500 5.2600 0.0000
v -0.0500 5.2600 0.0000
v 0.0500 5.1800 4.2000
v -0.0500 5.1800 4.2000
v -0.0500 5.2600 4.2000
v 0.0500 5.2600 4.2000
v -0.0500 5.1800 4.2000
v -0.0500 5.1800 0.0000
v -0.0500 5.2600 0.0000
v -0.0500 5.2600 4.2000
v 0.0500 5.1800 0.0000
v 0.0500 5.1800 4.2000
v 0.0500 5.2600 4.2000
v 0.0500 5.2600 0.0000
v -0.0500 5.2600 0.0000
v 0.0500 5.2600 0.0000
v 0.0500 5.2600 4.2000
v -0.0500 5.2600 4.2000
v -0.0500 5.1800 4.2000
v 0.0500 5.1800 4.2000
v 0.0500 5.1800 0.0000
v -0.0500 5.1800 0.0000
v -0.0354 5.1800 0.0354
v 0.0354 5.1800 -0.0354
v 0.0354 5.2600 -0.0354
v -0.0354 5.2600 0.0354
v 3.0052 5.1800 2.9345
v 2.9345 5.1800 3.0052
v 2.9345 5.2600 3.0052
v 3.0052 5.2600 2.9345
v 2.9345 5.1800 3.0052
v -0.0354 5.1800 0.0354
v -0.0354 5.2600 0.0354
v 2.9345 5.2600 3.0052
v 0.0354 5.1800 -0.0354
v 3.0052 5.1800 2.9345
v 3.0052 5.2600 2.9345
v 0.0354 5.2600 -0.0354
v -0.0354 5.2600 0.0354
v 0.0354 5.2600 -0.0354
v 3.0052 5.2600 2.9345
v 2.9345 5.2600 3.0052
v 2.9345 5.1800 3.0052
v 3.0052 5.1800 2.9345
v 0.0354 5.1800 -0.0354
v -0.0354 5.1800 0.0354
v 0.0000 5.1800 0.0500
v 0.0000 5.1800 -0.0500
v 0.0000 5.2600 -0.0500
v 0.0000 5.2600 0.0500
v 4.2000 5.1800 -0.0500
v 4.2000 5.1800 0.0500
v 4.2000 5.2600 0.0500
v 4.2000 5.2600 -0.0500
v 4.2000 5.1800 0.0500
v 0.0000 5.1800 0.0500
v 0.0000 5.2600 0.0500
v 4.2000 5.2600 0.0500
v 0.0000 5.1800 -0.0500
v 4.2000 5.1800 -0.0500
v 4.2000 5.2600 -0.0500
v 0.0000 5.2600 -0.0500
v 0.0000 5.2600 0.0500
v 0.0000 5.2600 -0.0500
v 4.2000 5.2600 -0.0500
v 4.2000 5.2600 0.0500
v 4.2000 5.1800 0.0500
v 4.2000 5.1800 -0.0500
v 0.0000 5.1800 -0.0500
v 0.0000 5.1800 0.0500
v 0.0354 5.1800 0.0354
v -0.0354 5.1800 -0.0354
v -0.0354 5.2600 -0.0354
v 0.0354 5.2600 0.0354
v 2.9345 5.1800 -3.0052
v 3.0052 5.1800 -2.9345
v 3.0052 5.2600 -2.9345
v 2.9345 5.2600 -3.0052
v 3.0052 5.1800 -2.9345
v 0.0354 5.1800 0.0354
v 0.0354 5.2600 0.0354
v 3.0052 5.2600 -2.9345
v -0.0354 5.1800 -0.0354
v 2.9345 5.1800 -3.0052
v 2.9345 5.2600 -3.0052
v -0.0354 5.2600 -0.0354
v 0.0354 5.2600 0.0354
v -0.0354 5.2600 -0.0354
v 2.9345 5.2600 -3.0052
v 3.0052 5.2600 -2.9345
v 3.0052 5.1800 -2.9345
v 2.9345 5.1800 -3.0052
v -0.0354 5.1800 -0.0354
v 0.0354 5.1800 0.0354
v 0.0500 5.1800 0.0000
v -0.0500 5.1800 0.0000
v -0.0500 5.2600 0.0000
v 0.0500 5.2600 0.0000
v -0.0500 5.1800 -4.2000
v 0.0500 5.1800 -4.2000
v 0.0500 5.2600 -4.2000
v -0.0500 5.2600 -4.2000
v 0.0500 5.1800 -4.2000
v 0.0500 5.1800 0.0000
v 0.0500 5.2600 0.0000
v 0.0500 5.2600 -4.2000
v -0.0500 5.1800 0.0000
v -0.0500 5.1800 -4.2000
v -0.0500 5.2600 -4.2000
v -0.0500 5.2600 0.0000
v 0.0500 5.2600 0.0000
v -0.0500 5.2600 0.0000
v -0.0500 5.2600 -4.2000
v 0.0500 5.2600 -4.2000
v 0.0500 5.1800 -4.2000
v -0.0500 5.1800 -4.2000
v -0.0500 5.1800 0.0000
v 0.0500 5.1800 0.0000
v 0.0354 5.1800 -0.0354
v -0.0354 5.1800 0.0354
v -0.0354 5.2600 0.0354
v 0.0354 5.2600 -0.0354
v -3.0052 5.1800 -2.9345
v -2.9345 5.1800 -3.0052
v -2.9345 5.2600 -3.0052
v -3.0052 5.2600 -2.9345
v -2.9345 5.1800 -3.0052
v 0.0354 5.1800 -0.0354
v 0.0354 5.2600 -0.0354
v -2.9345 5.2600 -3.0052
v -0.0354 5.1800 0.0354
v -3.0052 5.1800 -2.9345
v -3.0052 5.2600 -2.9345
v -0.0354 5.2600 0.0354
v 0.0354 5.2600 -0.0354
v -0.0354 5.2600 0.0354
v -3.0052 5.2600 -2.9345
v -2.9345 5.2600 -3.0052
v -2.9345 5.1800 -3.0052
v -3.0052 5.1800 -2.9345
v -0.0354 5.1800 0.0354
v 0.0354 5.1800 -0.0354
v 0.0000 5.1800 -0.0500
v 0.0000 5.1800 0.0500
v 0.0000 5.2600 0.0500
v 0.0000 5.2600 -0.0500
v -4.2000 5.1800 0.0500
v -4.2000 5.1800 -0.0500
v -4.2000 5.2600 -0.0500
v -4.2000 5.2600 0.0500
v -4.2000 5.1800 -0.0500
v 0.0000 5.1800 -0.0500
v 0.0000 5.2600 -0.0500
v -4.2000 5.2600 -0.0500
v 0.0000 5.1800 0.0500
v -4.2000 5.1800 0.0500
v -4.2000 5.2600 0.0500
v 0.0000 5.2600 0.0500
v 0.0000 5.2600 -0.0500
v 0.0000 5.2600 0.0500
v -4.2000 5.2600 0.0500
v -4.2000 5.2600 -0.0500
v -4.2000 5.1800 -0.0500
v -4.2000 5.1800 0.0500
v 0.0000 5.1800 0.0500
v 0.0000 5.1800 -0.0500
v -0.0354 5.1800 -0.0354
v 0.0354 5.1800 0.0354
v 0.0354 5.2600 0.0354
v -0.0354 5.2600 -0.0354
v -2.9345 5.1800 3.0052
v -3.0052 5.1800 2.9345
v -3.0052 5.2600 2.9345
v -2.9345 5.2600 3.0052
v -3.0052 5.1800 2.9345
v -0.0354 5.1800 -0.0354
v -0.0354 5.2600 -0.0354
v -3.0052 5.2600 2.9345
v 0.0354 5.1800 0.0354
v -2.9345 5.1800 3.0052
v -2.9345 5.2600 3.0052
v 0.0354 5.2600 0.0354
v -0.0354 5.2600 -0.0354
v 0.0354 5.2600 0.0354
v -2.9345 5.2600 3.0052
v -3.0052 5.2600 2.9345
v -3.0052 5.1800 2.9345
v -2.9345 5.1800 3.0052
v 0.0354 5.1800 0.0354
v -0.0354 5.1800 -0.0354
vt 0.5000 0.5000
vt 0.5000 0.5000
vt 0.5000 1.0000
vt 0.5000 1.0000
vt 0.5868 0.9924
vt 0.5868 0.9924
vt 0.6710 0.9698
vt 0.6710 0.9698
vt 0.7500 0.9330
vt 0.7500 0.9330
vt 0.8214 0.8830
vt 0.8214 0.8830
vt 0.8830 0.8214
vt 0.8830 0.8214
vt 0.9330 0.7500
vt 0.9330 0.7500
vt 0.9698 0.6710
vt 0.9698 0.6710
vt 0.9924 0.5868
vt 0.9924 0.5868
vt 1.0000 0.5000
vt 1.0000 0.5000
vt 0.9924 0.4132
vt 0.9924 0.4132
vt 0.9698 0.3290
vt 0.9698 0.3290
vt 0.9330 0.2500
vt 0.9330 0.2500
vt 0.8830 0.1786
vt 0.8830 0.1786
vt 0.8214 0.1170
vt 0.8214 0.1170
vt 0.7500 0.0670
vt 0.7500 0.0670
vt 0.6710 0.0302
vt 0.6710 0.0302
vt 0.5868 0.0076
vt 0.5868 0.0076
vt 0.5000 0.0000
vt 0.5000 0.0000
vt 0.4132 0.0076
vt 0.4132 0.0076
vt 0.3290 0.0302
vt 0.3290 0.0302
vt 0.2500 0.0670
vt 0.2500 0.0670
vt 0.1786 0.1170
vt 0.1786 0.1170
vt 0.1170 0.1786
vt 0.1170 0.1786
vt 0.0670 0.2500
vt 0.0670 0.2500
vt 0.0302 0.3290
vt 0.0302 0.3290
vt 0.0076 0.4132
vt 0.0076 0.4132
vt 0.0000 0.5000
vt 0.0000 0.5000
vt 0.0076 0.5868
vt 0.0076 0.5868
vt 0.0302 0.6710
vt 0.0302 0.6710
vt 0.0670 0.7500
vt 0.0670 0.7500
vt 0.1170 0.8214
vt 0.1170 0.8214
vt 0.1786 0.8830
vt 0.1786 0.8830
vt 0.2500 0.9330
vt 0.2500 0.9330
vt 0.3290 0.9698
vt 0.3290 0.9698
vt 0.4132 0.9924
vt 0.4132 0.9924
vt 0.0000 0.0000
vt 1.0000 0.0000
vt 1.0000 1.0000
vt 0.0000 1.0000
vt 0.0000 0.0000
vt 1.0000 0.0000
vt 1.0000 1.0000
vt 0.0000 1.0000
vt 0.0000 0.0000
vt 1.0000 0.0000
vt 1.0000 1.0000
vt 0.0000 1.0000
vt 0.0000 0.0000
vt 1.0000 0.0000
vt 1.0000 1.0000
vt 0.0000 1.0000
vt 0.0000 0.0000
vt 1.0000 0.0000
vt 1.0000 1.0000
vt 0.0000 1.0000
vt 0.0000 0.0000
vt 1.0000 0.0000
vt 1.0000 1.0000
vt 0.0000 1.0000
vt 0.0000 0.0000
vt 1.0000 0.0000
vt 1.0000 1.0000
vt 0.0000 1.0000
vt 0.0000 0.0000
vt 1.0000 0.0000
vt 1.0000 1.0000
vt 0.0000 1.0000
vt 0.0000 0.0000
vt 1.0000 0.0000
vt 1.0000 1.0000
vt 0.0000 1.0000
vt 0.0000 0.0000
vt 1.0000 0.0000
vt 1.0000 1.0000
vt 0.0000 1.0000
vt 0.0000 0.0000
vt 1.0000 0.0000
vt 1.0000 1.0000
vt 0.0000 1.0000
vt 0.0000 0.0000
vt 1.0000 0.0000
vt 1.0000 1.0000
vt 0.0000 1.0000
vt 0.0000 0.0000
vt 1.0000 0.0000
vt 1.0000 1.0000
vt 0.0000 1.0000
vt 0.0000 0.0000
vt 1.0000 0.0000
vt 1.0000 1.0000
vt 0.0000 1.0000
vt 0.0000 0.0000
vt 1.0000 0.0000
vt 1.0000 1.0000
vt 0.0000 1.0000
vt 0.0000 0.0000
vt 1.0000 0.0000
vt 1.0000 1.0000
vt 0.0000 1.0000
vt 0.0000 0.0000
vt 1.0000 0.0000
vt 1.0000 1.0000
vt 0.0000 1.0000
vt 0.0000 0.0000
vt 1.0000 0.0000
vt 1.0000 1.0000
vt 0.0000 1.0000
vt 0.0000 0.0000
vt 1.0000 0.0000
vt 1.0000 1.0000
vt 0.0000 1.0000
vt 0.0000 0.0000
vt 1.0000 0.0000
vt 1.0000 1.0000
vt 0.0000 1.0000
vt 0.0000 0.0000
vt 1.0000 0.0000
vt 1.0000 1.0000
vt 0.0000 1.0000
vt 0.0000 0.0000
vt 1.0000 0.0000
vt 1.0000 1.0000
vt 0.0000 1.0000
vt 0.0000 0.0000
vt 1.0000 0.0000
vt 1.0000 1.0000
vt 0.0000 1.0000
vt 0.0000 0.0000
vt 1.0000 0.0000
vt 1.0000 1.0000
vt 0.0000 1.0000
vt 0.0000 0.0000
vt 1.0000 0.0000
vt 1.0000 1.0000
vt 0.0000 1.0000
vt 0.0000 0.0000
vt 1.0000 0.0000
vt 1.0000 1.0000
vt 0.0000 1.0000
vt 0.0000 0.0000
vt 1.0000 0.0000
vt 1.0000 1.0000
vt 0.0000 1.0000
vt 0.0000 0.0000
vt 1.0000 0.0000
vt 1.0000 1.0000
vt 0.0000 1.0000
vt 0.0000 0.0000
vt 1.0000 0.0000
vt 1.0000 1.0000
vt 0.0000 1.0000
vt 0.0000 0.0000
vt 1.0000 0.0000
vt 1.0000 1.0000
vt 0.0000 1.0000
vt 0.0000 0.0000
vt 1.0000 0.0000
vt 1.0000 1.0000
vt 0.0000 1.0000
vt 0.0000 0.0000
vt 1.0000 0.0000
vt 1.0000 1.0000
vt 0.0000 1.0000
vt 0.0000 0.0000
vt 1.0000 0.0000
vt 1.0000 1.0000
vt 0.0000 1.0000
vt 0.0000 0.0000
vt 1.0000 0.0000
vt 1.0000 1.0000
vt 0.0000 1.0000
vt 0.0000 0.0000
vt 1.0000 0.0000
vt 1.0000 1.0000
vt 0.0000 1.0000
vt 0.0000 0.0000
vt 1.0000 0.0000
vt 1.0000 1.0000
vt 0.0000 1.0000
vt 0.0000 0.0000
vt 1.0000 0.0000
vt 1.0000 1.0000
vt 0.0000 1.0000
vt 0.0000 0.0000
vt 1.0000 0.0000
vt 1.0000 1.0000
vt 0.0000 1.0000
vt 0.0000 0.0000
vt 1.0000 0.0000
vt 1.0000 1.0000
vt 0.0000 1.0000
vt 0.0000 0.0000
vt 1.0000 0.0000
vt 1.0000 1.0000
vt 0.0000 1.0000
vt 0.0000 0.0000
vt 1.0000 0.0000
vt 1.0000 1.0000
vt 0.0000 1.0000
vt 0.0000 0.0000
vt 1.0000 0.0000
vt 1.0000 1.0000
vt 0.0000 1.0000
vt 0.0000 0.0000
vt 1.0000 0.0000
vt 1.0000 1.0000
vt 0.0000 1.0000
vt 0.0000 0.0000
vt 1.0000 0.0000
vt 1.0000 1.0000
vt 0.0000 1.0000
vt 0.0000 0.0000
vt 1.0000 0.0000
vt 1.0000 1.0000
vt 0.0000 1.0000
vt 0.0000 0.0000
vt 1.0000 0.0000
vt 1.0000 1.0000
vt 0.0000 1.0000
vt 0.0000 0.0000
vt 1.0000 0.0000
vt 1.0000 1.0000
vt 0.0000 1.0000
vt 0.0000 0.0000
vt 1.0000 0.0000
vt 1.0000 1.0000
vt 0.0000 1.0000
vt 0.0000 0.0000
vt 1.0000 0.0000
vt 1.0000 1.0000
vt 0.0000 1.0000
vt 0.0000 0.0000
vt 1.0000 0.0000
vt 1.0000 1.0000
vt 0.0000 1.0000
vt 0.0000 0.0000
vt 1.0000 0.0000
vt 1.0000 1.0000
vt 0.0000 1.0000
vt 0.0000 0.0000
vt 1.0000 0.0000
vt 1.0000 1.0000
vt 0.0000 1.0000
vt 0.0000 0.0000
vt 1.0000 0.0000
vt 1.0000 1.0000
vt 0.0000 1.0000
vt 0.0000 0.0000
vt 1.0000 0.0000
vt 1.0000 1.0000
vt 0.0000 1.0000
vt 0.0000 0.0000
vt 1.0000 0.0000
vt 1.0000 1.0000
vt 0.0000 1.0000
vt 0.0000 0.0000
vt 1.0000 0.0000
vt 1.0000 1.0000
vt 0.0000 1.0000
vt 0.0000 0.0000
vt 1.0000 0.0000
vt 1.0000 1.0000
vt 0.0000 1.0000
vt 0.0000 0.0000
vt 1.0000 0.0000
vt 1.0000 1.0000
vt 0.0000 1.0000
vt 0.0000 0.0000
vt 1.0000 0.0000
vt 1.0000 1.0000
vt 0.0000 1.0000
vt 0.0000 0.0000
vt 1.0000 0.0000
vt 1.0000 1.0000
vt 0.0000 1.0000
vt 0.0000 0.0000
vt 1.0000 0.0000
vt 1.0000 1.0000
vt 0.0000 1.0000
vt 0.0000 0.0000
vt 1.0000 0.0000
vt 1.0000 1.0000
vt 0.0000 1.0000
vt 0.0000 0.0000
vt 1.0000 0.0000
vt 1.0000 1.0000
vt 0.0000 1.0000
vt 0.0000 0.0000
vt 1.0000 0.0000
vt 1.0000 1.0000
vt 0.0000 1.0000
vt 0.0000 0.0000
vt 1.0000 0.0000
vt 1.0000 1.0000
vt 0.0000 1.0000
vt 0.0000 0.0000
vt 1.0000 0.0000
vt 1.0000 1.0000
vt 0.0000 1.0000
vt 0.0000 0.0000
vt 1.0000 0.0000
vt 1.0000 1.0000
vt 0.0000 1.0000
vt 0.0000 0.0000
vt 1.0000 0.0000
vt 1.0000 1.0000
vt 0.0000 1.0000
vt 0.0000 0.0000
vt 1.0000 0.0000
vt 1.0000 1.0000
vt 0.0000 1.0000
vt 0.0000 0.0000
vt 1.0000 0.0000
vt 1.0000 1.0000
vt 0.0000 1.0000
vt 0.0000 0.0000
vt 1.0000 0.0000
vt 1.0000 1.0000
vt 0.0000 1.0000
vt 0.0000 0.0000
vt 1.0000 0.0000
vt 1.0000 1.0000
vt 0.0000 1.0000
vt 0.0000 0.0000
vt 1.0000 0.0000
vt 1.0000 1.0000
vt 0.0000 1.0000
vt 0.0000 0.0000
vt 1.0000 0.0000
vt 1.0000 1.0000
vt 0.0000 1.0000
vt 0.0000 0.0000
vt 1.0000 0.0000
vt 1.0000 1.0000
vt 0.0000 1.0000
vt 0.0000 0.0000
vt 1.0000 0.0000
vt 1.0000 1.0000
vt 0.0000 1.0000
vt 0.0000 0.0000
vt 1.0000 0.0000
vt 1.0000 1.0000
vt 0.0000 1.0000
vt 0.0000 0.0000
vt 1.0000 0.0000
vt 1.0000 1.0000
vt 0.0000 1.0000
vt 0.0000 0.0000
vt 1.0000 0.0000
vt 1.0000 1.0000
vt 0.0000 1.0000
vt 0.0000 0.0000
vt 1.0000 0.0000
vt 1.0000 1.0000
vt 0.0000 1.0000
vt 0.0000 0.0000
vt 1.0000 0.0000
vt 1.0000 1.0000
vt 0.0000 1.0000
vt 0.0000 0.0000
vt 1.0000 0.0000
vt 1.0000 1.0000
vt 0.0000 1.0000
vt 0.0000 0.0000
vt 1.0000 0.0000
vt 1.0000 1.0000
vt 0.0000 1.0000
vt 0.0000 0.0000
vt 1.0000 0.0000
vt 1.0000 1.0000
vt 0.0000 1.0000
vt 0.0000 0.0000
vt 1.0000 0.0000
vt 1.0000 1.0000
vt 0.0000 1.0000
vt 0.0000 0.0000
vt 1.0000 0.0000
vt 1.0000 1.0000
vt 0.0000 1.0000
vt 0.0000 0.0000
vt 1.0000 0.0000
vt 1.0000 1.0000
vt 0.0000 1.0000
vt 0.0000 0.0000
vt 1.0000 0.0000
vt 1.0000 1.0000
vt 0.0000 1.0000
vt 0.0000 0.0000
vt 1.0000 0.0000
vt 1.0000 1.0000
vt 0.0000 1.0000
vt 0.0000 0.0000
vt 1.0000 0.0000
vt 1.0000 1.0000
vt 0.0000 1.0000
vt 0.0000 0.0000
vt 1.0000 0.0000
vt 1.0000 1.0000
vt 0.0000 1.0000
vt 0.0000 0.0000
vt 1.0000 0.0000
vt 1.0000 1.0000
vt 0.0000 1.0000
vt 0.0000 0.0000
vt 1.0000 0.0000
vt 1.0000 1.0000
vt 0.0000 1.0000
vt 0.0000 0.0000
vt 1.0000 0.0000
vt 1.0000 1.0000
vt 0.0000 1.0000
vt 0.0000 0.0000
vt 1.0000 0.0000
vt 1.0000 1.0000
vt 0.0000 1.0000
vt 0.0000 0.0000
vt 1.0000 0.0000
vt 1.0000 1.0000
vt 0.0000 1.0000
vt 0.0000 0.0000
vt 1.0000 0.0000
vt 1.0000 1.0000
vt 0.0000 1.0000
vt 0.0000 0.0000
vt 1.0000 0.0000
vt 1.0000 1.0000
vt 0.0000 1.0000
vt 0.0000 0.0000
vt 1.0000 0.0000
vt 1.0000 1.0000
vt 0.0000 1.0000
vt 0.0000 0.0000
vt 1.0000 0.0000
vt 1.0000 1.0000
vt 0.0000 1.0000
vt 0.0000 0.0000
vt 1.0000 0.0000
vt 1.0000 1.0000
vt 0.0000 1.0000
vt 0.0000 0.0000
vt 1.0000 0.0000
vt 1.0000 1.0000
vt 0.0000 1.0000
vt 0.0000 0.0000
vt 1.0000 0.0000
vt 1.0000 1.0000
vt 0.0000 1.0000
vt 0.0000 0.0000
vt 1.0000 0.0000
vt 1.0000 1.0000
vt 0.0000 1.0000
vt 0.0000 0.0000
vt 1.0000 0.0000
vt 1.0000 1.0000
vt 0.0000 1.0000
vt 0.0000 0.0000
vt 1.0000 0.0000
vt 1.0000 1.0000
vt 0.0000 1.0000
vt 0.0000 0.0000
vt 1.0000 0.0000
vt 1.0000 1.0000
vt 0.0000 1.0000
vt 0.0000 0.0000
vt 1.0000 0.0000
vt 1.0000 1.0000
vt 0.0000 1.0000
vt 0.0000 0.0000
vt 1.0000 0.0000
vt 1.0000 1.0000
vt 0.0000 1.0000
vt 0.0000 0.0000
vt 1.0000 0.0000
vt 1.0000 1.0000
vt 0.0000 1.0000
vt 0.0000 0.0000
vt 1.0000 0.0000
vt 1.0000 1.0000
vt 0.0000 1.0000
vt 0.0000 0.0000
vt 1.0000 0.0000
vt 1.0000 1.0000
vt 0.0000 1.0000
vt 0.0000 0.0000
vt 1.0000 0.0000
vt 1.0000 1.0000
vt 0.0000 1.0000
vt 0.0000 0.0000
vt 1.0000 0.0000
vt 1.0000 1.0000
vt 0.0000 1.0000
vt 0.0000 0.0000
vt 1.0000 0.0000
vt 1.0000 1.0000
vt 0.0000 1.0000
vt 0.0000 0.0000
vt 1.0000 0.0000
vt 1.0000 1.0000
vt 0.0000 1.0000
vt 0.0000 0.0000
vt 1.0000 0.0000
vt 1.0000 1.0000
vt 0.0000 1.0000
vt 0.0000 0.0000
vt 1.0000 0.0000
vt 1.0000 1.0000
vt 0.0000 1.0000
vt 0.0000 0.0000
vt 1.0000 0.0000
vt 1.0000 1.0000
vt 0.0000 1.0000
vt 0.0000 0.0000
vt 1.0000 0.0000
vt 1.0000 1.0000
vt 0.0000 1.0000
vt 0.0000 0.0000
vt 1.0000 0.0000
vt 1.0000 1.0000
vt 0.0000 1.0000
vt 0.0000 0.0000
vt 1.0000 0.0000
vt 1.0000 1.0000
vt 0.0000 1.0000
vt 0.0000 0.0000
vt 1.0000 0.0000
vt 1.0000 1.0000
vt 0.0000 1.0000
vt 0.0000 0.0000
vt 1.0000 0.0000
vt 1.0000 1.0000
vt 0.0000 1.0000
vt 0.0000 0.0000
vt 1.0000 0.0000
vt 1.0000 1.0000
vt 0.0000 1.0000
vt 0.0000 0.0000
vt 1.0000 0.0000
vt 1.0000 1.0000
vt 0.0000 1.0000
vt 0.0000 0.0000
vt 1.0000 0.0000
vt 1.0000 1.0000
vt 0.0000 1.0000
vt 0.0000 0.0000
vt 1.0000 0.0000
vt 1.0000 1.0000
vt 0.0000 1.0000
vt 0.0000 0.0000
vt 1.0000 0.0000
vt 1.0000 1.0000
vt 0.0000 1.0000
vt 0.0000 0.0000
vt 1.0000 0.0000
vt 1.0000 1.0000
vt 0.0000 1.0000
vt 0.0000 0.0000
vt 1.0000 0.0000
vt 1.0000 1.0000
vt 0.0000 1.0000
vt 0.0000 0.0000
vt 1.0000 0.0000
vt 1.0000 1.0000
vt 0.0000 1.0000
vt 0.0000 0.0000
vt 1.0000 0.0000
vt 1.0000 1.0000
vt 0.0000 1.0000
vt 0.0000 0.0000
vt 1.0000 0.0000
vt 1.0000 1.0000
vt 0.0000 1.0000
vt 0.0000 0.0000
vt 1.0000 0.0000
vt 1.0000 1.0000
vt 0.0000 1.0000
vt 0.0000 0.0000
vt 1.0000 0.0000
vt 1.0000 1.0000
vt 0.0000 1.0000
vt 0.0000 0.0000
vt 1.0000 0.0000
vt 1.0000 1.0000
vt 0.0000 1.0000
vt 0.0000 0.0000
vt 1.0000 0.0000
vt 1.0000 1.0000
vt 0.0000 1.0000
vt 0.0000 0.0000
vt 1.0000 0.0000
vt 1.0000 1.0000
vt 0.0000 1.0000
vt 0.0000 0.0000
vt 1.0000 0.0000
vt 1.0000 1.0000
vt 0.0000 1.0000
vt 0.0000 0.0000
vt 1.0000 0.0000
vt 1.0000 1.0000
vt 0.0000 1.0000
vt 0.0000 0.0000
vt 1.0000 0.0000
vt 1.0000 1.0000
vt 0.0000 1.0000
vt 0.0000 0.0000
vt 1.0000 0.0000
vt 1.0000 1.0000
vt 0.0000 1.0000
vt 0.0000 0.0000
vt 1.0000 0.0000
vt 1.0000 1.0000
vt 0.0000 1.0000
vt 0.0000 0.0000
vt 1.0000 0.0000
vt 1.0000 1.0000
vt 0.0000 1.0000
vt 0.0000 0.0000
vt 1.0000 0.0000
vt 1.0000 1.0000
vt 0.0000 1.0000
vt 0.0000 0.0000
vt 1.0000 0.0000
vt 1.0000 1.0000
vt 0.0000 1.0000
vt 0.0000 0.0000
vt 1.0000 0.0000
vt 1.0000 1.0000
vt 0.0000 1.0000
vt 0.0000 0.0000
vt 1.0000 0.0000
vt 1.0000 1.0000
vt 0.0000 1.0000
vt 0.0000 0.0000
vt 1.0000 0.0000
vt 1.0000 1.0000
vt 0.0000 1.0000
vt 0.0000 0.0000
vt 1.0000 0.0000
vt 1.0000 1.0000
vt 0.0000 1.0000
vt 0.0000 0.0000
vt 1.0000 0.0000
vt 1.0000 1.0000
vt 0.0000 1.0000
vt 0.0000 0.0000
vt 1.0000 0.0000
vt 1.0000 1.0000
vt 0.0000 1.0000
vt 0.0000 0.0000
vt 1.0000 0.0000
vt 1.0000 1.0000
vt 0.0000 1.0000
vt 0.0000 0.0000
vt 1.0000 0.0000
vt 1.0000 1.0000
vt 0.0000 1.0000
vt 0.0000 0.0000
vt 1.0000 0.0000
vt 1.0000 1.0000
vt 0.0000 1.0000
vt 0.0000 0.0000
vt 1.0000 0.0000
vt 1.0000 1.0000
vt 0.0000 1.0000
vt 0.0000 0.0000
vt 1.0000 0.0000
vt 1.0000 1.0000
vt 0.0000 1.0000
vt 0.0000 0.0000
vt 1.0000 0.0000
vt 1.0000 1.0000
vt 0.0000 1.0000
vt 0.0000 0.0000
vt 1.0000 0.0000
vt 1.0000 1.0000
vt 0.0000 1.0000
vt 0.0000 0.0000
vt 1.0000 0.0000
vt 1.0000 1.0000
vt 0.0000 1.0000
vt 0.0000 0.0000
vt 1.0000 0.0000
vt 1.0000 1.0000
vt 0.0000 1.0000
vt 0.0000 0.0000
vt 1.0000 0.0000
vt 1.0000 1.0000
vt 0.0000 1.0000
vt 0.0000 0.0000
vt 1.0000 0.0000
vt 1.0000 1.0000
vt 0.0000 1.0000
vt 0.0000 0.0000
vt 1.0000 0.0000
vt 1.0000 1.0000
vt 0.0000 1.0000
vt 0.0000 0.0000
vt 1.0000 0.0000
vt 1.0000 1.0000
vt 0.0000 1.0000
vt 0.0000 0.0000
vt 1.0000 0.0000
vt 1.0000 1.0000
vt 0.0000 1.0000
vt 0.0000 0.0000
vt 1.0000 0.0000
vt 1.0000 1.0000
vt 0.0000 1.0000
vt 0.0000 0.0000
vt 1.0000 0.0000
vt 1.0000 1.0000
vt 0.0000 1.0000
vt 0.0000 0.0000
vt 1.0000 0.0000
vt 1.0000 1.0000
vt 0.0000 1.0000
vt 0.0000 0.0000
vt 1.0000 0.0000
vt 1.0000 1.0000
vt 0.0000 1.0000
vt 0.0000 0.0000
vt 1.0000 0.0000
vt 1.0000 1.0000
vt 0.0000 1.0000
vt 0.0000 0.0000
vt 1.0000 0.0000
vt 1.0000 1.0000
vt 0.0000 1.0000
vt 0.0000 0.0000
vt 1.0000 0.0000
vt 1.0000 1.0000
vt 0.0000 1.0000
vt 0.0000 0.0000
vt 1.0000 0.0000
vt 1.0000 1.0000
vt 0.0000 1.0000
vt 0.0000 0.0000
vt 1.0000 0.0000
vt 1.0000 1.0000
vt 0.0000 1.0000
vt 0.0000 0.0000
vt 1.0000 0.0000
vt 1.0000 1.0000
vt 0.0000 1.0000
vt 0.0000 0.0000
vt 1.0000 0.0000
vt 1.0000 1.0000
vt 0.0000 1.0000
vt 0.0000 0.0000
vt 1.0000 0.0000
vt 1.0000 1.0000
vt 0.0000 1.0000
vt 0.0000 0.0000
vt 1.0000 0.0000
vt 1.0000 1.0000
vt 0.0000 1.0000
vt 0.5000 0.5000
vt 0.5000 0.5000
vt 0.5000 1.0000
vt 0.5000 1.0000
vt 0.5975 0.9904
vt 0.5975 0.9904
vt 0.6913 0.9619
vt 0.6913 0.9619
vt 0.7778 0.9157
vt 0.7778 0.9157
vt 0.8536 0.8536
vt 0.8536 0.8536
vt 0.9157 0.7778
vt 0.9157 0.7778
vt 0.9619 0.6913
vt 0.9619 0.6913
vt 0.9904 0.5975
vt 0.9904 0.5975
vt 1.0000 0.5000
vt 1.0000 0.5000
vt 0.9904 0.4025
vt 0.9904 0.4025
vt 0.9619 0.3087
vt 0.9619 0.3087
vt 0.9157 0.2222
vt 0.9157 0.2222
vt 0.8536 0.1464
vt 0.8536 0.1464
vt 0.7778 0.0843
vt 0.7778 0.0843
vt 0.6913 0.0381
vt 0.6913 0.0381
vt 0.5975 0.0096
vt 0.5975 0.0096
vt 0.5000 0.0000
vt 0.5000 0.0000
vt 0.4025 0.0096
vt 0.4025 0.0096
vt 0.3087 0.0381
vt 0.3087 0.0381
vt 0.2222 0.0843
vt 0.2222 0.0843
vt 0.1464 0.1464
vt 0.1464 0.1464
vt 0.0843 0.2222
vt 0.0843 0.2222
vt 0.0381 0.3087
vt 0.0381 0.3087
vt 0.0096 0.4025
vt 0.0096 0.4025
vt 0.0000 0.5000
vt 0.0000 0.5000
vt 0.0096 0.5975
vt 0.0096 0.5975
vt 0.0381 0.6913
vt 0.0381 0.6913
vt 0.0843 0.7778
vt 0.0843 0.7778
vt 0.1464 0.8536
vt 0.1464 0.8536
vt 0.2222 0.9157
vt 0.2222 0.9157
vt 0.3087 0.9619
vt 0.3087 0.9619
vt 0.4025 0.9904
vt 0.4025 0.9904
vt 0.0000 0.0000
vt 1.0000 0.0000
vt 0.0000 1.0000
vt 1.0000 1.0000
vt 0.0000 0.0000
vt 1.0000 0.0000
vt 0.0000 1.0000
vt 1.0000 1.0000
vt 0.0000 0.0000
vt 1.0000 0.0000
vt 0.0000 1.0000
vt 1.0000 1.0000
vt 0.0000 0.0000
vt 1.0000 0.0000
vt 0.0000 1.0000
vt 1.0000 1.0000
vt 0.0000 0.0000
vt 1.0000 0.0000
vt 0.0000 1.0000
vt 1.0000 1.0000
vt 0.0000 0.0000
vt 1.0000 0.0000
vt 0.0000 1.0000
vt 1.0000 1.0000
vt 0.0000 0.0000
vt 1.0000 0.0000
vt 0.0000 1.0000
vt 1.0000 1.0000
vt 0.0000 0.0000
vt 1.0000 0.0000
vt 0.0000 1.0000
vt 1.0000 1.0000
vt 0.0000 0.0000
vt 1.0000 0.0000
vt 0.0000 1.0000
vt 1.0000 1.0000
vt 0.0000 0.0000
vt 1.0000 0.0000
vt 0.0000 1.0000
vt 1.0000 1.0000
vt 0.0000 0.0000
vt 1.0000 0.0000
vt 0.0000 1.0000
vt 1.0000 1.0000
vt 0.0000 0.0000
vt 1.0000 0.0000
vt 0.0000 1.0000
vt 1.0000 1.0000
vt 0.0000 0.0000
vt 1.0000 0.0000
vt 0.0000 1.0000
vt 1.0000 1.0000
vt 0.0000 0.0000
vt 1.0000 0.0000
vt 0.0000 1.0000
vt 1.0000 1.0000
vt 0.0000 0.0000
vt 1.0000 0.0000
vt 0.0000 1.0000
vt 1.0000 1.0000
vt 0.0000 0.0000
vt 1.0000 0.0000
vt 0.0000 1.0000
vt 1.0000 1.0000
vt 0.0000 0.0000
vt 1.0000 0.0000
vt 0.0000 1.0000
vt 1.0000 1.0000
vt 0.0000 0.0000
vt 1.0000 0.0000
vt 0.0000 1.0000
vt 1.0000 1.0000
vt 0.0000 0.0000
vt 1.0000 0.0000
vt 0.0000 1.0000
vt 1.0000 1.0000
vt 0.0000 0.0000
vt 1.0000 0.0000
vt 0.0000 1.0000
vt 1.0000 1.0000
vt 0.0000 0.0000
vt 1.0000 0.0000
vt 0.0000 1.0000
vt 1.0000 1.0000
vt 0.0000 0.0000
vt 1.0000 0.0000
vt 0.0000 1.0000
vt 1.0000 1.0000
vt 0.0000 0.0000
vt 1.0000 0.0000
vt 0.0000 1.0000
vt 1.0000 1.0000
vt 0.0000 0.0000
vt 1.0000 0.0000
vt 0.0000 1.0000
vt 1.0000 1.0000
vt 0.0000 0.0000
vt 1.0000 0.0000
vt 0.0000 1.0000
vt 1.0000 1.0000
vt 0.0000 0.0000
vt 1.0000 0.0000
vt 0.0000 1.0000
vt 1.0000 1.0000
vt 0.0000 0.0000
vt 1.0000 0.0000
vt 0.0000 1.0000
vt 1.0000 1.0000
vt 0.0000 0.0000
vt 1.0000 0.0000
vt 0.0000 1.0000
vt 1.0000 1.0000
vt 0.0000 0.0000
vt 1.0000 0.0000
vt 0.0000 1.0000
vt 1.0000 1.0000
vt 0.0000 0.0000
vt 1.0000 0.0000
vt 0.0000 1.0000
vt 1.0000 1.0000
vt 0.0000 0.0000
vt 1.0000 0.0000
vt 0.0000 1.0000
vt 1.0000 1.0000
vt 0.0000 0.0000
vt 1.0000 0.0000
vt 0.0000 1.0000
vt 1.0000 1.0000
vt 0.0000 0.0000
vt 1.0000 0.0000
vt 0.0000 1.0000
vt 1.0000 1.0000
vt 0.0000 0.0000
vt 1.0000 0.0000
vt 0.0000 1.0000
vt 1.0000 1.0000
vt 0.0000 0.0000
vt 1.0000 0.0000
vt 0.0000 1.0000
vt 1.0000 1.0000
vt 0.0000 0.0000
vt 1.0000 0.0000
vt 0.0000 1.0000
vt 1.0000 1.0000
vt 0.0000 0.0000
vt 1.0000 0.0000
vt 0.0000 1.0000
vt 1.0000 1.0000
vt 0.0000 0.0000
vt 1.0000 0.0000
vt 0.0000 1.0000
vt 1.0000 1.0000
vt 0.0000 0.0000
vt 1.0000 0.0000
vt 0.0000 1.0000
vt 1.0000 1.0000
vt 0.0000 0.0000
vt 1.0000 0.0000
vt 0.0000 1.0000
vt 1.0000 1.0000
vt 0.0000 0.0000
vt 1.0000 0.0000
vt 0.0000 1.0000
vt 1.0000 1.0000
vt 0.0000 0.0000
vt 1.0000 0.0000
vt 0.0000 1.0000
vt 1.0000 1.0000
vt 0.0000 0.0000
vt 1.0000 0.0000
vt 0.0000 1.0000
vt 1.0000 1.0000
vt 0.0000 0.0000
vt 1.0000 0.0000
vt 0.0000 1.0000
vt 1.0000 1.0000
vt 0.0000 0.0000
vt 1.0000 0.0000
vt 0.0000 1.0000
vt 1.0000 1.0000
vt 0.0000 0.0000
vt 1.0000 0.0000
vt 0.0000 1.0000
vt 1.0000 1.0000
vt 0.0000 0.0000
vt 1.0000 0.0000
vt 0.0000 1.0000
vt 1.0000 1.0000
vt 0.0000 0.0000
vt 1.0000 0.0000
vt 0.0000 1.0000
vt 1.0000 1.0000
vt 0.0000 0.0000
vt 1.0000 0.0000
vt 0.0000 1.0000
vt 1.0000 1.0000
vt 0.0000 0.0000
vt 1.0000 0.0000
vt 0.0000 1.0000
vt 1.0000 1.0000
vt 0.0000 0.0000
vt 1.0000 0.0000
vt 0.0000 1.0000
vt 1.0000 1.0000
vt 0.0000 0.0000
vt 1.0000 0.0000
vt 0.0000 1.0000
vt 1.0000 1.0000
vt 0.0000 0.0000
vt 1.0000 0.0000
vt 0.0000 1.0000
vt 1.0000 1.0000
vt 0.0000 0.0000
vt 1.0000 0.0000
vt 0.0000 1.0000
vt 1.0000 1.0000
vt 0.0000 0.0000
vt 1.0000 0.0000
vt 0.0000 1.0000
vt 1.0000 1.0000
vt 0.0000 0.0000
vt 1.0000 0.0000
vt 0.0000 1.0000
vt 1.0000 1.0000
vt 0.0000 0.0000
vt 1.0000 0.0000
vt 1.0000 1.0000
vt 0.0000 1.0000
vt 0.0000 0.0000
vt 1.0000 0.0000
vt 1.0000 1.0000
vt 0.0000 1.0000
vt 0.0000 0.0000
vt 1.0000 0.0000
vt 1.0000 1.0000
vt 0.0000 1.0000
vt 0.0000 0.0000
vt 1.0000 0.0000
vt 1.0000 1.0000
vt 0.0000 1.0000
vt 0.0000 0.0000
vt 1.0000 0.0000
vt 1.0000 1.0000
vt 0.0000 1.0000
vt 0.0000 0.0000
vt 1.0000 0.0000
vt 1.0000 1.0000
vt 0.0000 1.0000
vt 0.0000 0.0000
vt 1.0000 0.0000
vt 1.0000 1.0000
vt 0.0000 1.0000
vt 0.0000 0.0000
vt 1.0000 0.0000
vt 1.0000 1.0000
vt 0.0000 1.0000
vt 0.0000 0.0000
vt 1.0000 0.0000
vt 1.0000 1.0000
vt 0.0000 1.0000
vt 0.0000 0.0000
vt 1.0000 0.0000
vt 1.0000 1.0000
vt 0.0000 1.0000
vt 0.0000 0.0000
vt 1.0000 0.0000
vt 1.0000 1.0000
vt 0.0000 1.0000
vt 0.0000 0.0000
vt 1.0000 0.0000
vt 1.0000 1.0000
vt 0.0000 1.0000
vt 0.5000 0.5000
vt 0.5000 0.5000
vt 0.5000 1.0000
vt 0.5000 1.0000
vt 0.6294 0.9830
vt 0.6294 0.9830
vt 0.7500 0.9330
vt 0.7500 0.9330
vt 0.8536 0.8536
vt 0.8536 0.8536
vt 0.9330 0.7500
vt 0.9330 0.7500
vt 0.9830 0.6294
vt 0.9830 0.6294
vt 1.0000 0.5000
vt 1.0000 0.5000
vt 0.9830 0.3706
vt 0.9830 0.3706
vt 0.9330 0.2500
vt 0.9330 0.2500
vt 0.8536 0.1464
vt 0.8536 0.1464
vt 0.7500 0.0670
vt 0.7500 0.0670
vt 0.6294 0.0170
vt 0.6294 0.0170
vt 0.5000 0.0000
vt 0.5000 0.0000
vt 0.3706 0.0170
vt 0.3706 0.0170
vt 0.2500 0.0670
vt 0.2500 0.0670
vt 0.1464 0.1464
vt 0.1464 0.1464
vt 0.0670 0.2500
vt 0.0670 0.2500
vt 0.0170 0.3706
vt 0.0170 0.3706
vt 0.0000 0.5000
vt 0.0000 0.5000
vt 0.0170 0.6294
vt 0.0170 0.6294
vt 0.0670 0.7500
vt 0.0670 0.7500
vt 0.1464 0.8536
vt 0.1464 0.8536
vt 0.2500 0.9330
vt 0.2500 0.9330
vt 0.3706 0.9830
vt 0.3706 0.9830
vt 0.0000 0.0000
vt 1.0000 0.0000
vt 0.0000 1.0000
vt 1.0000 1.0000
vt 0.0000 0.0000
vt 1.0000 0.0000
vt 0.0000 1.0000
vt 1.0000 1.0000
vt 0.0000 0.0000
vt 1.0000 0.0000
vt 0.0000 1.0000
vt 1.0000 1.0000
vt 0.0000 0.0000
vt 1.0000 0.0000
vt 0.0000 1.0000
vt 1.0000 1.0000
vt 0.0000 0.0000
vt 1.0000 0.0000
vt 0.0000 1.0000
vt 1.0000 1.0000
vt 0.0000 0.0000
vt 1.0000 0.0000
vt 0.0000 1.0000
vt 1.0000 1.0000
vt 0.0000 0.0000
vt 1.0000 0.0000
vt 0.0000 1.0000
vt 1.0000 1.0000
vt 0.0000 0.0000
vt 1.0000 0.0000
vt 0.0000 1.0000
vt 1.0000 1.0000
vt 0.0000 0.0000
vt 1.0000 0.0000
vt 0.0000 1.0000
vt 1.0000 1.0000
vt 0.0000 0.0000
vt 1.0000 0.0000
vt 0.0000 1.0000
vt 1.0000 1.0000
vt 0.0000 0.0000
vt 1.0000 0.0000
vt 0.0000 1.0000
vt 1.0000 1.0000
vt 0.0000 0.0000
vt 1.0000 0.0000
vt 0.0000 1.0000
vt 1.0000 1.0000
vt 0.0000 0.0000
vt 1.0000 0.0000
vt 0.0000 1.0000
vt 1.0000 1.0000
vt 0.0000 0.0000
vt 1.0000 0.0000
vt 0.0000 1.0000
vt 1.0000 1.0000
vt 0.0000 0.0000
vt 1.0000 0.0000
vt 0.0000 1.0000
vt 1.0000 1.0000
vt 0.0000 0.0000
vt 1.0000 0.0000
vt 0.0000 1.0000
vt 1.0000 1.0000
vt 0.0000 0.0000
vt 1.0000 0.0000
vt 0.0000 1.0000
vt 1.0000 1.0000
vt 0.0000 0.0000
vt 1.0000 0.0000
vt 0.0000 1.0000
vt 1.0000 1.0000
vt 0.0000 0.0000
vt 1.0000 0.0000
vt 0.0000 1.0000
vt 1.0000 1.0000
vt 0.0000 0.0000
vt 1.0000 0.0000
vt 0.0000 1.0000
vt 1.0000 1.0000
vt 0.0000 0.0000
vt 1.0000 0.0000
vt 0.0000 1.0000
vt 1.0000 1.0000
vt 0.0000 0.0000
vt 1.0000 0.0000
vt 0.0000 1.0000
vt 1.0000 1.0000
vt 0.0000 0.0000
vt 1.0000 0.0000
vt 0.0000 1.0000
vt 1.0000 1.0000
vt 0.0000 0.0000
vt 1.0000 0.0000
vt 0.0000 1.0000
vt 1.0000 1.0000
vt 0.5000 0.5000
vt 0.5000 0.5000
vt 0.5000 1.0000
vt 0.5000 1.0000
vt 0.6913 0.9619
vt 0.6913 0.9619
vt 0.8536 0.8536
vt 0.8536 0.8536
vt 0.9619 0.6913
vt 0.9619 0.6913
vt 1.0000 0.5000
vt 1.0000 0.5000
vt 0.9619 0.3087
vt 0.9619 0.3087
vt 0.8536 0.1464
vt 0.8536 0.1464
vt 0.6913 0.0381
vt 0.6913 0.0381
vt 0.5000 0.0000
vt 0.5000 0.0000
vt 0.3087 0.0381
vt 0.3087 0.0381
vt 0.1464 0.1464
vt 0.1464 0.1464
vt 0.0381 0.3087
vt 0.0381 0.3087
vt 0.0000 0.5000
vt 0.0000 0.5000
vt 0.0381 0.6913
vt 0.0381 0.6913
vt 0.1464 0.8536
vt 0.1464 0.8536
vt 0.3087 0.9619
vt 0.3087 0.9619
vt 0.0000 0.0000
vt 1.0000 0.0000
vt 0.0000 1.0000
vt 1.0000 1.0000
vt 0.0000 0.0000
vt 1.0000 0.0000
vt 0.0000 1.0000
vt 1.0000 1.0000
vt 0.0000 0.0000
vt 1.0000 0.0000
vt 0.0000 1.0000
vt 1.0000 1.0000
vt 0.0000 0.0000
vt 1.0000 0.0000
vt 0.0000 1.0000
vt 1.0000 1.0000
vt 0.0000 0.0000
vt 1.0000 0.0000
vt 0.0000 1.0000
vt 1.0000 1.0000
vt 0.0000 0.0000
vt 1.0000 0.0000
vt 0.0000 1.0000
vt 1.0000 1.0000
vt 0.0000 0.0000
vt 1.0000 0.0000
vt 0.0000 1.0000
vt 1.0000 1.0000
vt 0.0000 0.0000
vt 1.0000 0.0000
vt 0.0000 1.0000
vt 1.0000 1.0000
vt 0.0000 0.0000
vt 1.0000 0.0000
vt 0.0000 1.0000
vt 1.0000 1.0000
vt 0.0000 0.0000
vt 1.0000 0.0000
vt 0.0000 1.0000
vt 1.0000 1.0000
vt 0.0000 0.0000
vt 1.0000 0.0000
vt 0.0000 1.0000
vt 1.0000 1.0000
vt 0.0000 0.0000
vt 1.0000 0.0000
vt 0.0000 1.0000
vt 1.0000 1.0000
vt 0.0000 0.0000
vt 1.0000 0.0000
vt 0.0000 1.0000
vt 1.0000 1.0000
vt 0.0000 0.0000
vt 1.0000 0.0000
vt 0.0000 1.0000
vt 1.0000 1.0000
vt 0.0000 0.0000
vt 1.0000 0.0000
vt 0.0000 1.0000
vt 1.0000 1.0000
vt 0.0000 0.0000
vt 1.0000 0.0000
vt 0.0000 1.0000
vt 1.0000 1.0000
vt 0.5000 0.5000
vt 0.5000 0.5000
vt 0.5000 1.0000
vt 0.5000 1.0000
vt 0.6913 0.9619
vt 0.6913 0.9619
vt 0.8536 0.8536
vt 0.8536 0.8536
vt 0.9619 0.6913
vt 0.9619 0.6913
vt 1.0000 0.5000
vt 1.0000 0.5000
vt 0.9619 0.3087
vt 0.9619 0.3087
vt 0.8536 0.1464
vt 0.8536 0.1464
vt 0.6913 0.0381
vt 0.6913 0.0381
vt 0.5000 0.0000
vt 0.5000 0.0000
vt 0.3087 0.0381
vt 0.3087 0.0381
vt 0.1464 0.1464
vt 0.1464 0.1464
vt 0.0381 0.3087
vt 0.0381 0.3087
vt 0.0000 0.5000
vt 0.0000 0.5000
vt 0.0381 0.6913
vt 0.0381 0.6913
vt 0.1464 0.8536
vt 0.1464 0.8536
vt 0.3087 0.9619
vt 0.3087 0.9619
vt 0.0000 0.0000
vt 1.0000 0.0000
vt 0.0000 1.0000
vt 1.0000 1.0000
vt 0.0000 0.0000
vt 1.0000 0.0000
vt 0.0000 1.0000
vt 1.0000 1.0000
vt 0.0000 0.0000
vt 1.0000 0.0000
vt 0.0000 1.0000
vt 1.0000 1.0000
vt 0.0000 0.0000
vt 1.0000 0.0000
vt 0.0000 1.0000
vt 1.0000 1.0000
vt 0.0000 0.0000
vt 1.0000 0.0000
vt 0.0000 1.0000
vt 1.0000 1.0000
vt 0.0000 0.0000
vt 1.0000 0.0000
vt 0.0000 1.0000
vt 1.0000 1.0000
vt 0.0000 0.0000
vt 1.0000 0.0000
vt 0.0000 1.0000
vt 1.0000 1.0000
vt 0.0000 0.0000
vt 1.0000 0.0000
vt 0.0000 1.0000
vt 1.0000 1.0000
vt 0.0000 0.0000
vt 1.0000 0.0000
vt 0.0000 1.0000
vt 1.0000 1.0000
vt 0.0000 0.0000
vt 1.0000 0.0000
vt 0.0000 1.0000
vt 1.0000 1.0000
vt 0.0000 0.0000
vt 1.0000 0.0000
vt 0.0000 1.0000
vt 1.0000 1.0000
vt 0.0000 0.0000
vt 1.0000 0.0000
vt 0.0000 1.0000
vt 1.0000 1.0000
vt 0.0000 0.0000
vt 1.0000 0.0000
vt 0.0000 1.0000
vt 1.0000 1.0000
vt 0.0000 0.0000
vt 1.0000 0.0000
vt 0.0000 1.0000
vt 1.0000 1.0000
vt 0.0000 0.0000
vt 1.0000 0.0000
vt 0.0000 1.0000
vt 1.0000 1.0000
vt 0.0000 0.0000
vt 1.0000 0.0000
vt 0.0000 1.0000
vt 1.0000 1.0000
vt 0.5000 0.5000
vt 0.5000 0.5000
vt 0.5000 1.0000
vt 0.5000 1.0000
vt 0.6913 0.9619
vt 0.6913 0.9619
vt 0.8536 0.8536
vt 0.8536 0.8536
vt 0.9619 0.6913
vt 0.9619 0.6913
vt 1.0000 0.5000
vt 1.0000 0.5000
vt 0.9619 0.3087
vt 0.9619 0.3087
vt 0.8536 0.1464
vt 0.8536 0.1464
vt 0.6913 0.0381
vt 0.6913 0.0381
vt 0.5000 0.0000
vt 0.5000 0.0000
vt 0.3087 0.0381
vt 0.3087 0.0381
vt 0.1464 0.1464
vt 0.1464 0.1464
vt 0.0381 0.3087
vt 0.0381 0.3087
vt 0.0000 0.5000
vt 0.0000 0.5000
vt 0.0381 0.6913
vt 0.0381 0.6913
vt 0.1464 0.8536
vt 0.1464 0.8536
vt 0.3087 0.9619
vt 0.3087 0.9619
vt 0.0000 0.0000
vt 1.0000 0.0000
vt 0.0000 1.0000
vt 1.0000 1.0000
vt 0.0000 0.0000
vt 1.0000 0.0000
vt 0.0000 1.0000
vt 1.0000 1.0000
vt 0.0000 0.0000
vt 1.0000 0.0000
vt 0.0000 1.0000
vt 1.0000 1.0000
vt 0.0000 0.0000
vt 1.0000 0.0000
vt 0.0000 1.0000
vt 1.0000 1.0000
vt 0.0000 0.0000
vt 1.0000 0.0000
vt 0.0000 1.0000
vt 1.0000 1.0000
vt 0.0000 0.0000
vt 1.0000 0.0000
vt 0.0000 1.0000
vt 1.0000 1.0000
vt 0.0000 0.0000
vt 1.0000 0.0000
vt 0.0000 1.0000
vt 1.0000 1.0000
vt 0.0000 0.0000
vt 1.0000 0.0000
vt 0.0000 1.0000
vt 1.0000 1.0000
vt 0.0000 0.0000
vt 1.0000 0.0000
vt 0.0000 1.0000
vt 1.0000 1.0000
vt 0.0000 0.0000
vt 1.0000 0.0000
vt 0.0000 1.0000
vt 1.0000 1.0000
vt 0.0000 0.0000
vt 1.0000 0.0000
vt 0.0000 1.0000
vt 1.0000 1.0000
vt 0.0000 0.0000
vt 1.0000 0.0000
vt 0.0000 1.0000
vt 1.0000 1.0000
vt 0.0000 0.0000
vt 1.0000 0.0000
vt 0.0000 1.0000
vt 1.0000 1.0000
vt 0.0000 0.0000
vt 1.0000 0.0000
vt 0.0000 1.0000
vt 1.0000 1.0000
vt 0.0000 0.0000
vt 1.0000 0.0000
vt 0.0000 1.0000
vt 1.0000 1.0000
vt 0.0000 0.0000
vt 1.0000 0.0000
vt 0.0000 1.0000
vt 1.0000 1.0000
vt 0.0000 0.0000
vt 1.0000 0.0000
vt 1.0000 1.0000
vt 0.0000 1.0000
vt 0.0000 0.0000
vt 1.0000 0.0000
vt 1.0000 1.0000
vt 0.0000 1.0000
vt 0.0000 0.0000
vt 1.0000 0.0000
vt 1.0000 1.0000
vt 0.0000 1.0000
vt 0.0000 0.0000
vt 1.0000 0.0000
vt 1.0000 1.0000
vt 0.0000 1.0000
vt 0.0000 0.0000
vt 1.0000 0.0000
vt 1.0000 1.0000
vt 0.0000 1.0000
vt 0.0000 0.0000
vt 1.0000 0.0000
vt 1.0000 1.0000
vt 0.0000 1.0000
vt 0.0000 0.0000
vt 1.0000 0.0000
vt 1.0000 1.0000
vt 0.0000 1.0000
vt 0.0000 0.0000
vt 1.0000 0.0000
vt 1.0000 1.0000
vt 0.0000 1.0000
vt 0.0000 0.0000
vt 1.0000 0.0000
vt 1.0000 1.0000
vt 0.0000 1.0000
vt 0.0000 0.0000
vt 1.0000 0.0000
vt 1.0000 1.0000
vt 0.0000 1.0000
vt 0.0000 0.0000
vt 1.0000 0.0000
vt 1.0000 1.0000
vt 0.0000 1.0000
vt 0.0000 0.0000
vt 1.0000 0.0000
vt 1.0000 1.0000
vt 0.0000 1.0000
vt 0.0000 0.0000
vt 1.0000 0.0000
vt 1.0000 1.0000
vt 0.0000 1.0000
vt 0.0000 0.0000
vt 1.0000 0.0000
vt 1.0000 1.0000
vt 0.0000 1.0000
vt 0.0000 0.0000
vt 1.0000 0.0000
vt 1.0000 1.0000
vt 0.0000 1.0000
vt 0.0000 0.0000
vt 1.0000 0.0000
vt 1.0000 1.0000
vt 0.0000 1.0000
vt 0.0000 0.0000
vt 1.0000 0.0000
vt 1.0000 1.0000
vt 0.0000 1.0000
vt 0.0000 0.0000
vt 1.0000 0.0000
vt 1.0000 1.0000
vt 0.0000 1.0000
vt 0.0000 0.0000
vt 1.0000 0.0000
vt 1.0000 1.0000
vt 0.0000 1.0000
vt 0.0000 0.0000
vt 1.0000 0.0000
vt 1.0000 1.0000
vt 0.0000 1.0000
vt 0.0000 0.0000
vt 1.0000 0.0000
vt 1.0000 1.0000
vt 0.0000 1.0000
vt 0.0000 0.0000
vt 1.0000 0.0000
vt 1.0000 1.0000
vt 0.0000 1.0000
vt 0.0000 0.0000
vt 1.0000 0.0000
vt 1.0000 1.0000
vt 0.0000 1.0000
vt 0.0000 0.0000
vt 1.0000 0.0000
vt 1.0000 1.0000
vt 0.0000 1.0000
vt 0.0000 0.0000
vt 1.0000 0.0000
vt 1.0000 1.0000
vt 0.0000 1.0000
vt 0.0000 0.0000
vt 1.0000 0.0000
vt 1.0000 1.0000
vt 0.0000 1.0000
vt 0.0000 0.0000
vt 1.0000 0.0000
vt 1.0000 1.0000
vt 0.0000 1.0000
vt 0.0000 0.0000
vt 1.0000 0.0000
vt 1.0000 1.0000
vt 0.0000 1.0000
vt 0.0000 0.0000
vt 1.0000 0.0000
vt 1.0000 1.0000
vt 0.0000 1.0000
vt 0.0000 0.0000
vt 1.0000 0.0000
vt 1.0000 1.0000
vt 0.0000 1.0000
vt 0.0000 0.0000
vt 1.0000 0.0000
vt 1.0000 1.0000
vt 0.0000 1.0000
vt 0.0000 0.0000
vt 1.0000 0.0000
vt 1.0000 1.0000
vt 0.0000 1.0000
vt 0.0000 0.0000
vt 1.0000 0.0000
vt 1.0000 1.0000
vt 0.0000 1.0000
vt 0.0000 0.0000
vt 1.0000 0.0000
vt 1.0000 1.0000
vt 0.0000 1.0000
vt 0.0000 0.0000
vt 1.0000 0.0000
vt 1.0000 1.0000
vt 0.0000 1.0000
vt 0.0000 0.0000
vt 1.0000 0.0000
vt 1.0000 1.0000
vt 0.0000 1.0000
vt 0.0000 0.0000
vt 1.0000 0.0000
vt 1.0000 1.0000
vt 0.0000 1.0000
vt 0.0000 0.0000
vt 1.0000 0.0000
vt 1.0000 1.0000
vt 0.0000 1.0000
vt 0.0000 0.0000
vt 1.0000 0.0000
vt 1.0000 1.0000
vt 0.0000 1.0000
vt 0.0000 0.0000
vt 1.0000 0.0000
vt 1.0000 1.0000
vt 0.0000 1.0000
vt 0.0000 0.0000
vt 1.0000 0.0000
vt 1.0000 1.0000
vt 0.0000 1.0000
vt 0.0000 0.0000
vt 1.0000 0.0000
vt 1.0000 1.0000
vt 0.0000 1.0000
vt 0.0000 0.0000
vt 1.0000 0.0000
vt 1.0000 1.0000
vt 0.0000 1.0000
vt 0.0000 0.0000
vt 1.0000 0.0000
vt 1.0000 1.0000
vt 0.0000 1.0000
vt 0.0000 0.0000
vt 1.0000 0.0000
vt 1.0000 1.0000
vt 0.0000 1.0000
vt 0.0000 0.0000
vt 1.0000 0.0000
vt 1.0000 1.0000
vt 0.0000 1.0000
vt 0.0000 0.0000
vt 1.0000 0.0000
vt 1.0000 1.0000
vt 0.0000 1.0000
vt 0.0000 0.0000
vt 1.0000 0.0000
vt 1.0000 1.0000
vt 0.0000 1.0000
vt 0.0000 0.0000
vt 1.0000 0.0000
vt 1.0000 1.0000
vt 0.0000 1.0000
vt 0.0000 0.0000
vt 1.0000 0.0000
vt 1.0000 1.0000
vt 0.0000 1.0000
vt 0.0000 0.0000
vt 1.0000 0.0000
vt 1.0000 1.0000
vt 0.0000 1.0000
vt 0.0000 0.0000
vt 1.0000 0.0000
vt 1.0000 1.0000
vt 0.0000 1.0000
vt 0.0000 0.0000
vt 1.0000 0.0000
vt 1.0000 1.0000
vt 0.0000 1.0000
vt 0.0000 0.0000
vt 1.0000 0.0000
vt 1.0000 1.0000
vt 0.0000 1.0000
vt 0.0000 0.0000
vt 1.0000 0.0000
vt 1.0000 1.0000
vt 0.0000 1.0000
vt 0.0000 0.0000
vt 1.0000 0.0000
vt 1.0000 1.0000
vt 0.0000 1.0000
vt 0.0000 0.0000
vt 1.0000 0.0000
vt 1.0000 1.0000
vt 0.0000 1.0000
vt 0.0000 0.0000
vt 1.0000 0.0000
vt 1.0000 1.0000
vt 0.0000 1.0000
vt 0.0000 0.0000
vt 1.0000 0.0000
vt 1.0000 1.0000
vt 0.0000 1.0000
vt 0.0000 0.0000
vt 1.0000 0.0000
vt 1.0000 1.0000
vt 0.0000 1.0000
vt 0.0000 0.0000
vt 1.0000 0.0000
vt 1.0000 1.0000
vt 0.0000 1.0000
vt 0.0000 0.0000
vt 1.0000 0.0000
vt 1.0000 1.0000
vt 0.0000 1.0000
vt 0.0000 0.0000
vt 1.0000 0.0000
vt 1.0000 1.0000
vt 0.0000 1.0000
vt 0.0000 0.0000
vt 1.0000 0.0000
vt 1.0000 1.0000
vt 0.0000 1.0000
vt 0.0000 0.0000
vt 1.0000 0.0000
vt 1.0000 1.0000
vt 0.0000 1.0000
vt 0.0000 0.0000
vt 1.0000 0.0000
vt 1.0000 1.0000
vt 0.0000 1.0000
vt 0.0000 0.0000
vt 1.0000 0.0000
vt 1.0000 1.0000
vt 0.0000 1.0000
vt 0.0000 0.0000
vt 1.0000 0.0000
vt 1.0000 1.0000
vt 0.0000 1.0000
vt 0.0000 0.0000
vt 1.0000 0.0000
vt 1.0000 1.0000
vt 0.0000 1.0000
vt 0.0000 0.0000
vt 1.0000 0.0000
vt 1.0000 1.0000
vt 0.0000 1.0000
vt 0.0000 0.0000
vt 1.0000 0.0000
vt 1.0000 1.0000
vt 0.0000 1.0000
vt 0.0000 0.0000
vt 1.0000 0.0000
vt 1.0000 1.0000
vt 0.0000 1.0000
vt 0.0000 0.0000
vt 1.0000 0.0000
vt 1.0000 1.0000
vt 0.0000 1.0000
vt 0.0000 0.0000
vt 1.0000 0.0000
vt 1.0000 1.0000
vt 0.0000 1.0000
vt 0.0000 0.0000
vt 1.0000 0.0000
vt 1.0000 1.0000
vt 0.0000 1.0000
vt 0.0000 0.0000
vt 1.0000 0.0000
vt 1.0000 1.0000
vt 0.0000 1.0000
vt 0.0000 0.0000
vt 1.0000 0.0000
vt 1.0000 1.0000
vt 0.0000 1.0000
vt 0.0000 0.0000
vt 1.0000 0.0000
vt 1.0000 1.0000
vt 0.0000 1.0000
vt 0.0000 0.0000
vt 1.0000 0.0000
vt 1.0000 1.0000
vt 0.0000 1.0000
vt 0.0000 0.0000
vt 1.0000 0.0000
vt 1.0000 1.0000
vt 0.0000 1.0000
vt 0.0000 0.0000
vt 1.0000 0.0000
vt 1.0000 1.0000
vt 0.0000 1.0000
vt 0.0000 0.0000
vt 1.0000 0.0000
vt 1.0000 1.0000
vt 0.0000 1.0000
vt 0.0000 0.0000
vt 1.0000 0.0000
vt 1.0000 1.0000
vt 0.0000 1.0000
vt 0.0000 0.0000
vt 1.0000 0.0000
vt 1.0000 1.0000
vt 0.0000 1.0000
vt 0.0000 0.0000
vt 1.0000 0.0000
vt 1.0000 1.0000
vt 0.0000 1.0000
vt 0.0000 0.0000
vt 1.0000 0.0000
vt 1.0000 1.0000
vt 0.0000 1.0000
vt 0.0000 0.0000
vt 1.0000 0.0000
vt 1.0000 1.0000
vt 0.0000 1.0000
vt 0.0000 0.0000
vt 1.0000 0.0000
vt 1.0000 1.0000
vt 0.0000 1.0000
vt 0.0000 0.0000
vt 1.0000 0.0000
vt 1.0000 1.0000
vt 0.0000 1.0000
vt 0.0000 0.0000
vt 1.0000 0.0000
vt 1.0000 1.0000
vt 0.0000 1.0000
vt 0.0000 0.0000
vt 1.0000 0.0000
vt 1.0000 1.0000
vt 0.0000 1.0000
vt 0.0000 0.0000
vt 1.0000 0.0000
vt 1.0000 1.0000
vt 0.0000 1.0000
vt 0.0000 0.0000
vt 1.0000 0.0000
vt 1.0000 1.0000
vt 0.0000 1.0000
vt 0.0000 0.0000
vt 1.0000 0.0000
vt 1.0000 1.0000
vt 0.0000 1.0000
vt 0.0000 0.0000
vt 1.0000 0.0000
vt 1.0000 1.0000
vt 0.0000 1.0000
vt 0.0000 0.0000
vt 1.0000 0.0000
vt 1.0000 1.0000
vt 0.0000 1.0000
vt 0.0000 0.0000
vt 1.0000 0.0000
vt 1.0000 1.0000
vt 0.0000 1.0000
vt 0.0000 0.0000
vt 1.0000 0.0000
vt 1.0000 1.0000
vt 0.0000 1.0000
vt 0.0000 0.0000
vt 1.0000 0.0000
vt 1.0000 1.0000
vt 0.0000 1.0000
vt 0.0000 0.0000
vt 1.0000 0.0000
vt 1.0000 1.0000
vt 0.0000 1.0000
vt 0.0000 0.0000
vt 1.0000 0.0000
vt 1.0000 1.0000
vt 0.0000 1.0000
vt 0.0000 0.0000
vt 1.0000 0.0000
vt 1.0000 1.0000
vt 0.0000 1.0000
vt 0.0000 0.0000
vt 1.0000 0.0000
vt 1.0000 1.0000
vt 0.0000 1.0000
vt 0.0000 0.0000
vt 1.0000 0.0000
vt 1.0000 1.0000
vt 0.0000 1.0000
vt 0.0000 0.0000
vt 1.0000 0.0000
vt 1.0000 1.0000
vt 0.0000 1.0000
vt 0.0000 0.0000
vt 1.0000 0.0000
vt 1.0000 1.0000
vt 0.0000 1.0000
vt 0.0000 0.0000
vt 1.0000 0.0000
vt 1.0000 1.0000
vt 0.0000 1.0000
vt 0.0000 0.0000
vt 1.0000 0.0000
vt 1.0000 1.0000
vt 0.0000 1.0000
vt 0.0000 0.0000
vt 1.0000 0.0000
vt 1.0000 1.0000
vt 0.0000 1.0000
vt 0.0000 0.0000
vt 1.0000 0.0000
vt 1.0000 1.0000
vt 0.0000 1.0000
vt 0.0000 0.0000
vt 1.0000 0.0000
vt 1.0000 1.0000
vt 0.0000 1.0000
vt 0.0000 0.0000
vt 1.0000 0.0000
vt 1.0000 1.0000
vt 0.0000 1.0000
vt 0.0000 0.0000
vt 1.0000 0.0000
vt 1.0000 1.0000
vt 0.0000 1.0000
vt 0.0000 0.0000
vt 1.0000 0.0000
vt 1.0000 1.0000
vt 0.0000 1.0000
vt 0.0000 0.0000
vt 1.0000 0.0000
vt 1.0000 1.0000
vt 0.0000 1.0000
vt 0.0000 0.0000
vt 1.0000 0.0000
vt 1.0000 1.0000
vt 0.0000 1.0000
vt 0.0000 0.0000
vt 1.0000 0.0000
vt 1.0000 1.0000
vt 0.0000 1.0000
vt 0.0000 0.0000
vt 1.0000 0.0000
vt 1.0000 1.0000
vt 0.0000 1.0000
vt 0.0000 0.0000
vt 1.0000 0.0000
vt 1.0000 1.0000
vt 0.0000 1.0000
vt 0.0000 0.0000
vt 1.0000 0.0000
vt 1.0000 1.0000
vt 0.0000 1.0000
vt 0.0000 0.0000
vt 1.0000 0.0000
vt 1.0000 1.0000
vt 0.0000 1.0000
vt 0.0000 0.0000
vt 1.0000 0.0000
vt 1.0000 1.0000
vt 0.0000 1.0000
vt 0.0000 0.0000
vt 1.0000 0.0000
vt 1.0000 1.0000
vt 0.0000 1.0000
vt 0.0000 0.0000
vt 1.0000 0.0000
vt 1.0000 1.0000
vt 0.0000 1.0000
vt 0.0000 0.0000
vt 1.0000 0.0000
vt 1.0000 1.0000
vt 0.0000 1.0000
vt 0.0000 0.0000
vt 1.0000 0.0000
vt 1.0000 1.0000
vt 0.0000 1.0000
vt 0.0000 0.0000
vt 1.0000 0.0000
vt 1.0000 1.0000
vt 0.0000 1.0000
vt 0.0000 0.0000
vt 1.0000 0.0000
vt 1.0000 1.0000
vt 0.0000 1.0000
vt 0.0000 0.0000
vt 1.0000 0.0000
vt 1.0000 1.0000
vt 0.0000 1.0000
vt 0.0000 0.0000
vt 1.0000 0.0000
vt 1.0000 1.0000
vt 0.0000 1.0000
vt 0.0000 0.0000
vt 1.0000 0.0000
vt 1.0000 1.0000
vt 0.0000 1.0000
vt 0.0000 0.0000
vt 1.0000 0.0000
vt 1.0000 1.0000
vt 0.0000 1.0000
vt 0.0000 0.0000
vt 1.0000 0.0000
vt 1.0000 1.0000
vt 0.0000 1.0000
vt 0.0000 0.0000
vt 1.0000 0.0000
vt 1.0000 1.0000
vt 0.0000 1.0000
vt 0.0000 0.0000
vt 1.0000 0.0000
vt 1.0000 1.0000
vt 0.0000 1.0000
vt 0.0000 0.0000
vt 1.0000 0.0000
vt 1.0000 1.0000
vt 0.0000 1.0000
vt 0.0000 0.0000
vt 1.0000 0.0000
vt 1.0000 1.0000
vt 0.0000 1.0000
vt 0.0000 0.0000
vt 1.0000 0.0000
vt 1.0000 1.0000
vt 0.0000 1.0000
vt 0.0000 0.0000
vt 1.0000 0.0000
vt 1.0000 1.0000
vt 0.0000 1.0000
vt 0.0000 0.0000
vt 1.0000 0.0000
vt 1.0000 1.0000
vt 0.0000 1.0000
vt 0.0000 0.0000
vt 1.0000 0.0000
vt 1.0000 1.0000
vt 0.0000 1.0000
vt 0.0000 0.0000
vt 1.0000 0.0000
vt 1.0000 1.0000
vt 0.0000 1.0000
vt 0.0000 0.0000
vt 1.0000 0.0000
vt 1.0000 1.0000
vt 0.0000 1.0000
vt 0.0000 0.0000
vt 1.0000 0.0000
vt 1.0000 1.0000
vt 0.0000 1.0000
vt 0.0000 0.0000
vt 1.0000 0.0000
vt 1.0000 1.0000
vt 0.0000 1.0000
vt 0.0000 0.0000
vt 1.0000 0.0000
vt 1.0000 1.0000
vt 0.0000 1.0000
vt 0.0000 0.0000
vt 1.0000 0.0000
vt 1.0000 1.0000
vt 0.0000 1.0000
vt 0.0000 0.0000
vt 1.0000 0.0000
vt 1.0000 1.0000
vt 0.0000 1.0000
vt 0.0000 0.0000
vt 1.0000 0.0000
vt 1.0000 1.0000
vt 0.0000 1.0000
vt 0.0000 0.0000
vt 1.0000 0.0000
vt 1.0000 1.0000
vt 0.0000 1.0000
vt 0.0000 0.0000
vt 1.0000 0.0000
vt 1.0000 1.0000
vt 0.0000 1.0000
vt 0.0000 0.0000
vt 1.0000 0.0000
vt 1.0000 1.0000
vt 0.0000 1.0000
vt 0.0000 0.0000
vt 1.0000 0.0000
vt 1.0000 1.0000
vt 0.0000 1.0000
vt 0.0000 0.0000
vt 1.0000 0.0000
vt 1.0000 1.0000
vt 0.0000 1.0000
vt 0.0000 0.0000
vt 1.0000 0.0000
vt 1.0000 1.0000
vt 0.0000 1.0000
vt 0.0000 0.0000
vt 1.0000 0.0000
vt 1.0000 1.0000
vt 0.0000 1.0000
vt 0.0000 0.0000
vt 1.0000 0.0000
vt 1.0000 1.0000
vt 0.0000 1.0000
vt 0.0000 0.0000
vt 1.0000 0.0000
vt 1.0000 1.0000
vt 0.0000 1.0000
vt 0.0000 0.0000
vt 1.0000 0.0000
vt 1.0000 1.0000
vt 0.0000 1.0000
vt 0.0000 0.0000
vt 1.0000 0.0000
vt 1.0000 1.0000
vt 0.0000 1.0000
vt 0.0000 0.0000
vt 1.0000 0.0000
vt 1.0000 1.0000
vt 0.0000 1.0000
vt 0.0000 0.0000
vt 1.0000 0.0000
vt 1.0000 1.0000
vt 0.0000 1.0000
vt 0.0000 0.0000
vt 1.0000 0.0000
vt 1.0000 1.0000
vt 0.0000 1.0000
vt 0.0000 0.0000
vt 1.0000 0.0000
vt 1.0000 1.0000
vt 0.0000 1.0000
vt 0.0000 0.0000
vt 1.0000 0.0000
vt 1.0000 1.0000
vt 0.0000 1.0000
vt 0.0000 0.0000
vt 1.0000 0.0000
vt 1.0000 1.0000
vt 0.0000 1.0000
vt 0.0000 0.0000
vt 1.0000 0.0000
vt 1.0000 1.0000
vt 0.0000 1.0000
vt 0.0000 0.0000
vt 1.0000 0.0000
vt 1.0000 1.0000
vt 0.0000 1.0000
vt 0.0000 0.0000
vt 1.0000 0.0000
vt 1.0000 1.0000
vt 0.0000 1.0000
vt 0.0000 0.0000
vt 1.0000 0.0000
vt 1.0000 1.0000
vt 0.0000 1.0000
vt 0.0000 0.0000
vt 1.0000 0.0000
vt 1.0000 1.0000
vt 0.0000 1.0000
vt 0.0000 0.0000
vt 1.0000 0.0000
vt 1.0000 1.0000
vt 0.0000 1.0000
vt 0.0000 0.0000
vt 1.0000 0.0000
vt 1.0000 1.0000
vt 0.0000 1.0000
vt 0.0000 0.0000
vt 1.0000 0.0000
vt 1.0000 1.0000
vt 0.0000 1.0000
vt 0.0000 0.0000
vt 1.0000 0.0000
vt 1.0000 1.0000
vt 0.0000 1.0000
vt 0.0000 0.0000
vt 1.0000 0.0000
vt 1.0000 1.0000
vt 0.0000 1.0000
vt 0.0000 0.0000
vt 1.0000 0.0000
vt 1.0000 1.0000
vt 0.0000 1.0000
vt 0.0000 0.0000
vt 1.0000 0.0000
vt 1.0000 1.0000
vt 0.0000 1.0000
vt 0.0000 0.0000
vt 1.0000 0.0000
vt 1.0000 1.0000
vt 0.0000 1.0000
vt 0.0000 0.0000
vt 1.0000 0.0000
vt 1.0000 1.0000
vt 0.0000 1.0000
vt 0.0000 0.0000
vt 1.0000 0.0000
vt 1.0000 1.0000
vt 0.0000 1.0000
vt 0.0000 0.0000
vt 1.0000 0.0000
vt 1.0000 1.0000
vt 0.0000 1.0000
vt 0.0000 0.0000
vt 1.0000 0.0000
vt 1.0000 1.0000
vt 0.0000 1.0000
vt 0.0000 0.0000
vt 1.0000 0.0000
vt 1.0000 1.0000
vt 0.0000 1.0000
vt 0.0000 0.0000
vt 1.0000 0.0000
vt 1.0000 1.0000
vt 0.0000 1.0000
vt 0.0000 0.0000
vt 1.0000 0.0000
vt 1.0000 1.0000
vt 0.0000 1.0000
vt 0.0000 0.0000
vt 1.0000 0.0000
vt 1.0000 1.0000
vt 0.0000 1.0000
vt 0.0000 0.0000
vt 1.0000 0.0000
vt 1.0000 1.0000
vt 0.0000 1.0000
vt 0.0000 0.0000
vt 1.0000 0.0000
vt 1.0000 1.0000
vt 0.0000 1.0000
vt 0.0000 0.0000
vt 1.0000 0.0000
vt 1.0000 1.0000
vt 0.0000 1.0000
vt 0.0000 0.0000
vt 1.0000 0.0000
vt 1.0000 1.0000
vt 0.0000 1.0000
vt 0.0000 0.0000
vt 1.0000 0.0000
vt 1.0000 1.0000
vt 0.0000 1.0000
vt 0.0000 0.0000
vt 1.0000 0.0000
vt 1.0000 1.0000
vt 0.0000 1.0000
vt 0.0000 0.0000
vt 1.0000 0.0000
vt 1.0000 1.0000
vt 0.0000 1.0000
vt 0.0000 0.0000
vt 1.0000 0.0000
vt 1.0000 1.0000
vt 0.0000 1.0000
vt 0.0000 0.0000
vt 1.0000 0.0000
vt 1.0000 1.0000
vt 0.0000 1.0000
vt 0.0000 0.0000
vt 1.0000 0.0000
vt 1.0000 1.0000
vt 0.0000 1.0000
vt 0.0000 0.0000
vt 1.0000 0.0000
vt 1.0000 1.0000
vt 0.0000 1.0000
vt 0.0000 0.0000
vt 1.0000 0.0000
vt 1.0000 1.0000
vt 0.0000 1.0000
vt 0.0000 0.0000
vt 1.0000 0.0000
vt 1.0000 1.0000
vt 0.0000 1.0000
vt 0.0000 0.0000
vt 1.0000 0.0000
vt 1.0000 1.0000
vt 0.0000 1.0000
vt 0.0000 0.0000
vt 1.0000 0.0000
vt 1.0000 1.0000
vt 0.0000 1.0000
vt 0.0000 0.0000
vt 1.0000 0.0000
vt 1.0000 1.0000
vt 0.0000 1.0000
vt 0.0000 0.0000
vt 1.0000 0.0000
vt 1.0000 1.0000
vt 0.0000 1.0000
vt 0.0000 0.0000
vt 1.0000 0.0000
vt 1.0000 1.0000
vt 0.0000 1.0000
vt 0.0000 0.0000
vt 1.0000 0.0000
vt 1.0000 1.0000
vt 0.0000 1.0000
vt 0.0000 0.0000
vt 1.0000 0.0000
vt 1.0000 1.0000
vt 0.0000 1.0000
vt 0.0000 0.0000
vt 1.0000 0.0000
vt 1.0000 1.0000
vt 0.0000 1.0000
vt 0.0000 0.0000
vt 1.0000 0.0000
vt 1.0000 1.0000
vt 0.0000 1.0000
vt 0.0000 0.0000
vt 1.0000 0.0000
vt 1.0000 1.0000
vt 0.0000 1.0000
vt 0.0000 0.0000
vt 1.0000 0.0000
vt 1.0000 1.0000
vt 0.0000 1.0000
vt 0.0000 0.0000
vt 1.0000 0.0000
vt 1.0000 1.0000
vt 0.0000 1.0000
vt 0.0000 0.0000
vt 1.0000 0.0000
vt 1.0000 1.0000
vt 0.0000 1.0000
vt 0.0000 0.0000
vt 1.0000 0.0000
vt 1.0000 1.0000
vt 0.0000 1.0000
vt 0.0000 0.0000
vt 1.0000 0.0000
vt 1.0000 1.0000
vt 0.0000 1.0000
vt 0.0000 0.0000
vt 1.0000 0.0000
vt 1.0000 1.0000
vt 0.0000 1.0000
vt 0.0000 0.0000
vt 1.0000 0.0000
vt 1.0000 1.0000
vt 0.0000 1.0000
vt 0.0000 0.0000
vt 1.0000 0.0000
vt 1.0000 1.0000
vt 0.0000 1.0000
vt 0.0000 0.0000
vt 1.0000 0.0000
vt 1.0000 1.0000
vt 0.0000 1.0000
vt 0.0000 0.0000
vt 1.0000 0.0000
vt 1.0000 1.0000
vt 0.0000 1.0000
vt 0.0000 0.0000
vt 1.0000 0.0000
vt 1.0000 1.0000
vt 0.0000 1.0000
vt 0.0000 0.0000
vt 1.0000 0.0000
vt 1.0000 1.0000
vt 0.0000 1.0000
vt 0.0000 0.0000
vt 1.0000 0.0000
vt 1.0000 1.0000
vt 0.0000 1.0000
vt 0.0000 0.0000
vt 1.0000 0.0000
vt 1.0000 1.0000
vt 0.0000 1.0000
vt 0.0000 0.0000
vt 1.0000 0.0000
vt 1.0000 1.0000
vt 0.0000 1.0000
vt 0.0000 0.0000
vt 1.0000 0.0000
vt 1.0000 1.0000
vt 0.0000 1.0000
vt 0.0000 0.0000
vt 1.0000 0.0000
vt 1.0000 1.0000
vt 0.0000 1.0000
vt 0.0000 0.0000
vt 1.0000 0.0000
vt 1.0000 1.0000
vt 0.0000 1.0000
vt 0.0000 0.0000
vt 1.0000 0.0000
vt 1.0000 1.0000
vt 0.0000 1.0000
vt 0.0000 0.0000
vt 1.0000 0.0000
vt 1.0000 1.0000
vt 0.0000 1.0000
vt 0.0000 0.0000
vt 1.0000 0.0000
vt 1.0000 1.0000
vt 0.0000 1.0000
vt 0.0000 0.0000
vt 1.0000 0.0000
vt 1.0000 1.0000
vt 0.0000 1.0000
vt 0.0000 0.0000
vt 1.0000 0.0000
vt 1.0000 1.0000
vt 0.0000 1.0000
vt 0.0000 0.0000
vt 1.0000 0.0000
vt 1.0000 1.0000
vt 0.0000 1.0000
vt 0.0000 0.0000
vt 1.0000 0.0000
vt 1.0000 1.0000
vt 0.0000 1.0000
vt 0.0000 0.0000
vt 1.0000 0.0000
vt 1.0000 1.0000
vt 0.0000 1.0000
vt 0.0000 0.0000
vt 1.0000 0.0000
vt 1.0000 1.0000
vt 0.0000 1.0000
vt 0.0000 0.0000
vt 1.0000 0.0000
vt 1.0000 1.0000
vt 0.0000 1.0000
vt 0.0000 0.0000
vt 1.0000 0.0000
vt 1.0000 1.0000
vt 0.0000 1.0000
vt 0.0000 0.0000
vt 1.0000 0.0000
vt 1.0000 1.0000
vt 0.0000 1.0000
vt 0.0000 0.0000
vt 1.0000 0.0000
vt 1.0000 1.0000
vt 0.0000 1.0000
vt 0.0000 0.0000
vt 1.0000 0.0000
vt 1.0000 1.0000
vt 0.0000 1.0000
vt 0.0000 0.0000
vt 1.0000 0.0000
vt 1.0000 1.0000
vt 0.0000 1.0000
vt 0.0000 0.0000
vt 1.0000 0.0000
vt 1.0000 1.0000
vt 0.0000 1.0000
vt 0.0000 0.0000
vt 1.0000 0.0000
vt 1.0000 1.0000
vt 0.0000 1.0000
vt 0.0000 0.0000
vt 1.0000 0.0000
vt 1.0000 1.0000
vt 0.0000 1.0000
vt 0.0000 0.0000
vt 1.0000 0.0000
vt 1.0000 1.0000
vt 0.0000 1.0000
vt 0.0000 0.0000
vt 1.0000 0.0000
vt 1.0000 1.0000
vt 0.0000 1.0000
vt 0.0000 0.0000
vt 1.0000 0.0000
vt 1.0000 1.0000
vt 0.0000 1.0000
vt 0.0000 0.0000
vt 1.0000 0.0000
vt 1.0000 1.0000
vt 0.0000 1.0000
vt 0.0000 0.0000
vt 1.0000 0.0000
vt 1.0000 1.0000
vt 0.0000 1.0000
vt 0.0000 0.0000
vt 1.0000 0.0000
vt 1.0000 1.0000
vt 0.0000 1.0000
vt 0.0000 0.0000
vt 1.0000 0.0000
vt 1.0000 1.0000
vt 0.0000 1.0000
vt 0.0000 0.0000
vt 1.0000 0.0000
vt 1.0000 1.0000
vt 0.0000 1.0000
vt 0.0000 0.0000
vt 1.0000 0.0000
vt 1.0000 1.0000
vt 0.0000 1.0000
vt 0.0000 0.0000
vt 1.0000 0.0000
vt 1.0000 1.0000
vt 0.0000 1.0000
vt 0.0000 0.0000
vt 1.0000 0.0000
vt 1.0000 1.0000
vt 0.0000 1.0000
vt 0.0000 0.0000
vt 1.0000 0.0000
vt 1.0000 1.0000
vt 0.0000 1.0000
vt 0.0000 0.0000
vt 1.0000 0.0000
vt 1.0000 1.0000
vt 0.0000 1.0000
vt 0.0000 0.0000
vt 1.0000 0.0000
vt 1.0000 1.0000
vt 0.0000 1.0000
vt 0.0000 0.0000
vt 1.0000 0.0000
vt 1.0000 1.0000
vt 0.0000 1.0000
vt 0.0000 0.0000
vt 1.0000 0.0000
vt 1.0000 1.0000
vt 0.0000 1.0000
vt 0.0000 0.0000
vt 1.0000 0.0000
vt 1.0000 1.0000
vt 0.0000 1.0000
vt 0.0000 0.0000
vt 1.0000 0.0000
vt 1.0000 1.0000
vt 0.0000 1.0000
vt 0.0000 0.0000
vt 1.0000 0.0000
vt 1.0000 1.0000
vt 0.0000 1.0000
vt 0.0000 0.0000
vt 1.0000 0.0000
vt 1.0000 1.0000
vt 0.0000 1.0000
vt 0.0000 0.0000
vt 1.0000 0.0000
vt 1.0000 1.0000
vt 0.0000 1.0000
vt 0.0000 0.0000
vt 1.0000 0.0000
vt 1.0000 1.0000
vt 0.0000 1.0000
vt 0.0000 0.0000
vt 1.0000 0.0000
vt 1.0000 1.0000
vt 0.0000 1.0000
vt 0.0000 0.0000
vt 1.0000 0.0000
vt 1.0000 1.0000
vt 0.0000 1.0000
vt 0.0000 0.0000
vt 1.0000 0.0000
vt 1.0000 1.0000
vt 0.0000 1.0000
vt 0.0000 0.0000
vt 1.0000 0.0000
vt 1.0000 1.0000
vt 0.0000 1.0000
vt 0.0000 0.0000
vt 1.0000 0.0000
vt 1.0000 1.0000
vt 0.0000 1.0000
vt 0.0000 0.0000
vt 1.0000 0.0000
vt 1.0000 1.0000
vt 0.0000 1.0000
vt 0.0000 0.0000
vt 1.0000 0.0000
vt 1.0000 1.0000
vt 0.0000 1.0000
vt 0.0000 0.0000
vt 1.0000 0.0000
vt 1.0000 1.0000
vt 0.0000 1.0000
vt 0.0000 0.0000
vt 1.0000 0.0000
vt 1.0000 1.0000
vt 0.0000 1.0000
vt 0.0000 0.0000
vt 1.0000 0.0000
vt 1.0000 1.0000
vt 0.0000 1.0000
vt 0.0000 0.0000
vt 1.0000 0.0000
vt 1.0000 1.0000
vt 0.0000 1.0000
vt 0.0000 0.0000
vt 1.0000 0.0000
vt 1.0000 1.0000
vt 0.0000 1.0000
vt 0.0000 0.0000
vt 1.0000 0.0000
vt 1.0000 1.0000
vt 0.0000 1.0000
vt 0.0000 0.0000
vt 1.0000 0.0000
vt 1.0000 1.0000
vt 0.0000 1.0000
vt 0.0000 0.0000
vt 1.0000 0.0000
vt 1.0000 1.0000
vt 0.0000 1.0000
vt 0.0000 0.0000
vt 1.0000 0.0000
vt 1.0000 1.0000
vt 0.0000 1.0000
vt 0.0000 0.0000
vt 1.0000 0.0000
vt 1.0000 1.0000
vt 0.0000 1.0000
vt 0.0000 0.0000
vt 1.0000 0.0000
vt 1.0000 1.0000
vt 0.0000 1.0000
vt 0.0000 0.0000
vt 1.0000 0.0000
vt 1.0000 1.0000
vt 0.0000 1.0000
vt 0.0000 0.0000
vt 1.0000 0.0000
vt 1.0000 1.0000
vt 0.0000 1.0000
vt 0.0000 0.0000
vt 1.0000 0.0000
vt 1.0000 1.0000
vt 0.0000 1.0000
vt 0.0000 0.0000
vt 1.0000 0.0000
vt 1.0000 1.0000
vt 0.0000 1.0000
vt 0.0000 0.0000
vt 1.0000 0.0000
vt 1.0000 1.0000
vt 0.0000 1.0000
vt 0.0000 0.0000
vt 1.0000 0.0000
vt 1.0000 1.0000
vt 0.0000 1.0000
vt 0.0000 0.0000
vt 1.0000 0.0000
vt 1.0000 1.0000
vt 0.0000 1.0000
vt 0.0000 0.0000
vt 1.0000 0.0000
vt 1.0000 1.0000
vt 0.0000 1.0000
vt 0.0000 0.0000
vt 1.0000 0.0000
vt 1.0000 1.0000
vt 0.0000 1.0000
vt 0.0000 0.0000
vt 1.0000 0.0000
vt 1.0000 1.0000
vt 0.0000 1.0000
vt 0.0000 0.0000
vt 1.0000 0.0000
vt 1.0000 1.0000
vt 0.0000 1.0000
vt 0.0000 0.0000
vt 1.0000 0.0000
vt 1.0000 1.0000
vt 0.0000 1.0000
vt 0.0000 0.0000
vt 1.0000 0.0000
vt 1.0000 1.0000
vt 0.0000 1.0000
vt 0.0000 0.0000
vt 1.0000 0.0000
vt 1.0000 1.0000
vt 0.0000 1.0000
vt 0.0000 0.0000
vt 1.0000 0.0000
vt 1.0000 1.0000
vt 0.0000 1.0000
vt 0.0000 0.0000
vt 1.0000 0.0000
vt 1.0000 1.0000
vt 0.0000 1.0000
vt 0.0000 0.0000
vt 1.0000 0.0000
vt 1.0000 1.0000
vt 0.0000 1.0000
vt 0.0000 0.0000
vt 1.0000 0.0000
vt 1.0000 1.0000
vt 0.0000 1.0000
vt 0.0000 0.0000
vt 1.0000 0.0000
vt 1.0000 1.0000
vt 0.0000 1.0000
vt 0.0000 0.0000
vt 1.0000 0.0000
vt 1.0000 1.0000
vt 0.0000 1.0000
vt 0.0000 0.0000
vt 1.0000 0.0000
vt 1.0000 1.0000
vt 0.0000 1.0000
vt 0.0000 0.0000
vt 1.0000 0.0000
vt 1.0000 1.0000
vt 0.0000 1.0000
vt 0.0000 0.0000
vt 1.0000 0.0000
vt 1.0000 1.0000
vt 0.0000 1.0000
vt 0.0000 0.0000
vt 1.0000 0.0000
vt 1.0000 1.0000
vt 0.0000 1.0000
vt 0.0000 0.0000
vt 1.0000 0.0000
vt 1.0000 1.0000
vt 0.0000 1.0000
vt 0.0000 0.0000
vt 1.0000 0.0000
vt 1.0000 1.0000
vt 0.0000 1.0000
vt 0.0000 0.0000
vt 1.0000 0.0000
vt 1.0000 1.0000
vt 0.0000 1.0000
vt 0.0000 0.0000
vt 1.0000 0.0000
vt 1.0000 1.0000
vt 0.0000 1.0000
vt 0.0000 0.0000
vt 1.0000 0.0000
vt 1.0000 1.0000
vt 0.0000 1.0000
vt 0.0000 0.0000
vt 1.0000 0.0000
vt 1.0000 1.0000
vt 0.0000 1.0000
vt 0.0000 0.0000
vt 1.0000 0.0000
vt 1.0000 1.0000
vt 0.0000 1.0000
vt 0.0000 0.0000
vt 1.0000 0.0000
vt 1.0000 1.0000
vt 0.0000 1.0000
vt 0.0000 0.0000
vt 1.0000 0.0000
vt 1.0000 1.0000
vt 0.0000 1.0000
vt 0.0000 0.0000
vt 1.0000 0.0000
vt 1.0000 1.0000
vt 0.0000 1.0000
vt 0.0000 0.0000
vt 1.0000 0.0000
vt 1.0000 1.0000
vt 0.0000 1.0000
vt 0.0000 0.0000
vt 1.0000 0.0000
vt 1.0000 1.0000
vt 0.0000 1.0000
vt 0.0000 0.0000
vt 1.0000 0.0000
vt 1.0000 1.0000
vt 0.0000 1.0000
vt 0.0000 0.0000
vt 1.0000 0.0000
vt 1.0000 1.0000
vt 0.0000 1.0000
vt 0.0000 0.0000
vt 1.0000 0.0000
vt 1.0000 1.0000
vt 0.0000 1.0000
vt 0.0000 0.0000
vt 1.0000 0.0000
vt 1.0000 1.0000
vt 0.0000 1.0000
vt 0.0000 0.0000
vt 1.0000 0.0000
vt 1.0000 1.0000
vt 0.0000 1.0000
vt 0.0000 0.0000
vt 1.0000 0.0000
vt 1.0000 1.0000
vt 0.0000 1.0000
vt 0.0000 0.0000
vt 1.0000 0.0000
vt 1.0000 1.0000
vt 0.0000 1.0000
vt 0.0000 0.0000
vt 1.0000 0.0000
vt 1.0000 1.0000
vt 0.0000 1.0000
vt 0.0000 0.0000
vt 1.0000 0.0000
vt 1.0000 1.0000
vt 0.0000 1.0000
vt 0.0000 0.0000
vt 1.0000 0.0000
vt 1.0000 1.0000
vt 0.0000 1.0000
vt 0.0000 0.0000
vt 1.0000 0.0000
vt 1.0000 1.0000
vt 0.0000 1.0000
vt 0.0000 0.0000
vt 1.0000 0.0000
vt 1.0000 1.0000
vt 0.0000 1.0000
vt 0.0000 0.0000
vt 1.0000 0.0000
vt 1.0000 1.0000
vt 0.0000 1.0000
vt 0.0000 0.0000
vt 1.0000 0.0000
vt 1.0000 1.0000
vt 0.0000 1.0000
vt 0.0000 0.0000
vt 1.0000 0.0000
vt 1.0000 1.0000
vt 0.0000 1.0000
vt 0.0000 0.0000
vt 1.0000 0.0000
vt 1.0000 1.0000
vt 0.0000 1.0000
vt 0.0000 0.0000
vt 1.0000 0.0000
vt 1.0000 1.0000
vt 0.0000 1.0000
vt 0.0000 0.0000
vt 1.0000 0.0000
vt 1.0000 1.0000
vt 0.0000 1.0000
vt 0.0000 0.0000
vt 1.0000 0.0000
vt 1.0000 1.0000
vt 0.0000 1.0000
vt 0.0000 0.0000
vt 1.0000 0.0000
vt 1.0000 1.0000
vt 0.0000 1.0000
vt 0.0000 0.0000
vt 1.0000 0.0000
vt 1.0000 1.0000
vt 0.0000 1.0000
vt 0.0000 0.0000
vt 1.0000 0.0000
vt 1.0000 1.0000
vt 0.0000 1.0000
vt 0.0000 0.0000
vt 1.0000 0.0000
vt 1.0000 1.0000
vt 0.0000 1.0000
vt 0.0000 0.0000
vt 1.0000 0.0000
vt 1.0000 1.0000
vt 0.0000 1.0000
vt 0.0000 0.0000
vt 1.0000 0.0000
vt 1.0000 1.0000
vt 0.0000 1.0000
vt 0.0000 0.0000
vt 1.0000 0.0000
vt 1.0000 1.0000
vt 0.0000 1.0000
vt 0.0000 0.0000
vt 1.0000 0.0000
vt 1.0000 1.0000
vt 0.0000 1.0000
vt 0.0000 0.0000
vt 1.0000 0.0000
vt 1.0000 1.0000
vt 0.0000 1.0000
vt 0.0000 0.0000
vt 1.0000 0.0000
vt 1.0000 1.0000
vt 0.0000 1.0000
vt 0.0000 0.0000
vt 1.0000 0.0000
vt 1.0000 1.0000
vt 0.0000 1.0000
vt 0.0000 0.0000
vt 1.0000 0.0000
vt 1.0000 1.0000
vt 0.0000 1.0000
vt 0.0000 0.0000
vt 1.0000 0.0000
vt 1.0000 1.0000
vt 0.0000 1.0000
vt 0.0000 0.0000
vt 1.0000 0.0000
vt 1.0000 1.0000
vt 0.0000 1.0000
vt 0.0000 0.0000
vt 1.0000 0.0000
vt 1.0000 1.0000
vt 0.0000 1.0000
vt 0.0000 0.0000
vt 1.0000 0.0000
vt 1.0000 1.0000
vt 0.0000 1.0000
vt 0.0000 0.0000
vt 1.0000 0.0000
vt 1.0000 1.0000
vt 0.0000 1.0000
vt 0.0000 0.0000
vt 1.0000 0.0000
vt 1.0000 1.0000
vt 0.0000 1.0000
vt 0.0000 0.0000
vt 1.0000 0.0000
vt 1.0000 1.0000
vt 0.0000 1.0000
vt 0.0000 0.0000
vt 1.0000 0.0000
vt 1.0000 1.0000
vt 0.0000 1.0000
vt 0.0000 0.0000
vt 1.0000 0.0000
vt 1.0000 1.0000
vt 0.0000 1.0000
vt 0.0000 0.0000
vt 1.0000 0.0000
vt 1.0000 1.0000
vt 0.0000 1.0000
vt 0.0000 0.0000
vt 1.0000 0.0000
vt 1.0000 1.0000
vt 0.0000 1.0000
vt 0.0000 0.0000
vt 1.0000 0.0000
vt 1.0000 1.0000
vt 0.0000 1.0000
vt 0.0000 0.0000
vt 1.0000 0.0000
vt 1.0000 1.0000
vt 0.0000 1.0000
vt 0.0000 0.0000
vt 1.0000 0.0000
vt 1.0000 1.0000
vt 0.0000 1.0000
vt 0.0000 0.0000
vt 1.0000 0.0000
vt 1.0000 1.0000
vt 0.0000 1.0000
vt 0.0000 0.0000
vt 1.0000 0.0000
vt 1.0000 1.0000
vt 0.0000 1.0000
vt 0.0000 0.0000
vt 1.0000 0.0000
vt 1.0000 1.0000
vt 0.0000 1.0000
vt 0.0000 0.0000
vt 1.0000 0.0000
vt 1.0000 1.0000
vt 0.0000 1.0000
vt 0.0000 0.0000
vt 1.0000 0.0000
vt 1.0000 1.0000
vt 0.0000 1.0000
vt 0.0000 0.0000
vt 1.0000 0.0000
vt 1.0000 1.0000
vt 0.0000 1.0000
vt 0.0000 0.0000
vt 1.0000 0.0000
vt 1.0000 1.0000
vt 0.0000 1.0000
vt 0.0000 0.0000
vt 1.0000 0.0000
vt 1.0000 1.0000
vt 0.0000 1.0000
vt 0.0000 0.0000
vt 1.0000 0.0000
vt 1.0000 1.0000
vt 0.0000 1.0000
vt 0.0000 0.0000
vt 1.0000 0.0000
vt 1.0000 1.0000
vt 0.0000 1.0000
vt 0.0000 0.0000
vt 1.0000 0.0000
vt 1.0000 1.0000
vt 0.0000 1.0000
vt 0.0000 0.0000
vt 1.0000 0.0000
vt 1.0000 1.0000
vt 0.0000 1.0000
vt 0.0000 0.0000
vt 1.0000 0.0000
vt 1.0000 1.0000
vt 0.0000 1.0000
vt 0.0000 0.0000
vt 1.0000 0.0000
vt 1.0000 1.0000
vt 0.0000 1.0000
vt 0.0000 0.0000
vt 1.0000 0.0000
vt 1.0000 1.0000
vt 0.0000 1.0000
vt 0.0000 0.0000
vt 1.0000 0.0000
vt 1.0000 1.0000
vt 0.0000 1.0000
vt 0.0000 0.0000
vt 1.0000 0.0000
vt 1.0000 1.0000
vt 0.0000 1.0000
vt 0.0000 0.0000
vt 1.0000 0.0000
vt 1.0000 1.0000
vt 0.0000 1.0000
vt 0.0000 0.0000
vt 1.0000 0.0000
vt 1.0000 1.0000
vt 0.0000 1.0000
vt 0.0000 0.0000
vt 1.0000 0.0000
vt 1.0000 1.0000
vt 0.0000 1.0000
vt 0.0000 0.0000
vt 1.0000 0.0000
vt 1.0000 1.0000
vt 0.0000 1.0000
vt 0.0000 0.0000
vt 1.0000 0.0000
vt 1.0000 1.0000
vt 0.0000 1.0000
vt 0.0000 0.0000
vt 1.0000 0.0000
vt 1.0000 1.0000
vt 0.0000 1.0000
vt 0.0000 0.0000
vt 1.0000 0.0000
vt 1.0000 1.0000
vt 0.0000 1.0000
vt 0.0000 0.0000
vt 1.0000 0.0000
vt 1.0000 1.0000
vt 0.0000 1.0000
vt 0.0000 0.0000
vt 1.0000 0.0000
vt 1.0000 1.0000
vt 0.0000 1.0000
vt 0.0000 0.0000
vt 1.0000 0.0000
vt 1.0000 1.0000
vt 0.0000 1.0000
vt 0.0000 0.0000
vt 1.0000 0.0000
vt 1.0000 1.0000
vt 0.0000 1.0000
vt 0.0000 0.0000
vt 1.0000 0.0000
vt 1.0000 1.0000
vt 0.0000 1.0000
vt 0.0000 0.0000
vt 1.0000 0.0000
vt 1.0000 1.0000
vt 0.0000 1.0000
vt 0.0000 0.0000
vt 1.0000 0.0000
vt 1.0000 1.0000
vt 0.0000 1.0000
vt 0.0000 0.0000
vt 1.0000 0.0000
vt 1.0000 1.0000
vt 0.0000 1.0000
vt 0.0000 0.0000
vt 1.0000 0.0000
vt 1.0000 1.0000
vt 0.0000 1.0000
vt 0.0000 0.0000
vt 1.0000 0.0000
vt 1.0000 1.0000
vt 0.0000 1.0000
vt 0.0000 0.0000
vt 1.0000 0.0000
vt 1.0000 1.0000
vt 0.0000 1.0000
vt 0.0000 0.0000
vt 1.0000 0.0000
vt 1.0000 1.0000
vt 0.0000 1.0000
vt 0.0000 0.0000
vt 1.0000 0.0000
vt 1.0000 1.0000
vt 0.0000 1.0000
vt 0.0000 0.0000
vt 1.0000 0.0000
vt 1.0000 1.0000
vt 0.0000 1.0000
vt 0.0000 0.0000
vt 1.0000 0.0000
vt 1.0000 1.0000
vt 0.0000 1.0000
vt 0.0000 0.0000
vt 1.0000 0.0000
vt 1.0000 1.0000
vt 0.0000 1.0000
vt 0.0000 0.0000
vt 1.0000 0.0000
vt 1.0000 1.0000
vt 0.0000 1.0000
vt 0.0000 0.0000
vt 1.0000 0.0000
vt 1.0000 1.0000
vt 0.0000 1.0000
vt 0.0000 0.0000
vt 1.0000 0.0000
vt 1.0000 1.0000
vt 0.0000 1.0000
vt 0.0000 0.0000
vt 1.0000 0.0000
vt 1.0000 1.0000
vt 0.0000 1.0000
vt 0.0000 0.0000
vt 1.0000 0.0000
vt 1.0000 1.0000
vt 0.0000 1.0000
vt 0.0000 0.0000
vt 1.0000 0.0000
vt 1.0000 1.0000
vt 0.0000 1.0000
vt 0.0000 0.0000
vt 1.0000 0.0000
vt 1.0000 1.0000
vt 0.0000 1.0000
vt 0.0000 0.0000
vt 1.0000 0.0000
vt 1.0000 1.0000
vt 0.0000 1.0000
vt 0.0000 0.0000
vt 1.0000 0.0000
vt 1.0000 1.0000
vt 0.0000 1.0000
vt 0.0000 0.0000
vt 1.0000 0.0000
vt 1.0000 1.0000
vt 0.0000 1.0000
vt 0.0000 0.0000
vt 1.0000 0.0000
vt 1.0000 1.0000
vt 0.0000 1.0000
vt 0.0000 0.0000
vt 1.0000 0.0000
vt 1.0000 1.0000
vt 0.0000 1.0000
vt 0.0000 0.0000
vt 1.0000 0.0000
vt 1.0000 1.0000
vt 0.0000 1.0000
vt 0.0000 0.0000
vt 1.0000 0.0000
vt 1.0000 1.0000
vt 0.0000 1.0000
vt 0.0000 0.0000
vt 1.0000 0.0000
vt 1.0000 1.0000
vt 0.0000 1.0000
vt 0.0000 0.0000
vt 1.0000 0.0000
vt 1.0000 1.0000
vt 0.0000 1.0000
vt 0.0000 0.0000
vt 1.0000 0.0000
vt 1.0000 1.0000
vt 0.0000 1.0000
vt 0.0000 0.0000
vt 1.0000 0.0000
vt 1.0000 1.0000
vt 0.0000 1.0000
vt 0.0000 0.0000
vt 1.0000 0.0000
vt 1.0000 1.0000
vt 0.0000 1.0000
vt 0.0000 0.0000
vt 1.0000 0.0000
vt 1.0000 1.0000
vt 0.0000 1.0000
vt 0.0000 0.0000
vt 1.0000 0.0000
vt 1.0000 1.0000
vt 0.0000 1.0000
vt 0.0000 0.0000
vt 1.0000 0.0000
vt 1.0000 1.0000
vt 0.0000 1.0000
vt 0.0000 0.0000
vt 1.0000 0.0000
vt 1.0000 1.0000
vt 0.0000 1.0000
vt 0.0000 0.0000
vt 1.0000 0.0000
vt 1.0000 1.0000
vt 0.0000 1.0000
vt 0.0000 0.0000
vt 1.0000 0.0000
vt 1.0000 1.0000
vt 0.0000 1.0000
vt 0.0000 0.0000
vt 1.0000 0.0000
vt 1.0000 1.0000
vt 0.0000 1.0000
vt 0.0000 0.0000
vt 1.0000 0.0000
vt 1.0000 1.0000
vt 0.0000 1.0000
vt 0.0000 0.0000
vt 1.0000 0.0000
vt 1.0000 1.0000
vt 0.0000 1.0000
vt 0.0000 0.0000
vt 1.0000 0.0000
vt 1.0000 1.0000
vt 0.0000 1.0000
vt 0.0000 0.0000
vt 1.0000 0.0000
vt 1.0000 1.0000
vt 0.0000 1.0000
vt 0.0000 0.0000
vt 1.0000 0.0000
vt 1.0000 1.0000
vt 0.0000 1.0000
vt 0.0000 0.0000
vt 1.0000 0.0000
vt 1.0000 1.0000
vt 0.0000 1.0000
vt 0.0000 0.0000
vt 1.0000 0.0000
vt 1.0000 1.0000
vt 0.0000 1.0000
vt 0.0000 0.0000
vt 1.0000 0.0000
vt 1.0000 1.0000
vt 0.0000 1.0000
vt 0.0000 0.0000
vt 1.0000 0.0000
vt 1.0000 1.0000
vt 0.0000 1.0000
vt 0.0000 0.0000
vt 1.0000 0.0000
vt 1.0000 1.0000
vt 0.0000 1.0000
vt 0.0000 0.0000
vt 1.0000 0.0000
vt 1.0000 1.0000
vt 0.0000 1.0000
vt 0.0000 0.0000
vt 1.0000 0.0000
vt 1.0000 1.0000
vt 0.0000 1.0000
vt 0.0000 0.0000
vt 1.0000 0.0000
vt 1.0000 1.0000
vt 0.0000 1.0000
vt 0.0000 0.0000
vt 1.0000 0.0000
vt 1.0000 1.0000
vt 0.0000 1.0000
vt 0.0000 0.0000
vt 1.0000 0.0000
vt 1.0000 1.0000
vt 0.0000 1.0000
vt 0.0000 0.0000
vt 1.0000 0.0000
vt 1.0000 1.0000
vt 0.0000 1.0000
vt 0.0000 0.0000
vt 1.0000 0.0000
vt 1.0000 1.0000
vt 0.0000 1.0000
vt 0.0000 0.0000
vt 1.0000 0.0000
vt 0.0000 1.0000
vt 1.0000 1.0000
vt 0.0000 0.0000
vt 1.0000 0.0000
vt 0.0000 1.0000
vt 1.0000 1.0000
vt 0.0000 0.0000
vt 1.0000 0.0000
vt 0.0000 1.0000
vt 1.0000 1.0000
vt 0.0000 0.0000
vt 1.0000 0.0000
vt 0.0000 1.0000
vt 1.0000 1.0000
vt 0.0000 0.0000
vt 1.0000 0.0000
vt 0.0000 1.0000
vt 1.0000 1.0000
vt 0.0000 0.0000
vt 1.0000 0.0000
vt 0.0000 1.0000
vt 1.0000 1.0000
vt 0.0000 0.0000
vt 1.0000 0.0000
vt 0.0000 1.0000
vt 1.0000 1.0000
vt 0.0000 0.0000
vt 1.0000 0.0000
vt 0.0000 1.0000
vt 1.0000 1.0000
vt 0.0000 0.0000
vt 1.0000 0.0000
vt 0.0000 1.0000
vt 1.0000 1.0000
vt 0.0000 0.0000
vt 1.0000 0.0000
vt 0.0000 1.0000
vt 1.0000 1.0000
vt 0.0000 0.0000
vt 1.0000 0.0000
vt 0.0000 1.0000
vt 1.0000 1.0000
vt 0.0000 0.0000
vt 1.0000 0.0000
vt 0.0000 1.0000
vt 1.0000 1.0000
vt 0.0000 0.0000
vt 1.0000 0.0000
vt 0.0000 1.0000
vt 1.0000 1.0000
vt 0.0000 0.0000
vt 1.0000 0.0000
vt 0.0000 1.0000
vt 1.0000 1.0000
vt 0.0000 0.0000
vt 1.0000 0.0000
vt 0.0000 1.0000
vt 1.0000 1.0000
vt 0.0000 0.0000
vt 1.0000 0.0000
vt 0.0000 1.0000
vt 1.0000 1.0000
vt 0.0000 0.0000
vt 1.0000 0.0000
vt 0.0000 1.0000
vt 1.0000 1.0000
vt 0.0000 0.0000
vt 1.0000 0.0000
vt 0.0000 1.0000
vt 1.0000 1.0000
vt 0.0000 0.0000
vt 1.0000 0.0000
vt 0.0000 1.0000
vt 1.0000 1.0000
vt 0.0000 0.0000
vt 1.0000 0.0000
vt 0.0000 1.0000
vt 1.0000 1.0000
vt 0.0000 0.0000
vt 1.0000 0.0000
vt 0.0000 1.0000
vt 1.0000 1.0000
vt 0.0000 0.0000
vt 1.0000 0.0000
vt 0.0000 1.0000
vt 1.0000 1.0000
vt 0.0000 0.0000
vt 1.0000 0.0000
vt 0.0000 1.0000
vt 1.0000 1.0000
vt 0.0000 0.0000
vt 1.0000 0.0000
vt 0.0000 1.0000
vt 1.0000 1.0000
vt 0.0000 0.0000
vt 1.0000 0.0000
vt 0.0000 1.0000
vt 1.0000 1.0000
vt 0.0000 0.0000
vt 1.0000 0.0000
vt 0.0000 1.0000
vt 1.0000 1.0000
vt 0.0000 0.0000
vt 1.0000 0.0000
vt 0.0000 1.0000
vt 1.0000 1.0000
vt 0.0000 0.0000
vt 1.0000 0.0000
vt 0.0000 1.0000
vt 1.0000 1.0000
vt 0.0000 0.0000
vt 1.0000 0.0000
vt 0.0000 1.0000
vt 1.0000 1.0000
vt 0.0000 0.0000
vt 1.0000 0.0000
vt 0.0000 1.0000
vt 1.0000 1.0000
vt 0.0000 0.0000
vt 1.0000 0.0000
vt 0.0000 1.0000
vt 1.0000 1.0000
vt 0.0000 0.0000
vt 1.0000 0.0000
vt 0.0000 1.0000
vt 1.0000 1.0000
vt 0.0000 0.0000
vt 1.0000 0.0000
vt 0.0000 1.0000
vt 1.0000 1.0000
vt 0.0000 0.0000
vt 1.0000 0.0000
vt 0.0000 1.0000
vt 1.0000 1.0000
vt 0.0000 0.0000
vt 1.0000 0.0000
vt 0.0000 1.0000
vt 1.0000 1.0000
vt 0.0000 0.0000
vt 1.0000 0.0000
vt 0.0000 1.0000
vt 1.0000 1.0000
vt 0.0000 0.0000
vt 1.0000 0.0000
vt 0.0000 1.0000
vt 1.0000 1.0000
vt 0.0000 0.0000
vt 1.0000 0.0000
vt 0.0000 1.0000
vt 1.0000 1.0000
vt 0.0000 0.0000
vt 1.0000 0.0000
vt 0.0000 1.0000
vt 1.0000 1.0000
vt 0.0000 0.0000
vt 1.0000 0.0000
vt 0.0000 1.0000
vt 1.0000 1.0000
vt 0.0000 0.0000
vt 1.0000 0.0000
vt 0.0000 1.0000
vt 1.0000 1.0000
vt 0.0000 0.0000
vt 1.0000 0.0000
vt 0.0000 1.0000
vt 1.0000 1.0000
vt 0.0000 0.0000
vt 1.0000 0.0000
vt 0.0000 1.0000
vt 1.0000 1.0000
vt 0.0000 0.0000
vt 1.0000 0.0000
vt 0.0000 1.0000
vt 1.0000 1.0000
vt 0.0000 0.0000
vt 1.0000 0.0000
vt 0.0000 1.0000
vt 1.0000 1.0000
vt 0.0000 0.0000
vt 1.0000 0.0000
vt 0.0000 1.0000
vt 1.0000 1.0000
vt 0.0000 0.0000
vt 1.0000 0.0000
vt 0.0000 1.0000
vt 1.0000 1.0000
vt 0.0000 0.0000
vt 1.0000 0.0000
vt 0.0000 1.0000
vt 1.0000 1.0000
vt 0.0000 0.0000
vt 1.0000 0.0000
vt 0.0000 1.0000
vt 1.0000 1.0000
vt 0.0000 0.0000
vt 1.0000 0.0000
vt 0.0000 1.0000
vt 1.0000 1.0000
vt 0.0000 0.0000
vt 1.0000 0.0000
vt 0.0000 1.0000
vt 1.0000 1.0000
vt 0.0000 0.0000
vt 1.0000 0.0000
vt 0.0000 1.0000
vt 1.0000 1.0000
vt 0.0000 0.0000
vt 1.0000 0.0000
vt 0.0000 1.0000
vt 1.0000 1.0000
vt 0.0000 0.0000
vt 1.0000 0.0000
vt 0.0000 1.0000
vt 1.0000 1.0000
vt 0.0000 0.0000
vt 1.0000 0.0000
vt 0.0000 1.0000
vt 1.0000 1.0000
vt 0.0000 0.0000
vt 1.0000 0.0000
vt 0.0000 1.0000
vt 1.0000 1.0000
vt 0.0000 0.0000
vt 1.0000 0.0000
vt 0.0000 1.0000
vt 1.0000 1.0000
vt 0.0000 0.0000
vt 1.0000 0.0000
vt 0.0000 1.0000
vt 1.0000 1.0000
vt 0.0000 0.0000
vt 1.0000 0.0000
vt 0.0000 1.0000
vt 1.0000 1.0000
vt 0.0000 0.0000
vt 1.0000 0.0000
vt 0.0000 1.0000
vt 1.0000 1.0000
vt 0.0000 0.0000
vt 1.0000 0.0000
vt 0.0000 1.0000
vt 1.0000 1.0000
vt 0.0000 0.0000
vt 1.0000 0.0000
vt 0.0000 1.0000
vt 1.0000 1.0000
vt 0.0000 0.0000
vt 1.0000 0.0000
vt 0.0000 1.0000
vt 1.0000 1.0000
vt 0.0000 0.0000
vt 1.0000 0.0000
vt 0.0000 1.0000
vt 1.0000 1.0000
vt 0.0000 0.0000
vt 1.0000 0.0000
vt 0.0000 1.0000
vt 1.0000 1.0000
vt 0.0000 0.0000
vt 1.0000 0.0000
vt 0.0000 1.0000
vt 1.0000 1.0000
vt 0.0000 0.0000
vt 1.0000 0.0000
vt 0.0000 1.0000
vt 1.0000 1.0000
vt 0.0000 0.0000
vt 1.0000 0.0000
vt 0.0000 1.0000
vt 1.0000 1.0000
vt 0.0000 0.0000
vt 1.0000 0.0000
vt 0.0000 1.0000
vt 1.0000 1.0000
vt 0.0000 0.0000
vt 1.0000 0.0000
vt 0.0000 1.0000
vt 1.0000 1.0000
vt 0.0000 0.0000
vt 1.0000 0.0000
vt 0.0000 1.0000
vt 1.0000 1.0000
vt 0.0000 0.0000
vt 1.0000 0.0000
vt 0.0000 1.0000
vt 1.0000 1.0000
vt 0.5000 0.5000
vt 0.5000 0.5000
vt 0.5000 1.0000
vt 0.5000 1.0000
vt 0.5868 0.9924
vt 0.5868 0.9924
vt 0.6710 0.9698
vt 0.6710 0.9698
vt 0.7500 0.9330
vt 0.7500 0.9330
vt 0.8214 0.8830
vt 0.8214 0.8830
vt 0.8830 0.8214
vt 0.8830 0.8214
vt 0.9330 0.7500
vt 0.9330 0.7500
vt 0.9698 0.6710
vt 0.9698 0.6710
vt 0.9924 0.5868
vt 0.9924 0.5868
vt 1.0000 0.5000
vt 1.0000 0.5000
vt 0.9924 0.4132
vt 0.9924 0.4132
vt 0.9698 0.3290
vt 0.9698 0.3290
vt 0.9330 0.2500
vt 0.9330 0.2500
vt 0.8830 0.1786
vt 0.8830 0.1786
vt 0.8214 0.1170
vt 0.8214 0.1170
vt 0.7500 0.0670
vt 0.7500 0.0670
vt 0.6710 0.0302
vt 0.6710 0.0302
vt 0.5868 0.0076
vt 0.5868 0.0076
vt 0.5000 0.0000
vt 0.5000 0.0000
vt 0.4132 0.0076
vt 0.4132 0.0076
vt 0.3290 0.0302
vt 0.3290 0.0302
vt 0.2500 0.0670
vt 0.2500 0.0670
vt 0.1786 0.1170
vt 0.1786 0.1170
vt 0.1170 0.1786
vt 0.1170 0.1786
vt 0.0670 0.2500
vt 0.0670 0.2500
vt 0.0302 0.3290
vt 0.0302 0.3290
vt 0.0076 0.4132
vt 0.0076 0.4132
vt 0.0000 0.5000
vt 0.0000 0.5000
vt 0.0076 0.5868
vt 0.0076 0.5868
vt 0.0302 0.6710
vt 0.0302 0.6710
vt 0.0670 0.7500
vt 0.0670 0.7500
vt 0.1170 0.8214
vt 0.1170 0.8214
vt 0.1786 0.8830
vt 0.1786 0.8830
vt 0.2500 0.9330
vt 0.2500 0.9330
vt 0.3290 0.9698
vt 0.3290 0.9698
vt 0.4132 0.9924
vt 0.4132 0.9924
vt 0.0000 0.0000
vt 1.0000 0.0000
vt 1.0000 1.0000
vt 0.0000 1.0000
vt 0.0000 0.0000
vt 1.0000 0.0000
vt 1.0000 1.0000
vt 0.0000 1.0000
vt 0.0000 0.0000
vt 1.0000 0.0000
vt 1.0000 1.0000
vt 0.0000 1.0000
vt 0.0000 0.0000
vt 1.0000 0.0000
vt 1.0000 1.0000
vt 0.0000 1.0000
vt 0.0000 0.0000
vt 1.0000 0.0000
vt 1.0000 1.0000
vt 0.0000 1.0000
vt 0.0000 0.0000
vt 1.0000 0.0000
vt 1.0000 1.0000
vt 0.0000 1.0000
vt 0.0000 0.0000
vt 1.0000 0.0000
vt 1.0000 1.0000
vt 0.0000 1.0000
vt 0.0000 0.0000
vt 1.0000 0.0000
vt 1.0000 1.0000
vt 0.0000 1.0000
vt 0.0000 0.0000
vt 1.0000 0.0000
vt 1.0000 1.0000
vt 0.0000 1.0000
vt 0.0000 0.0000
vt 1.0000 0.0000
vt 1.0000 1.0000
vt 0.0000 1.0000
vt 0.0000 0.0000
vt 1.0000 0.0000
vt 1.0000 1.0000
vt 0.0000 1.0000
vt 0.0000 0.0000
vt 1.0000 0.0000
vt 1.0000 1.0000
vt 0.0000 1.0000
vt 0.0000 0.0000
vt 1.0000 0.0000
vt 1.0000 1.0000
vt 0.0000 1.0000
vt 0.0000 0.0000
vt 1.0000 0.0000
vt 1.0000 1.0000
vt 0.0000 1.0000
vt 0.0000 0.0000
vt 1.0000 0.0000
vt 1.0000 1.0000
vt 0.0000 1.0000
vt 0.0000 0.0000
vt 1.0000 0.0000
vt 1.0000 1.0000
vt 0.0000 1.0000
vt 0.0000 0.0000
vt 1.0000 0.0000
vt 1.0000 1.0000
vt 0.0000 1.0000
vt 0.0000 0.0000
vt 1.0000 0.0000
vt 1.0000 1.0000
vt 0.0000 1.0000
vt 0.0000 0.0000
vt 1.0000 0.0000
vt 1.0000 1.0000
vt 0.0000 1.0000
vt 0.0000 0.0000
vt 1.0000 0.0000
vt 1.0000 1.0000
vt 0.0000 1.0000
vt 0.0000 0.0000
vt 1.0000 0.0000
vt 1.0000 1.0000
vt 0.0000 1.0000
vt 0.0000 0.0000
vt 1.0000 0.0000
vt 1.0000 1.0000
vt 0.0000 1.0000
vt 0.0000 0.0000
vt 1.0000 0.0000
vt 1.0000 1.0000
vt 0.0000 1.0000
vt 0.0000 0.0000
vt 1.0000 0.0000
vt 1.0000 1.0000
vt 0.0000 1.0000
vt 0.0000 0.0000
vt 1.0000 0.0000
vt 1.0000 1.0000
vt 0.0000 1.0000
vt 0.0000 0.0000
vt 1.0000 0.0000
vt 1.0000 1.0000
vt 0.0000 1.0000
vt 0.0000 0.0000
vt 1.0000 0.0000
vt 1.0000 1.0000
vt 0.0000 1.0000
vt 0.0000 0.0000
vt 1.0000 0.0000
vt 1.0000 1.0000
vt 0.0000 1.0000
vt 0.0000 0.0000
vt 1.0000 0.0000
vt 1.0000 1.0000
vt 0.0000 1.0000
vt 0.0000 0.0000
vt 1.0000 0.0000
vt 1.0000 1.0000
vt 0.0000 1.0000
vt 0.0000 0.0000
vt 1.0000 0.0000
vt 1.0000 1.0000
vt 0.0000 1.0000
vt 0.0000 0.0000
vt 1.0000 0.0000
vt 1.0000 1.0000
vt 0.0000 1.0000
vt 0.0000 0.0000
vt 1.0000 0.0000
vt 1.0000 1.0000
vt 0.0000 1.0000
vt 0.0000 0.0000
vt 1.0000 0.0000
vt 1.0000 1.0000
vt 0.0000 1.0000
vt 0.0000 0.0000
vt 1.0000 0.0000
vt 1.0000 1.0000
vt 0.0000 1.0000
vt 0.0000 0.0000
vt 1.0000 0.0000
vt 1.0000 1.0000
vt 0.0000 1.0000
vt 0.0000 0.0000
vt 1.0000 0.0000
vt 1.0000 1.0000
vt 0.0000 1.0000
vt 0.0000 0.0000
vt 1.0000 0.0000
vt 1.0000 1.0000
vt 0.0000 1.0000
vt 0.0000 0.0000
vt 1.0000 0.0000
vt 1.0000 1.0000
vt 0.0000 1.0000
vt 0.0000 0.0000
vt 1.0000 0.0000
vt 1.0000 1.0000
vt 0.0000 1.0000
vt 0.0000 0.0000
vt 1.0000 0.0000
vt 1.0000 1.0000
vt 0.0000 1.0000
vt 0.0000 0.0000
vt 1.0000 0.0000
vt 1.0000 1.0000
vt 0.0000 1.0000
vt 0.0000 0.0000
vt 1.0000 0.0000
vt 1.0000 1.0000
vt 0.0000 1.0000
vt 0.0000 0.0000
vt 1.0000 0.0000
vt 1.0000 1.0000
vt 0.0000 1.0000
vt 0.0000 0.0000
vt 1.0000 0.0000
vt 1.0000 1.0000
vt 0.0000 1.0000
vt 0.0000 0.0000
vt 1.0000 0.0000
vt 1.0000 1.0000
vt 0.0000 1.0000
vt 0.0000 0.0000
vt 1.0000 0.0000
vt 1.0000 1.0000
vt 0.0000 1.0000
vt 0.0000 0.0000
vt 1.0000 0.0000
vt 1.0000 1.0000
vt 0.0000 1.0000
vn 0.0000 1.0000 0.0000
vn 0.0000 -1.0000 0.0000
vn 0.0000 1.0000 0.0000
vn 0.0000 -1.0000 0.0000
vn 0.0000 1.0000 0.0000
vn 0.0000 -1.0000 0.0000
vn 0.0000 1.0000 0.0000
vn 0.0000 -1.0000 0.0000
vn 0.0000 1.0000 0.0000
vn 0.0000 -1.0000 0.0000
vn 0.0000 1.0000 0.0000
vn 0.0000 -1.0000 0.0000
vn 0.0000 1.0000 0.0000
vn 0.0000 -1.0000 0.0000
vn 0.0000 1.0000 0.0000
vn 0.0000 -1.0000 0.0000
vn 0.0000 1.0000 0.0000
vn 0.0000 -1.0000 0.0000
vn 0.0000 1.0000 0.0000
vn 0.0000 -1.0000 0.0000
vn 0.0000 1.0000 0.0000
vn 0.0000 -1.0000 0.0000
vn 0.0000 1.0000 0.0000
vn 0.0000 -1.0000 0.0000
vn 0.0000 1.0000 0.0000
vn 0.0000 -1.0000 0.0000
vn 0.0000 1.0000 0.0000
vn 0.0000 -1.0000 0.0000
vn 0.0000 1.0000 0.0000
vn 0.0000 -1.0000 0.0000
vn 0.0000 1.0000 0.0000
vn 0.0000 -1.0000 0.0000
vn 0.0000 1.0000 0.0000
vn 0.0000 -1.0000 0.0000
vn 0.0000 1.0000 0.0000
vn 0.0000 -1.0000 0.0000
vn 0.0000 1.0000 0.0000
vn 0.0000 -1.0000 0.0000
vn 0.0000 1.0000 0.0000
vn 0.0000 -1.0000 0.0000
vn 0.0000 1.0000 0.0000
vn 0.0000 -1.0000 0.0000
vn 0.0000 1.0000 0.0000
vn 0.0000 -1.0000 0.0000
vn 0.0000 1.0000 0.0000
vn 0.0000 -1.0000 0.0000
vn 0.0000 1.0000 0.0000
vn 0.0000 -1.0000 0.0000
vn 0.0000 1.0000 0.0000
vn 0.0000 -1.0000 0.0000
vn 0.0000 1.0000 0.0000
vn 0.0000 -1.0000 0.0000
vn 0.0000 1.0000 0.0000
vn 0.0000 -1.0000 0.0000
vn 0.0000 1.0000 0.0000
vn 0.0000 -1.0000 0.0000
vn 0.0000 1.0000 0.0000
vn 0.0000 -1.0000 0.0000
vn 0.0000 1.0000 0.0000
vn 0.0000 -1.0000 0.0000
vn 0.0000 1.0000 0.0000
vn 0.0000 -1.0000 0.0000
vn 0.0000 1.0000 0.0000
vn 0.0000 -1.0000 0.0000
vn 0.0000 1.0000 0.0000
vn 0.0000 -1.0000 0.0000
vn 0.0000 1.0000 0.0000
vn 0.0000 -1.0000 0.0000
vn 0.0000 1.0000 0.0000
vn 0.0000 -1.0000 0.0000
vn 0.0000 1.0000 0.0000
vn 0.0000 -1.0000 0.0000
vn 0.0000 1.0000 0.0000
vn 0.0000 -1.0000 0.0000
vn 0.0000 0.0000 -1.0000
vn 0.0000 0.0000 -1.0000
vn 0.0000 0.0000 -1.0000
vn 0.0000 0.0000 -1.0000
vn 0.0000 0.0000 1.0000
vn 0.0000 0.0000 1.0000
vn 0.0000 0.0000 1.0000
vn 0.0000 0.0000 1.0000
vn -1.0000 0.0000 0.0000
vn -1.0000 0.0000 0.0000
vn -1.0000 0.0000 0.0000
vn -1.0000 0.0000 0.0000
vn 1.0000 0.0000 0.0000
vn 1.0000 0.0000 0.0000
vn 1.0000 0.0000 0.0000
vn 1.0000 0.0000 0.0000
vn 0.0000 1.0000 0.0000
vn 0.0000 1.0000 0.0000
vn 0.0000 1.0000 0.0000
vn 0.0000 1.0000 0.0000
vn 0.0000 -1.0000 0.0000
vn 0.0000 -1.0000 0.0000
vn 0.0000 -1.0000 0.0000
vn 0.0000 -1.0000 0.0000
vn 0.0000 0.0000 -1.0000
vn 0.0000 0.0000 -1.0000
vn 0.0000 0.0000 -1.0000
vn 0.0000 0.0000 -1.0000
vn 0.0000 0.0000 1.0000
vn 0.0000 0.0000 1.0000
vn 0.0000 0.0000 1.0000
vn 0.0000 0.0000 1.0000
vn -1.0000 0.0000 0.0000
vn -1.0000 0.0000 0.0000
vn -1.0000 0.0000 0.0000
vn -1.0000 0.0000 0.0000
vn 1.0000 0.0000 0.0000
vn 1.0000 0.0000 0.0000
vn 1.0000 0.0000 0.0000
vn 1.0000 0.0000 0.0000
vn 0.0000 1.0000 0.0000
vn 0.0000 1.0000 0.0000
vn 0.0000 1.0000 0.0000
vn 0.0000 1.0000 0.0000
vn 0.0000 -1.0000 0.0000
vn 0.0000 -1.0000 0.0000
vn 0.0000 -1.0000 0.0000
vn 0.0000 -1.0000 0.0000
vn -0.1951 0.0000 -0.9808
vn -0.1951 0.0000 -0.9808
vn -0.1951 0.0000 -0.9808
vn -0.1951 0.0000 -0.9808
vn 0.1951 0.0000 0.9808
vn 0.1951 0.0000 0.9808
vn 0.1951 0.0000 0.9808
vn 0.1951 0.0000 0.9808
vn -0.9808 0.0000 0.1951
vn -0.9808 0.0000 0.1951
vn -0.9808 0.0000 0.1951
vn -0.9808 0.0000 0.1951
vn 0.9808 0.0000 -0.1951
vn 0.9808 0.0000 -0.1951
vn 0.9808 0.0000 -0.1951
vn 0.9808 0.0000 -0.1951
vn 0.0000 1.0000 0.0000
vn 0.0000 1.0000 0.0000
vn 0.0000 1.0000 0.0000
vn 0.0000 1.0000 0.0000
vn 0.0000 -1.0000 0.0000
vn 0.0000 -1.0000 0.0000
vn 0.0000 -1.0000 0.0000
vn 0.0000 -1.0000 0.0000
vn -0.4027 0.0000 -0.9153
vn -0.4027 0.0000 -0.9153
vn -0.4027 0.0000 -0.9153
vn -0.4027 0.0000 -0.9153
vn 0.4027 0.0000 0.9153
vn 0.4027 0.0000 0.9153
vn 0.4027 0.0000 0.9153
vn 0.4027 0.0000 0.9153
vn -0.9153 0.0000 0.4027
vn -0.9153 0.0000 0.4027
vn -0.9153 0.0000 0.4027
vn -0.9153 0.0000 0.4027
vn 0.9153 0.0000 -0.4027
vn 0.9153 0.0000 -0.4027
vn 0.9153 0.0000 -0.4027
vn 0.9153 0.0000 -0.4027
vn 0.0000 1.0000 0.0000
vn 0.0000 1.0000 0.0000
vn 0.0000 1.0000 0.0000
vn 0.0000 1.0000 0.0000
vn 0.0000 -1.0000 0.0000
vn 0.0000 -1.0000 0.0000
vn 0.0000 -1.0000 0.0000
vn 0.0000 -1.0000 0.0000
vn -0.5913 0.0000 -0.8064
vn -0.5913 0.0000 -0.8064
vn -0.5913 0.0000 -0.8064
vn -0.5913 0.0000 -0.8064
vn 0.5913 0.0000 0.8064
vn 0.5913 0.0000 0.8064
vn 0.5913 0.0000 0.8064
vn 0.5913 0.0000 0.8064
vn -0.8064 0.0000 0.5913
vn -0.8064 0.0000 0.5913
vn -0.8064 0.0000 0.5913
vn -0.8064 0.0000 0.5913
vn 0.8064 0.0000 -0.5913
vn 0.8064 0.0000 -0.5913
vn 0.8064 0.0000 -0.5913
vn 0.8064 0.0000 -0.5913
vn 0.0000 1.0000 0.0000
vn 0.0000 1.0000 0.0000
vn 0.0000 1.0000 0.0000
vn 0.0000 1.0000 0.0000
vn 0.0000 -1.0000 0.0000
vn 0.0000 -1.0000 0.0000
vn 0.0000 -1.0000 0.0000
vn 0.0000 -1.0000 0.0000
vn -0.7518 0.0000 -0.6593
vn -0.7518 0.0000 -0.6593
vn -0.7518 0.0000 -0.6593
vn -0.7518 0.0000 -0.6593
vn 0.7518 0.0000 0.6593
vn 0.7518 0.0000 0.6593
vn 0.7518 0.0000 0.6593
vn 0.7518 0.0000 0.6593
vn -0.6593 0.0000 0.7518
vn -0.6593 0.0000 0.7518
vn -0.6593 0.0000 0.7518
vn -0.6593 0.0000 0.7518
vn 0.6593 0.0000 -0.7518
vn 0.6593 0.0000 -0.7518
vn 0.6593 0.0000 -0.7518
vn 0.6593 0.0000 -0.7518
vn 0.0000 1.0000 0.0000
vn 0.0000 1.0000 0.0000
vn 0.0000 1.0000 0.0000
vn 0.0000 1.0000 0.0000
vn 0.0000 -1.0000 0.0000
vn 0.0000 -1.0000 0.0000
vn 0.0000 -1.0000 0.0000
vn 0.0000 -1.0000 0.0000
vn -0.8767 0.0000 -0.4810
vn -0.8767 0.0000 -0.4810
vn -0.8767 0.0000 -0.4810
vn -0.8767 0.0000 -0.4810
vn 0.8767 0.0000 0.4810
vn 0.8767 0.0000 0.4810
vn 0.8767 0.0000 0.4810
vn 0.8767 0.0000 0.4810
vn -0.4810 0.0000 0.8767
vn -0.4810 0.0000 0.8767
vn -0.4810 0.0000 0.8767
vn -0.4810 0.0000 0.8767
vn 0.4810 0.0000 -0.8767
vn 0.4810 0.0000 -0.8767
vn 0.4810 0.0000 -0.8767
vn 0.4810 0.0000 -0.8767
vn 0.0000 1.0000 0.0000
vn 0.0000 1.0000 0.0000
vn 0.0000 1.0000 0.0000
vn 0.0000 1.0000 0.0000
vn 0.0000 -1.0000 0.0000
vn 0.0000 -1.0000 0.0000
vn 0.0000 -1.0000 0.0000
vn 0.0000 -1.0000 0.0000
vn -0.9600 0.0000 -0.2798
vn -0.9600 0.0000 -0.2798
vn -0.9600 0.0000 -0.2798
vn -0.9600 0.0000 -0.2798
vn 0.9600 0.0000 0.2798
vn 0.9600 0.0000 0.2798
vn 0.9600 0.0000 0.2798
vn 0.9600 0.0000 0.2798
vn -0.2798 0.0000 0.9600
vn -0.2798 0.0000 0.9600
vn -0.2798 0.0000 0.9600
vn -0.2798 0.0000 0.9600
vn 0.2798 0.0000 -0.9600
vn 0.2798 0.0000 -0.9600
vn 0.2798 0.0000 -0.9600
vn 0.2798 0.0000 -0.9600
vn 0.0000 1.0000 0.0000
vn 0.0000 1.0000 0.0000
vn 0.0000 1.0000 0.0000
vn 0.0000 1.0000 0.0000
vn 0.0000 -1.0000 0.0000
vn 0.0000 -1.0000 0.0000
vn 0.0000 -1.0000 0.0000
vn 0.0000 -1.0000 0.0000
vn -0.9979 0.0000 -0.0654
vn -0.9979 0.0000 -0.0654
vn -0.9979 0.0000 -0.0654
vn -0.9979 0.0000 -0.0654
vn 0.9979 0.0000 0.0654
vn 0.9979 0.0000 0.0654
vn 0.9979 0.0000 0.0654
vn 0.9979 0.0000 0.0654
vn -0.0654 0.0000 0.9979
vn -0.0654 0.0000 0.9979
vn -0.0654 0.0000 0.9979
vn -0.0654 0.0000 0.9979
vn 0.0654 0.0000 -0.9979
vn 0.0654 0.0000 -0.9979
vn 0.0654 0.0000 -0.9979
vn 0.0654 0.0000 -0.9979
vn 0.0000 1.0000 0.0000
vn 0.0000 1.0000 0.0000
vn 0.0000 1.0000 0.0000
vn 0.0000 1.0000 0.0000
vn 0.0000 -1.0000 0.0000
vn 0.0000 -1.0000 0.0000
vn 0.0000 -1.0000 0.0000
vn 0.0000 -1.0000 0.0000
vn -0.9884 0.0000 0.1521
vn -0.9884 0.0000 0.1521
vn -0.9884 0.0000 0.1521
vn -0.9884 0.0000 0.1521
vn 0.9884 0.0000 -0.1521
vn 0.9884 0.0000 -0.1521
vn 0.9884 0.0000 -0.1521
vn 0.9884 0.0000 -0.1521
vn 0.1521 0.0000 0.9884
vn 0.1521 0.0000 0.9884
vn 0.1521 0.0000 0.9884
vn 0.1521 0.0000 0.9884
vn -0.1521 0.0000 -0.9884
vn -0.1521 0.0000 -0.9884
vn -0.1521 0.0000 -0.9884
vn -0.1521 0.0000 -0.9884
vn 0.0000 1.0000 0.0000
vn 0.0000 1.0000 0.0000
vn 0.0000 1.0000 0.0000
vn 0.0000 1.0000 0.0000
vn 0.0000 -1.0000 0.0000
vn 0.0000 -1.0000 0.0000
vn 0.0000 -1.0000 0.0000
vn 0.0000 -1.0000 0.0000
vn -0.9320 0.0000 0.3624
vn -0.9320 0.0000 0.3624
vn -0.9320 0.0000 0.3624
vn -0.9320 0.0000 0.3624
vn 0.9320 0.0000 -0.3624
vn 0.9320 0.0000 -0.3624
vn 0.9320 0.0000 -0.3624
vn 0.9320 0.0000 -0.3624
vn 0.3624 0.0000 0.9320
vn 0.3624 0.0000 0.9320
vn 0.3624 0.0000 0.9320
vn 0.3624 0.0000 0.9320
vn -0.3624 0.0000 -0.9320
vn -0.3624 0.0000 -0.9320
vn -0.3624 0.0000 -0.9320
vn -0.3624 0.0000 -0.9320
vn 0.0000 1.0000 0.0000
vn 0.0000 1.0000 0.0000
vn 0.0000 1.0000 0.0000
vn 0.0000 1.0000 0.0000
vn 0.0000 -1.0000 0.0000
vn 0.0000 -1.0000 0.0000
vn 0.0000 -1.0000 0.0000
vn 0.0000 -1.0000 0.0000
vn -0.8315 0.0000 0.5556
vn -0.8315 0.0000 0.5556
vn -0.8315 0.0000 0.5556
vn -0.8315 0.0000 0.5556
vn 0.8315 0.0000 -0.5556
vn 0.8315 0.0000 -0.5556
vn 0.8315 0.0000 -0.5556
vn 0.8315 0.0000 -0.5556
vn 0.5556 0.0000 0.8315
vn 0.5556 0.0000 0.8315
vn 0.5556 0.0000 0.8315
vn 0.5556 0.0000 0.8315
vn -0.5556 0.0000 -0.8315
vn -0.5556 0.0000 -0.8315
vn -0.5556 0.0000 -0.8315
vn -0.5556 0.0000 -0.8315
vn 0.0000 1.0000 0.0000
vn 0.0000 1.0000 0.0000
vn 0.0000 1.0000 0.0000
vn 0.0000 1.0000 0.0000
vn 0.0000 -1.0000 0.0000
vn 0.0000 -1.0000 0.0000
vn 0.0000 -1.0000 0.0000
vn 0.0000 -1.0000 0.0000
vn -0.6915 0.0000 0.7224
vn -0.6915 0.0000 0.7224
vn -0.6915 0.0000 0.7224
vn -0.6915 0.0000 0.7224
vn 0.6915 0.0000 -0.7224
vn 0.6915 0.0000 -0.7224
vn 0.6915 0.0000 -0.7224
vn 0.6915 0.0000 -0.7224
vn 0.7224 0.0000 0.6915
vn 0.7224 0.0000 0.6915
vn 0.7224 0.0000 0.6915
vn 0.7224 0.0000 0.6915
vn -0.7224 0.0000 -0.6915
vn -0.7224 0.0000 -0.6915
vn -0.7224 0.0000 -0.6915
vn -0.7224 0.0000 -0.6915
vn 0.0000 1.0000 0.0000
vn 0.0000 1.0000 0.0000
vn 0.0000 1.0000 0.0000
vn 0.0000 1.0000 0.0000
vn 0.0000 -1.0000 0.0000
vn 0.0000 -1.0000 0.0000
vn 0.0000 -1.0000 0.0000
vn 0.0000 -1.0000 0.0000
vn -0.5188 0.0000 0.8549
vn -0.5188 0.0000 0.8549
vn -0.5188 0.0000 0.8549
vn -0.5188 0.0000 0.8549
vn 0.5188 0.0000 -0.8549
vn 0.5188 0.0000 -0.8549
vn 0.5188 0.0000 -0.8549
vn 0.5188 0.0000 -0.8549
vn 0.8549 0.0000 0.5188
vn 0.8549 0.0000 0.5188
vn 0.8549 0.0000 0.5188
vn 0.8549 0.0000 0.5188
vn -0.8549 0.0000 -0.5188
vn -0.8549 0.0000 -0.5188
vn -0.8549 0.0000 -0.5188
vn -0.8549 0.0000 -0.5188
vn 0.0000 1.0000 0.0000
vn 0.0000 1.0000 0.0000
vn 0.0000 1.0000 0.0000
vn 0.0000 1.0000 0.0000
vn 0.0000 -1.0000 0.0000
vn 0.0000 -1.0000 0.0000
vn 0.0000 -1.0000 0.0000
vn 0.0000 -1.0000 0.0000
vn -0.3214 0.0000 0.9469
vn -0.3214 0.0000 0.9469
vn -0.3214 0.0000 0.9469
vn -0.3214 0.0000 0.9469
vn 0.3214 0.0000 -0.9469
vn 0.3214 0.0000 -0.9469
vn 0.3214 0.0000 -0.9469
vn 0.3214 0.0000 -0.9469
vn 0.9469 0.0000 0.3214
vn 0.9469 0.0000 0.3214
vn 0.9469 0.0000 0.3214
vn 0.9469 0.0000 0.3214
vn -0.9469 0.0000 -0.3214
vn -0.9469 0.0000 -0.3214
vn -0.9469 0.0000 -0.3214
vn -0.9469 0.0000 -0.3214
vn 0.0000 1.0000 0.0000
vn 0.0000 1.0000 0.0000
vn 0.0000 1.0000 0.0000
vn 0.0000 1.0000 0.0000
vn 0.0000 -1.0000 0.0000
vn 0.0000 -1.0000 0.0000
vn 0.0000 -1.0000 0.0000
vn 0.0000 -1.0000 0.0000
vn -0.1089 0.0000 0.9941
vn -0.1089 0.0000 0.9941
vn -0.1089 0.0000 0.9941
vn -0.1089 0.0000 0.9941
vn 0.1089 0.0000 -0.9941
vn 0.1089 0.0000 -0.9941
vn 0.1089 0.0000 -0.9941
vn 0.1089 0.0000 -0.9941
vn 0.9941 0.0000 0.1089
vn 0.9941 0.0000 0.1089
vn 0.9941 0.0000 0.1089
vn 0.9941 0.0000 0.1089
vn -0.9941 0.0000 -0.1089
vn -0.9941 0.0000 -0.1089
vn -0.9941 0.0000 -0.1089
vn -0.9941 0.0000 -0.1089
vn 0.0000 1.0000 0.0000
vn 0.0000 1.0000 0.0000
vn 0.0000 1.0000 0.0000
vn 0.0000 1.0000 0.0000
vn 0.0000 -1.0000 0.0000
vn 0.0000 -1.0000 0.0000
vn 0.0000 -1.0000 0.0000
vn 0.0000 -1.0000 0.0000
vn 0.1089 0.0000 0.9941
vn 0.1089 0.0000 0.9941
vn 0.1089 0.0000 0.9941
vn 0.1089 0.0000 0.9941
vn -0.1089 0.0000 -0.9941
vn -0.1089 0.0000 -0.9941
vn -0.1089 0.0000 -0.9941
vn -0.1089 0.0000 -0.9941
vn 0.9941 0.0000 -0.1089
vn 0.9941 0.0000 -0.1089
vn 0.9941 0.0000 -0.1089
vn 0.9941 0.0000 -0.1089
vn -0.9941 0.0000 0.1089
vn -0.9941 0.0000 0.1089
vn -0.9941 0.0000 0.1089
vn -0.9941 0.0000 0.1089
vn 0.0000 1.0000 0.0000
vn 0.0000 1.0000 0.0000
vn 0.0000 1.0000 0.0000
vn 0.0000 1.0000 0.0000
vn 0.0000 -1.0000 0.0000
vn 0.0000 -1.0000 0.0000
vn 0.0000 -1.0000 0.0000
vn 0.0000 -1.0000 0.0000
vn 0.3214 0.0000 0.9469
vn 0.3214 0.0000 0.9469
vn 0.3214 0.0000 0.9469
vn 0.3214 0.0000 0.9469
vn -0.3214 0.0000 -0.9469
vn -0.3214 0.0000 -0.9469
vn -0.3214 0.0000 -0.9469
vn -0.3214 0.0000 -0.9469
vn 0.9469 0.0000 -0.3214
vn 0.9469 0.0000 -0.3214
vn 0.9469 0.0000 -0.3214
vn 0.9469 0.0000 -0.3214
vn -0.9469 0.0000 0.3214
vn -0.9469 0.0000 0.3214
vn -0.9469 0.0000 0.3214
vn -0.9469 0.0000 0.3214
vn 0.0000 1.0000 0.0000
vn 0.0000 1.0000 0.0000
vn 0.0000 1.0000 0.0000
vn 0.0000 1.0000 0.0000
vn 0.0000 -1.0000 0.0000
vn 0.0000 -1.0000 0.0000
vn 0.0000 -1.0000 0.0000
vn 0.0000 -1.0000 0.0000
vn 0.5188 0.0000 0.8549
vn 0.5188 0.0000 0.8549
vn 0.5188 0.0000 0.8549
vn 0.5188 0.0000 0.8549
vn -0.5188 0.0000 -0.8549
vn -0.5188 0.0000 -0.8549
vn -0.5188 0.0000 -0.8549
vn -0.5188 0.0000 -0.8549
vn 0.8549 0.0000 -0.5188
vn 0.8549 0.0000 -0.5188
vn 0.8549 0.0000 -0.5188
vn 0.8549 0.0000 -0.5188
vn -0.8549 0.0000 0.5188
vn -0.8549 0.0000 0.5188
vn -0.8549 0.0000 0.5188
vn -0.8549 0.0000 0.5188
vn 0.0000 1.0000 0.0000
vn 0.0000 1.0000 0.0000
vn 0.0000 1.0000 0.0000
vn 0.0000 1.0000 0.0000
vn 0.0000 -1.0000 0.0000
vn 0.0000 -1.0000 0.0000
vn 0.0000 -1.0000 0.0000
vn 0.0000 -1.0000 0.0000
vn 0.6915 0.0000 0.7224
vn 0.6915 0.0000 0.7224
vn 0.6915 0.0000 0.7224
vn 0.6915 0.0000 0.7224
vn -0.6915 0.0000 -0.7224
vn -0.6915 0.0000 -0.7224
vn -0.6915 0.0000 -0.7224
vn -0.6915 0.0000 -0.7224
vn 0.7224 0.0000 -0.6915
vn 0.7224 0.0000 -0.6915
vn 0.7224 0.0000 -0.6915
vn 0.7224 0.0000 -0.6915
vn -0.7224 0.0000 0.6915
vn -0.7224 0.0000 0.6915
vn -0.7224 0.0000 0.6915
vn -0.7224 0.0000 0.6915
vn 0.0000 1.0000 0.0000
vn 0.0000 1.0000 0.0000
vn 0.0000 1.0000 0.0000
vn 0.0000 1.0000 0.0000
vn 0.0000 -1.0000 0.0000
vn 0.0000 -1.0000 0.0000
vn 0.0000 -1.0000 0.0000
vn 0.0000 -1.0000 0.0000
vn 0.8315 0.0000 0.5556
vn 0.8315 0.0000 0.5556
vn 0.8315 0.0000 0.5556
vn 0.8315 0.0000 0.5556
vn -0.8315 0.0000 -0.5556
vn -0.8315 0.0000 -0.5556
vn -0.8315 0.0000 -0.5556
vn -0.8315 0.0000 -0.5556
vn 0.5556 0.0000 -0.8315
vn 0.5556 0.0000 -0.8315
vn 0.5556 0.0000 -0.8315
vn 0.5556 0.0000 -0.8315
vn -0.5556 0.0000 0.8315
vn -0.5556 0.0000 0.8315
vn -0.5556 0.0000 0.8315
vn -0.5556 0.0000 0.8315
vn 0.0000 1.0000 0.0000
vn 0.0000 1.0000 0.0000
vn 0.0000 1.0000 0.0000
vn 0.0000 1.0000 0.0000
vn 0.0000 -1.0000 0.0000
vn 0.0000 -1.0000 0.0000
vn 0.0000 -1.0000 0.0000
vn 0.0000 -1.0000 0.0000
vn 0.9320 0.0000 0.3624
vn 0.9320 0.0000 0.3624
vn 0.9320 0.0000 0.3624
vn 0.9320 0.0000 0.3624
vn -0.9320 0.0000 -0.3624
vn -0.9320 0.0000 -0.3624
vn -0.9320 0.0000 -0.3624
vn -0.9320 0.0000 -0.3624
vn 0.3624 0.0000 -0.9320
vn 0.3624 0.0000 -0.9320
vn 0.3624 0.0000 -0.9320
vn 0.3624 0.0000 -0.9320
vn -0.3624 0.0000 0.9320
vn -0.3624 0.0000 0.9320
vn -0.3624 0.0000 0.9320
vn -0.3624 0.0000 0.9320
vn 0.0000 1.0000 0.0000
vn 0.0000 1.0000 0.0000
vn 0.0000 1.0000 0.0000
vn 0.0000 1.0000 0.0000
vn 0.0000 -1.0000 0.0000
vn 0.0000 -1.0000 0.0000
vn 0.0000 -1.0000 0.0000
vn 0.0000 -1.0000 0.0000
vn 0.9884 0.0000 0.1521
vn 0.9884 0.0000 0.1521
vn 0.9884 0.0000 0.1521
vn 0.9884 0.0000 0.1521
vn -0.9884 0.0000 -0.1521
vn -0.9884 0.0000 -0.1521
vn -0.9884 0.0000 -0.1521
vn -0.9884 0.0000 -0.1521
vn 0.1521 0.0000 -0.9884
vn 0.1521 0.0000 -0.9884
vn 0.1521 0.0000 -0.9884
vn 0.1521 0.0000 -0.9884
vn -0.1521 0.0000 0.9884
vn -0.1521 0.0000 0.9884
vn -0.1521 0.0000 0.9884
vn -0.1521 0.0000 0.9884
vn 0.0000 1.0000 0.0000
vn 0.0000 1.0000 0.0000
vn 0.0000 1.0000 0.0000
vn 0.0000 1.0000 0.0000
vn 0.0000 -1.0000 0.0000
vn 0.0000 -1.0000 0.0000
vn 0.0000 -1.0000 0.0000
vn 0.0000 -1.0000 0.0000
vn 0.9979 0.0000 -0.0654
vn 0.9979 0.0000 -0.0654
vn 0.9979 0.0000 -0.0654
vn 0.9979 0.0000 -0.0654
vn -0.9979 0.0000 0.0654
vn -0.9979 0.0000 0.0654
vn -0.9979 0.0000 0.0654
vn -0.9979 0.0000 0.0654
vn -0.0654 0.0000 -0.9979
vn -0.0654 0.0000 -0.9979
vn -0.0654 0.0000 -0.9979
vn -0.0654 0.0000 -0.9979
vn 0.0654 0.0000 0.9979
vn 0.0654 0.0000 0.9979
vn 0.0654 0.0000 0.9979
vn 0.0654 0.0000 0.9979
vn 0.0000 1.0000 0.0000
vn 0.0000 1.0000 0.0000
vn 0.0000 1.0000 0.0000
vn 0.0000 1.0000 0.0000
vn 0.0000 -1.0000 0.0000
vn 0.0000 -1.0000 0.0000
vn 0.0000 -1.0000 0.0000
vn 0.0000 -1.0000 0.0000
vn 0.9600 0.0000 -0.2798
vn 0.9600 0.0000 -0.2798
vn 0.9600 0.0000 -0.2798
vn 0.9600 0.0000 -0.2798
vn -0.9600 0.0000 0.2798
vn -0.9600 0.0000 0.2798
vn -0.9600 0.0000 0.2798
vn -0.9600 0.0000 0.2798
vn -0.2798 0.0000 -0.9600
vn -0.2798 0.0000 -0.9600
vn -0.2798 0.0000 -0.9600
vn -0.2798 0.0000 -0.9600
vn 0.2798 0.0000 0.9600
vn 0.2798 0.0000 0.9600
vn 0.2798 0.0000 0.9600
vn 0.2798 0.0000 0.9600
vn 0.0000 1.0000 0.0000
vn 0.0000 1.0000 0.0000
vn 0.0000 1.0000 0.0000
vn 0.0000 1.0000 0.0000
vn 0.0000 -1.0000 0.0000
vn 0.0000 -1.0000 0.0000
vn 0.0000 -1.0000 0.0000
vn 0.0000 -1.0000 0.0000
vn 0.8767 0.0000 -0.4810
vn 0.8767 0.0000 -0.4810
vn 0.8767 0.0000 -0.4810
vn 0.8767 0.0000 -0.4810
vn -0.8767 0.0000 0.4810
vn -0.8767 0.0000 0.4810
vn -0.8767 0.0000 0.4810
vn -0.8767 0.0000 0.4810
vn -0.4810 0.0000 -0.8767
vn -0.4810 0.0000 -0.8767
vn -0.4810 0.0000 -0.8767
vn -0.4810 0.0000 -0.8767
vn 0.4810 0.0000 0.8767
vn 0.4810 0.0000 0.8767
vn 0.4810 0.0000 0.8767
vn 0.4810 0.0000 0.8767
vn 0.0000 1.0000 0.0000
vn 0.0000 1.0000 0.0000
vn 0.0000 1.0000 0.0000
vn 0.0000 1.0000 0.0000
vn 0.0000 -1.0000 0.0000
vn 0.0000 -1.0000 0.0000
vn 0.0000 -1.0000 0.0000
vn 0.0000 -1.0000 0.0000
vn 0.7518 0.0000 -0.6593
vn 0.7518 0.0000 -0.6593
vn 0.7518 0.0000 -0.6593
vn 0.7518 0.0000 -0.6593
vn -0.7518 0.0000 0.6593
vn -0.7518 0.0000 0.6593
vn -0.7518 0.0000 0.6593
vn -0.7518 0.0000 0.6593
vn -0.6593 0.0000 -0.7518
vn -0.6593 0.0000 -0.7518
vn -0.6593 0.0000 -0.7518
vn -0.6593 0.0000 -0.7518
vn 0.6593 0.0000 0.7518
vn 0.6593 0.0000 0.7518
vn 0.6593 0.0000 0.7518
vn 0.6593 0.0000 0.7518
vn 0.0000 1.0000 0.0000
vn 0.0000 1.0000 0.0000
vn 0.0000 1.0000 0.0000
vn 0.0000 1.0000 0.0000
vn 0.0000 -1.0000 0.0000
vn 0.0000 -1.0000 0.0000
vn 0.0000 -1.0000 0.0000
vn 0.0000 -1.0000 0.0000
vn 0.5913 0.0000 -0.8064
vn 0.5913 0.0000 -0.8064
vn 0.5913 0.0000 -0.8064
vn 0.5913 0.0000 -0.8064
vn -0.5913 0.0000 0.8064
vn -0.5913 0.0000 0.8064
vn -0.5913 0.0000 0.8064
vn -0.5913 0.0000 0.8064
vn -0.8064 0.0000 -0.5913
vn -0.8064 0.0000 -0.5913
vn -0.8064 0.0000 -0.5913
vn -0.8064 0.0000 -0.5913
vn 0.8064 0.0000 0.5913
vn 0.8064 0.0000 0.5913
vn 0.8064 0.0000 0.5913
vn 0.8064 0.0000 0.5913
vn 0.0000 1.0000 0.0000
vn 0.0000 1.0000 0.0000
vn 0.0000 1.0000 0.0000
vn 0.0000 1.0000 0.0000
vn 0.0000 -1.0000 0.0000
vn 0.0000 -1.0000 0.0000
vn 0.0000 -1.0000 0.0000
vn 0.0000 -1.0000 0.0000
vn 0.4027 0.0000 -0.9153
vn 0.4027 0.0000 -0.9153
vn 0.4027 0.0000 -0.9153
vn 0.4027 0.0000 -0.9153
vn -0.4027 0.0000 0.9153
vn -0.4027 0.0000 0.9153
vn -0.4027 0.0000 0.9153
vn -0.4027 0.0000 0.9153
vn -0.9153 0.0000 -0.4027
vn -0.9153 0.0000 -0.4027
vn -0.9153 0.0000 -0.4027
vn -0.9153 0.0000 -0.4027
vn 0.9153 0.0000 0.4027
vn 0.9153 0.0000 0.4027
vn 0.9153 0.0000 0.4027
vn 0.9153 0.0000 0.4027
vn 0.0000 1.0000 0.0000
vn 0.0000 1.0000 0.0000
vn 0.0000 1.0000 0.0000
vn 0.0000 1.0000 0.0000
vn 0.0000 -1.0000 0.0000
vn 0.0000 -1.0000 0.0000
vn 0.0000 -1.0000 0.0000
vn 0.0000 -1.0000 0.0000
vn 0.1951 0.0000 -0.9808
vn 0.1951 0.0000 -0.9808
vn 0.1951 0.0000 -0.9808
vn 0.1951 0.0000 -0.9808
vn -0.1951 0.0000 0.9808
vn -0.1951 0.0000 0.9808
vn -0.1951 0.0000 0.9808
vn -0.1951 0.0000 0.9808
vn -0.9808 0.0000 -0.1951
vn -0.9808 0.0000 -0.1951
vn -0.9808 0.0000 -0.1951
vn -0.9808 0.0000 -0.1951
vn 0.9808 0.0000 0.1951
vn 0.9808 0.0000 0.1951
vn 0.9808 0.0000 0.1951
vn 0.9808 0.0000 0.1951
vn 0.0000 1.0000 0.0000
vn 0.0000 1.0000 0.0000
vn 0.0000 1.0000 0.0000
vn 0.0000 1.0000 0.0000
vn 0.0000 -1.0000 0.0000
vn 0.0000 -1.0000 0.0000
vn 0.0000 -1.0000 0.0000
vn 0.0000 -1.0000 0.0000
vn 0.0000 1.0000 0.0000
vn 0.0000 -1.0000 0.0000
vn 0.0000 1.0000 0.0000
vn 0.0000 -1.0000 0.0000
vn 0.0000 1.0000 0.0000
vn 0.0000 -1.0000 0.0000
vn 0.0000 1.0000 0.0000
vn 0.0000 -1.0000 0.0000
vn 0.0000 1.0000 0.0000
vn 0.0000 -1.0000 0.0000
vn 0.0000 1.0000 0.0000
vn 0.0000 -1.0000 0.0000
vn 0.0000 1.0000 0.0000
vn 0.0000 -1.0000 0.0000
vn 0.0000 1.0000 0.0000
vn 0.0000 -1.0000 0.0000
vn 0.0000 1.0000 0.0000
vn 0.0000 -1.0000 0.0000
vn 0.0000 1.0000 0.0000
vn 0.0000 -1.0000 0.0000
vn 0.0000 1.0000 0.0000
vn 0.0000 -1.0000 0.0000
vn 0.0000 1.0000 0.0000
vn 0.0000 -1.0000 0.0000
vn 0.0000 1.0000 0.0000
vn 0.0000 -1.0000 0.0000
vn 0.0000 1.0000 0.0000
vn 0.0000 -1.0000 0.0000
vn 0.0000 1.0000 0.0000
vn 0.0000 -1.0000 0.0000
vn 0.0000 1.0000 0.0000
vn 0.0000 -1.0000 0.0000
vn 0.0000 1.0000 0.0000
vn 0.0000 -1.0000 0.0000
vn 0.0000 1.0000 0.0000
vn 0.0000 -1.0000 0.0000
vn 0.0000 1.0000 0.0000
vn 0.0000 -1.0000 0.0000
vn 0.0000 1.0000 0.0000
vn 0.0000 -1.0000 0.0000
vn 0.0000 1.0000 0.0000
vn 0.0000 -1.0000 0.0000
vn 0.0000 1.0000 0.0000
vn 0.0000 -1.0000 0.0000
vn 0.0000 1.0000 0.0000
vn 0.0000 -1.0000 0.0000
vn 0.0000 1.0000 0.0000
vn 0.0000 -1.0000 0.0000
vn 0.0000 1.0000 0.0000
vn 0.0000 -1.0000 0.0000
vn 0.0000 1.0000 0.0000
vn 0.0000 -1.0000 0.0000
vn 0.0000 1.0000 0.0000
vn 0.0000 -1.0000 0.0000
vn 0.0000 1.0000 0.0000
vn 0.0000 -1.0000 0.0000
vn 0.0000 1.0000 0.0000
vn 0.0000 -1.0000 0.0000
vn 0.0000 1.0000 0.0000
vn 0.0000 -1.0000 0.0000
vn 0.0000 1.0000 0.0000
vn 0.0000 -1.0000 0.0000
vn 0.0000 1.0000 0.0000
vn 0.0000 -1.0000 0.0000
vn 0.0000 1.0000 0.0000
vn 0.0000 -1.0000 0.0000
vn 0.0000 1.0000 0.0000
vn 0.0000 1.0000 0.0000
vn 0.0000 -1.0000 0.0000
vn 0.0000 -1.0000 0.0000
vn 0.0000 1.0000 0.0000
vn 0.0000 1.0000 0.0000
vn 0.0000 -1.0000 0.0000
vn 0.0000 -1.0000 0.0000
vn 0.0000 1.0000 0.0000
vn 0.0000 1.0000 0.0000
vn 0.0000 -1.0000 0.0000
vn 0.0000 -1.0000 0.0000
vn 0.0000 1.0000 0.0000
vn 0.0000 1.0000 0.0000
vn 0.0000 -1.0000 0.0000
vn 0.0000 -1.0000 0.0000
vn 0.0000 1.0000 0.0000
vn 0.0000 1.0000 0.0000
vn 0.0000 -1.0000 0.0000
vn 0.0000 -1.0000 0.0000
vn 0.0000 1.0000 0.0000
vn 0.0000 1.0000 0.0000
vn 0.0000 -1.0000 0.0000
vn 0.0000 -1.0000 0.0000
vn 0.0000 1.0000 0.0000
vn 0.0000 1.0000 0.0000
vn 0.0000 -1.0000 0.0000
vn 0.0000 -1.0000 0.0000
vn 0.0000 1.0000 0.0000
vn 0.0000 1.0000 0.0000
vn 0.0000 -1.0000 0.0000
vn 0.0000 -1.0000 0.0000
vn 0.0000 1.0000 0.0000
vn 0.0000 1.0000 0.0000
vn 0.0000 -1.0000 0.0000
vn 0.0000 -1.0000 0.0000
vn 0.0000 1.0000 0.0000
vn 0.0000 1.0000 0.0000
vn 0.0000 -1.0000 0.0000
vn 0.0000 -1.0000 0.0000
vn 0.0000 1.0000 0.0000
vn 0.0000 1.0000 0.0000
vn 0.0000 -1.0000 0.0000
vn 0.0000 -1.0000 0.0000
vn 0.0000 1.0000 0.0000
vn 0.0000 1.0000 0.0000
vn 0.0000 -1.0000 0.0000
vn 0.0000 -1.0000 0.0000
vn 0.0000 1.0000 0.0000
vn 0.0000 1.0000 0.0000
vn 0.0000 -1.0000 0.0000
vn 0.0000 -1.0000 0.0000
vn 0.0000 1.0000 0.0000
vn 0.0000 1.0000 0.0000
vn 0.0000 -1.0000 0.0000
vn 0.0000 -1.0000 0.0000
vn 0.0000 1.0000 0.0000
vn 0.0000 1.0000 0.0000
vn 0.0000 -1.0000 0.0000
vn 0.0000 -1.0000 0.0000
vn 0.0000 1.0000 0.0000
vn 0.0000 1.0000 0.0000
vn 0.0000 -1.0000 0.0000
vn 0.0000 -1.0000 0.0000
vn 0.0000 1.0000 0.0000
vn 0.0000 1.0000 0.0000
vn 0.0000 -1.0000 0.0000
vn 0.0000 -1.0000 0.0000
vn 0.0000 1.0000 0.0000
vn 0.0000 1.0000 0.0000
vn 0.0000 -1.0000 0.0000
vn 0.0000 -1.0000 0.0000
vn 0.0000 1.0000 0.0000
vn 0.0000 1.0000 0.0000
vn 0.0000 -1.0000 0.0000
vn 0.0000 -1.0000 0.0000
vn 0.0000 1.0000 0.0000
vn 0.0000 1.0000 0.0000
vn 0.0000 -1.0000 0.0000
vn 0.0000 -1.0000 0.0000
vn 0.0000 1.0000 0.0000
vn 0.0000 1.0000 0.0000
vn 0.0000 -1.0000 0.0000
vn 0.0000 -1.0000 0.0000
vn 0.0000 1.0000 0.0000
vn 0.0000 1.0000 0.0000
vn 0.0000 -1.0000 0.0000
vn 0.0000 -1.0000 0.0000
vn 0.0000 1.0000 0.0000
vn 0.0000 1.0000 0.0000
vn 0.0000 -1.0000 0.0000
vn 0.0000 -1.0000 0.0000
vn 0.0000 1.0000 0.0000
vn 0.0000 1.0000 0.0000
vn 0.0000 -1.0000 0.0000
vn 0.0000 -1.0000 0.0000
vn 0.0000 1.0000 0.0000
vn 0.0000 1.0000 0.0000
vn 0.0000 -1.0000 0.0000
vn 0.0000 -1.0000 0.0000
vn 0.0000 1.0000 0.0000
vn 0.0000 1.0000 0.0000
vn 0.0000 -1.0000 0.0000
vn 0.0000 -1.0000 0.0000
vn 0.0000 1.0000 0.0000
vn 0.0000 1.0000 0.0000
vn 0.0000 -1.0000 0.0000
vn 0.0000 -1.0000 0.0000
vn 0.0000 1.0000 0.0000
vn 0.0000 1.0000 0.0000
vn 0.0000 -1.0000 0.0000
vn 0.0000 -1.0000 0.0000
vn 0.0000 1.0000 0.0000
vn 0.0000 1.0000 0.0000
vn 0.0000 -1.0000 0.0000
vn 0.0000 -1.0000 0.0000
vn 0.0000 1.0000 0.0000
vn 0.0000 1.0000 0.0000
vn 0.0000 -1.0000 0.0000
vn 0.0000 -1.0000 0.0000
vn 0.0000 1.0000 0.0000
vn 0.0000 1.0000 0.0000
vn 0.0000 -1.0000 0.0000
vn 0.0000 -1.0000 0.0000
vn 0.0000 1.0000 0.0000
vn 0.0000 1.0000 0.0000
vn 0.0000 -1.0000 0.0000
vn 0.0000 -1.0000 0.0000
vn 0.0000 1.0000 0.0000
vn 0.0000 1.0000 0.0000
vn 0.0000 -1.0000 0.0000
vn 0.0000 -1.0000 0.0000
vn 0.0000 1.0000 0.0000
vn 0.0000 1.0000 0.0000
vn 0.0000 -1.0000 0.0000
vn 0.0000 -1.0000 0.0000
vn 0.0000 1.0000 0.0000
vn 0.0000 1.0000 0.0000
vn 0.0000 -1.0000 0.0000
vn 0.0000 -1.0000 0.0000
vn 0.0000 1.0000 0.0000
vn 0.0000 1.0000 0.0000
vn 0.0000 -1.0000 0.0000
vn 0.0000 -1.0000 0.0000
vn 0.0000 1.0000 0.0000
vn 0.0000 1.0000 0.0000
vn 0.0000 -1.0000 0.0000
vn 0.0000 -1.0000 0.0000
vn 0.0000 1.0000 0.0000
vn 0.0000 1.0000 0.0000
vn 0.0000 -1.0000 0.0000
vn 0.0000 -1.0000 0.0000
vn 0.0000 1.0000 0.0000
vn 0.0000 1.0000 0.0000
vn 0.0000 -1.0000 0.0000
vn 0.0000 -1.0000 0.0000
vn 0.0000 1.0000 0.0000
vn 0.0000 1.0000 0.0000
vn 0.0000 -1.0000 0.0000
vn 0.0000 -1.0000 0.0000
vn 0.0000 1.0000 0.0000
vn 0.0000 1.0000 0.0000
vn 0.0000 -1.0000 0.0000
vn 0.0000 -1.0000 0.0000
vn 0.0000 1.0000 0.0000
vn 0.0000 1.0000 0.0000
vn 0.0000 -1.0000 0.0000
vn 0.0000 -1.0000 0.0000
vn 0.0000 1.0000 0.0000
vn 0.0000 1.0000 0.0000
vn 0.0000 -1.0000 0.0000
vn 0.0000 -1.0000 0.0000
vn 0.0000 1.0000 0.0000
vn 0.0000 1.0000 0.0000
vn 0.0000 -1.0000 0.0000
vn 0.0000 -1.0000 0.0000
vn 0.0000 1.0000 0.0000
vn 0.0000 1.0000 0.0000
vn 0.0000 -1.0000 0.0000
vn 0.0000 -1.0000 0.0000
vn 0.0000 1.0000 0.0000
vn 0.0000 1.0000 0.0000
vn 0.0000 -1.0000 0.0000
vn 0.0000 -1.0000 0.0000
vn 0.0000 1.0000 0.0000
vn 0.0000 1.0000 0.0000
vn 0.0000 -1.0000 0.0000
vn 0.0000 -1.0000 0.0000
vn 0.0000 1.0000 0.0000
vn 0.0000 1.0000 0.0000
vn 0.0000 -1.0000 0.0000
vn 0.0000 -1.0000 0.0000
vn 0.0000 1.0000 0.0000
vn 0.0000 1.0000 0.0000
vn 0.0000 -1.0000 0.0000
vn 0.0000 -1.0000 0.0000
vn 0.0000 1.0000 0.0000
vn 0.0000 1.0000 0.0000
vn 0.0000 -1.0000 0.0000
vn 0.0000 -1.0000 0.0000
vn 0.0000 1.0000 0.0000
vn 0.0000 1.0000 0.0000
vn 0.0000 -1.0000 0.0000
vn 0.0000 -1.0000 0.0000
vn 0.0000 1.0000 0.0000
vn 0.0000 1.0000 0.0000
vn 0.0000 -1.0000 0.0000
vn 0.0000 -1.0000 0.0000
vn 0.0000 1.0000 0.0000
vn 0.0000 1.0000 0.0000
vn 0.0000 -1.0000 0.0000
vn 0.0000 -1.0000 0.0000
vn 0.0000 1.0000 0.0000
vn 0.0000 1.0000 0.0000
vn 0.0000 -1.0000 0.0000
vn 0.0000 -1.0000 0.0000
vn 0.0000 1.0000 0.0000
vn 0.0000 1.0000 0.0000
vn 0.0000 -1.0000 0.0000
vn 0.0000 -1.0000 0.0000
vn 0.0000 1.0000 0.0000
vn 0.0000 1.0000 0.0000
vn 0.0000 -1.0000 0.0000
vn 0.0000 -1.0000 0.0000
vn 0.0000 0.0000 -1.0000
vn 0.0000 0.0000 -1.0000
vn 0.0000 0.0000 -1.0000
vn 0.0000 0.0000 -1.0000
vn 0.0000 0.0000 1.0000
vn 0.0000 0.0000 1.0000
vn 0.0000 0.0000 1.0000
vn 0.0000 0.0000 1.0000
vn -1.0000 0.0000 0.0000
vn -1.0000 0.0000 0.0000
vn -1.0000 0.0000 0.0000
vn -1.0000 0.0000 0.0000
vn 1.0000 0.0000 0.0000
vn 1.0000 0.0000 0.0000
vn 1.0000 0.0000 0.0000
vn 1.0000 0.0000 0.0000
vn 0.0000 1.0000 0.0000
vn 0.0000 1.0000 0.0000
vn 0.0000 1.0000 0.0000
vn 0.0000 1.0000 0.0000
vn 0.0000 -1.0000 0.0000
vn 0.0000 -1.0000 0.0000
vn 0.0000 -1.0000 0.0000
vn 0.0000 -1.0000 0.0000
vn 0.0000 0.0000 -1.0000
vn 0.0000 0.0000 -1.0000
vn 0.0000 0.0000 -1.0000
vn 0.0000 0.0000 -1.0000
vn 0.0000 0.0000 1.0000
vn 0.0000 0.0000 1.0000
vn 0.0000 0.0000 1.0000
vn 0.0000 0.0000 1.0000
vn -1.0000 0.0000 0.0000
vn -1.0000 0.0000 0.0000
vn -1.0000 0.0000 0.0000
vn -1.0000 0.0000 0.0000
vn 1.0000 0.0000 0.0000
vn 1.0000 0.0000 0.0000
vn 1.0000 0.0000 0.0000
vn 1.0000 0.0000 0.0000
vn 0.0000 1.0000 0.0000
vn 0.0000 1.0000 0.0000
vn 0.0000 1.0000 0.0000
vn 0.0000 1.0000 0.0000
vn 0.0000 -1.0000 0.0000
vn 0.0000 -1.0000 0.0000
vn 0.0000 -1.0000 0.0000
vn 0.0000 -1.0000 0.0000
vn 0.0000 1.0000 0.0000
vn 0.0000 -1.0000 0.0000
vn 0.0000 1.0000 0.0000
vn 0.0000 -1.0000 0.0000
vn 0.0000 1.0000 0.0000
vn 0.0000 -1.0000 0.0000
vn 0.0000 1.0000 0.0000
vn 0.0000 -1.0000 0.0000
vn 0.0000 1.0000 0.0000
vn 0.0000 -1.0000 0.0000
vn 0.0000 1.0000 0.0000
vn 0.0000 -1.0000 0.0000
vn 0.0000 1.0000 0.0000
vn 0.0000 -1.0000 0.0000
vn 0.0000 1.0000 0.0000
vn 0.0000 -1.0000 0.0000
vn 0.0000 1.0000 0.0000
vn 0.0000 -1.0000 0.0000
vn 0.0000 1.0000 0.0000
vn 0.0000 -1.0000 0.0000
vn 0.0000 1.0000 0.0000
vn 0.0000 -1.0000 0.0000
vn 0.0000 1.0000 0.0000
vn 0.0000 -1.0000 0.0000
vn 0.0000 1.0000 0.0000
vn 0.0000 -1.0000 0.0000
vn 0.0000 1.0000 0.0000
vn 0.0000 -1.0000 0.0000
vn 0.0000 1.0000 0.0000
vn 0.0000 -1.0000 0.0000
vn 0.0000 1.0000 0.0000
vn 0.0000 -1.0000 0.0000
vn 0.0000 1.0000 0.0000
vn 0.0000 -1.0000 0.0000
vn 0.0000 1.0000 0.0000
vn 0.0000 -1.0000 0.0000
vn 0.0000 1.0000 0.0000
vn 0.0000 -1.0000 0.0000
vn 0.0000 1.0000 0.0000
vn 0.0000 -1.0000 0.0000
vn 0.0000 1.0000 0.0000
vn 0.0000 -1.0000 0.0000
vn 0.0000 1.0000 0.0000
vn 0.0000 -1.0000 0.0000
vn 0.0000 1.0000 0.0000
vn 0.0000 -1.0000 0.0000
vn 0.0000 1.0000 0.0000
vn 0.0000 -1.0000 0.0000
vn 0.0000 1.0000 0.0000
vn 0.0000 -1.0000 0.0000
vn 0.0000 1.0000 0.0000
vn 0.0000 1.0000 0.0000
vn 0.0000 -1.0000 0.0000
vn 0.0000 -1.0000 0.0000
vn 0.0000 1.0000 0.0000
vn 0.0000 1.0000 0.0000
vn 0.0000 -1.0000 0.0000
vn 0.0000 -1.0000 0.0000
vn 0.0000 1.0000 0.0000
vn 0.0000 1.0000 0.0000
vn 0.0000 -1.0000 0.0000
vn 0.0000 -1.0000 0.0000
vn 0.0000 1.0000 0.0000
vn 0.0000 1.0000 0.0000
vn 0.0000 -1.0000 0.0000
vn 0.0000 -1.0000 0.0000
vn 0.0000 1.0000 0.0000
vn 0.0000 1.0000 0.0000
vn 0.0000 -1.0000 0.0000
vn 0.0000 -1.0000 0.0000
vn 0.0000 1.0000 0.0000
vn 0.0000 1.0000 0.0000
vn 0.0000 -1.0000 0.0000
vn 0.0000 -1.0000 0.0000
vn 0.0000 1.0000 0.0000
vn 0.0000 1.0000 0.0000
vn 0.0000 -1.0000 0.0000
vn 0.0000 -1.0000 0.0000
vn 0.0000 1.0000 0.0000
vn 0.0000 1.0000 0.0000
vn 0.0000 -1.0000 0.0000
vn 0.0000 -1.0000 0.0000
vn 0.0000 1.0000 0.0000
vn 0.0000 1.0000 0.0000
vn 0.0000 -1.0000 0.0000
vn 0.0000 -1.0000 0.0000
vn 0.0000 1.0000 0.0000
vn 0.0000 1.0000 0.0000
vn 0.0000 -1.0000 0.0000
vn 0.0000 -1.0000 0.0000
vn 0.0000 1.0000 0.0000
vn 0.0000 1.0000 0.0000
vn 0.0000 -1.0000 0.0000
vn 0.0000 -1.0000 0.0000
vn 0.0000 1.0000 0.0000
vn 0.0000 1.0000 0.0000
vn 0.0000 -1.0000 0.0000
vn 0.0000 -1.0000 0.0000
vn 0.0000 1.0000 0.0000
vn 0.0000 1.0000 0.0000
vn 0.0000 -1.0000 0.0000
vn 0.0000 -1.0000 0.0000
vn 0.0000 1.0000 0.0000
vn 0.0000 1.0000 0.0000
vn 0.0000 -1.0000 0.0000
vn 0.0000 -1.0000 0.0000
vn 0.0000 1.0000 0.0000
vn 0.0000 1.0000 0.0000
vn 0.0000 -1.0000 0.0000
vn 0.0000 -1.0000 0.0000
vn 0.0000 1.0000 0.0000
vn 0.0000 1.0000 0.0000
vn 0.0000 -1.0000 0.0000
vn 0.0000 -1.0000 0.0000
vn 0.0000 1.0000 0.0000
vn 0.0000 1.0000 0.0000
vn 0.0000 -1.0000 0.0000
vn 0.0000 -1.0000 0.0000
vn 0.0000 1.0000 0.0000
vn 0.0000 1.0000 0.0000
vn 0.0000 -1.0000 0.0000
vn 0.0000 -1.0000 0.0000
vn 0.0000 1.0000 0.0000
vn 0.0000 1.0000 0.0000
vn 0.0000 -1.0000 0.0000
vn 0.0000 -1.0000 0.0000
vn 0.0000 1.0000 0.0000
vn 0.0000 1.0000 0.0000
vn 0.0000 -1.0000 0.0000
vn 0.0000 -1.0000 0.0000
vn 0.0000 1.0000 0.0000
vn 0.0000 1.0000 0.0000
vn 0.0000 -1.0000 0.0000
vn 0.0000 -1.0000 0.0000
vn 0.0000 1.0000 0.0000
vn 0.0000 1.0000 0.0000
vn 0.0000 -1.0000 0.0000
vn 0.0000 -1.0000 0.0000
vn 0.0000 1.0000 0.0000
vn 0.0000 1.0000 0.0000
vn 0.0000 -1.0000 0.0000
vn 0.0000 -1.0000 0.0000
vn 0.0000 1.0000 0.0000
vn 0.0000 1.0000 0.0000
vn 0.0000 -1.0000 0.0000
vn 0.0000 -1.0000 0.0000
vn 0.0000 1.0000 0.0000
vn 0.0000 -1.0000 0.0000
vn 0.0000 1.0000 0.0000
vn 0.0000 -1.0000 0.0000
vn 0.0000 1.0000 0.0000
vn 0.0000 -1.0000 0.0000
vn 0.0000 1.0000 0.0000
vn 0.0000 -1.0000 0.0000
vn 0.0000 1.0000 0.0000
vn 0.0000 -1.0000 0.0000
vn 0.0000 1.0000 0.0000
vn 0.0000 -1.0000 0.0000
vn 0.0000 1.0000 0.0000
vn 0.0000 -1.0000 0.0000
vn 0.0000 1.0000 0.0000
vn 0.0000 -1.0000 0.0000
vn 0.0000 1.0000 0.0000
vn 0.0000 -1.0000 0.0000
vn 0.0000 1.0000 0.0000
vn 0.0000 -1.0000 0.0000
vn 0.0000 1.0000 0.0000
vn 0.0000 -1.0000 0.0000
vn 0.0000 1.0000 0.0000
vn 0.0000 -1.0000 0.0000
vn 0.0000 1.0000 0.0000
vn 0.0000 -1.0000 0.0000
vn 0.0000 1.0000 0.0000
vn 0.0000 -1.0000 0.0000
vn 0.0000 1.0000 0.0000
vn 0.0000 -1.0000 0.0000
vn 0.0000 1.0000 0.0000
vn 0.0000 -1.0000 0.0000
vn 0.0000 1.0000 0.0000
vn 0.0000 -1.0000 0.0000
vn 0.0000 1.0000 0.0000
vn 0.0000 1.0000 0.0000
vn 0.0000 -1.0000 0.0000
vn 0.0000 -1.0000 0.0000
vn 0.0000 1.0000 0.0000
vn 0.0000 1.0000 0.0000
vn 0.0000 -1.0000 0.0000
vn 0.0000 -1.0000 0.0000
vn 0.0000 1.0000 0.0000
vn 0.0000 1.0000 0.0000
vn 0.0000 -1.0000 0.0000
vn 0.0000 -1.0000 0.0000
vn 0.0000 1.0000 0.0000
vn 0.0000 1.0000 0.0000
vn 0.0000 -1.0000 0.0000
vn 0.0000 -1.0000 0.0000
vn 0.0000 1.0000 0.0000
vn 0.0000 1.0000 0.0000
vn 0.0000 -1.0000 0.0000
vn 0.0000 -1.0000 0.0000
vn 0.0000 1.0000 0.0000
vn 0.0000 1.0000 0.0000
vn 0.0000 -1.0000 0.0000
vn 0.0000 -1.0000 0.0000
vn 0.0000 1.0000 0.0000
vn 0.0000 1.0000 0.0000
vn 0.0000 -1.0000 0.0000
vn 0.0000 -1.0000 0.0000
vn 0.0000 1.0000 0.0000
vn 0.0000 1.0000 0.0000
vn 0.0000 -1.0000 0.0000
vn 0.0000 -1.0000 0.0000
vn 0.0000 1.0000 0.0000
vn 0.0000 1.0000 0.0000
vn 0.0000 -1.0000 0.0000
vn 0.0000 -1.0000 0.0000
vn 0.0000 1.0000 0.0000
vn 0.0000 1.0000 0.0000
vn 0.0000 -1.0000 0.0000
vn 0.0000 -1.0000 0.0000
vn 0.0000 1.0000 0.0000
vn 0.0000 1.0000 0.0000
vn 0.0000 -1.0000 0.0000
vn 0.0000 -1.0000 0.0000
vn 0.0000 1.0000 0.0000
vn 0.0000 1.0000 0.0000
vn 0.0000 -1.0000 0.0000
vn 0.0000 -1.0000 0.0000
vn 0.0000 1.0000 0.0000
vn 0.0000 1.0000 0.0000
vn 0.0000 -1.0000 0.0000
vn 0.0000 -1.0000 0.0000
vn 0.0000 1.0000 0.0000
vn 0.0000 1.0000 0.0000
vn 0.0000 -1.0000 0.0000
vn 0.0000 -1.0000 0.0000
vn 0.0000 1.0000 0.0000
vn 0.0000 1.0000 0.0000
vn 0.0000 -1.0000 0.0000
vn 0.0000 -1.0000 0.0000
vn 0.0000 1.0000 0.0000
vn 0.0000 1.0000 0.0000
vn 0.0000 -1.0000 0.0000
vn 0.0000 -1.0000 0.0000
vn 0.0000 1.0000 0.0000
vn 0.0000 -1.0000 0.0000
vn 0.0000 1.0000 0.0000
vn 0.0000 -1.0000 0.0000
vn 0.0000 1.0000 0.0000
vn 0.0000 -1.0000 0.0000
vn 0.0000 1.0000 0.0000
vn 0.0000 -1.0000 0.0000
vn 0.0000 1.0000 0.0000
vn 0.0000 -1.0000 0.0000
vn 0.0000 1.0000 0.0000
vn 0.0000 -1.0000 0.0000
vn 0.0000 1.0000 0.0000
vn 0.0000 -1.0000 0.0000
vn 0.0000 1.0000 0.0000
vn 0.0000 -1.0000 0.0000
vn 0.0000 1.0000 0.0000
vn 0.0000 -1.0000 0.0000
vn 0.0000 1.0000 0.0000
vn 0.0000 -1.0000 0.0000
vn 0.0000 1.0000 0.0000
vn 0.0000 -1.0000 0.0000
vn 0.0000 1.0000 0.0000
vn 0.0000 -1.0000 0.0000
vn 0.0000 1.0000 0.0000
vn 0.0000 -1.0000 0.0000
vn 0.0000 1.0000 0.0000
vn 0.0000 -1.0000 0.0000
vn 0.0000 1.0000 0.0000
vn 0.0000 -1.0000 0.0000
vn 0.0000 1.0000 0.0000
vn 0.0000 -1.0000 0.0000
vn 0.0000 1.0000 0.0000
vn 0.0000 -1.0000 0.0000
vn 0.0000 1.0000 0.0000
vn 0.0000 1.0000 0.0000
vn 0.0000 -1.0000 0.0000
vn 0.0000 -1.0000 0.0000
vn 0.0000 1.0000 0.0000
vn 0.0000 1.0000 0.0000
vn 0.0000 -1.0000 0.0000
vn 0.0000 -1.0000 0.0000
vn 0.0000 1.0000 0.0000
vn 0.0000 1.0000 0.0000
vn 0.0000 -1.0000 0.0000
vn 0.0000 -1.0000 0.0000
vn 0.0000 1.0000 0.0000
vn 0.0000 1.0000 0.0000
vn 0.0000 -1.0000 0.0000
vn 0.0000 -1.0000 0.0000
vn 0.0000 1.0000 0.0000
vn 0.0000 1.0000 0.0000
vn 0.0000 -1.0000 0.0000
vn 0.0000 -1.0000 0.0000
vn 0.0000 1.0000 0.0000
vn 0.0000 1.0000 0.0000
vn 0.0000 -1.0000 0.0000
vn 0.0000 -1.0000 0.0000
vn 0.0000 1.0000 0.0000
vn 0.0000 1.0000 0.0000
vn 0.0000 -1.0000 0.0000
vn 0.0000 -1.0000 0.0000
vn 0.0000 1.0000 0.0000
vn 0.0000 1.0000 0.0000
vn 0.0000 -1.0000 0.0000
vn 0.0000 -1.0000 0.0000
vn 0.0000 1.0000 0.0000
vn 0.0000 1.0000 0.0000
vn 0.0000 -1.0000 0.0000
vn 0.0000 -1.0000 0.0000
vn 0.0000 1.0000 0.0000
vn 0.0000 1.0000 0.0000
vn 0.0000 -1.0000 0.0000
vn 0.0000 -1.0000 0.0000
vn 0.0000 1.0000 0.0000
vn 0.0000 1.0000 0.0000
vn 0.0000 -1.0000 0.0000
vn 0.0000 -1.0000 0.0000
vn 0.0000 1.0000 0.0000
vn 0.0000 1.0000 0.0000
vn 0.0000 -1.0000 0.0000
vn 0.0000 -1.0000 0.0000
vn 0.0000 1.0000 0.0000
vn 0.0000 1.0000 0.0000
vn 0.0000 -1.0000 0.0000
vn 0.0000 -1.0000 0.0000
vn 0.0000 1.0000 0.0000
vn 0.0000 1.0000 0.0000
vn 0.0000 -1.0000 0.0000
vn 0.0000 -1.0000 0.0000
vn 0.0000 1.0000 0.0000
vn 0.0000 1.0000 0.0000
vn 0.0000 -1.0000 0.0000
vn 0.0000 -1.0000 0.0000
vn 0.0000 1.0000 0.0000
vn 0.0000 1.0000 0.0000
vn 0.0000 -1.0000 0.0000
vn 0.0000 -1.0000 0.0000
vn 0.0000 1.0000 0.0000
vn 0.0000 -1.0000 0.0000
vn 0.0000 1.0000 0.0000
vn 0.0000 -1.0000 0.0000
vn 0.0000 1.0000 0.0000
vn 0.0000 -1.0000 0.0000
vn 0.0000 1.0000 0.0000
vn 0.0000 -1.0000 0.0000
vn 0.0000 1.0000 0.0000
vn 0.0000 -1.0000 0.0000
vn 0.0000 1.0000 0.0000
vn 0.0000 -1.0000 0.0000
vn 0.0000 1.0000 0.0000
vn 0.0000 -1.0000 0.0000
vn 0.0000 1.0000 0.0000
vn 0.0000 -1.0000 0.0000
vn 0.0000 1.0000 0.0000
vn 0.0000 -1.0000 0.0000
vn 0.0000 1.0000 0.0000
vn 0.0000 -1.0000 0.0000
vn 0.0000 1.0000 0.0000
vn 0.0000 -1.0000 0.0000
vn 0.0000 1.0000 0.0000
vn 0.0000 -1.0000 0.0000
vn 0.0000 1.0000 0.0000
vn 0.0000 -1.0000 0.0000
vn 0.0000 1.0000 0.0000
vn 0.0000 -1.0000 0.0000
vn 0.0000 1.0000 0.0000
vn 0.0000 -1.0000 0.0000
vn 0.0000 1.0000 0.0000
vn 0.0000 -1.0000 0.0000
vn 0.0000 1.0000 0.0000
vn 0.0000 -1.0000 0.0000
vn 0.0000 1.0000 0.0000
vn 0.0000 1.0000 0.0000
vn 0.0000 -1.0000 0.0000
vn 0.0000 -1.0000 0.0000
vn 0.0000 1.0000 0.0000
vn 0.0000 1.0000 0.0000
vn 0.0000 -1.0000 0.0000
vn 0.0000 -1.0000 0.0000
vn 0.0000 1.0000 0.0000
vn 0.0000 1.0000 0.0000
vn 0.0000 -1.0000 0.0000
vn 0.0000 -1.0000 0.0000
vn 0.0000 1.0000 0.0000
vn 0.0000 1.0000 0.0000
vn 0.0000 -1.0000 0.0000
vn 0.0000 -1.0000 0.0000
vn 0.0000 1.0000 0.0000
vn 0.0000 1.0000 0.0000
vn 0.0000 -1.0000 0.0000
vn 0.0000 -1.0000 0.0000
vn 0.0000 1.0000 0.0000
vn 0.0000 1.0000 0.0000
vn 0.0000 -1.0000 0.0000
vn 0.0000 -1.0000 0.0000
vn 0.0000 1.0000 0.0000
vn 0.0000 1.0000 0.0000
vn 0.0000 -1.0000 0.0000
vn 0.0000 -1.0000 0.0000
vn 0.0000 1.0000 0.0000
vn 0.0000 1.0000 0.0000
vn 0.0000 -1.0000 0.0000
vn 0.0000 -1.0000 0.0000
vn 0.0000 1.0000 0.0000
vn 0.0000 1.0000 0.0000
vn 0.0000 -1.0000 0.0000
vn 0.0000 -1.0000 0.0000
vn 0.0000 1.0000 0.0000
vn 0.0000 1.0000 0.0000
vn 0.0000 -1.0000 0.0000
vn 0.0000 -1.0000 0.0000
vn 0.0000 1.0000 0.0000
vn 0.0000 1.0000 0.0000
vn 0.0000 -1.0000 0.0000
vn 0.0000 -1.0000 0.0000
vn 0.0000 1.0000 0.0000
vn 0.0000 1.0000 0.0000
vn 0.0000 -1.0000 0.0000
vn 0.0000 -1.0000 0.0000
vn 0.0000 1.0000 0.0000
vn 0.0000 1.0000 0.0000
vn 0.0000 -1.0000 0.0000
vn 0.0000 -1.0000 0.0000
vn 0.0000 1.0000 0.0000
vn 0.0000 1.0000 0.0000
vn 0.0000 -1.0000 0.0000
vn 0.0000 -1.0000 0.0000
vn 0.0000 1.0000 0.0000
vn 0.0000 1.0000 0.0000
vn 0.0000 -1.0000 0.0000
vn 0.0000 -1.0000 0.0000
vn 0.0000 1.0000 0.0000
vn 0.0000 1.0000 0.0000
vn 0.0000 -1.0000 0.0000
vn 0.0000 -1.0000 0.0000
vn 0.9778 0.0000 -0.2093
vn 0.9778 0.0000 -0.2093
vn 0.9778 0.0000 -0.2093
vn 0.9778 0.0000 -0.2093
vn -0.9778 0.0000 0.2093
vn -0.9778 0.0000 0.2093
vn -0.9778 0.0000 0.2093
vn -0.9778 0.0000 0.2093
vn -0.2093 0.0000 -0.9778
vn -0.2093 0.0000 -0.9778
vn -0.2093 0.0000 -0.9778
vn -0.2093 0.0000 -0.9778
vn 0.2093 0.0000 0.9778
vn 0.2093 0.0000 0.9778
vn 0.2093 0.0000 0.9778
vn 0.2093 0.0000 0.9778
vn 0.0000 1.0000 0.0000
vn 0.0000 1.0000 0.0000
vn 0.0000 1.0000 0.0000
vn 0.0000 1.0000 0.0000
vn 0.0000 -1.0000 0.0000
vn 0.0000 -1.0000 0.0000
vn 0.0000 -1.0000 0.0000
vn 0.0000 -1.0000 0.0000
vn 0.9962 0.0000 -0.0872
vn 0.9962 0.0000 -0.0872
vn 0.9962 0.0000 -0.0872
vn 0.9962 0.0000 -0.0872
vn -0.9962 0.0000 0.0872
vn -0.9962 0.0000 0.0872
vn -0.9962 0.0000 0.0872
vn -0.9962 0.0000 0.0872
vn -0.0872 0.0000 -0.9962
vn -0.0872 0.0000 -0.9962
vn -0.0872 0.0000 -0.9962
vn -0.0872 0.0000 -0.9962
vn 0.0872 0.0000 0.9962
vn 0.0872 0.0000 0.9962
vn 0.0872 0.0000 0.9962
vn 0.0872 0.0000 0.9962
vn 0.0000 1.0000 0.0000
vn 0.0000 1.0000 0.0000
vn 0.0000 1.0000 0.0000
vn 0.0000 1.0000 0.0000
vn 0.0000 -1.0000 0.0000
vn 0.0000 -1.0000 0.0000
vn 0.0000 -1.0000 0.0000
vn 0.0000 -1.0000 0.0000
vn 0.8969 0.0000 -0.4423
vn 0.8969 0.0000 -0.4423
vn 0.8969 0.0000 -0.4423
vn 0.8969 0.0000 -0.4423
vn -0.8969 0.0000 0.4423
vn -0.8969 0.0000 0.4423
vn -0.8969 0.0000 0.4423
vn -0.8969 0.0000 0.4423
vn -0.4423 0.0000 -0.8969
vn -0.4423 0.0000 -0.8969
vn -0.4423 0.0000 -0.8969
vn -0.4423 0.0000 -0.8969
vn 0.4423 0.0000 0.8969
vn 0.4423 0.0000 0.8969
vn 0.4423 0.0000 0.8969
vn 0.4423 0.0000 0.8969
vn 0.0000 1.0000 0.0000
vn 0.0000 1.0000 0.0000
vn 0.0000 1.0000 0.0000
vn 0.0000 1.0000 0.0000
vn 0.0000 -1.0000 0.0000
vn 0.0000 -1.0000 0.0000
vn 0.0000 -1.0000 0.0000
vn 0.0000 -1.0000 0.0000
vn 0.9446 0.0000 -0.3283
vn 0.9446 0.0000 -0.3283
vn 0.9446 0.0000 -0.3283
vn 0.9446 0.0000 -0.3283
vn -0.9446 0.0000 0.3283
vn -0.9446 0.0000 0.3283
vn -0.9446 0.0000 0.3283
vn -0.9446 0.0000 0.3283
vn -0.3283 0.0000 -0.9446
vn -0.3283 0.0000 -0.9446
vn -0.3283 0.0000 -0.9446
vn -0.3283 0.0000 -0.9446
vn 0.3283 0.0000 0.9446
vn 0.3283 0.0000 0.9446
vn 0.3283 0.0000 0.9446
vn 0.3283 0.0000 0.9446
vn 0.0000 1.0000 0.0000
vn 0.0000 1.0000 0.0000
vn 0.0000 1.0000 0.0000
vn 0.0000 1.0000 0.0000
vn 0.0000 -1.0000 0.0000
vn 0.0000 -1.0000 0.0000
vn 0.0000 -1.0000 0.0000
vn 0.0000 -1.0000 0.0000
vn 0.7613 0.0000 -0.6483
vn 0.7613 0.0000 -0.6483
vn 0.7613 0.0000 -0.6483
vn 0.7613 0.0000 -0.6483
vn -0.7613 0.0000 0.6483
vn -0.7613 0.0000 0.6483
vn -0.7613 0.0000 0.6483
vn -0.7613 0.0000 0.6483
vn -0.6483 0.0000 -0.7613
vn -0.6483 0.0000 -0.7613
vn -0.6483 0.0000 -0.7613
vn -0.6483 0.0000 -0.7613
vn 0.6483 0.0000 0.7613
vn 0.6483 0.0000 0.7613
vn 0.6483 0.0000 0.7613
vn 0.6483 0.0000 0.7613
vn 0.0000 1.0000 0.0000
vn 0.0000 1.0000 0.0000
vn 0.0000 1.0000 0.0000
vn 0.0000 1.0000 0.0000
vn 0.0000 -1.0000 0.0000
vn 0.0000 -1.0000 0.0000
vn 0.0000 -1.0000 0.0000
vn 0.0000 -1.0000 0.0000
vn 0.8355 0.0000 -0.5495
vn 0.8355 0.0000 -0.5495
vn 0.8355 0.0000 -0.5495
vn 0.8355 0.0000 -0.5495
vn -0.8355 0.0000 0.5495
vn -0.8355 0.0000 0.5495
vn -0.8355 0.0000 0.5495
vn -0.8355 0.0000 0.5495
vn -0.5495 0.0000 -0.8355
vn -0.5495 0.0000 -0.8355
vn -0.5495 0.0000 -0.8355
vn -0.5495 0.0000 -0.8355
vn 0.5495 0.0000 0.8355
vn 0.5495 0.0000 0.8355
vn 0.5495 0.0000 0.8355
vn 0.5495 0.0000 0.8355
vn 0.0000 1.0000 0.0000
vn 0.0000 1.0000 0.0000
vn 0.0000 1.0000 0.0000
vn 0.0000 1.0000 0.0000
vn 0.0000 -1.0000 0.0000
vn 0.0000 -1.0000 0.0000
vn 0.0000 -1.0000 0.0000
vn 0.0000 -1.0000 0.0000
vn 0.5795 0.0000 -0.8150
vn 0.5795 0.0000 -0.8150
vn 0.5795 0.0000 -0.8150
vn 0.5795 0.0000 -0.8150
vn -0.5795 0.0000 0.8150
vn -0.5795 0.0000 0.8150
vn -0.5795 0.0000 0.8150
vn -0.5795 0.0000 0.8150
vn -0.8150 0.0000 -0.5795
vn -0.8150 0.0000 -0.5795
vn -0.8150 0.0000 -0.5795
vn -0.8150 0.0000 -0.5795
vn 0.8150 0.0000 0.5795
vn 0.8150 0.0000 0.5795
vn 0.8150 0.0000 0.5795
vn 0.8150 0.0000 0.5795
vn 0.0000 1.0000 0.0000
vn 0.0000 1.0000 0.0000
vn 0.0000 1.0000 0.0000
vn 0.0000 1.0000 0.0000
vn 0.0000 -1.0000 0.0000
vn 0.0000 -1.0000 0.0000
vn 0.0000 -1.0000 0.0000
vn 0.0000 -1.0000 0.0000
vn 0.6756 0.0000 -0.7373
vn 0.6756 0.0000 -0.7373
vn 0.6756 0.0000 -0.7373
vn 0.6756 0.0000 -0.7373
vn -0.6756 0.0000 0.7373
vn -0.6756 0.0000 0.7373
vn -0.6756 0.0000 0.7373
vn -0.6756 0.0000 0.7373
vn -0.7373 0.0000 -0.6756
vn -0.7373 0.0000 -0.6756
vn -0.7373 0.0000 -0.6756
vn -0.7373 0.0000 -0.6756
vn 0.7373 0.0000 0.6756
vn 0.7373 0.0000 0.6756
vn 0.7373 0.0000 0.6756
vn 0.7373 0.0000 0.6756
vn 0.0000 1.0000 0.0000
vn 0.0000 1.0000 0.0000
vn 0.0000 1.0000 0.0000
vn 0.0000 1.0000 0.0000
vn 0.0000 -1.0000 0.0000
vn 0.0000 -1.0000 0.0000
vn 0.0000 -1.0000 0.0000
vn 0.0000 -1.0000 0.0000
vn 0.3624 0.0000 -0.9320
vn 0.3624 0.0000 -0.9320
vn 0.3624 0.0000 -0.9320
vn 0.3624 0.0000 -0.9320
vn -0.3624 0.0000 0.9320
vn -0.3624 0.0000 0.9320
vn -0.3624 0.0000 0.9320
vn -0.3624 0.0000 0.9320
vn -0.9320 0.0000 -0.3624
vn -0.9320 0.0000 -0.3624
vn -0.9320 0.0000 -0.3624
vn -0.9320 0.0000 -0.3624
vn 0.9320 0.0000 0.3624
vn 0.9320 0.0000 0.3624
vn 0.9320 0.0000 0.3624
vn 0.9320 0.0000 0.3624
vn 0.0000 1.0000 0.0000
vn 0.0000 1.0000 0.0000
vn 0.0000 1.0000 0.0000
vn 0.0000 1.0000 0.0000
vn 0.0000 -1.0000 0.0000
vn 0.0000 -1.0000 0.0000
vn 0.0000 -1.0000 0.0000
vn 0.0000 -1.0000 0.0000
vn 0.4746 0.0000 -0.8802
vn 0.4746 0.0000 -0.8802
vn 0.4746 0.0000 -0.8802
vn 0.4746 0.0000 -0.8802
vn -0.4746 0.0000 0.8802
vn -0.4746 0.0000 0.8802
vn -0.4746 0.0000 0.8802
vn -0.4746 0.0000 0.8802
vn -0.8802 0.0000 -0.4746
vn -0.8802 0.0000 -0.4746
vn -0.8802 0.0000 -0.4746
vn -0.8802 0.0000 -0.4746
vn 0.8802 0.0000 0.4746
vn 0.8802 0.0000 0.4746
vn 0.8802 0.0000 0.4746
vn 0.8802 0.0000 0.4746
vn 0.0000 1.0000 0.0000
vn 0.0000 1.0000 0.0000
vn 0.0000 1.0000 0.0000
vn 0.0000 1.0000 0.0000
vn 0.0000 -1.0000 0.0000
vn 0.0000 -1.0000 0.0000
vn 0.0000 -1.0000 0.0000
vn 0.0000 -1.0000 0.0000
vn 0.1233 0.0000 -0.9924
vn 0.1233 0.0000 -0.9924
vn 0.1233 0.0000 -0.9924
vn 0.1233 0.0000 -0.9924
vn -0.1233 0.0000 0.9924
vn -0.1233 0.0000 0.9924
vn -0.1233 0.0000 0.9924
vn -0.1233 0.0000 0.9924
vn -0.9924 0.0000 -0.1233
vn -0.9924 0.0000 -0.1233
vn -0.9924 0.0000 -0.1233
vn -0.9924 0.0000 -0.1233
vn 0.9924 0.0000 0.1233
vn 0.9924 0.0000 0.1233
vn 0.9924 0.0000 0.1233
vn 0.9924 0.0000 0.1233
vn 0.0000 1.0000 0.0000
vn 0.0000 1.0000 0.0000
vn 0.0000 1.0000 0.0000
vn 0.0000 1.0000 0.0000
vn 0.0000 -1.0000 0.0000
vn 0.0000 -1.0000 0.0000
vn 0.0000 -1.0000 0.0000
vn 0.0000 -1.0000 0.0000
vn 0.2447 0.0000 -0.9696
vn 0.2447 0.0000 -0.9696
vn 0.2447 0.0000 -0.9696
vn 0.2447 0.0000 -0.9696
vn -0.2447 0.0000 0.9696
vn -0.2447 0.0000 0.9696
vn -0.2447 0.0000 0.9696
vn -0.2447 0.0000 0.9696
vn -0.9696 0.0000 -0.2447
vn -0.9696 0.0000 -0.2447
vn -0.9696 0.0000 -0.2447
vn -0.9696 0.0000 -0.2447
vn 0.9696 0.0000 0.2447
vn 0.9696 0.0000 0.2447
vn 0.9696 0.0000 0.2447
vn 0.9696 0.0000 0.2447
vn 0.0000 1.0000 0.0000
vn 0.0000 1.0000 0.0000
vn 0.0000 1.0000 0.0000
vn 0.0000 1.0000 0.0000
vn 0.0000 -1.0000 0.0000
vn 0.0000 -1.0000 0.0000
vn 0.0000 -1.0000 0.0000
vn 0.0000 -1.0000 0.0000
vn -0.1233 0.0000 -0.9924
vn -0.1233 0.0000 -0.9924
vn -0.1233 0.0000 -0.9924
vn -0.1233 0.0000 -0.9924
vn 0.1233 0.0000 0.9924
vn 0.1233 0.0000 0.9924
vn 0.1233 0.0000 0.9924
vn 0.1233 0.0000 0.9924
vn -0.9924 0.0000 0.1233
vn -0.9924 0.0000 0.1233
vn -0.9924 0.0000 0.1233
vn -0.9924 0.0000 0.1233
vn 0.9924 0.0000 -0.1233
vn 0.9924 0.0000 -0.1233
vn 0.9924 0.0000 -0.1233
vn 0.9924 0.0000 -0.1233
vn 0.0000 1.0000 0.0000
vn 0.0000 1.0000 0.0000
vn 0.0000 1.0000 0.0000
vn 0.0000 1.0000 0.0000
vn 0.0000 -1.0000 0.0000
vn 0.0000 -1.0000 0.0000
vn 0.0000 -1.0000 0.0000
vn 0.0000 -1.0000 0.0000
vn 0.0000 0.0000 -1.0000
vn 0.0000 0.0000 -1.0000
vn 0.0000 0.0000 -1.0000
vn 0.0000 0.0000 -1.0000
vn 0.0000 0.0000 1.0000
vn 0.0000 0.0000 1.0000
vn 0.0000 0.0000 1.0000
vn 0.0000 0.0000 1.0000
vn -1.0000 0.0000 0.0000
vn -1.0000 0.0000 0.0000
vn -1.0000 0.0000 0.0000
vn -1.0000 0.0000 0.0000
vn 1.0000 0.0000 0.0000
vn 1.0000 0.0000 0.0000
vn 1.0000 0.0000 0.0000
vn 1.0000 0.0000 0.0000
vn 0.0000 1.0000 0.0000
vn 0.0000 1.0000 0.0000
vn 0.0000 1.0000 0.0000
vn 0.0000 1.0000 0.0000
vn 0.0000 -1.0000 0.0000
vn 0.0000 -1.0000 0.0000
vn 0.0000 -1.0000 0.0000
vn 0.0000 -1.0000 0.0000
vn -0.3624 0.0000 -0.9320
vn -0.3624 0.0000 -0.9320
vn -0.3624 0.0000 -0.9320
vn -0.3624 0.0000 -0.9320
vn 0.3624 0.0000 0.9320
vn 0.3624 0.0000 0.9320
vn 0.3624 0.0000 0.9320
vn 0.3624 0.0000 0.9320
vn -0.9320 0.0000 0.3624
vn -0.9320 0.0000 0.3624
vn -0.9320 0.0000 0.3624
vn -0.9320 0.0000 0.3624
vn 0.9320 0.0000 -0.3624
vn 0.9320 0.0000 -0.3624
vn 0.9320 0.0000 -0.3624
vn 0.9320 0.0000 -0.3624
vn 0.0000 1.0000 0.0000
vn 0.0000 1.0000 0.0000
vn 0.0000 1.0000 0.0000
vn 0.0000 1.0000 0.0000
vn 0.0000 -1.0000 0.0000
vn 0.0000 -1.0000 0.0000
vn 0.0000 -1.0000 0.0000
vn 0.0000 -1.0000 0.0000
vn -0.2447 0.0000 -0.9696
vn -0.2447 0.0000 -0.9696
vn -0.2447 0.0000 -0.9696
vn -0.2447 0.0000 -0.9696
vn 0.2447 0.0000 0.9696
vn 0.2447 0.0000 0.9696
vn 0.2447 0.0000 0.9696
vn 0.2447 0.0000 0.9696
vn -0.9696 0.0000 0.2447
vn -0.9696 0.0000 0.2447
vn -0.9696 0.0000 0.2447
vn -0.9696 0.0000 0.2447
vn 0.9696 0.0000 -0.2447
vn 0.9696 0.0000 -0.2447
vn 0.9696 0.0000 -0.2447
vn 0.9696 0.0000 -0.2447
vn 0.0000 1.0000 0.0000
vn 0.0000 1.0000 0.0000
vn 0.0000 1.0000 0.0000
vn 0.0000 1.0000 0.0000
vn 0.0000 -1.0000 0.0000
vn 0.0000 -1.0000 0.0000
vn 0.0000 -1.0000 0.0000
vn 0.0000 -1.0000 0.0000
vn -0.5795 0.0000 -0.8150
vn -0.5795 0.0000 -0.8150
vn -0.5795 0.0000 -0.8150
vn -0.5795 0.0000 -0.8150
vn 0.5795 0.0000 0.8150
vn 0.5795 0.0000 0.8150
vn 0.5795 0.0000 0.8150
vn 0.5795 0.0000 0.8150
vn -0.8150 0.0000 0.5795
vn -0.8150 0.0000 0.5795
vn -0.8150 0.0000 0.5795
vn -0.8150 0.0000 0.5795
vn 0.8150 0.0000 -0.5795
vn 0.8150 0.0000 -0.5795
vn 0.8150 0.0000 -0.5795
vn 0.8150 0.0000 -0.5795
vn 0.0000 1.0000 0.0000
vn 0.0000 1.0000 0.0000
vn 0.0000 1.0000 0.0000
vn 0.0000 1.0000 0.0000
vn 0.0000 -1.0000 0.0000
vn 0.0000 -1.0000 0.0000
vn 0.0000 -1.0000 0.0000
vn 0.0000 -1.0000 0.0000
vn -0.4746 0.0000 -0.8802
vn -0.4746 0.0000 -0.8802
vn -0.4746 0.0000 -0.8802
vn -0.4746 0.0000 -0.8802
vn 0.4746 0.0000 0.8802
vn 0.4746 0.0000 0.8802
vn 0.4746 0.0000 0.8802
vn 0.4746 0.0000 0.8802
vn -0.8802 0.0000 0.4746
vn -0.8802 0.0000 0.4746
vn -0.8802 0.0000 0.4746
vn -0.8802 0.0000 0.4746
vn 0.8802 0.0000 -0.4746
vn 0.8802 0.0000 -0.4746
vn 0.8802 0.0000 -0.4746
vn 0.8802 0.0000 -0.4746
vn 0.0000 1.0000 0.0000
vn 0.0000 1.0000 0.0000
vn 0.0000 1.0000 0.0000
vn 0.0000 1.0000 0.0000
vn 0.0000 -1.0000 0.0000
vn 0.0000 -1.0000 0.0000
vn 0.0000 -1.0000 0.0000
vn 0.0000 -1.0000 0.0000
vn -0.7613 0.0000 -0.6483
vn -0.7613 0.0000 -0.6483
vn -0.7613 0.0000 -0.6483
vn -0.7613 0.0000 -0.6483
vn 0.7613 0.0000 0.6483
vn 0.7613 0.0000 0.6483
vn 0.7613 0.0000 0.6483
vn 0.7613 0.0000 0.6483
vn -0.6483 0.0000 0.7613
vn -0.6483 0.0000 0.7613
vn -0.6483 0.0000 0.7613
vn -0.6483 0.0000 0.7613
vn 0.6483 0.0000 -0.7613
vn 0.6483 0.0000 -0.7613
vn 0.6483 0.0000 -0.7613
vn 0.6483 0.0000 -0.7613
vn 0.0000 1.0000 0.0000
vn 0.0000 1.0000 0.0000
vn 0.0000 1.0000 0.0000
vn 0.0000 1.0000 0.0000
vn 0.0000 -1.0000 0.0000
vn 0.0000 -1.0000 0.0000
vn 0.0000 -1.0000 0.0000
vn 0.0000 -1.0000 0.0000
vn -0.6756 0.0000 -0.7373
vn -0.6756 0.0000 -0.7373
vn -0.6756 0.0000 -0.7373
vn -0.6756 0.0000 -0.7373
vn 0.6756 0.0000 0.7373
vn 0.6756 0.0000 0.7373
vn 0.6756 0.0000 0.7373
vn 0.6756 0.0000 0.7373
vn -0.7373 0.0000 0.6756
vn -0.7373 0.0000 0.6756
vn -0.7373 0.0000 0.6756
vn -0.7373 0.0000 0.6756
vn 0.7373 0.0000 -0.6756
vn 0.7373 0.0000 -0.6756
vn 0.7373 0.0000 -0.6756
vn 0.7373 0.0000 -0.6756
vn 0.0000 1.0000 0.0000
vn 0.0000 1.0000 0.0000
vn 0.0000 1.0000 0.0000
vn 0.0000 1.0000 0.0000
vn 0.0000 -1.0000 0.0000
vn 0.0000 -1.0000 0.0000
vn 0.0000 -1.0000 0.0000
vn 0.0000 -1.0000 0.0000
vn -0.8969 0.0000 -0.4423
vn -0.8969 0.0000 -0.4423
vn -0.8969 0.0000 -0.4423
vn -0.8969 0.0000 -0.4423
vn 0.8969 0.0000 0.4423
vn 0.8969 0.0000 0.4423
vn 0.8969 0.0000 0.4423
vn 0.8969 0.0000 0.4423
vn -0.4423 0.0000 0.8969
vn -0.4423 0.0000 0.8969
vn -0.4423 0.0000 0.8969
vn -0.4423 0.0000 0.8969
vn 0.4423 0.0000 -0.8969
vn 0.4423 0.0000 -0.8969
vn 0.4423 0.0000 -0.8969
vn 0.4423 0.0000 -0.8969
vn 0.0000 1.0000 0.0000
vn 0.0000 1.0000 0.0000
vn 0.0000 1.0000 0.0000
vn 0.0000 1.0000 0.0000
vn 0.0000 -1.0000 0.0000
vn 0.0000 -1.0000 0.0000
vn 0.0000 -1.0000 0.0000
vn 0.0000 -1.0000 0.0000
vn -0.8355 0.0000 -0.5495
vn -0.8355 0.0000 -0.5495
vn -0.8355 0.0000 -0.5495
vn -0.8355 0.0000 -0.5495
vn 0.8355 0.0000 0.5495
vn 0.8355 0.0000 0.5495
vn 0.8355 0.0000 0.5495
vn 0.8355 0.0000 0.5495
vn -0.5495 0.0000 0.8355
vn -0.5495 0.0000 0.8355
vn -0.5495 0.0000 0.8355
vn -0.5495 0.0000 0.8355
vn 0.5495 0.0000 -0.8355
vn 0.5495 0.0000 -0.8355
vn 0.5495 0.0000 -0.8355
vn 0.5495 0.0000 -0.8355
vn 0.0000 1.0000 0.0000
vn 0.0000 1.0000 0.0000
vn 0.0000 1.0000 0.0000
vn 0.0000 1.0000 0.0000
vn 0.0000 -1.0000 0.0000
vn 0.0000 -1.0000 0.0000
vn 0.0000 -1.0000 0.0000
vn 0.0000 -1.0000 0.0000
vn -0.9778 0.0000 -0.2093
vn -0.9778 0.0000 -0.2093
vn -0.9778 0.0000 -0.2093
vn -0.9778 0.0000 -0.2093
vn 0.9778 0.0000 0.2093
vn 0.9778 0.0000 0.2093
vn 0.9778 0.0000 0.2093
vn 0.9778 0.0000 0.2093
vn -0.2093 0.0000 0.9778
vn -0.2093 0.0000 0.9778
vn -0.2093 0.0000 0.9778
vn -0.2093 0.0000 0.9778
vn 0.2093 0.0000 -0.9778
vn 0.2093 0.0000 -0.9778
vn 0.2093 0.0000 -0.9778
vn 0.2093 0.0000 -0.9778
vn 0.0000 1.0000 0.0000
vn 0.0000 1.0000 0.0000
vn 0.0000 1.0000 0.0000
vn 0.0000 1.0000 0.0000
vn 0.0000 -1.0000 0.0000
vn 0.0000 -1.0000 0.0000
vn 0.0000 -1.0000 0.0000
vn 0.0000 -1.0000 0.0000
vn -0.9446 0.0000 -0.3283
vn -0.9446 0.0000 -0.3283
vn -0.9446 0.0000 -0.3283
vn -0.9446 0.0000 -0.3283
vn 0.9446 0.0000 0.3283
vn 0.9446 0.0000 0.3283
vn 0.9446 0.0000 0.3283
vn 0.9446 0.0000 0.3283
vn -0.3283 0.0000 0.9446
vn -0.3283 0.0000 0.9446
vn -0.3283 0.0000 0.9446
vn -0.3283 0.0000 0.9446
vn 0.3283 0.0000 -0.9446
vn 0.3283 0.0000 -0.9446
vn 0.3283 0.0000 -0.9446
vn 0.3283 0.0000 -0.9446
vn 0.0000 1.0000 0.0000
vn 0.0000 1.0000 0.0000
vn 0.0000 1.0000 0.0000
vn 0.0000 1.0000 0.0000
vn 0.0000 -1.0000 0.0000
vn 0.0000 -1.0000 0.0000
vn 0.0000 -1.0000 0.0000
vn 0.0000 -1.0000 0.0000
vn 0.0000 0.0000 -1.0000
vn 0.0000 0.0000 -1.0000
vn 0.0000 0.0000 -1.0000
vn 0.0000 0.0000 -1.0000
vn 0.0000 0.0000 1.0000
vn 0.0000 0.0000 1.0000
vn 0.0000 0.0000 1.0000
vn 0.0000 0.0000 1.0000
vn -1.0000 0.0000 0.0000
vn -1.0000 0.0000 0.0000
vn -1.0000 0.0000 0.0000
vn -1.0000 0.0000 0.0000
vn 1.0000 0.0000 0.0000
vn 1.0000 0.0000 0.0000
vn 1.0000 0.0000 0.0000
vn 1.0000 0.0000 0.0000
vn 0.0000 1.0000 0.0000
vn 0.0000 1.0000 0.0000
vn 0.0000 1.0000 0.0000
vn 0.0000 1.0000 0.0000
vn 0.0000 -1.0000 0.0000
vn 0.0000 -1.0000 0.0000
vn 0.0000 -1.0000 0.0000
vn 0.0000 -1.0000 0.0000
vn 0.0000 0.0000 -1.0000
vn 0.0000 0.0000 -1.0000
vn 0.0000 0.0000 -1.0000
vn 0.0000 0.0000 -1.0000
vn 0.0000 0.0000 1.0000
vn 0.0000 0.0000 1.0000
vn 0.0000 0.0000 1.0000
vn 0.0000 0.0000 1.0000
vn -1.0000 0.0000 0.0000
vn -1.0000 0.0000 0.0000
vn -1.0000 0.0000 0.0000
vn -1.0000 0.0000 0.0000
vn 1.0000 0.0000 0.0000
vn 1.0000 0.0000 0.0000
vn 1.0000 0.0000 0.0000
vn 1.0000 0.0000 0.0000
vn 0.0000 1.0000 0.0000
vn 0.0000 1.0000 0.0000
vn 0.0000 1.0000 0.0000
vn 0.0000 1.0000 0.0000
vn 0.0000 -1.0000 0.0000
vn 0.0000 -1.0000 0.0000
vn 0.0000 -1.0000 0.0000
vn 0.0000 -1.0000 0.0000
vn 0.0000 0.0000 -1.0000
vn 0.0000 0.0000 -1.0000
vn 0.0000 0.0000 -1.0000
vn 0.0000 0.0000 -1.0000
vn 0.0000 0.0000 1.0000
vn 0.0000 0.0000 1.0000
vn 0.0000 0.0000 1.0000
vn 0.0000 0.0000 1.0000
vn -1.0000 0.0000 0.0000
vn -1.0000 0.0000 0.0000
vn -1.0000 0.0000 0.0000
vn -1.0000 0.0000 0.0000
vn 1.0000 0.0000 0.0000
vn 1.0000 0.0000 0.0000
vn 1.0000 0.0000 0.0000
vn 1.0000 0.0000 0.0000
vn 0.0000 1.0000 0.0000
vn 0.0000 1.0000 0.0000
vn 0.0000 1.0000 0.0000
vn 0.0000 1.0000 0.0000
vn 0.0000 -1.0000 0.0000
vn 0.0000 -1.0000 0.0000
vn 0.0000 -1.0000 0.0000
vn 0.0000 -1.0000 0.0000
vn 0.0000 0.0000 -1.0000
vn 0.0000 0.0000 -1.0000
vn 0.0000 0.0000 -1.0000
vn 0.0000 0.0000 -1.0000
vn 0.0000 0.0000 1.0000
vn 0.0000 0.0000 1.0000
vn 0.0000 0.0000 1.0000
vn 0.0000 0.0000 1.0000
vn -1.0000 0.0000 0.0000
vn -1.0000 0.0000 0.0000
vn -1.0000 0.0000 0.0000
vn -1.0000 0.0000 0.0000
vn 1.0000 0.0000 0.0000
vn 1.0000 0.0000 0.0000
vn 1.0000 0.0000 0.0000
vn 1.0000 0.0000 0.0000
vn 0.0000 1.0000 0.0000
vn 0.0000 1.0000 0.0000
vn 0.0000 1.0000 0.0000
vn 0.0000 1.0000 0.0000
vn 0.0000 -1.0000 0.0000
vn 0.0000 -1.0000 0.0000
vn 0.0000 -1.0000 0.0000
vn 0.0000 -1.0000 0.0000
vn 0.0000 0.0000 -1.0000
vn 0.0000 0.0000 -1.0000
vn 0.0000 0.0000 -1.0000
vn 0.0000 0.0000 -1.0000
vn 0.0000 0.0000 1.0000
vn 0.0000 0.0000 1.0000
vn 0.0000 0.0000 1.0000
vn 0.0000 0.0000 1.0000
vn -1.0000 0.0000 0.0000
vn -1.0000 0.0000 0.0000
vn -1.0000 0.0000 0.0000
vn -1.0000 0.0000 0.0000
vn 1.0000 0.0000 0.0000
vn 1.0000 0.0000 0.0000
vn 1.0000 0.0000 0.0000
vn 1.0000 0.0000 0.0000
vn 0.0000 1.0000 0.0000
vn 0.0000 1.0000 0.0000
vn 0.0000 1.0000 0.0000
vn 0.0000 1.0000 0.0000
vn 0.0000 -1.0000 0.0000
vn 0.0000 -1.0000 0.0000
vn 0.0000 -1.0000 0.0000
vn 0.0000 -1.0000 0.0000
vn 0.0000 0.0000 -1.0000
vn 0.0000 0.0000 -1.0000
vn 0.0000 0.0000 -1.0000
vn 0.0000 0.0000 -1.0000
vn 0.0000 0.0000 1.0000
vn 0.0000 0.0000 1.0000
vn 0.0000 0.0000 1.0000
vn 0.0000 0.0000 1.0000
vn -1.0000 0.0000 0.0000
vn -1.0000 0.0000 0.0000
vn -1.0000 0.0000 0.0000
vn -1.0000 0.0000 0.0000
vn 1.0000 0.0000 0.0000
vn 1.0000 0.0000 0.0000
vn 1.0000 0.0000 0.0000
vn 1.0000 0.0000 0.0000
vn 0.0000 1.0000 0.0000
vn 0.0000 1.0000 0.0000
vn 0.0000 1.0000 0.0000
vn 0.0000 1.0000 0.0000
vn 0.0000 -1.0000 0.0000
vn 0.0000 -1.0000 0.0000
vn 0.0000 -1.0000 0.0000
vn 0.0000 -1.0000 0.0000
vn 0.9684 0.0000 -0.2494
vn 0.9684 0.0000 -0.2494
vn 0.9684 0.0000 -0.2494
vn 0.9684 0.0000 -0.2494
vn -0.9684 0.0000 0.2494
vn -0.9684 0.0000 0.2494
vn -0.9684 0.0000 0.2494
vn -0.9684 0.0000 0.2494
vn -0.2494 0.0000 -0.9684
vn -0.2494 0.0000 -0.9684
vn -0.2494 0.0000 -0.9684
vn -0.2494 0.0000 -0.9684
vn 0.2494 0.0000 0.9684
vn 0.2494 0.0000 0.9684
vn 0.2494 0.0000 0.9684
vn 0.2494 0.0000 0.9684
vn 0.0000 1.0000 0.0000
vn 0.0000 1.0000 0.0000
vn 0.0000 1.0000 0.0000
vn 0.0000 1.0000 0.0000
vn 0.0000 -1.0000 0.0000
vn 0.0000 -1.0000 0.0000
vn 0.0000 -1.0000 0.0000
vn 0.0000 -1.0000 0.0000
vn 0.9684 0.0000 -0.2494
vn 0.9684 0.0000 -0.2494
vn 0.9684 0.0000 -0.2494
vn 0.9684 0.0000 -0.2494
vn -0.9684 0.0000 0.2494
vn -0.9684 0.0000 0.2494
vn -0.9684 0.0000 0.2494
vn -0.9684 0.0000 0.2494
vn -0.2494 0.0000 -0.9684
vn -0.2494 0.0000 -0.9684
vn -0.2494 0.0000 -0.9684
vn -0.2494 0.0000 -0.9684
vn 0.2494 0.0000 0.9684
vn 0.2494 0.0000 0.9684
vn 0.2494 0.0000 0.9684
vn 0.2494 0.0000 0.9684
vn 0.0000 1.0000 0.0000
vn 0.0000 1.0000 0.0000
vn 0.0000 1.0000 0.0000
vn 0.0000 1.0000 0.0000
vn 0.0000 -1.0000 0.0000
vn 0.0000 -1.0000 0.0000
vn 0.0000 -1.0000 0.0000
vn 0.0000 -1.0000 0.0000
vn 0.9684 0.0000 -0.2494
vn 0.9684 0.0000 -0.2494
vn 0.9684 0.0000 -0.2494
vn 0.9684 0.0000 -0.2494
vn -0.9684 0.0000 0.2494
vn -0.9684 0.0000 0.2494
vn -0.9684 0.0000 0.2494
vn -0.9684 0.0000 0.2494
vn -0.2494 0.0000 -0.9684
vn -0.2494 0.0000 -0.9684
vn -0.2494 0.0000 -0.9684
vn -0.2494 0.0000 -0.9684
vn 0.2494 0.0000 0.9684
vn 0.2494 0.0000 0.9684
vn 0.2494 0.0000 0.9684
vn 0.2494 0.0000 0.9684
vn 0.0000 1.0000 0.0000
vn 0.0000 1.0000 0.0000
vn 0.0000 1.0000 0.0000
vn 0.0000 1.0000 0.0000
vn 0.0000 -1.0000 0.0000
vn 0.0000 -1.0000 0.0000
vn 0.0000 -1.0000 0.0000
vn 0.0000 -1.0000 0.0000
vn 0.9684 0.0000 -0.2494
vn 0.9684 0.0000 -0.2494
vn 0.9684 0.0000 -0.2494
vn 0.9684 0.0000 -0.2494
vn -0.9684 0.0000 0.2494
vn -0.9684 0.0000 0.2494
vn -0.9684 0.0000 0.2494
vn -0.9684 0.0000 0.2494
vn -0.2494 0.0000 -0.9684
vn -0.2494 0.0000 -0.9684
vn -0.2494 0.0000 -0.9684
vn -0.2494 0.0000 -0.9684
vn 0.2494 0.0000 0.9684
vn 0.2494 0.0000 0.9684
vn 0.2494 0.0000 0.9684
vn 0.2494 0.0000 0.9684
vn 0.0000 1.0000 0.0000
vn 0.0000 1.0000 0.0000
vn 0.0000 1.0000 0.0000
vn 0.0000 1.0000 0.0000
vn 0.0000 -1.0000 0.0000
vn 0.0000 -1.0000 0.0000
vn 0.0000 -1.0000 0.0000
vn 0.0000 -1.0000 0.0000
vn 0.8355 0.0000 -0.5495
vn 0.8355 0.0000 -0.5495
vn 0.8355 0.0000 -0.5495
vn 0.8355 0.0000 -0.5495
vn -0.8355 0.0000 0.5495
vn -0.8355 0.0000 0.5495
vn -0.8355 0.0000 0.5495
vn -0.8355 0.0000 0.5495
vn -0.5495 0.0000 -0.8355
vn -0.5495 0.0000 -0.8355
vn -0.5495 0.0000 -0.8355
vn -0.5495 0.0000 -0.8355
vn 0.5495 0.0000 0.8355
vn 0.5495 0.0000 0.8355
vn 0.5495 0.0000 0.8355
vn 0.5495 0.0000 0.8355
vn 0.0000 1.0000 0.0000
vn 0.0000 1.0000 0.0000
vn 0.0000 1.0000 0.0000
vn 0.0000 1.0000 0.0000
vn 0.0000 -1.0000 0.0000
vn 0.0000 -1.0000 0.0000
vn 0.0000 -1.0000 0.0000
vn 0.0000 -1.0000 0.0000
vn 0.8355 0.0000 -0.5495
vn 0.8355 0.0000 -0.5495
vn 0.8355 0.0000 -0.5495
vn 0.8355 0.0000 -0.5495
vn -0.8355 0.0000 0.5495
vn -0.8355 0.0000 0.5495
vn -0.8355 0.0000 0.5495
vn -0.8355 0.0000 0.5495
vn -0.5495 0.0000 -0.8355
vn -0.5495 0.0000 -0.8355
vn -0.5495 0.0000 -0.8355
vn -0.5495 0.0000 -0.8355
vn 0.5495 0.0000 0.8355
vn 0.5495 0.0000 0.8355
vn 0.5495 0.0000 0.8355
vn 0.5495 0.0000 0.8355
vn 0.0000 1.0000 0.0000
vn 0.0000 1.0000 0.0000
vn 0.0000 1.0000 0.0000
vn 0.0000 1.0000 0.0000
vn 0.0000 -1.0000 0.0000
vn 0.0000 -1.0000 0.0000
vn 0.0000 -1.0000 0.0000
vn 0.0000 -1.0000 0.0000
vn 0.8355 0.0000 -0.5495
vn 0.8355 0.0000 -0.5495
vn 0.8355 0.0000 -0.5495
vn 0.8355 0.0000 -0.5495
vn -0.8355 0.0000 0.5495
vn -0.8355 0.0000 0.5495
vn -0.8355 0.0000 0.5495
vn -0.8355 0.0000 0.5495
vn -0.5495 0.0000 -0.8355
vn -0.5495 0.0000 -0.8355
vn -0.5495 0.0000 -0.8355
vn -0.5495 0.0000 -0.8355
vn 0.5495 0.0000 0.8355
vn 0.5495 0.0000 0.8355
vn 0.5495 0.0000 0.8355
vn 0.5495 0.0000 0.8355
vn 0.0000 1.0000 0.0000
vn 0.0000 1.0000 0.0000
vn 0.0000 1.0000 0.0000
vn 0.0000 1.0000 0.0000
vn 0.0000 -1.0000 0.0000
vn 0.0000 -1.0000 0.0000
vn 0.0000 -1.0000 0.0000
vn 0.0000 -1.0000 0.0000
vn 0.8355 0.0000 -0.5495
vn 0.8355 0.0000 -0.5495
vn 0.8355 0.0000 -0.5495
vn 0.8355 0.0000 -0.5495
vn -0.8355 0.0000 0.5495
vn -0.8355 0.0000 0.5495
vn -0.8355 0.0000 0.5495
vn -0.8355 0.0000 0.5495
vn -0.5495 0.0000 -0.8355
vn -0.5495 0.0000 -0.8355
vn -0.5495 0.0000 -0.8355
vn -0.5495 0.0000 -0.8355
vn 0.5495 0.0000 0.8355
vn 0.5495 0.0000 0.8355
vn 0.5495 0.0000 0.8355
vn 0.5495 0.0000 0.8355
vn 0.0000 1.0000 0.0000
vn 0.0000 1.0000 0.0000
vn 0.0000 1.0000 0.0000
vn 0.0000 1.0000 0.0000
vn 0.0000 -1.0000 0.0000
vn 0.0000 -1.0000 0.0000
vn 0.0000 -1.0000 0.0000
vn 0.0000 -1.0000 0.0000
vn 0.6126 0.0000 -0.7904
vn 0.6126 0.0000 -0.7904
vn 0.6126 0.0000 -0.7904
vn 0.6126 0.0000 -0.7904
vn -0.6126 0.0000 0.7904
vn -0.6126 0.0000 0.7904
vn -0.6126 0.0000 0.7904
vn -0.6126 0.0000 0.7904
vn -0.7904 0.0000 -0.6126
vn -0.7904 0.0000 -0.6126
vn -0.7904 0.0000 -0.6126
vn -0.7904 0.0000 -0.6126
vn 0.7904 0.0000 0.6126
vn 0.7904 0.0000 0.6126
vn 0.7904 0.0000 0.6126
vn 0.7904 0.0000 0.6126
vn 0.0000 1.0000 0.0000
vn 0.0000 1.0000 0.0000
vn 0.0000 1.0000 0.0000
vn 0.0000 1.0000 0.0000
vn 0.0000 -1.0000 0.0000
vn 0.0000 -1.0000 0.0000
vn 0.0000 -1.0000 0.0000
vn 0.0000 -1.0000 0.0000
vn 0.6126 0.0000 -0.7904
vn 0.6126 0.0000 -0.7904
vn 0.6126 0.0000 -0.7904
vn 0.6126 0.0000 -0.7904
vn -0.6126 0.0000 0.7904
vn -0.6126 0.0000 0.7904
vn -0.6126 0.0000 0.7904
vn -0.6126 0.0000 0.7904
vn -0.7904 0.0000 -0.6126
vn -0.7904 0.0000 -0.6126
vn -0.7904 0.0000 -0.6126
vn -0.7904 0.0000 -0.6126
vn 0.7904 0.0000 0.6126
vn 0.7904 0.0000 0.6126
vn 0.7904 0.0000 0.6126
vn 0.7904 0.0000 0.6126
vn 0.0000 1.0000 0.0000
vn 0.0000 1.0000 0.0000
vn 0.0000 1.0000 0.0000
vn 0.0000 1.0000 0.0000
vn 0.0000 -1.0000 0.0000
vn 0.0000 -1.0000 0.0000
vn 0.0000 -1.0000 0.0000
vn 0.0000 -1.0000 0.0000
vn 0.6126 0.0000 -0.7904
vn 0.6126 0.0000 -0.7904
vn 0.6126 0.0000 -0.7904
vn 0.6126 0.0000 -0.7904
vn -0.6126 0.0000 0.7904
vn -0.6126 0.0000 0.7904
vn -0.6126 0.0000 0.7904
vn -0.6126 0.0000 0.7904
vn -0.7904 0.0000 -0.6126
vn -0.7904 0.0000 -0.6126
vn -0.7904 0.0000 -0.6126
vn -0.7904 0.0000 -0.6126
vn 0.7904 0.0000 0.6126
vn 0.7904 0.0000 0.6126
vn 0.7904 0.0000 0.6126
vn 0.7904 0.0000 0.6126
vn 0.0000 1.0000 0.0000
vn 0.0000 1.0000 0.0000
vn 0.0000 1.0000 0.0000
vn 0.0000 1.0000 0.0000
vn 0.0000 -1.0000 0.0000
vn 0.0000 -1.0000 0.0000
vn 0.0000 -1.0000 0.0000
vn 0.0000 -1.0000 0.0000
vn 0.6126 0.0000 -0.7904
vn 0.6126 0.0000 -0.7904
vn 0.6126 0.0000 -0.7904
vn 0.6126 0.0000 -0.7904
vn -0.6126 0.0000 0.7904
vn -0.6126 0.0000 0.7904
vn -0.6126 0.0000 0.7904
vn -0.6126 0.0000 0.7904
vn -0.7904 0.0000 -0.6126
vn -0.7904 0.0000 -0.6126
vn -0.7904 0.0000 -0.6126
vn -0.7904 0.0000 -0.6126
vn 0.7904 0.0000 0.6126
vn 0.7904 0.0000 0.6126
vn 0.7904 0.0000 0.6126
vn 0.7904 0.0000 0.6126
vn 0.0000 1.0000 0.0000
vn 0.0000 1.0000 0.0000
vn 0.0000 1.0000 0.0000
vn 0.0000 1.0000 0.0000
vn 0.0000 -1.0000 0.0000
vn 0.0000 -1.0000 0.0000
vn 0.0000 -1.0000 0.0000
vn 0.0000 -1.0000 0.0000
vn 0.3237 0.0000 -0.9461
vn 0.3237 0.0000 -0.9461
vn 0.3237 0.0000 -0.9461
vn 0.3237 0.0000 -0.9461
vn -0.3237 0.0000 0.9461
vn -0.3237 0.0000 0.9461
vn -0.3237 0.0000 0.9461
vn -0.3237 0.0000 0.9461
vn -0.9461 0.0000 -0.3237
vn -0.9461 0.0000 -0.3237
vn -0.9461 0.0000 -0.3237
vn -0.9461 0.0000 -0.3237
vn 0.9461 0.0000 0.3237
vn 0.9461 0.0000 0.3237
vn 0.9461 0.0000 0.3237
vn 0.9461 0.0000 0.3237
vn 0.0000 1.0000 0.0000
vn 0.0000 1.0000 0.0000
vn 0.0000 1.0000 0.0000
vn 0.0000 1.0000 0.0000
vn 0.0000 -1.0000 0.0000
vn 0.0000 -1.0000 0.0000
vn 0.0000 -1.0000 0.0000
vn 0.0000 -1.0000 0.0000
vn 0.3237 0.0000 -0.9461
vn 0.3237 0.0000 -0.9461
vn 0.3237 0.0000 -0.9461
vn 0.3237 0.0000 -0.9461
vn -0.3237 0.0000 0.9461
vn -0.3237 0.0000 0.9461
vn -0.3237 0.0000 0.9461
vn -0.3237 0.0000 0.9461
vn -0.9461 0.0000 -0.3237
vn -0.9461 0.0000 -0.3237
vn -0.9461 0.0000 -0.3237
vn -0.9461 0.0000 -0.3237
vn 0.9461 0.0000 0.3237
vn 0.9461 0.0000 0.3237
vn 0.9461 0.0000 0.3237
vn 0.9461 0.0000 0.3237
vn 0.0000 1.0000 0.0000
vn 0.0000 1.0000 0.0000
vn 0.0000 1.0000 0.0000
vn 0.0000 1.0000 0.0000
vn 0.0000 -1.0000 0.0000
vn 0.0000 -1.0000 0.0000
vn 0.0000 -1.0000 0.0000
vn 0.0000 -1.0000 0.0000
vn 0.3237 0.0000 -0.9461
vn 0.3237 0.0000 -0.9461
vn 0.3237 0.0000 -0.9461
vn 0.3237 0.0000 -0.9461
vn -0.3237 0.0000 0.9461
vn -0.3237 0.0000 0.9461
vn -0.3237 0.0000 0.9461
vn -0.3237 0.0000 0.9461
vn -0.9461 0.0000 -0.3237
vn -0.9461 0.0000 -0.3237
vn -0.9461 0.0000 -0.3237
vn -0.9461 0.0000 -0.3237
vn 0.9461 0.0000 0.3237
vn 0.9461 0.0000 0.3237
vn 0.9461 0.0000 0.3237
vn 0.9461 0.0000 0.3237
vn 0.0000 1.0000 0.0000
vn 0.0000 1.0000 0.0000
vn 0.0000 1.0000 0.0000
vn 0.0000 1.0000 0.0000
vn 0.0000 -1.0000 0.0000
vn 0.0000 -1.0000 0.0000
vn 0.0000 -1.0000 0.0000
vn 0.0000 -1.0000 0.0000
vn 0.3237 0.0000 -0.9461
vn 0.3237 0.0000 -0.9461
vn 0.3237 0.0000 -0.9461
vn 0.3237 0.0000 -0.9461
vn -0.3237 0.0000 0.9461
vn -0.3237 0.0000 0.9461
vn -0.3237 0.0000 0.9461
vn -0.3237 0.0000 0.9461
vn -0.9461 0.0000 -0.3237
vn -0.9461 0.0000 -0.3237
vn -0.9461 0.0000 -0.3237
vn -0.9461 0.0000 -0.3237
vn 0.9461 0.0000 0.3237
vn 0.9461 0.0000 0.3237
vn 0.9461 0.0000 0.3237
vn 0.9461 0.0000 0.3237
vn 0.0000 1.0000 0.0000
vn 0.0000 1.0000 0.0000
vn 0.0000 1.0000 0.0000
vn 0.0000 1.0000 0.0000
vn 0.0000 -1.0000 0.0000
vn 0.0000 -1.0000 0.0000
vn 0.0000 -1.0000 0.0000
vn 0.0000 -1.0000 0.0000
vn 0.0000 0.0000 -1.0000
vn 0.0000 0.0000 -1.0000
vn 0.0000 0.0000 -1.0000
vn 0.0000 0.0000 -1.0000
vn 0.0000 0.0000 1.0000
vn 0.0000 0.0000 1.0000
vn 0.0000 0.0000 1.0000
vn 0.0000 0.0000 1.0000
vn -1.0000 0.0000 0.0000
vn -1.0000 0.0000 0.0000
vn -1.0000 0.0000 0.0000
vn -1.0000 0.0000 0.0000
vn 1.0000 0.0000 0.0000
vn 1.0000 0.0000 0.0000
vn 1.0000 0.0000 0.0000
vn 1.0000 0.0000 0.0000
vn 0.0000 1.0000 0.0000
vn 0.0000 1.0000 0.0000
vn 0.0000 1.0000 0.0000
vn 0.0000 1.0000 0.0000
vn 0.0000 -1.0000 0.0000
vn 0.0000 -1.0000 0.0000
vn 0.0000 -1.0000 0.0000
vn 0.0000 -1.0000 0.0000
vn 0.0000 0.0000 -1.0000
vn 0.0000 0.0000 -1.0000
vn 0.0000 0.0000 -1.0000
vn 0.0000 0.0000 -1.0000
vn 0.0000 0.0000 1.0000
vn 0.0000 0.0000 1.0000
vn 0.0000 0.0000 1.0000
vn 0.0000 0.0000 1.0000
vn -1.0000 0.0000 0.0000
vn -1.0000 0.0000 0.0000
vn -1.0000 0.0000 0.0000
vn -1.0000 0.0000 0.0000
vn 1.0000 0.0000 0.0000
vn 1.0000 0.0000 0.0000
vn 1.0000 0.0000 0.0000
vn 1.0000 0.0000 0.0000
vn 0.0000 1.0000 0.0000
vn 0.0000 1.0000 0.0000
vn 0.0000 1.0000 0.0000
vn 0.0000 1.0000 0.0000
vn 0.0000 -1.0000 0.0000
vn 0.0000 -1.0000 0.0000
vn 0.0000 -1.0000 0.0000
vn 0.0000 -1.0000 0.0000
vn 0.0000 0.0000 -1.0000
vn 0.0000 0.0000 -1.0000
vn 0.0000 0.0000 -1.0000
vn 0.0000 0.0000 -1.0000
vn 0.0000 0.0000 1.0000
vn 0.0000 0.0000 1.0000
vn 0.0000 0.0000 1.0000
vn 0.0000 0.0000 1.0000
vn -1.0000 0.0000 0.0000
vn -1.0000 0.0000 0.0000
vn -1.0000 0.0000 0.0000
vn -1.0000 0.0000 0.0000
vn 1.0000 0.0000 0.0000
vn 1.0000 0.0000 0.0000
vn 1.0000 0.0000 0.0000
vn 1.0000 0.0000 0.0000
vn 0.0000 1.0000 0.0000
vn 0.0000 1.0000 0.0000
vn 0.0000 1.0000 0.0000
vn 0.0000 1.0000 0.0000
vn 0.0000 -1.0000 0.0000
vn 0.0000 -1.0000 0.0000
vn 0.0000 -1.0000 0.0000
vn 0.0000 -1.0000 0.0000
vn 0.0000 0.0000 -1.0000
vn 0.0000 0.0000 -1.0000
vn 0.0000 0.0000 -1.0000
vn 0.0000 0.0000 -1.0000
vn 0.0000 0.0000 1.0000
vn 0.0000 0.0000 1.0000
vn 0.0000 0.0000 1.0000
vn 0.0000 0.0000 1.0000
vn -1.0000 0.0000 0.0000
vn -1.0000 0.0000 0.0000
vn -1.0000 0.0000 0.0000
vn -1.0000 0.0000 0.0000
vn 1.0000 0.0000 0.0000
vn 1.0000 0.0000 0.0000
vn 1.0000 0.0000 0.0000
vn 1.0000 0.0000 0.0000
vn 0.0000 1.0000 0.0000
vn 0.0000 1.0000 0.0000
vn 0.0000 1.0000 0.0000
vn 0.0000 1.0000 0.0000
vn 0.0000 -1.0000 0.0000
vn 0.0000 -1.0000 0.0000
vn 0.0000 -1.0000 0.0000
vn 0.0000 -1.0000 0.0000
vn -0.3237 0.0000 -0.9461
vn -0.3237 0.0000 -0.9461
vn -0.3237 0.0000 -0.9461
vn -0.3237 0.0000 -0.9461
vn 0.3237 0.0000 0.9461
vn 0.3237 0.0000 0.9461
vn 0.3237 0.0000 0.9461
vn 0.3237 0.0000 0.9461
vn -0.9461 0.0000 0.3237
vn -0.9461 0.0000 0.3237
vn -0.9461 0.0000 0.3237
vn -0.9461 0.0000 0.3237
vn 0.9461 0.0000 -0.3237
vn 0.9461 0.0000 -0.3237
vn 0.9461 0.0000 -0.3237
vn 0.9461 0.0000 -0.3237
vn 0.0000 1.0000 0.0000
vn 0.0000 1.0000 0.0000
vn 0.0000 1.0000 0.0000
vn 0.0000 1.0000 0.0000
vn 0.0000 -1.0000 0.0000
vn 0.0000 -1.0000 0.0000
vn 0.0000 -1.0000 0.0000
vn 0.0000 -1.0000 0.0000
vn -0.3237 0.0000 -0.9461
vn -0.3237 0.0000 -0.9461
vn -0.3237 0.0000 -0.9461
vn -0.3237 0.0000 -0.9461
vn 0.3237 0.0000 0.9461
vn 0.3237 0.0000 0.9461
vn 0.3237 0.0000 0.9461
vn 0.3237 0.0000 0.9461
vn -0.9461 0.0000 0.3237
vn -0.9461 0.0000 0.3237
vn -0.9461 0.0000 0.3237
vn -0.9461 0.0000 0.3237
vn 0.9461 0.0000 -0.3237
vn 0.9461 0.0000 -0.3237
vn 0.9461 0.0000 -0.3237
vn 0.9461 0.0000 -0.3237
vn 0.0000 1.0000 0.0000
vn 0.0000 1.0000 0.0000
vn 0.0000 1.0000 0.0000
vn 0.0000 1.0000 0.0000
vn 0.0000 -1.0000 0.0000
vn 0.0000 -1.0000 0.0000
vn 0.0000 -1.0000 0.0000
vn 0.0000 -1.0000 0.0000
vn -0.3237 0.0000 -0.9461
vn -0.3237 0.0000 -0.9461
vn -0.3237 0.0000 -0.9461
vn -0.3237 0.0000 -0.9461
vn 0.3237 0.0000 0.9461
vn 0.3237 0.0000 0.9461
vn 0.3237 0.0000 0.9461
vn 0.3237 0.0000 0.9461
vn -0.9461 0.0000 0.3237
vn -0.9461 0.0000 0.3237
vn -0.9461 0.0000 0.3237
vn -0.9461 0.0000 0.3237
vn 0.9461 0.0000 -0.3237
vn 0.9461 0.0000 -0.3237
vn 0.9461 0.0000 -0.3237
vn 0.9461 0.0000 -0.3237
vn 0.0000 1.0000 0.0000
vn 0.0000 1.0000 0.0000
vn 0.0000 1.0000 0.0000
vn 0.0000 1.0000 0.0000
vn 0.0000 -1.0000 0.0000
vn 0.0000 -1.0000 0.0000
vn 0.0000 -1.0000 0.0000
vn 0.0000 -1.0000 0.0000
vn -0.3237 0.0000 -0.9461
vn -0.3237 0.0000 -0.9461
vn -0.3237 0.0000 -0.9461
vn -0.3237 0.0000 -0.9461
vn 0.3237 0.0000 0.9461
vn 0.3237 0.0000 0.9461
vn 0.3237 0.0000 0.9461
vn 0.3237 0.0000 0.9461
vn -0.9461 0.0000 0.3237
vn -0.9461 0.0000 0.3237
vn -0.9461 0.0000 0.3237
vn -0.9461 0.0000 0.3237
vn 0.9461 0.0000 -0.3237
vn 0.9461 0.0000 -0.3237
vn 0.9461 0.0000 -0.3237
vn 0.9461 0.0000 -0.3237
vn 0.0000 1.0000 0.0000
vn 0.0000 1.0000 0.0000
vn 0.0000 1.0000 0.0000
vn 0.0000 1.0000 0.0000
vn 0.0000 -1.0000 0.0000
vn 0.0000 -1.0000 0.0000
vn 0.0000 -1.0000 0.0000
vn 0.0000 -1.0000 0.0000
vn -0.6126 0.0000 -0.7904
vn -0.6126 0.0000 -0.7904
vn -0.6126 0.0000 -0.7904
vn -0.6126 0.0000 -0.7904
vn 0.6126 0.0000 0.7904
vn 0.6126 0.0000 0.7904
vn 0.6126 0.0000 0.7904
vn 0.6126 0.0000 0.7904
vn -0.7904 0.0000 0.6126
vn -0.7904 0.0000 0.6126
vn -0.7904 0.0000 0.6126
vn -0.7904 0.0000 0.6126
vn 0.7904 0.0000 -0.6126
vn 0.7904 0.0000 -0.6126
vn 0.7904 0.0000 -0.6126
vn 0.7904 0.0000 -0.6126
vn 0.0000 1.0000 0.0000
vn 0.0000 1.0000 0.0000
vn 0.0000 1.0000 0.0000
vn 0.0000 1.0000 0.0000
vn 0.0000 -1.0000 0.0000
vn 0.0000 -1.0000 0.0000
vn 0.0000 -1.0000 0.0000
vn 0.0000 -1.0000 0.0000
vn -0.6126 0.0000 -0.7904
vn -0.6126 0.0000 -0.7904
vn -0.6126 0.0000 -0.7904
vn -0.6126 0.0000 -0.7904
vn 0.6126 0.0000 0.7904
vn 0.6126 0.0000 0.7904
vn 0.6126 0.0000 0.7904
vn 0.6126 0.0000 0.7904
vn -0.7904 0.0000 0.6126
vn -0.7904 0.0000 0.6126
vn -0.7904 0.0000 0.6126
vn -0.7904 0.0000 0.6126
vn 0.7904 0.0000 -0.6126
vn 0.7904 0.0000 -0.6126
vn 0.7904 0.0000 -0.6126
vn 0.7904 0.0000 -0.6126
vn 0.0000 1.0000 0.0000
vn 0.0000 1.0000 0.0000
vn 0.0000 1.0000 0.0000
vn 0.0000 1.0000 0.0000
vn 0.0000 -1.0000 0.0000
vn 0.0000 -1.0000 0.0000
vn 0.0000 -1.0000 0.0000
vn 0.0000 -1.0000 0.0000
vn -0.6126 0.0000 -0.7904
vn -0.6126 0.0000 -0.7904
vn -0.6126 0.0000 -0.7904
vn -0.6126 0.0000 -0.7904
vn 0.6126 0.0000 0.7904
vn 0.6126 0.0000 0.7904
vn 0.6126 0.0000 0.7904
vn 0.6126 0.0000 0.7904
vn -0.7904 0.0000 0.6126
vn -0.7904 0.0000 0.6126
vn -0.7904 0.0000 0.6126
vn -0.7904 0.0000 0.6126
vn 0.7904 0.0000 -0.6126
vn 0.7904 0.0000 -0.6126
vn 0.7904 0.0000 -0.6126
vn 0.7904 0.0000 -0.6126
vn 0.0000 1.0000 0.0000
vn 0.0000 1.0000 0.0000
vn 0.0000 1.0000 0.0000
vn 0.0000 1.0000 0.0000
vn 0.0000 -1.0000 0.0000
vn 0.0000 -1.0000 0.0000
vn 0.0000 -1.0000 0.0000
vn 0.0000 -1.0000 0.0000
vn -0.6126 0.0000 -0.7904
vn -0.6126 0.0000 -0.7904
vn -0.6126 0.0000 -0.7904
vn -0.6126 0.0000 -0.7904
vn 0.6126 0.0000 0.7904
vn 0.6126 0.0000 0.7904
vn 0.6126 0.0000 0.7904
vn 0.6126 0.0000 0.7904
vn -0.7904 0.0000 0.6126
vn -0.7904 0.0000 0.6126
vn -0.7904 0.0000 0.6126
vn -0.7904 0.0000 0.6126
vn 0.7904 0.0000 -0.6126
vn 0.7904 0.0000 -0.6126
vn 0.7904 0.0000 -0.6126
vn 0.7904 0.0000 -0.6126
vn 0.0000 1.0000 0.0000
vn 0.0000 1.0000 0.0000
vn 0.0000 1.0000 0.0000
vn 0.0000 1.0000 0.0000
vn 0.0000 -1.0000 0.0000
vn 0.0000 -1.0000 0.0000
vn 0.0000 -1.0000 0.0000
vn 0.0000 -1.0000 0.0000
vn -0.8355 0.0000 -0.5495
vn -0.8355 0.0000 -0.5495
vn -0.8355 0.0000 -0.5495
vn -0.8355 0.0000 -0.5495
vn 0.8355 0.0000 0.5495
vn 0.8355 0.0000 0.5495
vn 0.8355 0.0000 0.5495
vn 0.8355 0.0000 0.5495
vn -0.5495 0.0000 0.8355
vn -0.5495 0.0000 0.8355
vn -0.5495 0.0000 0.8355
vn -0.5495 0.0000 0.8355
vn 0.5495 0.0000 -0.8355
vn 0.5495 0.0000 -0.8355
vn 0.5495 0.0000 -0.8355
vn 0.5495 0.0000 -0.8355
vn 0.0000 1.0000 0.0000
vn 0.0000 1.0000 0.0000
vn 0.0000 1.0000 0.0000
vn 0.0000 1.0000 0.0000
vn 0.0000 -1.0000 0.0000
vn 0.0000 -1.0000 0.0000
vn 0.0000 -1.0000 0.0000
vn 0.0000 -1.0000 0.0000
vn -0.8355 0.0000 -0.5495
vn -0.8355 0.0000 -0.5495
vn -0.8355 0.0000 -0.5495
vn -0.8355 0.0000 -0.5495
vn 0.8355 0.0000 0.5495
vn 0.8355 0.0000 0.5495
vn 0.8355 0.0000 0.5495
vn 0.8355 0.0000 0.5495
vn -0.5495 0.0000 0.8355
vn -0.5495 0.0000 0.8355
vn -0.5495 0.0000 0.8355
vn -0.5495 0.0000 0.8355
vn 0.5495 0.0000 -0.8355
vn 0.5495 0.0000 -0.8355
vn 0.5495 0.0000 -0.8355
vn 0.5495 0.0000 -0.8355
vn 0.0000 1.0000 0.0000
vn 0.0000 1.0000 0.0000
vn 0.0000 1.0000 0.0000
vn 0.0000 1.0000 0.0000
vn 0.0000 -1.0000 0.0000
vn 0.0000 -1.0000 0.0000
vn 0.0000 -1.0000 0.0000
vn 0.0000 -1.0000 0.0000
vn -0.8355 0.0000 -0.5495
vn -0.8355 0.0000 -0.5495
vn -0.8355 0.0000 -0.5495
vn -0.8355 0.0000 -0.5495
vn 0.8355 0.0000 0.5495
vn 0.8355 0.0000 0.5495
vn 0.8355 0.0000 0.5495
vn 0.8355 0.0000 0.5495
vn -0.5495 0.0000 0.8355
vn -0.5495 0.0000 0.8355
vn -0.5495 0.0000 0.8355
vn -0.5495 0.0000 0.8355
vn 0.5495 0.0000 -0.8355
vn 0.5495 0.0000 -0.8355
vn 0.5495 0.0000 -0.8355
vn 0.5495 0.0000 -0.8355
vn 0.0000 1.0000 0.0000
vn 0.0000 1.0000 0.0000
vn 0.0000 1.0000 0.0000
vn 0.0000 1.0000 0.0000
vn 0.0000 -1.0000 0.0000
vn 0.0000 -1.0000 0.0000
vn 0.0000 -1.0000 0.0000
vn 0.0000 -1.0000 0.0000
vn -0.8355 0.0000 -0.5495
vn -0.8355 0.0000 -0.5495
vn -0.8355 0.0000 -0.5495
vn -0.8355 0.0000 -0.5495
vn 0.8355 0.0000 0.5495
vn 0.8355 0.0000 0.5495
vn 0.8355 0.0000 0.5495
vn 0.8355 0.0000 0.5495
vn -0.5495 0.0000 0.8355
vn -0.5495 0.0000 0.8355
vn -0.5495 0.0000 0.8355
vn -0.5495 0.0000 0.8355
vn 0.5495 0.0000 -0.8355
vn 0.5495 0.0000 -0.8355
vn 0.5495 0.0000 -0.8355
vn 0.5495 0.0000 -0.8355
vn 0.0000 1.0000 0.0000
vn 0.0000 1.0000 0.0000
vn 0.0000 1.0000 0.0000
vn 0.0000 1.0000 0.0000
vn 0.0000 -1.0000 0.0000
vn 0.0000 -1.0000 0.0000
vn 0.0000 -1.0000 0.0000
vn 0.0000 -1.0000 0.0000
vn -0.9684 0.0000 -0.2494
vn -0.9684 0.0000 -0.2494
vn -0.9684 0.0000 -0.2494
vn -0.9684 0.0000 -0.2494
vn 0.9684 0.0000 0.2494
vn 0.9684 0.0000 0.2494
vn 0.9684 0.0000 0.2494
vn 0.9684 0.0000 0.2494
vn -0.2494 0.0000 0.9684
vn -0.2494 0.0000 0.9684
vn -0.2494 0.0000 0.9684
vn -0.2494 0.0000 0.9684
vn 0.2494 0.0000 -0.9684
vn 0.2494 0.0000 -0.9684
vn 0.2494 0.0000 -0.9684
vn 0.2494 0.0000 -0.9684
vn 0.0000 1.0000 0.0000
vn 0.0000 1.0000 0.0000
vn 0.0000 1.0000 0.0000
vn 0.0000 1.0000 0.0000
vn 0.0000 -1.0000 0.0000
vn 0.0000 -1.0000 0.0000
vn 0.0000 -1.0000 0.0000
vn 0.0000 -1.0000 0.0000
vn -0.9684 0.0000 -0.2494
vn -0.9684 0.0000 -0.2494
vn -0.9684 0.0000 -0.2494
vn -0.9684 0.0000 -0.2494
vn 0.9684 0.0000 0.2494
vn 0.9684 0.0000 0.2494
vn 0.9684 0.0000 0.2494
vn 0.9684 0.0000 0.2494
vn -0.2494 0.0000 0.9684
vn -0.2494 0.0000 0.9684
vn -0.2494 0.0000 0.9684
vn -0.2494 0.0000 0.9684
vn 0.2494 0.0000 -0.9684
vn 0.2494 0.0000 -0.9684
vn 0.2494 0.0000 -0.9684
vn 0.2494 0.0000 -0.9684
vn 0.0000 1.0000 0.0000
vn 0.0000 1.0000 0.0000
vn 0.0000 1.0000 0.0000
vn 0.0000 1.0000 0.0000
vn 0.0000 -1.0000 0.0000
vn 0.0000 -1.0000 0.0000
vn 0.0000 -1.0000 0.0000
vn 0.0000 -1.0000 0.0000
vn -0.9684 0.0000 -0.2494
vn -0.9684 0.0000 -0.2494
vn -0.9684 0.0000 -0.2494
vn -0.9684 0.0000 -0.2494
vn 0.9684 0.0000 0.2494
vn 0.9684 0.0000 0.2494
vn 0.9684 0.0000 0.2494
vn 0.9684 0.0000 0.2494
vn -0.2494 0.0000 0.9684
vn -0.2494 0.0000 0.9684
vn -0.2494 0.0000 0.9684
vn -0.2494 0.0000 0.9684
vn 0.2494 0.0000 -0.9684
vn 0.2494 0.0000 -0.9684
vn 0.2494 0.0000 -0.9684
vn 0.2494 0.0000 -0.9684
vn 0.0000 1.0000 0.0000
vn 0.0000 1.0000 0.0000
vn 0.0000 1.0000 0.0000
vn 0.0000 1.0000 0.0000
vn 0.0000 -1.0000 0.0000
vn 0.0000 -1.0000 0.0000
vn 0.0000 -1.0000 0.0000
vn 0.0000 -1.0000 0.0000
vn -0.9684 0.0000 -0.2494
vn -0.9684 0.0000 -0.2494
vn -0.9684 0.0000 -0.2494
vn -0.9684 0.0000 -0.2494
vn 0.9684 0.0000 0.2494
vn 0.9684 0.0000 0.2494
vn 0.9684 0.0000 0.2494
vn 0.9684 0.0000 0.2494
vn -0.2494 0.0000 0.9684
vn -0.2494 0.0000 0.9684
vn -0.2494 0.0000 0.9684
vn -0.2494 0.0000 0.9684
vn 0.2494 0.0000 -0.9684
vn 0.2494 0.0000 -0.9684
vn 0.2494 0.0000 -0.9684
vn 0.2494 0.0000 -0.9684
vn 0.0000 1.0000 0.0000
vn 0.0000 1.0000 0.0000
vn 0.0000 1.0000 0.0000
vn 0.0000 1.0000 0.0000
vn 0.0000 -1.0000 0.0000
vn 0.0000 -1.0000 0.0000
vn 0.0000 -1.0000 0.0000
vn 0.0000 -1.0000 0.0000
vn 0.9848 0.0000 -0.1736
vn 0.9848 0.0000 -0.1736
vn 0.9848 0.0000 -0.1736
vn 0.9848 0.0000 -0.1736
vn -0.9848 0.0000 0.1736
vn -0.9848 0.0000 0.1736
vn -0.9848 0.0000 0.1736
vn -0.9848 0.0000 0.1736
vn -0.1736 0.0000 -0.9848
vn -0.1736 0.0000 -0.9848
vn -0.1736 0.0000 -0.9848
vn -0.1736 0.0000 -0.9848
vn 0.1736 0.0000 0.9848
vn 0.1736 0.0000 0.9848
vn 0.1736 0.0000 0.9848
vn 0.1736 0.0000 0.9848
vn 0.0000 1.0000 0.0000
vn 0.0000 1.0000 0.0000
vn 0.0000 1.0000 0.0000
vn 0.0000 1.0000 0.0000
vn 0.0000 -1.0000 0.0000
vn 0.0000 -1.0000 0.0000
vn 0.0000 -1.0000 0.0000
vn 0.0000 -1.0000 0.0000
vn 0.8660 0.0000 -0.5000
vn 0.8660 0.0000 -0.5000
vn 0.8660 0.0000 -0.5000
vn 0.8660 0.0000 -0.5000
vn -0.8660 0.0000 0.5000
vn -0.8660 0.0000 0.5000
vn -0.8660 0.0000 0.5000
vn -0.8660 0.0000 0.5000
vn -0.5000 0.0000 -0.8660
vn -0.5000 0.0000 -0.8660
vn -0.5000 0.0000 -0.8660
vn -0.5000 0.0000 -0.8660
vn 0.5000 0.0000 0.8660
vn 0.5000 0.0000 0.8660
vn 0.5000 0.0000 0.8660
vn 0.5000 0.0000 0.8660
vn 0.0000 1.0000 0.0000
vn 0.0000 1.0000 0.0000
vn 0.0000 1.0000 0.0000
vn 0.0000 1.0000 0.0000
vn 0.0000 -1.0000 0.0000
vn 0.0000 -1.0000 0.0000
vn 0.0000 -1.0000 0.0000
vn 0.0000 -1.0000 0.0000
vn 0.6428 0.0000 -0.7660
vn 0.6428 0.0000 -0.7660
vn 0.6428 0.0000 -0.7660
vn 0.6428 0.0000 -0.7660
vn -0.6428 0.0000 0.7660
vn -0.6428 0.0000 0.7660
vn -0.6428 0.0000 0.7660
vn -0.6428 0.0000 0.7660
vn -0.7660 0.0000 -0.6428
vn -0.7660 0.0000 -0.6428
vn -0.7660 0.0000 -0.6428
vn -0.7660 0.0000 -0.6428
vn 0.7660 0.0000 0.6428
vn 0.7660 0.0000 0.6428
vn 0.7660 0.0000 0.6428
vn 0.7660 0.0000 0.6428
vn 0.0000 1.0000 0.0000
vn 0.0000 1.0000 0.0000
vn 0.0000 1.0000 0.0000
vn 0.0000 1.0000 0.0000
vn 0.0000 -1.0000 0.0000
vn 0.0000 -1.0000 0.0000
vn 0.0000 -1.0000 0.0000
vn 0.0000 -1.0000 0.0000
vn 0.3420 0.0000 -0.9397
vn 0.3420 0.0000 -0.9397
vn 0.3420 0.0000 -0.9397
vn 0.3420 0.0000 -0.9397
vn -0.3420 0.0000 0.9397
vn -0.3420 0.0000 0.9397
vn -0.3420 0.0000 0.9397
vn -0.3420 0.0000 0.9397
vn -0.9397 0.0000 -0.3420
vn -0.9397 0.0000 -0.3420
vn -0.9397 0.0000 -0.3420
vn -0.9397 0.0000 -0.3420
vn 0.9397 0.0000 0.3420
vn 0.9397 0.0000 0.3420
vn 0.9397 0.0000 0.3420
vn 0.9397 0.0000 0.3420
vn 0.0000 1.0000 0.0000
vn 0.0000 1.0000 0.0000
vn 0.0000 1.0000 0.0000
vn 0.0000 1.0000 0.0000
vn 0.0000 -1.0000 0.0000
vn 0.0000 -1.0000 0.0000
vn 0.0000 -1.0000 0.0000
vn 0.0000 -1.0000 0.0000
vn 0.0000 0.0000 -1.0000
vn 0.0000 0.0000 -1.0000
vn 0.0000 0.0000 -1.0000
vn 0.0000 0.0000 -1.0000
vn 0.0000 0.0000 1.0000
vn 0.0000 0.0000 1.0000
vn 0.0000 0.0000 1.0000
vn 0.0000 0.0000 1.0000
vn -1.0000 0.0000 0.0000
vn -1.0000 0.0000 0.0000
vn -1.0000 0.0000 0.0000
vn -1.0000 0.0000 0.0000
vn 1.0000 0.0000 0.0000
vn 1.0000 0.0000 0.0000
vn 1.0000 0.0000 0.0000
vn 1.0000 0.0000 0.0000
vn 0.0000 1.0000 0.0000
vn 0.0000 1.0000 0.0000
vn 0.0000 1.0000 0.0000
vn 0.0000 1.0000 0.0000
vn 0.0000 -1.0000 0.0000
vn 0.0000 -1.0000 0.0000
vn 0.0000 -1.0000 0.0000
vn 0.0000 -1.0000 0.0000
vn -0.3420 0.0000 -0.9397
vn -0.3420 0.0000 -0.9397
vn -0.3420 0.0000 -0.9397
vn -0.3420 0.0000 -0.9397
vn 0.3420 0.0000 0.9397
vn 0.3420 0.0000 0.9397
vn 0.3420 0.0000 0.9397
vn 0.3420 0.0000 0.9397
vn -0.9397 0.0000 0.3420
vn -0.9397 0.0000 0.3420
vn -0.9397 0.0000 0.3420
vn -0.9397 0.0000 0.3420
vn 0.9397 0.0000 -0.3420
vn 0.9397 0.0000 -0.3420
vn 0.9397 0.0000 -0.3420
vn 0.9397 0.0000 -0.3420
vn 0.0000 1.0000 0.0000
vn 0.0000 1.0000 0.0000
vn 0.0000 1.0000 0.0000
vn 0.0000 1.0000 0.0000
vn 0.0000 -1.0000 0.0000
vn 0.0000 -1.0000 0.0000
vn 0.0000 -1.0000 0.0000
vn 0.0000 -1.0000 0.0000
vn -0.6428 0.0000 -0.7660
vn -0.6428 0.0000 -0.7660
vn -0.6428 0.0000 -0.7660
vn -0.6428 0.0000 -0.7660
vn 0.6428 0.0000 0.7660
vn 0.6428 0.0000 0.7660
vn 0.6428 0.0000 0.7660
vn 0.6428 0.0000 0.7660
vn -0.7660 0.0000 0.6428
vn -0.7660 0.0000 0.6428
vn -0.7660 0.0000 0.6428
vn -0.7660 0.0000 0.6428
vn 0.7660 0.0000 -0.6428
vn 0.7660 0.0000 -0.6428
vn 0.7660 0.0000 -0.6428
vn 0.7660 0.0000 -0.6428
vn 0.0000 1.0000 0.0000
vn 0.0000 1.0000 0.0000
vn 0.0000 1.0000 0.0000
vn 0.0000 1.0000 0.0000
vn 0.0000 -1.0000 0.0000
vn 0.0000 -1.0000 0.0000
vn 0.0000 -1.0000 0.0000
vn 0.0000 -1.0000 0.0000
vn -0.8660 0.0000 -0.5000
vn -0.8660 0.0000 -0.5000
vn -0.8660 0.0000 -0.5000
vn -0.8660 0.0000 -0.5000
vn 0.8660 0.0000 0.5000
vn 0.8660 0.0000 0.5000
vn 0.8660 0.0000 0.5000
vn 0.8660 0.0000 0.5000
vn -0.5000 0.0000 0.8660
vn -0.5000 0.0000 0.8660
vn -0.5000 0.0000 0.8660
vn -0.5000 0.0000 0.8660
vn 0.5000 0.0000 -0.8660
vn 0.5000 0.0000 -0.8660
vn 0.5000 0.0000 -0.8660
vn 0.5000 0.0000 -0.8660
vn 0.0000 1.0000 0.0000
vn 0.0000 1.0000 0.0000
vn 0.0000 1.0000 0.0000
vn 0.0000 1.0000 0.0000
vn 0.0000 -1.0000 0.0000
vn 0.0000 -1.0000 0.0000
vn 0.0000 -1.0000 0.0000
vn 0.0000 -1.0000 0.0000
vn -0.9848 0.0000 -0.1736
vn -0.9848 0.0000 -0.1736
vn -0.9848 0.0000 -0.1736
vn -0.9848 0.0000 -0.1736
vn 0.9848 0.0000 0.1736
vn 0.9848 0.0000 0.1736
vn 0.9848 0.0000 0.1736
vn 0.9848 0.0000 0.1736
vn -0.1736 0.0000 0.9848
vn -0.1736 0.0000 0.9848
vn -0.1736 0.0000 0.9848
vn -0.1736 0.0000 0.9848
vn 0.1736 0.0000 -0.9848
vn 0.1736 0.0000 -0.9848
vn 0.1736 0.0000 -0.9848
vn 0.1736 0.0000 -0.9848
vn 0.0000 1.0000 0.0000
vn 0.0000 1.0000 0.0000
vn 0.0000 1.0000 0.0000
vn 0.0000 1.0000 0.0000
vn 0.0000 -1.0000 0.0000
vn 0.0000 -1.0000 0.0000
vn 0.0000 -1.0000 0.0000
vn 0.0000 -1.0000 0.0000
vn 0.0000 1.0000 0.0000
vn 0.0000 1.0000 0.0000
vn 0.0000 -1.0000 0.0000
vn 0.0000 -1.0000 0.0000
vn 0.0000 1.0000 0.0000
vn 0.0000 1.0000 0.0000
vn 0.0000 -1.0000 0.0000
vn 0.0000 -1.0000 0.0000
vn 0.0000 1.0000 0.0000
vn 0.0000 1.0000 0.0000
vn 0.0000 -1.0000 0.0000
vn 0.0000 -1.0000 0.0000
vn 0.0000 1.0000 0.0000
vn 0.0000 1.0000 0.0000
vn 0.0000 -1.0000 0.0000
vn 0.0000 -1.0000 0.0000
vn 0.0000 1.0000 0.0000
vn 0.0000 1.0000 0.0000
vn 0.0000 -1.0000 0.0000
vn 0.0000 -1.0000 0.0000
vn 0.0000 1.0000 0.0000
vn 0.0000 1.0000 0.0000
vn 0.0000 -1.0000 0.0000
vn 0.0000 -1.0000 0.0000
vn 0.0000 1.0000 0.0000
vn 0.0000 1.0000 0.0000
vn 0.0000 -1.0000 0.0000
vn 0.0000 -1.0000 0.0000
vn 0.0000 1.0000 0.0000
vn 0.0000 1.0000 0.0000
vn 0.0000 -1.0000 0.0000
vn 0.0000 -1.0000 0.0000
vn 0.0000 1.0000 0.0000
vn 0.0000 1.0000 0.0000
vn 0.0000 -1.0000 0.0000
vn 0.0000 -1.0000 0.0000
vn 0.0000 1.0000 0.0000
vn 0.0000 1.0000 0.0000
vn 0.0000 -1.0000 0.0000
vn 0.0000 -1.0000 0.0000
vn 0.0000 1.0000 0.0000
vn 0.0000 1.0000 0.0000
vn 0.0000 -1.0000 0.0000
vn 0.0000 -1.0000 0.0000
vn 0.0000 1.0000 0.0000
vn 0.0000 1.0000 0.0000
vn 0.0000 -1.0000 0.0000
vn 0.0000 -1.0000 0.0000
vn 0.0000 1.0000 0.0000
vn 0.0000 1.0000 0.0000
vn 0.0000 -1.0000 0.0000
vn 0.0000 -1.0000 0.0000
vn 0.0000 1.0000 0.0000
vn 0.0000 1.0000 0.0000
vn 0.0000 -1.0000 0.0000
vn 0.0000 -1.0000 0.0000
vn 0.0000 1.0000 0.0000
vn 0.0000 1.0000 0.0000
vn 0.0000 -1.0000 0.0000
vn 0.0000 -1.0000 0.0000
vn 0.0000 1.0000 0.0000
vn 0.0000 1.0000 0.0000
vn 0.0000 -1.0000 0.0000
vn 0.0000 -1.0000 0.0000
vn 0.0000 1.0000 0.0000
vn 0.0000 1.0000 0.0000
vn 0.0000 -1.0000 0.0000
vn 0.0000 -1.0000 0.0000
vn 0.0000 1.0000 0.0000
vn 0.0000 1.0000 0.0000
vn 0.0000 -1.0000 0.0000
vn 0.0000 -1.0000 0.0000
vn 0.0000 1.0000 0.0000
vn 0.0000 1.0000 0.0000
vn 0.0000 -1.0000 0.0000
vn 0.0000 -1.0000 0.0000
vn 0.0000 1.0000 0.0000
vn 0.0000 1.0000 0.0000
vn 0.0000 -1.0000 0.0000
vn 0.0000 -1.0000 0.0000
vn 0.0000 1.0000 0.0000
vn 0.0000 1.0000 0.0000
vn 0.0000 -1.0000 0.0000
vn 0.0000 -1.0000 0.0000
vn 0.0000 1.0000 0.0000
vn 0.0000 1.0000 0.0000
vn 0.0000 -1.0000 0.0000
vn 0.0000 -1.0000 0.0000
vn 0.0000 1.0000 0.0000
vn 0.0000 1.0000 0.0000
vn 0.0000 -1.0000 0.0000
vn 0.0000 -1.0000 0.0000
vn 0.0000 1.0000 0.0000
vn 0.0000 1.0000 0.0000
vn 0.0000 -1.0000 0.0000
vn 0.0000 -1.0000 0.0000
vn 0.0000 1.0000 0.0000
vn 0.0000 1.0000 0.0000
vn 0.0000 -1.0000 0.0000
vn 0.0000 -1.0000 0.0000
vn 0.0000 1.0000 0.0000
vn 0.0000 1.0000 0.0000
vn 0.0000 -1.0000 0.0000
vn 0.0000 -1.0000 0.0000
vn 0.0000 1.0000 0.0000
vn 0.0000 1.0000 0.0000
vn 0.0000 -1.0000 0.0000
vn 0.0000 -1.0000 0.0000
vn 0.0000 1.0000 0.0000
vn 0.0000 1.0000 0.0000
vn 0.0000 -1.0000 0.0000
vn 0.0000 -1.0000 0.0000
vn 0.0000 1.0000 0.0000
vn 0.0000 1.0000 0.0000
vn 0.0000 -1.0000 0.0000
vn 0.0000 -1.0000 0.0000
vn 0.0000 1.0000 0.0000
vn 0.0000 1.0000 0.0000
vn 0.0000 -1.0000 0.0000
vn 0.0000 -1.0000 0.0000
vn 0.0000 1.0000 0.0000
vn 0.0000 1.0000 0.0000
vn 0.0000 -1.0000 0.0000
vn 0.0000 -1.0000 0.0000
vn 0.0000 1.0000 0.0000
vn 0.0000 1.0000 0.0000
vn 0.0000 -1.0000 0.0000
vn 0.0000 -1.0000 0.0000
vn 0.0000 1.0000 0.0000
vn 0.0000 1.0000 0.0000
vn 0.0000 -1.0000 0.0000
vn 0.0000 -1.0000 0.0000
vn 0.0000 1.0000 0.0000
vn 0.0000 1.0000 0.0000
vn 0.0000 -1.0000 0.0000
vn 0.0000 -1.0000 0.0000
vn 0.0000 1.0000 0.0000
vn 0.0000 1.0000 0.0000
vn 0.0000 -1.0000 0.0000
vn 0.0000 -1.0000 0.0000
vn 0.0000 1.0000 0.0000
vn 0.0000 1.0000 0.0000
vn 0.0000 -1.0000 0.0000
vn 0.0000 -1.0000 0.0000
vn 0.0000 1.0000 0.0000
vn 0.0000 1.0000 0.0000
vn 0.0000 -1.0000 0.0000
vn 0.0000 -1.0000 0.0000
vn 0.0000 1.0000 0.0000
vn 0.0000 1.0000 0.0000
vn 0.0000 -1.0000 0.0000
vn 0.0000 -1.0000 0.0000
vn 0.0000 1.0000 0.0000
vn 0.0000 1.0000 0.0000
vn 0.0000 -1.0000 0.0000
vn 0.0000 -1.0000 0.0000
vn 0.0000 1.0000 0.0000
vn 0.0000 1.0000 0.0000
vn 0.0000 -1.0000 0.0000
vn 0.0000 -1.0000 0.0000
vn 0.0000 1.0000 0.0000
vn 0.0000 1.0000 0.0000
vn 0.0000 -1.0000 0.0000
vn 0.0000 -1.0000 0.0000
vn 0.0000 1.0000 0.0000
vn 0.0000 1.0000 0.0000
vn 0.0000 -1.0000 0.0000
vn 0.0000 -1.0000 0.0000
vn 0.0000 1.0000 0.0000
vn 0.0000 1.0000 0.0000
vn 0.0000 -1.0000 0.0000
vn 0.0000 -1.0000 0.0000
vn 0.0000 1.0000 0.0000
vn 0.0000 1.0000 0.0000
vn 0.0000 -1.0000 0.0000
vn 0.0000 -1.0000 0.0000
vn 0.0000 1.0000 0.0000
vn 0.0000 1.0000 0.0000
vn 0.0000 -1.0000 0.0000
vn 0.0000 -1.0000 0.0000
vn 0.0000 1.0000 0.0000
vn 0.0000 1.0000 0.0000
vn 0.0000 -1.0000 0.0000
vn 0.0000 -1.0000 0.0000
vn 0.0000 1.0000 0.0000
vn 0.0000 1.0000 0.0000
vn 0.0000 -1.0000 0.0000
vn 0.0000 -1.0000 0.0000
vn 0.0000 1.0000 0.0000
vn 0.0000 1.0000 0.0000
vn 0.0000 -1.0000 0.0000
vn 0.0000 -1.0000 0.0000
vn 0.0000 1.0000 0.0000
vn 0.0000 1.0000 0.0000
vn 0.0000 -1.0000 0.0000
vn 0.0000 -1.0000 0.0000
vn 0.0000 1.0000 0.0000
vn 0.0000 1.0000 0.0000
vn 0.0000 -1.0000 0.0000
vn 0.0000 -1.0000 0.0000
vn 0.0000 1.0000 0.0000
vn 0.0000 1.0000 0.0000
vn 0.0000 -1.0000 0.0000
vn 0.0000 -1.0000 0.0000
vn 0.0000 1.0000 0.0000
vn 0.0000 1.0000 0.0000
vn 0.0000 -1.0000 0.0000
vn 0.0000 -1.0000 0.0000
vn 0.0000 1.0000 0.0000
vn 0.0000 1.0000 0.0000
vn 0.0000 -1.0000 0.0000
vn 0.0000 -1.0000 0.0000
vn 0.0000 1.0000 0.0000
vn 0.0000 1.0000 0.0000
vn 0.0000 -1.0000 0.0000
vn 0.0000 -1.0000 0.0000
vn 0.0000 1.0000 0.0000
vn 0.0000 1.0000 0.0000
vn 0.0000 -1.0000 0.0000
vn 0.0000 -1.0000 0.0000
vn 0.0000 1.0000 0.0000
vn 0.0000 1.0000 0.0000
vn 0.0000 -1.0000 0.0000
vn 0.0000 -1.0000 0.0000
vn 0.0000 1.0000 0.0000
vn 0.0000 1.0000 0.0000
vn 0.0000 -1.0000 0.0000
vn 0.0000 -1.0000 0.0000
vn 0.0000 1.0000 0.0000
vn 0.0000 1.0000 0.0000
vn 0.0000 -1.0000 0.0000
vn 0.0000 -1.0000 0.0000
vn 0.0000 1.0000 0.0000
vn 0.0000 1.0000 0.0000
vn 0.0000 -1.0000 0.0000
vn 0.0000 -1.0000 0.0000
vn 0.0000 1.0000 0.0000
vn 0.0000 1.0000 0.0000
vn 0.0000 -1.0000 0.0000
vn 0.0000 -1.0000 0.0000
vn 0.0000 1.0000 0.0000
vn 0.0000 1.0000 0.0000
vn 0.0000 -1.0000 0.0000
vn 0.0000 -1.0000 0.0000
vn 0.0000 1.0000 0.0000
vn 0.0000 1.0000 0.0000
vn 0.0000 -1.0000 0.0000
vn 0.0000 -1.0000 0.0000
vn 0.0000 1.0000 0.0000
vn 0.0000 1.0000 0.0000
vn 0.0000 -1.0000 0.0000
vn 0.0000 -1.0000 0.0000
vn 0.0000 1.0000 0.0000
vn 0.0000 1.0000 0.0000
vn 0.0000 -1.0000 0.0000
vn 0.0000 -1.0000 0.0000
vn 0.0000 1.0000 0.0000
vn 0.0000 1.0000 0.0000
vn 0.0000 -1.0000 0.0000
vn 0.0000 -1.0000 0.0000
vn 0.0000 1.0000 0.0000
vn 0.0000 1.0000 0.0000
vn 0.0000 -1.0000 0.0000
vn 0.0000 -1.0000 0.0000
vn 0.0000 1.0000 0.0000
vn 0.0000 1.0000 0.0000
vn 0.0000 -1.0000 0.0000
vn 0.0000 -1.0000 0.0000
vn 0.0000 1.0000 0.0000
vn 0.0000 1.0000 0.0000
vn 0.0000 -1.0000 0.0000
vn 0.0000 -1.0000 0.0000
vn 0.0000 1.0000 0.0000
vn 0.0000 1.0000 0.0000
vn 0.0000 -1.0000 0.0000
vn 0.0000 -1.0000 0.0000
vn 0.0000 1.0000 0.0000
vn 0.0000 1.0000 0.0000
vn 0.0000 -1.0000 0.0000
vn 0.0000 -1.0000 0.0000
vn 0.0000 1.0000 0.0000
vn 0.0000 1.0000 0.0000
vn 0.0000 -1.0000 0.0000
vn 0.0000 -1.0000 0.0000
vn 0.0000 1.0000 0.0000
vn 0.0000 1.0000 0.0000
vn 0.0000 -1.0000 0.0000
vn 0.0000 -1.0000 0.0000
vn 0.0000 1.0000 0.0000
vn 0.0000 -1.0000 0.0000
vn 0.0000 1.0000 0.0000
vn 0.0000 -1.0000 0.0000
vn 0.0000 1.0000 0.0000
vn 0.0000 -1.0000 0.0000
vn 0.0000 1.0000 0.0000
vn 0.0000 -1.0000 0.0000
vn 0.0000 1.0000 0.0000
vn 0.0000 -1.0000 0.0000
vn 0.0000 1.0000 0.0000
vn 0.0000 -1.0000 0.0000
vn 0.0000 1.0000 0.0000
vn 0.0000 -1.0000 0.0000
vn 0.0000 1.0000 0.0000
vn 0.0000 -1.0000 0.0000
vn 0.0000 1.0000 0.0000
vn 0.0000 -1.0000 0.0000
vn 0.0000 1.0000 0.0000
vn 0.0000 -1.0000 0.0000
vn 0.0000 1.0000 0.0000
vn 0.0000 -1.0000 0.0000
vn 0.0000 1.0000 0.0000
vn 0.0000 -1.0000 0.0000
vn 0.0000 1.0000 0.0000
vn 0.0000 -1.0000 0.0000
vn 0.0000 1.0000 0.0000
vn 0.0000 -1.0000 0.0000
vn 0.0000 1.0000 0.0000
vn 0.0000 -1.0000 0.0000
vn 0.0000 1.0000 0.0000
vn 0.0000 -1.0000 0.0000
vn 0.0000 1.0000 0.0000
vn 0.0000 -1.0000 0.0000
vn 0.0000 1.0000 0.0000
vn 0.0000 -1.0000 0.0000
vn 0.0000 1.0000 0.0000
vn 0.0000 -1.0000 0.0000
vn 0.0000 1.0000 0.0000
vn 0.0000 -1.0000 0.0000
vn 0.0000 1.0000 0.0000
vn 0.0000 -1.0000 0.0000
vn 0.0000 1.0000 0.0000
vn 0.0000 -1.0000 0.0000
vn 0.0000 1.0000 0.0000
vn 0.0000 -1.0000 0.0000
vn 0.0000 1.0000 0.0000
vn 0.0000 -1.0000 0.0000
vn 0.0000 1.0000 0.0000
vn 0.0000 -1.0000 0.0000
vn 0.0000 1.0000 0.0000
vn 0.0000 -1.0000 0.0000
vn 0.0000 1.0000 0.0000
vn 0.0000 -1.0000 0.0000
vn 0.0000 1.0000 0.0000
vn 0.0000 -1.0000 0.0000
vn 0.0000 1.0000 0.0000
vn 0.0000 -1.0000 0.0000
vn 0.0000 1.0000 0.0000
vn 0.0000 -1.0000 0.0000
vn 0.0000 1.0000 0.0000
vn 0.0000 -1.0000 0.0000
vn 0.0000 1.0000 0.0000
vn 0.0000 -1.0000 0.0000
vn 0.0000 1.0000 0.0000
vn 0.0000 -1.0000 0.0000
vn 0.0000 1.0000 0.0000
vn 0.0000 -1.0000 0.0000
vn 0.0000 1.0000 0.0000
vn 0.0000 -1.0000 0.0000
vn 0.0000 1.0000 0.0000
vn 0.0000 -1.0000 0.0000
vn 0.0000 1.0000 0.0000
vn 0.0000 -1.0000 0.0000
vn 0.0000 0.0000 -1.0000
vn 0.0000 0.0000 -1.0000
vn 0.0000 0.0000 -1.0000
vn 0.0000 0.0000 -1.0000
vn 0.0000 0.0000 1.0000
vn 0.0000 0.0000 1.0000
vn 0.0000 0.0000 1.0000
vn 0.0000 0.0000 1.0000
vn -1.0000 0.0000 0.0000
vn -1.0000 0.0000 0.0000
vn -1.0000 0.0000 0.0000
vn -1.0000 0.0000 0.0000
vn 1.0000 0.0000 0.0000
vn 1.0000 0.0000 0.0000
vn 1.0000 0.0000 0.0000
vn 1.0000 0.0000 0.0000
vn 0.0000 1.0000 0.0000
vn 0.0000 1.0000 0.0000
vn 0.0000 1.0000 0.0000
vn 0.0000 1.0000 0.0000
vn 0.0000 -1.0000 0.0000
vn 0.0000 -1.0000 0.0000
vn 0.0000 -1.0000 0.0000
vn 0.0000 -1.0000 0.0000
vn -0.7071 0.0000 -0.7071
vn -0.7071 0.0000 -0.7071
vn -0.7071 0.0000 -0.7071
vn -0.7071 0.0000 -0.7071
vn 0.7071 0.0000 0.7071
vn 0.7071 0.0000 0.7071
vn 0.7071 0.0000 0.7071
vn 0.7071 0.0000 0.7071
vn -0.7071 0.0000 0.7071
vn -0.7071 0.0000 0.7071
vn -0.7071 0.0000 0.7071
vn -0.7071 0.0000 0.7071
vn 0.7071 0.0000 -0.7071
vn 0.7071 0.0000 -0.7071
vn 0.7071 0.0000 -0.7071
vn 0.7071 0.0000 -0.7071
vn 0.0000 1.0000 0.0000
vn 0.0000 1.0000 0.0000
vn 0.0000 1.0000 0.0000
vn 0.0000 1.0000 0.0000
vn 0.0000 -1.0000 0.0000
vn 0.0000 -1.0000 0.0000
vn 0.0000 -1.0000 0.0000
vn 0.0000 -1.0000 0.0000
vn -1.0000 0.0000 0.0000
vn -1.0000 0.0000 0.0000
vn -1.0000 0.0000 0.0000
vn -1.0000 0.0000 0.0000
vn 1.0000 0.0000 0.0000
vn 1.0000 0.0000 0.0000
vn 1.0000 0.0000 0.0000
vn 1.0000 0.0000 0.0000
vn 0.0000 0.0000 1.0000
vn 0.0000 0.0000 1.0000
vn 0.0000 0.0000 1.0000
vn 0.0000 0.0000 1.0000
vn 0.0000 0.0000 -1.0000
vn 0.0000 0.0000 -1.0000
vn 0.0000 0.0000 -1.0000
vn 0.0000 0.0000 -1.0000
vn 0.0000 1.0000 0.0000
vn 0.0000 1.0000 0.0000
vn 0.0000 1.0000 0.0000
vn 0.0000 1.0000 0.0000
vn 0.0000 -1.0000 0.0000
vn 0.0000 -1.0000 0.0000
vn 0.0000 -1.0000 0.0000
vn 0.0000 -1.0000 0.0000
vn -0.7071 0.0000 0.7071
vn -0.7071 0.0000 0.7071
vn -0.7071 0.0000 0.7071
vn -0.7071 0.0000 0.7071
vn 0.7071 0.0000 -0.7071
vn 0.7071 0.0000 -0.7071
vn 0.7071 0.0000 -0.7071
vn 0.7071 0.0000 -0.7071
vn 0.7071 0.0000 0.7071
vn 0.7071 0.0000 0.7071
vn 0.7071 0.0000 0.7071
vn 0.7071 0.0000 0.7071
vn -0.7071 0.0000 -0.7071
vn -0.7071 0.0000 -0.7071
vn -0.7071 0.0000 -0.7071
vn -0.7071 0.0000 -0.7071
vn 0.0000 1.0000 0.0000
vn 0.0000 1.0000 0.0000
vn 0.0000 1.0000 0.0000
vn 0.0000 1.0000 0.0000
vn 0.0000 -1.0000 0.0000
vn 0.0000 -1.0000 0.0000
vn 0.0000 -1.0000 0.0000
vn 0.0000 -1.0000 0.0000
vn 0.0000 0.0000 1.0000
vn 0.0000 0.0000 1.0000
vn 0.0000 0.0000 1.0000
vn 0.0000 0.0000 1.0000
vn 0.0000 0.0000 -1.0000
vn 0.0000 0.0000 -1.0000
vn 0.0000 0.0000 -1.0000
vn 0.0000 0.0000 -1.0000
vn 1.0000 0.0000 0.0000
vn 1.0000 0.0000 0.0000
vn 1.0000 0.0000 0.0000
vn 1.0000 0.0000 0.0000
vn -1.0000 0.0000 0.0000
vn -1.0000 0.0000 0.0000
vn -1.0000 0.0000 0.0000
vn -1.0000 0.0000 0.0000
vn 0.0000 1.0000 0.0000
vn 0.0000 1.0000 0.0000
vn 0.0000 1.0000 0.0000
vn 0.0000 1.0000 0.0000
vn 0.0000 -1.0000 0.0000
vn 0.0000 -1.0000 0.0000
vn 0.0000 -1.0000 0.0000
vn 0.0000 -1.0000 0.0000
vn 0.7071 0.0000 0.7071
vn 0.7071 0.0000 0.7071
vn 0.7071 0.0000 0.7071
vn 0.7071 0.0000 0.7071
vn -0.7071 0.0000 -0.7071
vn -0.7071 0.0000 -0.7071
vn -0.7071 0.0000 -0.7071
vn -0.7071 0.0000 -0.7071
vn 0.7071 0.0000 -0.7071
vn 0.7071 0.0000 -0.7071
vn 0.7071 0.0000 -0.7071
vn 0.7071 0.0000 -0.7071
vn -0.7071 0.0000 0.7071
vn -0.7071 0.0000 0.7071
vn -0.7071 0.0000 0.7071
vn -0.7071 0.0000 0.7071
vn 0.0000 1.0000 0.0000
vn 0.0000 1.0000 0.0000
vn 0.0000 1.0000 0.0000
vn 0.0000 1.0000 0.0000
vn 0.0000 -1.0000 0.0000
vn 0.0000 -1.0000 0.0000
vn 0.0000 -1.0000 0.0000
vn 0.0000 -1.0000 0.0000
vn 1.0000 0.0000 0.0000
vn 1.0000 0.0000 0.0000
vn 1.0000 0.0000 0.0000
vn 1.0000 0.0000 0.0000
vn -1.0000 0.0000 0.0000
vn -1.0000 0.0000 0.0000
vn -1.0000 0.0000 0.0000
vn -1.0000 0.0000 0.0000
vn 0.0000 0.0000 -1.0000
vn 0.0000 0.0000 -1.0000
vn 0.0000 0.0000 -1.0000
vn 0.0000 0.0000 -1.0000
vn 0.0000 0.0000 1.0000
vn 0.0000 0.0000 1.0000
vn 0.0000 0.0000 1.0000
vn 0.0000 0.0000 1.0000
vn 0.0000 1.0000 0.0000
vn 0.0000 1.0000 0.0000
vn 0.0000 1.0000 0.0000
vn 0.0000 1.0000 0.0000
vn 0.0000 -1.0000 0.0000
vn 0.0000 -1.0000 0.0000
vn 0.0000 -1.0000 0.0000
vn 0.0000 -1.0000 0.0000
vn 0.7071 0.0000 -0.7071
vn 0.7071 0.0000 -0.7071
vn 0.7071 0.0000 -0.7071
vn 0.7071 0.0000 -0.7071
vn -0.7071 0.0000 0.7071
vn -0.7071 0.0000 0.7071
vn -0.7071 0.0000 0.7071
vn -0.7071 0.0000 0.7071
vn -0.7071 0.0000 -0.7071
vn -0.7071 0.0000 -0.7071
vn -0.7071 0.0000 -0.7071
vn -0.7071 0.0000 -0.7071
vn 0.7071 0.0000 0.7071
vn 0.7071 0.0000 0.7071
vn 0.7071 0.0000 0.7071
vn 0.7071 0.0000 0.7071
vn 0.0000 1.0000 0.0000
vn 0.0000 1.0000 0.0000
vn 0.0000 1.0000 0.0000
vn 0.0000 1.0000 0.0000
vn 0.0000 -1.0000 0.0000
vn 0.0000 -1.0000 0.0000
vn 0.0000 -1.0000 0.0000
vn 0.0000 -1.0000 0.0000
g Chamber_Floor
usemtl Chamber_Floor
f 1/1/1 5/5/5 3/3/3
f 2/2/2 4/4/4 6/6/6
f 3/3/3 5/5/5 6/6/6
f 3/3/3 6/6/6 4/4/4
f 1/1/1 7/7/7 5/5/5
f 2/2/2 6/6/6 8/8/8
f 5/5/5 7/7/7 8/8/8
f 5/5/5 8/8/8 6/6/6
f 1/1/1 9/9/9 7/7/7
f 2/2/2 8/8/8 10/10/10
f 7/7/7 9/9/9 10/10/10
f 7/7/7 10/10/10 8/8/8
f 1/1/1 11/11/11 9/9/9
f 2/2/2 10/10/10 12/12/12
f 9/9/9 11/11/11 12/12/12
f 9/9/9 12/12/12 10/10/10
f 1/1/1 13/13/13 11/11/11
f 2/2/2 12/12/12 14/14/14
f 11/11/11 13/13/13 14/14/14
f 11/11/11 14/14/14 12/12/12
f 1/1/1 15/15/15 13/13/13
f 2/2/2 14/14/14 16/16/16
f 13/13/13 15/15/15 16/16/16
f 13/13/13 16/16/16 14/14/14
f 1/1/1 17/17/17 15/15/15
f 2/2/2 16/16/16 18/18/18
f 15/15/15 17/17/17 18/18/18
f 15/15/15 18/18/18 16/16/16
f 1/1/1 19/19/19 17/17/17
f 2/2/2 18/18/18 20/20/20
f 17/17/17 19/19/19 20/20/20
f 17/17/17 20/20/20 18/18/18
f 1/1/1 21/21/21 19/19/19
f 2/2/2 20/20/20 22/22/22
f 19/19/19 21/21/21 22/22/22
f 19/19/19 22/22/22 20/20/20
f 1/1/1 23/23/23 21/21/21
f 2/2/2 22/22/22 24/24/24
f 21/21/21 23/23/23 24/24/24
f 21/21/21 24/24/24 22/22/22
f 1/1/1 25/25/25 23/23/23
f 2/2/2 24/24/24 26/26/26
f 23/23/23 25/25/25 26/26/26
f 23/23/23 26/26/26 24/24/24
f 1/1/1 27/27/27 25/25/25
f 2/2/2 26/26/26 28/28/28
f 25/25/25 27/27/27 28/28/28
f 25/25/25 28/28/28 26/26/26
f 1/1/1 29/29/29 27/27/27
f 2/2/2 28/28/28 30/30/30
f 27/27/27 29/29/29 30/30/30
f 27/27/27 30/30/30 28/28/28
f 1/1/1 31/31/31 29/29/29
f 2/2/2 30/30/30 32/32/32
f 29/29/29 31/31/31 32/32/32
f 29/29/29 32/32/32 30/30/30
f 1/1/1 33/33/33 31/31/31
f 2/2/2 32/32/32 34/34/34
f 31/31/31 33/33/33 34/34/34
f 31/31/31 34/34/34 32/32/32
f 1/1/1 35/35/35 33/33/33
f 2/2/2 34/34/34 36/36/36
f 33/33/33 35/35/35 36/36/36
f 33/33/33 36/36/36 34/34/34
f 1/1/1 37/37/37 35/35/35
f 2/2/2 36/36/36 38/38/38
f 35/35/35 37/37/37 38/38/38
f 35/35/35 38/38/38 36/36/36
f 1/1/1 39/39/39 37/37/37
f 2/2/2 38/38/38 40/40/40
f 37/37/37 39/39/39 40/40/40
f 37/37/37 40/40/40 38/38/38
f 1/1/1 41/41/41 39/39/39
f 2/2/2 40/40/40 42/42/42
f 39/39/39 41/41/41 42/42/42
f 39/39/39 42/42/42 40/40/40
f 1/1/1 43/43/43 41/41/41
f 2/2/2 42/42/42 44/44/44
f 41/41/41 43/43/43 44/44/44
f 41/41/41 44/44/44 42/42/42
f 1/1/1 45/45/45 43/43/43
f 2/2/2 44/44/44 46/46/46
f 43/43/43 45/45/45 46/46/46
f 43/43/43 46/46/46 44/44/44
f 1/1/1 47/47/47 45/45/45
f 2/2/2 46/46/46 48/48/48
f 45/45/45 47/47/47 48/48/48
f 45/45/45 48/48/48 46/46/46
f 1/1/1 49/49/49 47/47/47
f 2/2/2 48/48/48 50/50/50
f 47/47/47 49/49/49 50/50/50
f 47/47/47 50/50/50 48/48/48
f 1/1/1 51/51/51 49/49/49
f 2/2/2 50/50/50 52/52/52
f 49/49/49 51/51/51 52/52/52
f 49/49/49 52/52/52 50/50/50
f 1/1/1 53/53/53 51/51/51
f 2/2/2 52/52/52 54/54/54
f 51/51/51 53/53/53 54/54/54
f 51/51/51 54/54/54 52/52/52
f 1/1/1 55/55/55 53/53/53
f 2/2/2 54/54/54 56/56/56
f 53/53/53 55/55/55 56/56/56
f 53/53/53 56/56/56 54/54/54
f 1/1/1 57/57/57 55/55/55
f 2/2/2 56/56/56 58/58/58
f 55/55/55 57/57/57 58/58/58
f 55/55/55 58/58/58 56/56/56
f 1/1/1 59/59/59 57/57/57
f 2/2/2 58/58/58 60/60/60
f 57/57/57 59/59/59 60/60/60
f 57/57/57 60/60/60 58/58/58
f 1/1/1 61/61/61 59/59/59
f 2/2/2 60/60/60 62/62/62
f 59/59/59 61/61/61 62/62/62
f 59/59/59 62/62/62 60/60/60
f 1/1/1 63/63/63 61/61/61
f 2/2/2 62/62/62 64/64/64
f 61/61/61 63/63/63 64/64/64
f 61/61/61 64/64/64 62/62/62
f 1/1/1 65/65/65 63/63/63
f 2/2/2 64/64/64 66/66/66
f 63/63/63 65/65/65 66/66/66
f 63/63/63 66/66/66 64/64/64
f 1/1/1 67/67/67 65/65/65
f 2/2/2 66/66/66 68/68/68
f 65/65/65 67/67/67 68/68/68
f 65/65/65 68/68/68 66/66/66
f 1/1/1 69/69/69 67/67/67
f 2/2/2 68/68/68 70/70/70
f 67/67/67 69/69/69 70/70/70
f 67/67/67 70/70/70 68/68/68
f 1/1/1 71/71/71 69/69/69
f 2/2/2 70/70/70 72/72/72
f 69/69/69 71/71/71 72/72/72
f 69/69/69 72/72/72 70/70/70
f 1/1/1 73/73/73 71/71/71
f 2/2/2 72/72/72 74/74/74
f 71/71/71 73/73/73 74/74/74
f 71/71/71 74/74/74 72/72/72
f 1/1/1 3/3/3 73/73/73
f 2/2/2 74/74/74 4/4/4
f 73/73/73 3/3/3 4/4/4
f 73/73/73 4/4/4 74/74/74
g Glow_Cyan
usemtl Glow_Cyan
f 75/75/75 76/76/76 77/77/77
f 75/75/75 77/77/77 78/78/78
f 79/79/79 80/80/80 81/81/81
f 79/79/79 81/81/81 82/82/82
f 83/83/83 84/84/84 85/85/85
f 83/83/83 85/85/85 86/86/86
f 87/87/87 88/88/88 89/89/89
f 87/87/87 89/89/89 90/90/90
f 91/91/91 92/92/92 93/93/93
f 91/91/91 93/93/93 94/94/94
f 95/95/95 96/96/96 97/97/97
f 95/95/95 97/97/97 98/98/98
f 99/99/99 100/100/100 101/101/101
f 99/99/99 101/101/101 102/102/102
f 103/103/103 104/104/104 105/105/105
f 103/103/103 105/105/105 106/106/106
f 107/107/107 108/108/108 109/109/109
f 107/107/107 109/109/109 110/110/110
f 111/111/111 112/112/112 113/113/113
f 111/111/111 113/113/113 114/114/114
f 115/115/115 116/116/116 117/117/117
f 115/115/115 117/117/117 118/118/118
f 119/119/119 120/120/120 121/121/121
f 119/119/119 121/121/121 122/122/122
f 123/123/123 124/124/124 125/125/125
f 123/123/123 125/125/125 126/126/126
f 127/127/127 128/128/128 129/129/129
f 127/127/127 129/129/129 130/130/130
f 131/131/131 132/132/132 133/133/133
f 131/131/131 133/133/133 134/134/134
f 135/135/135 136/136/136 137/137/137
f 135/135/135 137/137/137 138/138/138
f 139/139/139 140/140/140 141/141/141
f 139/139/139 141/141/141 142/142/142
f 143/143/143 144/144/144 145/145/145
f 143/143/143 145/145/145 146/146/146
f 147/147/147 148/148/148 149/149/149
f 147/147/147 149/149/149 150/150/150
f 151/151/151 152/152/152 153/153/153
f 151/151/151 153/153/153 154/154/154
f 155/155/155 156/156/156 157/157/157
f 155/155/155 157/157/157 158/158/158
f 159/159/159 160/160/160 161/161/161
f 159/159/159 161/161/161 162/162/162
f 163/163/163 164/164/164 165/165/165
f 163/163/163 165/165/165 166/166/166
f 167/167/167 168/168/168 169/169/169
f 167/167/167 169/169/169 170/170/170
f 171/171/171 172/172/172 173/173/173
f 171/171/171 173/173/173 174/174/174
f 175/175/175 176/176/176 177/177/177
f 175/175/175 177/177/177 178/178/178
f 179/179/179 180/180/180 181/181/181
f 179/179/179 181/181/181 182/182/182
f 183/183/183 184/184/184 185/185/185
f 183/183/183 185/185/185 186/186/186
f 187/187/187 188/188/188 189/189/189
f 187/187/187 189/189/189 190/190/190
f 191/191/191 192/192/192 193/193/193
f 191/191/191 193/193/193 194/194/194
f 195/195/195 196/196/196 197/197/197
f 195/195/195 197/197/197 198/198/198
f 199/199/199 200/200/200 201/201/201
f 199/199/199 201/201/201 202/202/202
f 203/203/203 204/204/204 205/205/205
f 203/203/203 205/205/205 206/206/206
f 207/207/207 208/208/208 209/209/209
f 207/207/207 209/209/209 210/210/210
f 211/211/211 212/212/212 213/213/213
f 211/211/211 213/213/213 214/214/214
f 215/215/215 216/216/216 217/217/217
f 215/215/215 217/217/217 218/218/218
f 219/219/219 220/220/220 221/221/221
f 219/219/219 221/221/221 222/222/222
f 223/223/223 224/224/224 225/225/225
f 223/223/223 225/225/225 226/226/226
f 227/227/227 228/228/228 229/229/229
f 227/227/227 229/229/229 230/230/230
f 231/231/231 232/232/232 233/233/233
f 231/231/231 233/233/233 234/234/234
f 235/235/235 236/236/236 237/237/237
f 235/235/235 237/237/237 238/238/238
f 239/239/239 240/240/240 241/241/241
f 239/239/239 241/241/241 242/242/242
f 243/243/243 244/244/244 245/245/245
f 243/243/243 245/245/245 246/246/246
f 247/247/247 248/248/248 249/249/249
f 247/247/247 249/249/249 250/250/250
f 251/251/251 252/252/252 253/253/253
f 251/251/251 253/253/253 254/254/254
f 255/255/255 256/256/256 257/257/257
f 255/255/255 257/257/257 258/258/258
f 259/259/259 260/260/260 261/261/261
f 259/259/259 261/261/261 262/262/262
f 263/263/263 264/264/264 265/265/265
f 263/263/263 265/265/265 266/266/266
f 267/267/267 268/268/268 269/269/269
f 267/267/267 269/269/269 270/270/270
f 271/271/271 272/272/272 273/273/273
f 271/271/271 273/273/273 274/274/274
f 275/275/275 276/276/276 277/277/277
f 275/275/275 277/277/277 278/278/278
f 279/279/279 280/280/280 281/281/281
f 279/279/279 281/281/281 282/282/282
f 283/283/283 284/284/284 285/285/285
f 283/283/283 285/285/285 286/286/286
f 287/287/287 288/288/288 289/289/289
f 287/287/287 289/289/289 290/290/290
f 291/291/291 292/292/292 293/293/293
f 291/291/291 293/293/293 294/294/294
f 295/295/295 296/296/296 297/297/297
f 295/295/295 297/297/297 298/298/298
f 299/299/299 300/300/300 301/301/301
f 299/299/299 301/301/301 302/302/302
f 303/303/303 304/304/304 305/305/305
f 303/303/303 305/305/305 306/306/306
f 307/307/307 308/308/308 309/309/309
f 307/307/307 309/309/309 310/310/310
f 311/311/311 312/312/312 313/313/313
f 311/311/311 313/313/313 314/314/314
f 315/315/315 316/316/316 317/317/317
f 315/315/315 317/317/317 318/318/318
f 319/319/319 320/320/320 321/321/321
f 319/319/319 321/321/321 322/322/322
f 323/323/323 324/324/324 325/325/325
f 323/323/323 325/325/325 326/326/326
f 327/327/327 328/328/328 329/329/329
f 327/327/327 329/329/329 330/330/330
f 331/331/331 332/332/332 333/333/333
f 331/331/331 333/333/333 334/334/334
f 335/335/335 336/336/336 337/337/337
f 335/335/335 337/337/337 338/338/338
f 339/339/339 340/340/340 341/341/341
f 339/339/339 341/341/341 342/342/342
f 343/343/343 344/344/344 345/345/345
f 343/343/343 345/345/345 346/346/346
f 347/347/347 348/348/348 349/349/349
f 347/347/347 349/349/349 350/350/350
f 351/351/351 352/352/352 353/353/353
f 351/351/351 353/353/353 354/354/354
f 355/355/355 356/356/356 357/357/357
f 355/355/355 357/357/357 358/358/358
f 359/359/359 360/360/360 361/361/361
f 359/359/359 361/361/361 362/362/362
f 363/363/363 364/364/364 365/365/365
f 363/363/363 365/365/365 366/366/366
f 367/367/367 368/368/368 369/369/369
f 367/367/367 369/369/369 370/370/370
f 371/371/371 372/372/372 373/373/373
f 371/371/371 373/373/373 374/374/374
f 375/375/375 376/376/376 377/377/377
f 375/375/375 377/377/377 378/378/378
f 379/379/379 380/380/380 381/381/381
f 379/379/379 381/381/381 382/382/382
f 383/383/383 384/384/384 385/385/385
f 383/383/383 385/385/385 386/386/386
f 387/387/387 388/388/388 389/389/389
f 387/387/387 389/389/389 390/390/390
f 391/391/391 392/392/392 393/393/393
f 391/391/391 393/393/393 394/394/394
f 395/395/395 396/396/396 397/397/397
f 395/395/395 397/397/397 398/398/398
f 399/399/399 400/400/400 401/401/401
f 399/399/399 401/401/401 402/402/402
f 403/403/403 404/404/404 405/405/405
f 403/403/403 405/405/405 406/406/406
f 407/407/407 408/408/408 409/409/409
f 407/407/407 409/409/409 410/410/410
f 411/411/411 412/412/412 413/413/413
f 411/411/411 413/413/413 414/414/414
f 415/415/415 416/416/416 417/417/417
f 415/415/415 417/417/417 418/418/418
f 419/419/419 420/420/420 421/421/421
f 419/419/419 421/421/421 422/422/422
f 423/423/423 424/424/424 425/425/425
f 423/423/423 425/425/425 426/426/426
f 427/427/427 428/428/428 429/429/429
f 427/427/427 429/429/429 430/430/430
f 431/431/431 432/432/432 433/433/433
f 431/431/431 433/433/433 434/434/434
f 435/435/435 436/436/436 437/437/437
f 435/435/435 437/437/437 438/438/438
f 439/439/439 440/440/440 441/441/441
f 439/439/439 441/441/441 442/442/442
f 443/443/443 444/444/444 445/445/445
f 443/443/443 445/445/445 446/446/446
f 447/447/447 448/448/448 449/449/449
f 447/447/447 449/449/449 450/450/450
f 451/451/451 452/452/452 453/453/453
f 451/451/451 453/453/453 454/454/454
f 455/455/455 456/456/456 457/457/457
f 455/455/455 457/457/457 458/458/458
f 459/459/459 460/460/460 461/461/461
f 459/459/459 461/461/461 462/462/462
f 463/463/463 464/464/464 465/465/465
f 463/463/463 465/465/465 466/466/466
f 467/467/467 468/468/468 469/469/469
f 467/467/467 469/469/469 470/470/470
f 471/471/471 472/472/472 473/473/473
f 471/471/471 473/473/473 474/474/474
f 475/475/475 476/476/476 477/477/477
f 475/475/475 477/477/477 478/478/478
f 479/479/479 480/480/480 481/481/481
f 479/479/479 481/481/481 482/482/482
f 483/483/483 484/484/484 485/485/485
f 483/483/483 485/485/485 486/486/486
f 487/487/487 488/488/488 489/489/489
f 487/487/487 489/489/489 490/490/490
f 491/491/491 492/492/492 493/493/493
f 491/491/491 493/493/493 494/494/494
f 495/495/495 496/496/496 497/497/497
f 495/495/495 497/497/497 498/498/498
f 499/499/499 500/500/500 501/501/501
f 499/499/499 501/501/501 502/502/502
f 503/503/503 504/504/504 505/505/505
f 503/503/503 505/505/505 506/506/506
f 507/507/507 508/508/508 509/509/509
f 507/507/507 509/509/509 510/510/510
f 511/511/511 512/512/512 513/513/513
f 511/511/511 513/513/513 514/514/514
f 515/515/515 516/516/516 517/517/517
f 515/515/515 517/517/517 518/518/518
f 519/519/519 520/520/520 521/521/521
f 519/519/519 521/521/521 522/522/522
f 523/523/523 524/524/524 525/525/525
f 523/523/523 525/525/525 526/526/526
f 527/527/527 528/528/528 529/529/529
f 527/527/527 529/529/529 530/530/530
f 531/531/531 532/532/532 533/533/533
f 531/531/531 533/533/533 534/534/534
f 535/535/535 536/536/536 537/537/537
f 535/535/535 537/537/537 538/538/538
f 539/539/539 540/540/540 541/541/541
f 539/539/539 541/541/541 542/542/542
f 543/543/543 544/544/544 545/545/545
f 543/543/543 545/545/545 546/546/546
f 547/547/547 548/548/548 549/549/549
f 547/547/547 549/549/549 550/550/550
f 551/551/551 552/552/552 553/553/553
f 551/551/551 553/553/553 554/554/554
f 555/555/555 556/556/556 557/557/557
f 555/555/555 557/557/557 558/558/558
f 559/559/559 560/560/560 561/561/561
f 559/559/559 561/561/561 562/562/562
f 563/563/563 564/564/564 565/565/565
f 563/563/563 565/565/565 566/566/566
f 567/567/567 568/568/568 569/569/569
f 567/567/567 569/569/569 570/570/570
f 571/571/571 572/572/572 573/573/573
f 571/571/571 573/573/573 574/574/574
f 575/575/575 576/576/576 577/577/577
f 575/575/575 577/577/577 578/578/578
f 579/579/579 580/580/580 581/581/581
f 579/579/579 581/581/581 582/582/582
f 583/583/583 584/584/584 585/585/585
f 583/583/583 585/585/585 586/586/586
f 587/587/587 588/588/588 589/589/589
f 587/587/587 589/589/589 590/590/590
f 591/591/591 592/592/592 593/593/593
f 591/591/591 593/593/593 594/594/594
f 595/595/595 596/596/596 597/597/597
f 595/595/595 597/597/597 598/598/598
f 599/599/599 600/600/600 601/601/601
f 599/599/599 601/601/601 602/602/602
f 603/603/603 604/604/604 605/605/605
f 603/603/603 605/605/605 606/606/606
f 607/607/607 608/608/608 609/609/609
f 607/607/607 609/609/609 610/610/610
f 611/611/611 612/612/612 613/613/613
f 611/611/611 613/613/613 614/614/614
f 615/615/615 616/616/616 617/617/617
f 615/615/615 617/617/617 618/618/618
f 619/619/619 620/620/620 621/621/621
f 619/619/619 621/621/621 622/622/622
f 623/623/623 624/624/624 625/625/625
f 623/623/623 625/625/625 626/626/626
f 627/627/627 628/628/628 629/629/629
f 627/627/627 629/629/629 630/630/630
f 631/631/631 632/632/632 633/633/633
f 631/631/631 633/633/633 634/634/634
f 635/635/635 636/636/636 637/637/637
f 635/635/635 637/637/637 638/638/638
f 639/639/639 640/640/640 641/641/641
f 639/639/639 641/641/641 642/642/642
f 643/643/643 644/644/644 645/645/645
f 643/643/643 645/645/645 646/646/646
f 647/647/647 648/648/648 649/649/649
f 647/647/647 649/649/649 650/650/650
f 651/651/651 652/652/652 653/653/653
f 651/651/651 653/653/653 654/654/654
f 655/655/655 656/656/656 657/657/657
f 655/655/655 657/657/657 658/658/658
f 659/659/659 660/660/660 661/661/661
f 659/659/659 661/661/661 662/662/662
f 663/663/663 664/664/664 665/665/665
f 663/663/663 665/665/665 666/666/666
f 667/667/667 668/668/668 669/669/669
f 667/667/667 669/669/669 670/670/670
f 671/671/671 672/672/672 673/673/673
f 671/671/671 673/673/673 674/674/674
f 675/675/675 676/676/676 677/677/677
f 675/675/675 677/677/677 678/678/678
f 679/679/679 680/680/680 681/681/681
f 679/679/679 681/681/681 682/682/682
f 683/683/683 684/684/684 685/685/685
f 683/683/683 685/685/685 686/686/686
f 687/687/687 688/688/688 689/689/689
f 687/687/687 689/689/689 690/690/690
f 691/691/691 692/692/692 693/693/693
f 691/691/691 693/693/693 694/694/694
f 695/695/695 696/696/696 697/697/697
f 695/695/695 697/697/697 698/698/698
f 699/699/699 700/700/700 701/701/701
f 699/699/699 701/701/701 702/702/702
f 703/703/703 704/704/704 705/705/705
f 703/703/703 705/705/705 706/706/706
f 707/707/707 708/708/708 709/709/709
f 707/707/707 709/709/709 710/710/710
f 711/711/711 712/712/712 713/713/713
f 711/711/711 713/713/713 714/714/714
f 715/715/715 716/716/716 717/717/717
f 715/715/715 717/717/717 718/718/718
f 719/719/719 720/720/720 721/721/721
f 719/719/719 721/721/721 722/722/722
f 723/723/723 724/724/724 725/725/725
f 723/723/723 725/725/725 726/726/726
f 727/727/727 728/728/728 729/729/729
f 727/727/727 729/729/729 730/730/730
f 731/731/731 732/732/732 733/733/733
f 731/731/731 733/733/733 734/734/734
f 735/735/735 736/736/736 737/737/737
f 735/735/735 737/737/737 738/738/738
f 739/739/739 740/740/740 741/741/741
f 739/739/739 741/741/741 742/742/742
f 743/743/743 744/744/744 745/745/745
f 743/743/743 745/745/745 746/746/746
f 747/747/747 748/748/748 749/749/749
f 747/747/747 749/749/749 750/750/750
f 751/751/751 752/752/752 753/753/753
f 751/751/751 753/753/753 754/754/754
f 755/755/755 756/756/756 757/757/757
f 755/755/755 757/757/757 758/758/758
f 759/759/759 760/760/760 761/761/761
f 759/759/759 761/761/761 762/762/762
f 763/763/763 764/764/764 765/765/765
f 763/763/763 765/765/765 766/766/766
f 767/767/767 768/768/768 769/769/769
f 767/767/767 769/769/769 770/770/770
f 771/771/771 772/772/772 773/773/773
f 771/771/771 773/773/773 774/774/774
f 775/775/775 776/776/776 777/777/777
f 775/775/775 777/777/777 778/778/778
f 779/779/779 780/780/780 781/781/781
f 779/779/779 781/781/781 782/782/782
f 783/783/783 784/784/784 785/785/785
f 783/783/783 785/785/785 786/786/786
f 787/787/787 788/788/788 789/789/789
f 787/787/787 789/789/789 790/790/790
f 791/791/791 792/792/792 793/793/793
f 791/791/791 793/793/793 794/794/794
f 861/861/861 865/865/865 866/866/866
f 861/861/861 866/866/866 862/862/862
f 862/862/862 866/866/866 868/868/868
f 862/862/862 868/868/868 864/864/864
f 863/863/863 867/867/867 865/865/865
f 863/863/863 865/865/865 861/861/861
f 865/865/865 869/869/869 870/870/870
f 865/865/865 870/870/870 866/866/866
f 866/866/866 870/870/870 872/872/872
f 866/866/866 872/872/872 868/868/868
f 867/867/867 871/871/871 869/869/869
f 867/867/867 869/869/869 865/865/865
f 869/869/869 873/873/873 874/874/874
f 869/869/869 874/874/874 870/870/870
f 870/870/870 874/874/874 876/876/876
f 870/870/870 876/876/876 872/872/872
f 871/871/871 875/875/875 873/873/873
f 871/871/871 873/873/873 869/869/869
f 873/873/873 877/877/877 878/878/878
f 873/873/873 878/878/878 874/874/874
f 874/874/874 878/878/878 880/880/880
f 874/874/874 880/880/880 876/876/876
f 875/875/875 879/879/879 877/877/877
f 875/875/875 877/877/877 873/873/873
f 877/877/877 881/881/881 882/882/882
f 877/877/877 882/882/882 878/878/878
f 878/878/878 882/882/882 884/884/884
f 878/878/878 884/884/884 880/880/880
f 879/879/879 883/883/883 881/881/881
f 879/879/879 881/881/881 877/877/877
f 881/881/881 885/885/885 886/886/886
f 881/881/881 886/886/886 882/882/882
f 882/882/882 886/886/886 888/888/888
f 882/882/882 888/888/888 884/884/884
f 883/883/883 887/887/887 885/885/885
f 883/883/883 885/885/885 881/881/881
f 885/885/885 889/889/889 890/890/890
f 885/885/885 890/890/890 886/886/886
f 886/886/886 890/890/890 892/892/892
f 886/886/886 892/892/892 888/888/888
f 887/887/887 891/891/891 889/889/889
f 887/887/887 889/889/889 885/885/885
f 889/889/889 893/893/893 894/894/894
f 889/889/889 894/894/894 890/890/890
f 890/890/890 894/894/894 896/896/896
f 890/890/890 896/896/896 892/892/892
f 891/891/891 895/895/895 893/893/893
f 891/891/891 893/893/893 889/889/889
f 893/893/893 897/897/897 898/898/898
f 893/893/893 898/898/898 894/894/894
f 894/894/894 898/898/898 900/900/900
f 894/894/894 900/900/900 896/896/896
f 895/895/895 899/899/899 897/897/897
f 895/895/895 897/897/897 893/893/893
f 897/897/897 901/901/901 902/902/902
f 897/897/897 902/902/902 898/898/898
f 898/898/898 902/902/902 904/904/904
f 898/898/898 904/904/904 900/900/900
f 899/899/899 903/903/903 901/901/901
f 899/899/899 901/901/901 897/897/897
f 901/901/901 905/905/905 906/906/906
f 901/901/901 906/906/906 902/902/902
f 902/902/902 906/906/906 908/908/908
f 902/902/902 908/908/908 904/904/904
f 903/903/903 907/907/907 905/905/905
f 903/903/903 905/905/905 901/901/901
f 905/905/905 909/909/909 910/910/910
f 905/905/905 910/910/910 906/906/906
f 906/906/906 910/910/910 912/912/912
f 906/906/906 912/912/912 908/908/908
f 907/907/907 911/911/911 909/909/909
f 907/907/907 909/909/909 905/905/905
f 909/909/909 913/913/913 914/914/914
f 909/909/909 914/914/914 910/910/910
f 910/910/910 914/914/914 916/916/916
f 910/910/910 916/916/916 912/912/912
f 911/911/911 915/915/915 913/913/913
f 911/911/911 913/913/913 909/909/909
f 913/913/913 917/917/917 918/918/918
f 913/913/913 918/918/918 914/914/914
f 914/914/914 918/918/918 920/920/920
f 914/914/914 920/920/920 916/916/916
f 915/915/915 919/919/919 917/917/917
f 915/915/915 917/917/917 913/913/913
f 917/917/917 921/921/921 922/922/922
f 917/917/917 922/922/922 918/918/918
f 918/918/918 922/922/922 924/924/924
f 918/918/918 924/924/924 920/920/920
f 919/919/919 923/923/923 921/921/921
f 919/919/919 921/921/921 917/917/917
f 921/921/921 925/925/925 926/926/926
f 921/921/921 926/926/926 922/922/922
f 922/922/922 926/926/926 928/928/928
f 922/922/922 928/928/928 924/924/924
f 923/923/923 927/927/927 925/925/925
f 923/923/923 925/925/925 921/921/921
f 925/925/925 929/929/929 930/930/930
f 925/925/925 930/930/930 926/926/926
f 926/926/926 930/930/930 932/932/932
f 926/926/926 932/932/932 928/928/928
f 927/927/927 931/931/931 929/929/929
f 927/927/927 929/929/929 925/925/925
f 929/929/929 933/933/933 934/934/934
f 929/929/929 934/934/934 930/930/930
f 930/930/930 934/934/934 936/936/936
f 930/930/930 936/936/936 932/932/932
f 931/931/931 935/935/935 933/933/933
f 931/931/931 933/933/933 929/929/929
f 933/933/933 937/937/937 938/938/938
f 933/933/933 938/938/938 934/934/934
f 934/934/934 938/938/938 940/940/940
f 934/934/934 940/940/940 936/936/936
f 935/935/935 939/939/939 937/937/937
f 935/935/935 937/937/937 933/933/933
f 937/937/937 941/941/941 942/942/942
f 937/937/937 942/942/942 938/938/938
f 938/938/938 942/942/942 944/944/944
f 938/938/938 944/944/944 940/940/940
f 939/939/939 943/943/943 941/941/941
f 939/939/939 941/941/941 937/937/937
f 941/941/941 945/945/945 946/946/946
f 941/941/941 946/946/946 942/942/942
f 942/942/942 946/946/946 948/948/948
f 942/942/942 948/948/948 944/944/944
f 943/943/943 947/947/947 945/945/945
f 943/943/943 945/945/945 941/941/941
f 945/945/945 949/949/949 950/950/950
f 945/945/945 950/950/950 946/946/946
f 946/946/946 950/950/950 952/952/952
f 946/946/946 952/952/952 948/948/948
f 947/947/947 951/951/951 949/949/949
f 947/947/947 949/949/949 945/945/945
f 949/949/949 953/953/953 954/954/954
f 949/949/949 954/954/954 950/950/950
f 950/950/950 954/954/954 956/956/956
f 950/950/950 956/956/956 952/952/952
f 951/951/951 955/955/955 953/953/953
f 951/951/951 953/953/953 949/949/949
f 953/953/953 957/957/957 958/958/958
f 953/953/953 958/958/958 954/954/954
f 954/954/954 958/958/958 960/960/960
f 954/954/954 960/960/960 956/956/956
f 955/955/955 959/959/959 957/957/957
f 955/955/955 957/957/957 953/953/953
f 957/957/957 961/961/961 962/962/962
f 957/957/957 962/962/962 958/958/958
f 958/958/958 962/962/962 964/964/964
f 958/958/958 964/964/964 960/960/960
f 959/959/959 963/963/963 961/961/961
f 959/959/959 961/961/961 957/957/957
f 961/961/961 965/965/965 966/966/966
f 961/961/961 966/966/966 962/962/962
f 962/962/962 966/966/966 968/968/968
f 962/962/962 968/968/968 964/964/964
f 963/963/963 967/967/967 965/965/965
f 963/963/963 965/965/965 961/961/961
f 965/965/965 969/969/969 970/970/970
f 965/965/965 970/970/970 966/966/966
f 966/966/966 970/970/970 972/972/972
f 966/966/966 972/972/972 968/968/968
f 967/967/967 971/971/971 969/969/969
f 967/967/967 969/969/969 965/965/965
f 969/969/969 973/973/973 974/974/974
f 969/969/969 974/974/974 970/970/970
f 970/970/970 974/974/974 976/976/976
f 970/970/970 976/976/976 972/972/972
f 971/971/971 975/975/975 973/973/973
f 971/971/971 973/973/973 969/969/969
f 973/973/973 977/977/977 978/978/978
f 973/973/973 978/978/978 974/974/974
f 974/974/974 978/978/978 980/980/980
f 974/974/974 980/980/980 976/976/976
f 975/975/975 979/979/979 977/977/977
f 975/975/975 977/977/977 973/973/973
f 977/977/977 981/981/981 982/982/982
f 977/977/977 982/982/982 978/978/978
f 978/978/978 982/982/982 984/984/984
f 978/978/978 984/984/984 980/980/980
f 979/979/979 983/983/983 981/981/981
f 979/979/979 981/981/981 977/977/977
f 981/981/981 985/985/985 986/986/986
f 981/981/981 986/986/986 982/982/982
f 982/982/982 986/986/986 988/988/988
f 982/982/982 988/988/988 984/984/984
f 983/983/983 987/987/987 985/985/985
f 983/983/983 985/985/985 981/981/981
f 985/985/985 861/861/861 862/862/862
f 985/985/985 862/862/862 986/986/986
f 986/986/986 862/862/862 864/864/864
f 986/986/986 864/864/864 988/988/988
f 987/987/987 863/863/863 861/861/861
f 987/987/987 861/861/861 985/985/985
f 989/989/989 993/993/993 994/994/994
f 989/989/989 994/994/994 990/990/990
f 990/990/990 994/994/994 996/996/996
f 990/990/990 996/996/996 992/992/992
f 991/991/991 995/995/995 993/993/993
f 991/991/991 993/993/993 989/989/989
f 993/993/993 997/997/997 998/998/998
f 993/993/993 998/998/998 994/994/994
f 994/994/994 998/998/998 1000/1000/1000
f 994/994/994 1000/1000/1000 996/996/996
f 995/995/995 999/999/999 997/997/997
f 995/995/995 997/997/997 993/993/993
f 997/997/997 1001/1001/1001 1002/1002/1002
f 997/997/997 1002/1002/1002 998/998/998
f 998/998/998 1002/1002/1002 1004/1004/1004
f 998/998/998 1004/1004/1004 1000/1000/1000
f 999/999/999 1003/1003/1003 1001/1001/1001
f 999/999/999 1001/1001/1001 997/997/997
f 1001/1001/1001 1005/1005/1005 1006/1006/1006
f 1001/1001/1001 1006/1006/1006 1002/1002/1002
f 1002/1002/1002 1006/1006/1006 1008/1008/1008
f 1002/1002/1002 1008/1008/1008 1004/1004/1004
f 1003/1003/1003 1007/1007/1007 1005/1005/1005
f 1003/1003/1003 1005/1005/1005 1001/1001/1001
f 1005/1005/1005 1009/1009/1009 1010/1010/1010
f 1005/1005/1005 1010/1010/1010 1006/1006/1006
f 1006/1006/1006 1010/1010/1010 1012/1012/1012
f 1006/1006/1006 1012/1012/1012 1008/1008/1008
f 1007/1007/1007 1011/1011/1011 1009/1009/1009
f 1007/1007/1007 1009/1009/1009 1005/1005/1005
f 1009/1009/1009 1013/1013/1013 1014/1014/1014
f 1009/1009/1009 1014/1014/1014 1010/1010/1010
f 1010/1010/1010 1014/1014/1014 1016/1016/1016
f 1010/1010/1010 1016/1016/1016 1012/1012/1012
f 1011/1011/1011 1015/1015/1015 1013/1013/1013
f 1011/1011/1011 1013/1013/1013 1009/1009/1009
f 1013/1013/1013 1017/1017/1017 1018/1018/1018
f 1013/1013/1013 1018/1018/1018 1014/1014/1014
f 1014/1014/1014 1018/1018/1018 1020/1020/1020
f 1014/1014/1014 1020/1020/1020 1016/1016/1016
f 1015/1015/1015 1019/1019/1019 1017/1017/1017
f 1015/1015/1015 1017/1017/1017 1013/1013/1013
f 1017/1017/1017 1021/1021/1021 1022/1022/1022
f 1017/1017/1017 1022/1022/1022 1018/1018/1018
f 1018/1018/1018 1022/1022/1022 1024/1024/1024
f 1018/1018/1018 1024/1024/1024 1020/1020/1020
f 1019/1019/1019 1023/1023/1023 1021/1021/1021
f 1019/1019/1019 1021/1021/1021 1017/1017/1017
f 1021/1021/1021 1025/1025/1025 1026/1026/1026
f 1021/1021/1021 1026/1026/1026 1022/1022/1022
f 1022/1022/1022 1026/1026/1026 1028/1028/1028
f 1022/1022/1022 1028/1028/1028 1024/1024/1024
f 1023/1023/1023 1027/1027/1027 1025/1025/1025
f 1023/1023/1023 1025/1025/1025 1021/1021/1021
f 1025/1025/1025 1029/1029/1029 1030/1030/1030
f 1025/1025/1025 1030/1030/1030 1026/1026/1026
f 1026/1026/1026 1030/1030/1030 1032/1032/1032
f 1026/1026/1026 1032/1032/1032 1028/1028/1028
f 1027/1027/1027 1031/1031/1031 1029/1029/1029
f 1027/1027/1027 1029/1029/1029 1025/1025/1025
f 1029/1029/1029 1033/1033/1033 1034/1034/1034
f 1029/1029/1029 1034/1034/1034 1030/1030/1030
f 1030/1030/1030 1034/1034/1034 1036/1036/1036
f 1030/1030/1030 1036/1036/1036 1032/1032/1032
f 1031/1031/1031 1035/1035/1035 1033/1033/1033
f 1031/1031/1031 1033/1033/1033 1029/1029/1029
f 1033/1033/1033 1037/1037/1037 1038/1038/1038
f 1033/1033/1033 1038/1038/1038 1034/1034/1034
f 1034/1034/1034 1038/1038/1038 1040/1040/1040
f 1034/1034/1034 1040/1040/1040 1036/1036/1036
f 1035/1035/1035 1039/1039/1039 1037/1037/1037
f 1035/1035/1035 1037/1037/1037 1033/1033/1033
f 1037/1037/1037 1041/1041/1041 1042/1042/1042
f 1037/1037/1037 1042/1042/1042 1038/1038/1038
f 1038/1038/1038 1042/1042/1042 1044/1044/1044
f 1038/1038/1038 1044/1044/1044 1040/1040/1040
f 1039/1039/1039 1043/1043/1043 1041/1041/1041
f 1039/1039/1039 1041/1041/1041 1037/1037/1037
f 1041/1041/1041 1045/1045/1045 1046/1046/1046
f 1041/1041/1041 1046/1046/1046 1042/1042/1042
f 1042/1042/1042 1046/1046/1046 1048/1048/1048
f 1042/1042/1042 1048/1048/1048 1044/1044/1044
f 1043/1043/1043 1047/1047/1047 1045/1045/1045
f 1043/1043/1043 1045/1045/1045 1041/1041/1041
f 1045/1045/1045 1049/1049/1049 1050/1050/1050
f 1045/1045/1045 1050/1050/1050 1046/1046/1046
f 1046/1046/1046 1050/1050/1050 1052/1052/1052
f 1046/1046/1046 1052/1052/1052 1048/1048/1048
f 1047/1047/1047 1051/1051/1051 1049/1049/1049
f 1047/1047/1047 1049/1049/1049 1045/1045/1045
f 1049/1049/1049 1053/1053/1053 1054/1054/1054
f 1049/1049/1049 1054/1054/1054 1050/1050/1050
f 1050/1050/1050 1054/1054/1054 1056/1056/1056
f 1050/1050/1050 1056/1056/1056 1052/1052/1052
f 1051/1051/1051 1055/1055/1055 1053/1053/1053
f 1051/1051/1051 1053/1053/1053 1049/1049/1049
f 1053/1053/1053 1057/1057/1057 1058/1058/1058
f 1053/1053/1053 1058/1058/1058 1054/1054/1054
f 1054/1054/1054 1058/1058/1058 1060/1060/1060
f 1054/1054/1054 1060/1060/1060 1056/1056/1056
f 1055/1055/1055 1059/1059/1059 1057/1057/1057
f 1055/1055/1055 1057/1057/1057 1053/1053/1053
f 1057/1057/1057 1061/1061/1061 1062/1062/1062
f 1057/1057/1057 1062/1062/1062 1058/1058/1058
f 1058/1058/1058 1062/1062/1062 1064/1064/1064
f 1058/1058/1058 1064/1064/1064 1060/1060/1060
f 1059/1059/1059 1063/1063/1063 1061/1061/1061
f 1059/1059/1059 1061/1061/1061 1057/1057/1057
f 1061/1061/1061 1065/1065/1065 1066/1066/1066
f 1061/1061/1061 1066/1066/1066 1062/1062/1062
f 1062/1062/1062 1066/1066/1066 1068/1068/1068
f 1062/1062/1062 1068/1068/1068 1064/1064/1064
f 1063/1063/1063 1067/1067/1067 1065/1065/1065
f 1063/1063/1063 1065/1065/1065 1061/1061/1061
f 1065/1065/1065 1069/1069/1069 1070/1070/1070
f 1065/1065/1065 1070/1070/1070 1066/1066/1066
f 1066/1066/1066 1070/1070/1070 1072/1072/1072
f 1066/1066/1066 1072/1072/1072 1068/1068/1068
f 1067/1067/1067 1071/1071/1071 1069/1069/1069
f 1067/1067/1067 1069/1069/1069 1065/1065/1065
f 1069/1069/1069 1073/1073/1073 1074/1074/1074
f 1069/1069/1069 1074/1074/1074 1070/1070/1070
f 1070/1070/1070 1074/1074/1074 1076/1076/1076
f 1070/1070/1070 1076/1076/1076 1072/1072/1072
f 1071/1071/1071 1075/1075/1075 1073/1073/1073
f 1071/1071/1071 1073/1073/1073 1069/1069/1069
f 1073/1073/1073 1077/1077/1077 1078/1078/1078
f 1073/1073/1073 1078/1078/1078 1074/1074/1074
f 1074/1074/1074 1078/1078/1078 1080/1080/1080
f 1074/1074/1074 1080/1080/1080 1076/1076/1076
f 1075/1075/1075 1079/1079/1079 1077/1077/1077
f 1075/1075/1075 1077/1077/1077 1073/1073/1073
f 1077/1077/1077 1081/1081/1081 1082/1082/1082
f 1077/1077/1077 1082/1082/1082 1078/1078/1078
f 1078/1078/1078 1082/1082/1082 1084/1084/1084
f 1078/1078/1078 1084/1084/1084 1080/1080/1080
f 1079/1079/1079 1083/1083/1083 1081/1081/1081
f 1079/1079/1079 1081/1081/1081 1077/1077/1077
f 1081/1081/1081 989/989/989 990/990/990
f 1081/1081/1081 990/990/990 1082/1082/1082
f 1082/1082/1082 990/990/990 992/992/992
f 1082/1082/1082 992/992/992 1084/1084/1084
f 1083/1083/1083 991/991/991 989/989/989
f 1083/1083/1083 989/989/989 1081/1081/1081
f 1085/1085/1085 1086/1086/1086 1087/1087/1087
f 1085/1085/1085 1087/1087/1087 1088/1088/1088
f 1089/1089/1089 1090/1090/1090 1091/1091/1091
f 1089/1089/1089 1091/1091/1091 1092/1092/1092
f 1093/1093/1093 1094/1094/1094 1095/1095/1095
f 1093/1093/1093 1095/1095/1095 1096/1096/1096
f 1097/1097/1097 1098/1098/1098 1099/1099/1099
f 1097/1097/1097 1099/1099/1099 1100/1100/1100
f 1101/1101/1101 1102/1102/1102 1103/1103/1103
f 1101/1101/1101 1103/1103/1103 1104/1104/1104
f 1105/1105/1105 1106/1106/1106 1107/1107/1107
f 1105/1105/1105 1107/1107/1107 1108/1108/1108
f 1109/1109/1109 1110/1110/1110 1111/1111/1111
f 1109/1109/1109 1111/1111/1111 1112/1112/1112
f 1113/1113/1113 1114/1114/1114 1115/1115/1115
f 1113/1113/1113 1115/1115/1115 1116/1116/1116
f 1117/1117/1117 1118/1118/1118 1119/1119/1119
f 1117/1117/1117 1119/1119/1119 1120/1120/1120
f 1121/1121/1121 1122/1122/1122 1123/1123/1123
f 1121/1121/1121 1123/1123/1123 1124/1124/1124
f 1125/1125/1125 1126/1126/1126 1127/1127/1127
f 1125/1125/1125 1127/1127/1127 1128/1128/1128
f 1129/1129/1129 1130/1130/1130 1131/1131/1131
f 1129/1129/1129 1131/1131/1131 1132/1132/1132
f 1183/1183/1183 1187/1187/1187 1188/1188/1188
f 1183/1183/1183 1188/1188/1188 1184/1184/1184
f 1184/1184/1184 1188/1188/1188 1190/1190/1190
f 1184/1184/1184 1190/1190/1190 1186/1186/1186
f 1185/1185/1185 1189/1189/1189 1187/1187/1187
f 1185/1185/1185 1187/1187/1187 1183/1183/1183
f 1187/1187/1187 1191/1191/1191 1192/1192/1192
f 1187/1187/1187 1192/1192/1192 1188/1188/1188
f 1188/1188/1188 1192/1192/1192 1194/1194/1194
f 1188/1188/1188 1194/1194/1194 1190/1190/1190
f 1189/1189/1189 1193/1193/1193 1191/1191/1191
f 1189/1189/1189 1191/1191/1191 1187/1187/1187
f 1191/1191/1191 1195/1195/1195 1196/1196/1196
f 1191/1191/1191 1196/1196/1196 1192/1192/1192
f 1192/1192/1192 1196/1196/1196 1198/1198/1198
f 1192/1192/1192 1198/1198/1198 1194/1194/1194
f 1193/1193/1193 1197/1197/1197 1195/1195/1195
f 1193/1193/1193 1195/1195/1195 1191/1191/1191
f 1195/1195/1195 1199/1199/1199 1200/1200/1200
f 1195/1195/1195 1200/1200/1200 1196/1196/1196
f 1196/1196/1196 1200/1200/1200 1202/1202/1202
f 1196/1196/1196 1202/1202/1202 1198/1198/1198
f 1197/1197/1197 1201/1201/1201 1199/1199/1199
f 1197/1197/1197 1199/1199/1199 1195/1195/1195
f 1199/1199/1199 1203/1203/1203 1204/1204/1204
f 1199/1199/1199 1204/1204/1204 1200/1200/1200
f 1200/1200/1200 1204/1204/1204 1206/1206/1206
f 1200/1200/1200 1206/1206/1206 1202/1202/1202
f 1201/1201/1201 1205/1205/1205 1203/1203/1203
f 1201/1201/1201 1203/1203/1203 1199/1199/1199
f 1203/1203/1203 1207/1207/1207 1208/1208/1208
f 1203/1203/1203 1208/1208/1208 1204/1204/1204
f 1204/1204/1204 1208/1208/1208 1210/1210/1210
f 1204/1204/1204 1210/1210/1210 1206/1206/1206
f 1205/1205/1205 1209/1209/1209 1207/1207/1207
f 1205/1205/1205 1207/1207/1207 1203/1203/1203
f 1207/1207/1207 1211/1211/1211 1212/1212/1212
f 1207/1207/1207 1212/1212/1212 1208/1208/1208
f 1208/1208/1208 1212/1212/1212 1214/1214/1214
f 1208/1208/1208 1214/1214/1214 1210/1210/1210
f 1209/1209/1209 1213/1213/1213 1211/1211/1211
f 1209/1209/1209 1211/1211/1211 1207/1207/1207
f 1211/1211/1211 1215/1215/1215 1216/1216/1216
f 1211/1211/1211 1216/1216/1216 1212/1212/1212
f 1212/1212/1212 1216/1216/1216 1218/1218/1218
f 1212/1212/1212 1218/1218/1218 1214/1214/1214
f 1213/1213/1213 1217/1217/1217 1215/1215/1215
f 1213/1213/1213 1215/1215/1215 1211/1211/1211
f 1215/1215/1215 1219/1219/1219 1220/1220/1220
f 1215/1215/1215 1220/1220/1220 1216/1216/1216
f 1216/1216/1216 1220/1220/1220 1222/1222/1222
f 1216/1216/1216 1222/1222/1222 1218/1218/1218
f 1217/1217/1217 1221/1221/1221 1219/1219/1219
f 1217/1217/1217 1219/1219/1219 1215/1215/1215
f 1219/1219/1219 1223/1223/1223 1224/1224/1224
f 1219/1219/1219 1224/1224/1224 1220/1220/1220
f 1220/1220/1220 1224/1224/1224 1226/1226/1226
f 1220/1220/1220 1226/1226/1226 1222/1222/1222
f 1221/1221/1221 1225/1225/1225 1223/1223/1223
f 1221/1221/1221 1223/1223/1223 1219/1219/1219
f 1223/1223/1223 1227/1227/1227 1228/1228/1228
f 1223/1223/1223 1228/1228/1228 1224/1224/1224
f 1224/1224/1224 1228/1228/1228 1230/1230/1230
f 1224/1224/1224 1230/1230/1230 1226/1226/1226
f 1225/1225/1225 1229/1229/1229 1227/1227/1227
f 1225/1225/1225 1227/1227/1227 1223/1223/1223
f 1227/1227/1227 1231/1231/1231 1232/1232/1232
f 1227/1227/1227 1232/1232/1232 1228/1228/1228
f 1228/1228/1228 1232/1232/1232 1234/1234/1234
f 1228/1228/1228 1234/1234/1234 1230/1230/1230
f 1229/1229/1229 1233/1233/1233 1231/1231/1231
f 1229/1229/1229 1231/1231/1231 1227/1227/1227
f 1231/1231/1231 1235/1235/1235 1236/1236/1236
f 1231/1231/1231 1236/1236/1236 1232/1232/1232
f 1232/1232/1232 1236/1236/1236 1238/1238/1238
f 1232/1232/1232 1238/1238/1238 1234/1234/1234
f 1233/1233/1233 1237/1237/1237 1235/1235/1235
f 1233/1233/1233 1235/1235/1235 1231/1231/1231
f 1235/1235/1235 1239/1239/1239 1240/1240/1240
f 1235/1235/1235 1240/1240/1240 1236/1236/1236
f 1236/1236/1236 1240/1240/1240 1242/1242/1242
f 1236/1236/1236 1242/1242/1242 1238/1238/1238
f 1237/1237/1237 1241/1241/1241 1239/1239/1239
f 1237/1237/1237 1239/1239/1239 1235/1235/1235
f 1239/1239/1239 1243/1243/1243 1244/1244/1244
f 1239/1239/1239 1244/1244/1244 1240/1240/1240
f 1240/1240/1240 1244/1244/1244 1246/1246/1246
f 1240/1240/1240 1246/1246/1246 1242/1242/1242
f 1241/1241/1241 1245/1245/1245 1243/1243/1243
f 1241/1241/1241 1243/1243/1243 1239/1239/1239
f 1243/1243/1243 1247/1247/1247 1248/1248/1248
f 1243/1243/1243 1248/1248/1248 1244/1244/1244
f 1244/1244/1244 1248/1248/1248 1250/1250/1250
f 1244/1244/1244 1250/1250/1250 1246/1246/1246
f 1245/1245/1245 1249/1249/1249 1247/1247/1247
f 1245/1245/1245 1247/1247/1247 1243/1243/1243
f 1247/1247/1247 1251/1251/1251 1252/1252/1252
f 1247/1247/1247 1252/1252/1252 1248/1248/1248
f 1248/1248/1248 1252/1252/1252 1254/1254/1254
f 1248/1248/1248 1254/1254/1254 1250/1250/1250
f 1249/1249/1249 1253/1253/1253 1251/1251/1251
f 1249/1249/1249 1251/1251/1251 1247/1247/1247
f 1251/1251/1251 1255/1255/1255 1256/1256/1256
f 1251/1251/1251 1256/1256/1256 1252/1252/1252
f 1252/1252/1252 1256/1256/1256 1258/1258/1258
f 1252/1252/1252 1258/1258/1258 1254/1254/1254
f 1253/1253/1253 1257/1257/1257 1255/1255/1255
f 1253/1253/1253 1255/1255/1255 1251/1251/1251
f 1255/1255/1255 1259/1259/1259 1260/1260/1260
f 1255/1255/1255 1260/1260/1260 1256/1256/1256
f 1256/1256/1256 1260/1260/1260 1262/1262/1262
f 1256/1256/1256 1262/1262/1262 1258/1258/1258
f 1257/1257/1257 1261/1261/1261 1259/1259/1259
f 1257/1257/1257 1259/1259/1259 1255/1255/1255
f 1259/1259/1259 1263/1263/1263 1264/1264/1264
f 1259/1259/1259 1264/1264/1264 1260/1260/1260
f 1260/1260/1260 1264/1264/1264 1266/1266/1266
f 1260/1260/1260 1266/1266/1266 1262/1262/1262
f 1261/1261/1261 1265/1265/1265 1263/1263/1263
f 1261/1261/1261 1263/1263/1263 1259/1259/1259
f 1263/1263/1263 1267/1267/1267 1268/1268/1268
f 1263/1263/1263 1268/1268/1268 1264/1264/1264
f 1264/1264/1264 1268/1268/1268 1270/1270/1270
f 1264/1264/1264 1270/1270/1270 1266/1266/1266
f 1265/1265/1265 1269/1269/1269 1267/1267/1267
f 1265/1265/1265 1267/1267/1267 1263/1263/1263
f 1267/1267/1267 1271/1271/1271 1272/1272/1272
f 1267/1267/1267 1272/1272/1272 1268/1268/1268
f 1268/1268/1268 1272/1272/1272 1274/1274/1274
f 1268/1268/1268 1274/1274/1274 1270/1270/1270
f 1269/1269/1269 1273/1273/1273 1271/1271/1271
f 1269/1269/1269 1271/1271/1271 1267/1267/1267
f 1271/1271/1271 1275/1275/1275 1276/1276/1276
f 1271/1271/1271 1276/1276/1276 1272/1272/1272
f 1272/1272/1272 1276/1276/1276 1278/1278/1278
f 1272/1272/1272 1278/1278/1278 1274/1274/1274
f 1273/1273/1273 1277/1277/1277 1275/1275/1275
f 1273/1273/1273 1275/1275/1275 1271/1271/1271
f 1275/1275/1275 1183/1183/1183 1184/1184/1184
f 1275/1275/1275 1184/1184/1184 1276/1276/1276
f 1276/1276/1276 1184/1184/1184 1186/1186/1186
f 1276/1276/1276 1186/1186/1186 1278/1278/1278
f 1277/1277/1277 1185/1185/1185 1183/1183/1183
f 1277/1277/1277 1183/1183/1183 1275/1275/1275
f 1313/1313/1313 1317/1317/1317 1318/1318/1318
f 1313/1313/1313 1318/1318/1318 1314/1314/1314
f 1314/1314/1314 1318/1318/1318 1320/1320/1320
f 1314/1314/1314 1320/1320/1320 1316/1316/1316
f 1315/1315/1315 1319/1319/1319 1317/1317/1317
f 1315/1315/1315 1317/1317/1317 1313/1313/1313
f 1317/1317/1317 1321/1321/1321 1322/1322/1322
f 1317/1317/1317 1322/1322/1322 1318/1318/1318
f 1318/1318/1318 1322/1322/1322 1324/1324/1324
f 1318/1318/1318 1324/1324/1324 1320/1320/1320
f 1319/1319/1319 1323/1323/1323 1321/1321/1321
f 1319/1319/1319 1321/1321/1321 1317/1317/1317
f 1321/1321/1321 1325/1325/1325 1326/1326/1326
f 1321/1321/1321 1326/1326/1326 1322/1322/1322
f 1322/1322/1322 1326/1326/1326 1328/1328/1328
f 1322/1322/1322 1328/1328/1328 1324/1324/1324
f 1323/1323/1323 1327/1327/1327 1325/1325/1325
f 1323/1323/1323 1325/1325/1325 1321/1321/1321
f 1325/1325/1325 1329/1329/1329 1330/1330/1330
f 1325/1325/1325 1330/1330/1330 1326/1326/1326
f 1326/1326/1326 1330/1330/1330 1332/1332/1332
f 1326/1326/1326 1332/1332/1332 1328/1328/1328
f 1327/1327/1327 1331/1331/1331 1329/1329/1329
f 1327/1327/1327 1329/1329/1329 1325/1325/1325
f 1329/1329/1329 1333/1333/1333 1334/1334/1334
f 1329/1329/1329 1334/1334/1334 1330/1330/1330
f 1330/1330/1330 1334/1334/1334 1336/1336/1336
f 1330/1330/1330 1336/1336/1336 1332/1332/1332
f 1331/1331/1331 1335/1335/1335 1333/1333/1333
f 1331/1331/1331 1333/1333/1333 1329/1329/1329
f 1333/1333/1333 1337/1337/1337 1338/1338/1338
f 1333/1333/1333 1338/1338/1338 1334/1334/1334
f 1334/1334/1334 1338/1338/1338 1340/1340/1340
f 1334/1334/1334 1340/1340/1340 1336/1336/1336
f 1335/1335/1335 1339/1339/1339 1337/1337/1337
f 1335/1335/1335 1337/1337/1337 1333/1333/1333
f 1337/1337/1337 1341/1341/1341 1342/1342/1342
f 1337/1337/1337 1342/1342/1342 1338/1338/1338
f 1338/1338/1338 1342/1342/1342 1344/1344/1344
f 1338/1338/1338 1344/1344/1344 1340/1340/1340
f 1339/1339/1339 1343/1343/1343 1341/1341/1341
f 1339/1339/1339 1341/1341/1341 1337/1337/1337
f 1341/1341/1341 1345/1345/1345 1346/1346/1346
f 1341/1341/1341 1346/1346/1346 1342/1342/1342
f 1342/1342/1342 1346/1346/1346 1348/1348/1348
f 1342/1342/1342 1348/1348/1348 1344/1344/1344
f 1343/1343/1343 1347/1347/1347 1345/1345/1345
f 1343/1343/1343 1345/1345/1345 1341/1341/1341
f 1345/1345/1345 1349/1349/1349 1350/1350/1350
f 1345/1345/1345 1350/1350/1350 1346/1346/1346
f 1346/1346/1346 1350/1350/1350 1352/1352/1352
f 1346/1346/1346 1352/1352/1352 1348/1348/1348
f 1347/1347/1347 1351/1351/1351 1349/1349/1349
f 1347/1347/1347 1349/1349/1349 1345/1345/1345
f 1349/1349/1349 1353/1353/1353 1354/1354/1354
f 1349/1349/1349 1354/1354/1354 1350/1350/1350
f 1350/1350/1350 1354/1354/1354 1356/1356/1356
f 1350/1350/1350 1356/1356/1356 1352/1352/1352
f 1351/1351/1351 1355/1355/1355 1353/1353/1353
f 1351/1351/1351 1353/1353/1353 1349/1349/1349
f 1353/1353/1353 1357/1357/1357 1358/1358/1358
f 1353/1353/1353 1358/1358/1358 1354/1354/1354
f 1354/1354/1354 1358/1358/1358 1360/1360/1360
f 1354/1354/1354 1360/1360/1360 1356/1356/1356
f 1355/1355/1355 1359/1359/1359 1357/1357/1357
f 1355/1355/1355 1357/1357/1357 1353/1353/1353
f 1357/1357/1357 1361/1361/1361 1362/1362/1362
f 1357/1357/1357 1362/1362/1362 1358/1358/1358
f 1358/1358/1358 1362/1362/1362 1364/1364/1364
f 1358/1358/1358 1364/1364/1364 1360/1360/1360
f 1359/1359/1359 1363/1363/1363 1361/1361/1361
f 1359/1359/1359 1361/1361/1361 1357/1357/1357
f 1361/1361/1361 1365/1365/1365 1366/1366/1366
f 1361/1361/1361 1366/1366/1366 1362/1362/1362
f 1362/1362/1362 1366/1366/1366 1368/1368/1368
f 1362/1362/1362 1368/1368/1368 1364/1364/1364
f 1363/1363/1363 1367/1367/1367 1365/1365/1365
f 1363/1363/1363 1365/1365/1365 1361/1361/1361
f 1365/1365/1365 1369/1369/1369 1370/1370/1370
f 1365/1365/1365 1370/1370/1370 1366/1366/1366
f 1366/1366/1366 1370/1370/1370 1372/1372/1372
f 1366/1366/1366 1372/1372/1372 1368/1368/1368
f 1367/1367/1367 1371/1371/1371 1369/1369/1369
f 1367/1367/1367 1369/1369/1369 1365/1365/1365
f 1369/1369/1369 1373/1373/1373 1374/1374/1374
f 1369/1369/1369 1374/1374/1374 1370/1370/1370
f 1370/1370/1370 1374/1374/1374 1376/1376/1376
f 1370/1370/1370 1376/1376/1376 1372/1372/1372
f 1371/1371/1371 1375/1375/1375 1373/1373/1373
f 1371/1371/1371 1373/1373/1373 1369/1369/1369
f 1373/1373/1373 1313/1313/1313 1314/1314/1314
f 1373/1373/1373 1314/1314/1314 1374/1374/1374
f 1374/1374/1374 1314/1314/1314 1316/1316/1316
f 1374/1374/1374 1316/1316/1316 1376/1376/1376
f 1375/1375/1375 1315/1315/1315 1313/1313/1313
f 1375/1375/1375 1313/1313/1313 1373/1373/1373
f 1411/1411/1411 1415/1415/1415 1416/1416/1416
f 1411/1411/1411 1416/1416/1416 1412/1412/1412
f 1412/1412/1412 1416/1416/1416 1418/1418/1418
f 1412/1412/1412 1418/1418/1418 1414/1414/1414
f 1413/1413/1413 1417/1417/1417 1415/1415/1415
f 1413/1413/1413 1415/1415/1415 1411/1411/1411
f 1415/1415/1415 1419/1419/1419 1420/1420/1420
f 1415/1415/1415 1420/1420/1420 1416/1416/1416
f 1416/1416/1416 1420/1420/1420 1422/1422/1422
f 1416/1416/1416 1422/1422/1422 1418/1418/1418
f 1417/1417/1417 1421/1421/1421 1419/1419/1419
f 1417/1417/1417 1419/1419/1419 1415/1415/1415
f 1419/1419/1419 1423/1423/1423 1424/1424/1424
f 1419/1419/1419 1424/1424/1424 1420/1420/1420
f 1420/1420/1420 1424/1424/1424 1426/1426/1426
f 1420/1420/1420 1426/1426/1426 1422/1422/1422
f 1421/1421/1421 1425/1425/1425 1423/1423/1423
f 1421/1421/1421 1423/1423/1423 1419/1419/1419
f 1423/1423/1423 1427/1427/1427 1428/1428/1428
f 1423/1423/1423 1428/1428/1428 1424/1424/1424
f 1424/1424/1424 1428/1428/1428 1430/1430/1430
f 1424/1424/1424 1430/1430/1430 1426/1426/1426
f 1425/1425/1425 1429/1429/1429 1427/1427/1427
f 1425/1425/1425 1427/1427/1427 1423/1423/1423
f 1427/1427/1427 1431/1431/1431 1432/1432/1432
f 1427/1427/1427 1432/1432/1432 1428/1428/1428
f 1428/1428/1428 1432/1432/1432 1434/1434/1434
f 1428/1428/1428 1434/1434/1434 1430/1430/1430
f 1429/1429/1429 1433/1433/1433 1431/1431/1431
f 1429/1429/1429 1431/1431/1431 1427/1427/1427
f 1431/1431/1431 1435/1435/1435 1436/1436/1436
f 1431/1431/1431 1436/1436/1436 1432/1432/1432
f 1432/1432/1432 1436/1436/1436 1438/1438/1438
f 1432/1432/1432 1438/1438/1438 1434/1434/1434
f 1433/1433/1433 1437/1437/1437 1435/1435/1435
f 1433/1433/1433 1435/1435/1435 1431/1431/1431
f 1435/1435/1435 1439/1439/1439 1440/1440/1440
f 1435/1435/1435 1440/1440/1440 1436/1436/1436
f 1436/1436/1436 1440/1440/1440 1442/1442/1442
f 1436/1436/1436 1442/1442/1442 1438/1438/1438
f 1437/1437/1437 1441/1441/1441 1439/1439/1439
f 1437/1437/1437 1439/1439/1439 1435/1435/1435
f 1439/1439/1439 1443/1443/1443 1444/1444/1444
f 1439/1439/1439 1444/1444/1444 1440/1440/1440
f 1440/1440/1440 1444/1444/1444 1446/1446/1446
f 1440/1440/1440 1446/1446/1446 1442/1442/1442
f 1441/1441/1441 1445/1445/1445 1443/1443/1443
f 1441/1441/1441 1443/1443/1443 1439/1439/1439
f 1443/1443/1443 1447/1447/1447 1448/1448/1448
f 1443/1443/1443 1448/1448/1448 1444/1444/1444
f 1444/1444/1444 1448/1448/1448 1450/1450/1450
f 1444/1444/1444 1450/1450/1450 1446/1446/1446
f 1445/1445/1445 1449/1449/1449 1447/1447/1447
f 1445/1445/1445 1447/1447/1447 1443/1443/1443
f 1447/1447/1447 1451/1451/1451 1452/1452/1452
f 1447/1447/1447 1452/1452/1452 1448/1448/1448
f 1448/1448/1448 1452/1452/1452 1454/1454/1454
f 1448/1448/1448 1454/1454/1454 1450/1450/1450
f 1449/1449/1449 1453/1453/1453 1451/1451/1451
f 1449/1449/1449 1451/1451/1451 1447/1447/1447
f 1451/1451/1451 1455/1455/1455 1456/1456/1456
f 1451/1451/1451 1456/1456/1456 1452/1452/1452
f 1452/1452/1452 1456/1456/1456 1458/1458/1458
f 1452/1452/1452 1458/1458/1458 1454/1454/1454
f 1453/1453/1453 1457/1457/1457 1455/1455/1455
f 1453/1453/1453 1455/1455/1455 1451/1451/1451
f 1455/1455/1455 1459/1459/1459 1460/1460/1460
f 1455/1455/1455 1460/1460/1460 1456/1456/1456
f 1456/1456/1456 1460/1460/1460 1462/1462/1462
f 1456/1456/1456 1462/1462/1462 1458/1458/1458
f 1457/1457/1457 1461/1461/1461 1459/1459/1459
f 1457/1457/1457 1459/1459/1459 1455/1455/1455
f 1459/1459/1459 1463/1463/1463 1464/1464/1464
f 1459/1459/1459 1464/1464/1464 1460/1460/1460
f 1460/1460/1460 1464/1464/1464 1466/1466/1466
f 1460/1460/1460 1466/1466/1466 1462/1462/1462
f 1461/1461/1461 1465/1465/1465 1463/1463/1463
f 1461/1461/1461 1463/1463/1463 1459/1459/1459
f 1463/1463/1463 1467/1467/1467 1468/1468/1468
f 1463/1463/1463 1468/1468/1468 1464/1464/1464
f 1464/1464/1464 1468/1468/1468 1470/1470/1470
f 1464/1464/1464 1470/1470/1470 1466/1466/1466
f 1465/1465/1465 1469/1469/1469 1467/1467/1467
f 1465/1465/1465 1467/1467/1467 1463/1463/1463
f 1467/1467/1467 1471/1471/1471 1472/1472/1472
f 1467/1467/1467 1472/1472/1472 1468/1468/1468
f 1468/1468/1468 1472/1472/1472 1474/1474/1474
f 1468/1468/1468 1474/1474/1474 1470/1470/1470
f 1469/1469/1469 1473/1473/1473 1471/1471/1471
f 1469/1469/1469 1471/1471/1471 1467/1467/1467
f 1471/1471/1471 1411/1411/1411 1412/1412/1412
f 1471/1471/1471 1412/1412/1412 1472/1472/1472
f 1472/1472/1472 1412/1412/1412 1414/1414/1414
f 1472/1472/1472 1414/1414/1414 1474/1474/1474
f 1473/1473/1473 1413/1413/1413 1411/1411/1411
f 1473/1473/1473 1411/1411/1411 1471/1471/1471
f 1509/1509/1509 1513/1513/1513 1514/1514/1514
f 1509/1509/1509 1514/1514/1514 1510/1510/1510
f 1510/1510/1510 1514/1514/1514 1516/1516/1516
f 1510/1510/1510 1516/1516/1516 1512/1512/1512
f 1511/1511/1511 1515/1515/1515 1513/1513/1513
f 1511/1511/1511 1513/1513/1513 1509/1509/1509
f 1513/1513/1513 1517/1517/1517 1518/1518/1518
f 1513/1513/1513 1518/1518/1518 1514/1514/1514
f 1514/1514/1514 1518/1518/1518 1520/1520/1520
f 1514/1514/1514 1520/1520/1520 1516/1516/1516
f 1515/1515/1515 1519/1519/1519 1517/1517/1517
f 1515/1515/1515 1517/1517/1517 1513/1513/1513
f 1517/1517/1517 1521/1521/1521 1522/1522/1522
f 1517/1517/1517 1522/1522/1522 1518/1518/1518
f 1518/1518/1518 1522/1522/1522 1524/1524/1524
f 1518/1518/1518 1524/1524/1524 1520/1520/1520
f 1519/1519/1519 1523/1523/1523 1521/1521/1521
f 1519/1519/1519 1521/1521/1521 1517/1517/1517
f 1521/1521/1521 1525/1525/1525 1526/1526/1526
f 1521/1521/1521 1526/1526/1526 1522/1522/1522
f 1522/1522/1522 1526/1526/1526 1528/1528/1528
f 1522/1522/1522 1528/1528/1528 1524/1524/1524
f 1523/1523/1523 1527/1527/1527 1525/1525/1525
f 1523/1523/1523 1525/1525/1525 1521/1521/1521
f 1525/1525/1525 1529/1529/1529 1530/1530/1530
f 1525/1525/1525 1530/1530/1530 1526/1526/1526
f 1526/1526/1526 1530/1530/1530 1532/1532/1532
f 1526/1526/1526 1532/1532/1532 1528/1528/1528
f 1527/1527/1527 1531/1531/1531 1529/1529/1529
f 1527/1527/1527 1529/1529/1529 1525/1525/1525
f 1529/1529/1529 1533/1533/1533 1534/1534/1534
f 1529/1529/1529 1534/1534/1534 1530/1530/1530
f 1530/1530/1530 1534/1534/1534 1536/1536/1536
f 1530/1530/1530 1536/1536/1536 1532/1532/1532
f 1531/1531/1531 1535/1535/1535 1533/1533/1533
f 1531/1531/1531 1533/1533/1533 1529/1529/1529
f 1533/1533/1533 1537/1537/1537 1538/1538/1538
f 1533/1533/1533 1538/1538/1538 1534/1534/1534
f 1534/1534/1534 1538/1538/1538 1540/1540/1540
f 1534/1534/1534 1540/1540/1540 1536/1536/1536
f 1535/1535/1535 1539/1539/1539 1537/1537/1537
f 1535/1535/1535 1537/1537/1537 1533/1533/1533
f 1537/1537/1537 1541/1541/1541 1542/1542/1542
f 1537/1537/1537 1542/1542/1542 1538/1538/1538
f 1538/1538/1538 1542/1542/1542 1544/1544/1544
f 1538/1538/1538 1544/1544/1544 1540/1540/1540
f 1539/1539/1539 1543/1543/1543 1541/1541/1541
f 1539/1539/1539 1541/1541/1541 1537/1537/1537
f 1541/1541/1541 1545/1545/1545 1546/1546/1546
f 1541/1541/1541 1546/1546/1546 1542/1542/1542
f 1542/1542/1542 1546/1546/1546 1548/1548/1548
f 1542/1542/1542 1548/1548/1548 1544/1544/1544
f 1543/1543/1543 1547/1547/1547 1545/1545/1545
f 1543/1543/1543 1545/1545/1545 1541/1541/1541
f 1545/1545/1545 1549/1549/1549 1550/1550/1550
f 1545/1545/1545 1550/1550/1550 1546/1546/1546
f 1546/1546/1546 1550/1550/1550 1552/1552/1552
f 1546/1546/1546 1552/1552/1552 1548/1548/1548
f 1547/1547/1547 1551/1551/1551 1549/1549/1549
f 1547/1547/1547 1549/1549/1549 1545/1545/1545
f 1549/1549/1549 1553/1553/1553 1554/1554/1554
f 1549/1549/1549 1554/1554/1554 1550/1550/1550
f 1550/1550/1550 1554/1554/1554 1556/1556/1556
f 1550/1550/1550 1556/1556/1556 1552/1552/1552
f 1551/1551/1551 1555/1555/1555 1553/1553/1553
f 1551/1551/1551 1553/1553/1553 1549/1549/1549
f 1553/1553/1553 1557/1557/1557 1558/1558/1558
f 1553/1553/1553 1558/1558/1558 1554/1554/1554
f 1554/1554/1554 1558/1558/1558 1560/1560/1560
f 1554/1554/1554 1560/1560/1560 1556/1556/1556
f 1555/1555/1555 1559/1559/1559 1557/1557/1557
f 1555/1555/1555 1557/1557/1557 1553/1553/1553
f 1557/1557/1557 1561/1561/1561 1562/1562/1562
f 1557/1557/1557 1562/1562/1562 1558/1558/1558
f 1558/1558/1558 1562/1562/1562 1564/1564/1564
f 1558/1558/1558 1564/1564/1564 1560/1560/1560
f 1559/1559/1559 1563/1563/1563 1561/1561/1561
f 1559/1559/1559 1561/1561/1561 1557/1557/1557
f 1561/1561/1561 1565/1565/1565 1566/1566/1566
f 1561/1561/1561 1566/1566/1566 1562/1562/1562
f 1562/1562/1562 1566/1566/1566 1568/1568/1568
f 1562/1562/1562 1568/1568/1568 1564/1564/1564
f 1563/1563/1563 1567/1567/1567 1565/1565/1565
f 1563/1563/1563 1565/1565/1565 1561/1561/1561
f 1565/1565/1565 1569/1569/1569 1570/1570/1570
f 1565/1565/1565 1570/1570/1570 1566/1566/1566
f 1566/1566/1566 1570/1570/1570 1572/1572/1572
f 1566/1566/1566 1572/1572/1572 1568/1568/1568
f 1567/1567/1567 1571/1571/1571 1569/1569/1569
f 1567/1567/1567 1569/1569/1569 1565/1565/1565
f 1569/1569/1569 1509/1509/1509 1510/1510/1510
f 1569/1569/1569 1510/1510/1510 1570/1570/1570
f 1570/1570/1570 1510/1510/1510 1512/1512/1512
f 1570/1570/1570 1512/1512/1512 1572/1572/1572
f 1571/1571/1571 1511/1511/1511 1509/1509/1509
f 1571/1571/1571 1509/1509/1509 1569/1569/1569
f 1597/1597/1597 1598/1598/1598 1599/1599/1599
f 1597/1597/1597 1599/1599/1599 1600/1600/1600
f 1601/1601/1601 1602/1602/1602 1603/1603/1603
f 1601/1601/1601 1603/1603/1603 1604/1604/1604
f 1605/1605/1605 1606/1606/1606 1607/1607/1607
f 1605/1605/1605 1607/1607/1607 1608/1608/1608
f 1609/1609/1609 1610/1610/1610 1611/1611/1611
f 1609/1609/1609 1611/1611/1611 1612/1612/1612
f 1613/1613/1613 1614/1614/1614 1615/1615/1615
f 1613/1613/1613 1615/1615/1615 1616/1616/1616
f 1617/1617/1617 1618/1618/1618 1619/1619/1619
f 1617/1617/1617 1619/1619/1619 1620/1620/1620
f 1645/1645/1645 1646/1646/1646 1647/1647/1647
f 1645/1645/1645 1647/1647/1647 1648/1648/1648
f 1649/1649/1649 1650/1650/1650 1651/1651/1651
f 1649/1649/1649 1651/1651/1651 1652/1652/1652
f 1653/1653/1653 1654/1654/1654 1655/1655/1655
f 1653/1653/1653 1655/1655/1655 1656/1656/1656
f 1657/1657/1657 1658/1658/1658 1659/1659/1659
f 1657/1657/1657 1659/1659/1659 1660/1660/1660
f 1661/1661/1661 1662/1662/1662 1663/1663/1663
f 1661/1661/1661 1663/1663/1663 1664/1664/1664
f 1665/1665/1665 1666/1666/1666 1667/1667/1667
f 1665/1665/1665 1667/1667/1667 1668/1668/1668
f 1693/1693/1693 1694/1694/1694 1695/1695/1695
f 1693/1693/1693 1695/1695/1695 1696/1696/1696
f 1697/1697/1697 1698/1698/1698 1699/1699/1699
f 1697/1697/1697 1699/1699/1699 1700/1700/1700
f 1701/1701/1701 1702/1702/1702 1703/1703/1703
f 1701/1701/1701 1703/1703/1703 1704/1704/1704
f 1705/1705/1705 1706/1706/1706 1707/1707/1707
f 1705/1705/1705 1707/1707/1707 1708/1708/1708
f 1709/1709/1709 1710/1710/1710 1711/1711/1711
f 1709/1709/1709 1711/1711/1711 1712/1712/1712
f 1713/1713/1713 1714/1714/1714 1715/1715/1715
f 1713/1713/1713 1715/1715/1715 1716/1716/1716
f 1741/1741/1741 1742/1742/1742 1743/1743/1743
f 1741/1741/1741 1743/1743/1743 1744/1744/1744
f 1745/1745/1745 1746/1746/1746 1747/1747/1747
f 1745/1745/1745 1747/1747/1747 1748/1748/1748
f 1749/1749/1749 1750/1750/1750 1751/1751/1751
f 1749/1749/1749 1751/1751/1751 1752/1752/1752
f 1753/1753/1753 1754/1754/1754 1755/1755/1755
f 1753/1753/1753 1755/1755/1755 1756/1756/1756
f 1757/1757/1757 1758/1758/1758 1759/1759/1759
f 1757/1757/1757 1759/1759/1759 1760/1760/1760
f 1761/1761/1761 1762/1762/1762 1763/1763/1763
f 1761/1761/1761 1763/1763/1763 1764/1764/1764
f 1789/1789/1789 1790/1790/1790 1791/1791/1791
f 1789/1789/1789 1791/1791/1791 1792/1792/1792
f 1793/1793/1793 1794/1794/1794 1795/1795/1795
f 1793/1793/1793 1795/1795/1795 1796/1796/1796
f 1797/1797/1797 1798/1798/1798 1799/1799/1799
f 1797/1797/1797 1799/1799/1799 1800/1800/1800
f 1801/1801/1801 1802/1802/1802 1803/1803/1803
f 1801/1801/1801 1803/1803/1803 1804/1804/1804
f 1805/1805/1805 1806/1806/1806 1807/1807/1807
f 1805/1805/1805 1807/1807/1807 1808/1808/1808
f 1809/1809/1809 1810/1810/1810 1811/1811/1811
f 1809/1809/1809 1811/1811/1811 1812/1812/1812
f 1837/1837/1837 1838/1838/1838 1839/1839/1839
f 1837/1837/1837 1839/1839/1839 1840/1840/1840
f 1841/1841/1841 1842/1842/1842 1843/1843/1843
f 1841/1841/1841 1843/1843/1843 1844/1844/1844
f 1845/1845/1845 1846/1846/1846 1847/1847/1847
f 1845/1845/1845 1847/1847/1847 1848/1848/1848
f 1849/1849/1849 1850/1850/1850 1851/1851/1851
f 1849/1849/1849 1851/1851/1851 1852/1852/1852
f 1853/1853/1853 1854/1854/1854 1855/1855/1855
f 1853/1853/1853 1855/1855/1855 1856/1856/1856
f 1857/1857/1857 1858/1858/1858 1859/1859/1859
f 1857/1857/1857 1859/1859/1859 1860/1860/1860
f 1885/1885/1885 1886/1886/1886 1887/1887/1887
f 1885/1885/1885 1887/1887/1887 1888/1888/1888
f 1889/1889/1889 1890/1890/1890 1891/1891/1891
f 1889/1889/1889 1891/1891/1891 1892/1892/1892
f 1893/1893/1893 1894/1894/1894 1895/1895/1895
f 1893/1893/1893 1895/1895/1895 1896/1896/1896
f 1897/1897/1897 1898/1898/1898 1899/1899/1899
f 1897/1897/1897 1899/1899/1899 1900/1900/1900
f 1901/1901/1901 1902/1902/1902 1903/1903/1903
f 1901/1901/1901 1903/1903/1903 1904/1904/1904
f 1905/1905/1905 1906/1906/1906 1907/1907/1907
f 1905/1905/1905 1907/1907/1907 1908/1908/1908
f 1933/1933/1933 1934/1934/1934 1935/1935/1935
f 1933/1933/1933 1935/1935/1935 1936/1936/1936
f 1937/1937/1937 1938/1938/1938 1939/1939/1939
f 1937/1937/1937 1939/1939/1939 1940/1940/1940
f 1941/1941/1941 1942/1942/1942 1943/1943/1943
f 1941/1941/1941 1943/1943/1943 1944/1944/1944
f 1945/1945/1945 1946/1946/1946 1947/1947/1947
f 1945/1945/1945 1947/1947/1947 1948/1948/1948
f 1949/1949/1949 1950/1950/1950 1951/1951/1951
f 1949/1949/1949 1951/1951/1951 1952/1952/1952
f 1953/1953/1953 1954/1954/1954 1955/1955/1955
f 1953/1953/1953 1955/1955/1955 1956/1956/1956
f 1981/1981/1981 1982/1982/1982 1983/1983/1983
f 1981/1981/1981 1983/1983/1983 1984/1984/1984
f 1985/1985/1985 1986/1986/1986 1987/1987/1987
f 1985/1985/1985 1987/1987/1987 1988/1988/1988
f 1989/1989/1989 1990/1990/1990 1991/1991/1991
f 1989/1989/1989 1991/1991/1991 1992/1992/1992
f 1993/1993/1993 1994/1994/1994 1995/1995/1995
f 1993/1993/1993 1995/1995/1995 1996/1996/1996
f 1997/1997/1997 1998/1998/1998 1999/1999/1999
f 1997/1997/1997 1999/1999/1999 2000/2000/2000
f 2001/2001/2001 2002/2002/2002 2003/2003/2003
f 2001/2001/2001 2003/2003/2003 2004/2004/2004
f 2029/2029/2029 2030/2030/2030 2031/2031/2031
f 2029/2029/2029 2031/2031/2031 2032/2032/2032
f 2033/2033/2033 2034/2034/2034 2035/2035/2035
f 2033/2033/2033 2035/2035/2035 2036/2036/2036
f 2037/2037/2037 2038/2038/2038 2039/2039/2039
f 2037/2037/2037 2039/2039/2039 2040/2040/2040
f 2041/2041/2041 2042/2042/2042 2043/2043/2043
f 2041/2041/2041 2043/2043/2043 2044/2044/2044
f 2045/2045/2045 2046/2046/2046 2047/2047/2047
f 2045/2045/2045 2047/2047/2047 2048/2048/2048
f 2049/2049/2049 2050/2050/2050 2051/2051/2051
f 2049/2049/2049 2051/2051/2051 2052/2052/2052
f 2077/2077/2077 2078/2078/2078 2079/2079/2079
f 2077/2077/2077 2079/2079/2079 2080/2080/2080
f 2081/2081/2081 2082/2082/2082 2083/2083/2083
f 2081/2081/2081 2083/2083/2083 2084/2084/2084
f 2085/2085/2085 2086/2086/2086 2087/2087/2087
f 2085/2085/2085 2087/2087/2087 2088/2088/2088
f 2089/2089/2089 2090/2090/2090 2091/2091/2091
f 2089/2089/2089 2091/2091/2091 2092/2092/2092
f 2093/2093/2093 2094/2094/2094 2095/2095/2095
f 2093/2093/2093 2095/2095/2095 2096/2096/2096
f 2097/2097/2097 2098/2098/2098 2099/2099/2099
f 2097/2097/2097 2099/2099/2099 2100/2100/2100
f 2125/2125/2125 2126/2126/2126 2127/2127/2127
f 2125/2125/2125 2127/2127/2127 2128/2128/2128
f 2129/2129/2129 2130/2130/2130 2131/2131/2131
f 2129/2129/2129 2131/2131/2131 2132/2132/2132
f 2133/2133/2133 2134/2134/2134 2135/2135/2135
f 2133/2133/2133 2135/2135/2135 2136/2136/2136
f 2137/2137/2137 2138/2138/2138 2139/2139/2139
f 2137/2137/2137 2139/2139/2139 2140/2140/2140
f 2141/2141/2141 2142/2142/2142 2143/2143/2143
f 2141/2141/2141 2143/2143/2143 2144/2144/2144
f 2145/2145/2145 2146/2146/2146 2147/2147/2147
f 2145/2145/2145 2147/2147/2147 2148/2148/2148
f 2221/2221/2221 2222/2222/2222 2223/2223/2223
f 2221/2221/2221 2223/2223/2223 2224/2224/2224
f 2225/2225/2225 2226/2226/2226 2227/2227/2227
f 2225/2225/2225 2227/2227/2227 2228/2228/2228
f 2229/2229/2229 2230/2230/2230 2231/2231/2231
f 2229/2229/2229 2231/2231/2231 2232/2232/2232
f 2233/2233/2233 2234/2234/2234 2235/2235/2235
f 2233/2233/2233 2235/2235/2235 2236/2236/2236
f 2237/2237/2237 2238/2238/2238 2239/2239/2239
f 2237/2237/2237 2239/2239/2239 2240/2240/2240
f 2241/2241/2241 2242/2242/2242 2243/2243/2243
f 2241/2241/2241 2243/2243/2243 2244/2244/2244
f 2317/2317/2317 2318/2318/2318 2319/2319/2319
f 2317/2317/2317 2319/2319/2319 2320/2320/2320
f 2321/2321/2321 2322/2322/2322 2323/2323/2323
f 2321/2321/2321 2323/2323/2323 2324/2324/2324
f 2325/2325/2325 2326/2326/2326 2327/2327/2327
f 2325/2325/2325 2327/2327/2327 2328/2328/2328
f 2329/2329/2329 2330/2330/2330 2331/2331/2331
f 2329/2329/2329 2331/2331/2331 2332/2332/2332
f 2333/2333/2333 2334/2334/2334 2335/2335/2335
f 2333/2333/2333 2335/2335/2335 2336/2336/2336
f 2337/2337/2337 2338/2338/2338 2339/2339/2339
f 2337/2337/2337 2339/2339/2339 2340/2340/2340
f 2413/2413/2413 2414/2414/2414 2415/2415/2415
f 2413/2413/2413 2415/2415/2415 2416/2416/2416
f 2417/2417/2417 2418/2418/2418 2419/2419/2419
f 2417/2417/2417 2419/2419/2419 2420/2420/2420
f 2421/2421/2421 2422/2422/2422 2423/2423/2423
f 2421/2421/2421 2423/2423/2423 2424/2424/2424
f 2425/2425/2425 2426/2426/2426 2427/2427/2427
f 2425/2425/2425 2427/2427/2427 2428/2428/2428
f 2429/2429/2429 2430/2430/2430 2431/2431/2431
f 2429/2429/2429 2431/2431/2431 2432/2432/2432
f 2433/2433/2433 2434/2434/2434 2435/2435/2435
f 2433/2433/2433 2435/2435/2435 2436/2436/2436
f 2509/2509/2509 2510/2510/2510 2511/2511/2511
f 2509/2509/2509 2511/2511/2511 2512/2512/2512
f 2513/2513/2513 2514/2514/2514 2515/2515/2515
f 2513/2513/2513 2515/2515/2515 2516/2516/2516
f 2517/2517/2517 2518/2518/2518 2519/2519/2519
f 2517/2517/2517 2519/2519/2519 2520/2520/2520
f 2521/2521/2521 2522/2522/2522 2523/2523/2523
f 2521/2521/2521 2523/2523/2523 2524/2524/2524
f 2525/2525/2525 2526/2526/2526 2527/2527/2527
f 2525/2525/2525 2527/2527/2527 2528/2528/2528
f 2529/2529/2529 2530/2530/2530 2531/2531/2531
f 2529/2529/2529 2531/2531/2531 2532/2532/2532
f 2605/2605/2605 2606/2606/2606 2607/2607/2607
f 2605/2605/2605 2607/2607/2607 2608/2608/2608
f 2609/2609/2609 2610/2610/2610 2611/2611/2611
f 2609/2609/2609 2611/2611/2611 2612/2612/2612
f 2613/2613/2613 2614/2614/2614 2615/2615/2615
f 2613/2613/2613 2615/2615/2615 2616/2616/2616
f 2617/2617/2617 2618/2618/2618 2619/2619/2619
f 2617/2617/2617 2619/2619/2619 2620/2620/2620
f 2621/2621/2621 2622/2622/2622 2623/2623/2623
f 2621/2621/2621 2623/2623/2623 2624/2624/2624
f 2625/2625/2625 2626/2626/2626 2627/2627/2627
f 2625/2625/2625 2627/2627/2627 2628/2628/2628
f 2701/2701/2701 2702/2702/2702 2703/2703/2703
f 2701/2701/2701 2703/2703/2703 2704/2704/2704
f 2705/2705/2705 2706/2706/2706 2707/2707/2707
f 2705/2705/2705 2707/2707/2707 2708/2708/2708
f 2709/2709/2709 2710/2710/2710 2711/2711/2711
f 2709/2709/2709 2711/2711/2711 2712/2712/2712
f 2713/2713/2713 2714/2714/2714 2715/2715/2715
f 2713/2713/2713 2715/2715/2715 2716/2716/2716
f 2717/2717/2717 2718/2718/2718 2719/2719/2719
f 2717/2717/2717 2719/2719/2719 2720/2720/2720
f 2721/2721/2721 2722/2722/2722 2723/2723/2723
f 2721/2721/2721 2723/2723/2723 2724/2724/2724
f 2797/2797/2797 2798/2798/2798 2799/2799/2799
f 2797/2797/2797 2799/2799/2799 2800/2800/2800
f 2801/2801/2801 2802/2802/2802 2803/2803/2803
f 2801/2801/2801 2803/2803/2803 2804/2804/2804
f 2805/2805/2805 2806/2806/2806 2807/2807/2807
f 2805/2805/2805 2807/2807/2807 2808/2808/2808
f 2809/2809/2809 2810/2810/2810 2811/2811/2811
f 2809/2809/2809 2811/2811/2811 2812/2812/2812
f 2813/2813/2813 2814/2814/2814 2815/2815/2815
f 2813/2813/2813 2815/2815/2815 2816/2816/2816
f 2817/2817/2817 2818/2818/2818 2819/2819/2819
f 2817/2817/2817 2819/2819/2819 2820/2820/2820
f 2893/2893/2893 2894/2894/2894 2895/2895/2895
f 2893/2893/2893 2895/2895/2895 2896/2896/2896
f 2897/2897/2897 2898/2898/2898 2899/2899/2899
f 2897/2897/2897 2899/2899/2899 2900/2900/2900
f 2901/2901/2901 2902/2902/2902 2903/2903/2903
f 2901/2901/2901 2903/2903/2903 2904/2904/2904
f 2905/2905/2905 2906/2906/2906 2907/2907/2907
f 2905/2905/2905 2907/2907/2907 2908/2908/2908
f 2909/2909/2909 2910/2910/2910 2911/2911/2911
f 2909/2909/2909 2911/2911/2911 2912/2912/2912
f 2913/2913/2913 2914/2914/2914 2915/2915/2915
f 2913/2913/2913 2915/2915/2915 2916/2916/2916
f 2989/2989/2989 2990/2990/2990 2991/2991/2991
f 2989/2989/2989 2991/2991/2991 2992/2992/2992
f 2993/2993/2993 2994/2994/2994 2995/2995/2995
f 2993/2993/2993 2995/2995/2995 2996/2996/2996
f 2997/2997/2997 2998/2998/2998 2999/2999/2999
f 2997/2997/2997 2999/2999/2999 3000/3000/3000
f 3001/3001/3001 3002/3002/3002 3003/3003/3003
f 3001/3001/3001 3003/3003/3003 3004/3004/3004
f 3005/3005/3005 3006/3006/3006 3007/3007/3007
f 3005/3005/3005 3007/3007/3007 3008/3008/3008
f 3009/3009/3009 3010/3010/3010 3011/3011/3011
f 3009/3009/3009 3011/3011/3011 3012/3012/3012
f 3085/3085/3085 3086/3086/3086 3087/3087/3087
f 3085/3085/3085 3087/3087/3087 3088/3088/3088
f 3089/3089/3089 3090/3090/3090 3091/3091/3091
f 3089/3089/3089 3091/3091/3091 3092/3092/3092
f 3093/3093/3093 3094/3094/3094 3095/3095/3095
f 3093/3093/3093 3095/3095/3095 3096/3096/3096
f 3097/3097/3097 3098/3098/3098 3099/3099/3099
f 3097/3097/3097 3099/3099/3099 3100/3100/3100
f 3101/3101/3101 3102/3102/3102 3103/3103/3103
f 3101/3101/3101 3103/3103/3103 3104/3104/3104
f 3105/3105/3105 3106/3106/3106 3107/3107/3107
f 3105/3105/3105 3107/3107/3107 3108/3108/3108
f 3517/3517/3517 3521/3521/3521 3522/3522/3522
f 3517/3517/3517 3522/3522/3522 3518/3518/3518
f 3518/3518/3518 3522/3522/3522 3524/3524/3524
f 3518/3518/3518 3524/3524/3524 3520/3520/3520
f 3519/3519/3519 3523/3523/3523 3521/3521/3521
f 3519/3519/3519 3521/3521/3521 3517/3517/3517
f 3521/3521/3521 3525/3525/3525 3526/3526/3526
f 3521/3521/3521 3526/3526/3526 3522/3522/3522
f 3522/3522/3522 3526/3526/3526 3528/3528/3528
f 3522/3522/3522 3528/3528/3528 3524/3524/3524
f 3523/3523/3523 3527/3527/3527 3525/3525/3525
f 3523/3523/3523 3525/3525/3525 3521/3521/3521
f 3525/3525/3525 3529/3529/3529 3530/3530/3530
f 3525/3525/3525 3530/3530/3530 3526/3526/3526
f 3526/3526/3526 3530/3530/3530 3532/3532/3532
f 3526/3526/3526 3532/3532/3532 3528/3528/3528
f 3527/3527/3527 3531/3531/3531 3529/3529/3529
f 3527/3527/3527 3529/3529/3529 3525/3525/3525
f 3529/3529/3529 3533/3533/3533 3534/3534/3534
f 3529/3529/3529 3534/3534/3534 3530/3530/3530
f 3530/3530/3530 3534/3534/3534 3536/3536/3536
f 3530/3530/3530 3536/3536/3536 3532/3532/3532
f 3531/3531/3531 3535/3535/3535 3533/3533/3533
f 3531/3531/3531 3533/3533/3533 3529/3529/3529
f 3533/3533/3533 3537/3537/3537 3538/3538/3538
f 3533/3533/3533 3538/3538/3538 3534/3534/3534
f 3534/3534/3534 3538/3538/3538 3540/3540/3540
f 3534/3534/3534 3540/3540/3540 3536/3536/3536
f 3535/3535/3535 3539/3539/3539 3537/3537/3537
f 3535/3535/3535 3537/3537/3537 3533/3533/3533
f 3537/3537/3537 3541/3541/3541 3542/3542/3542
f 3537/3537/3537 3542/3542/3542 3538/3538/3538
f 3538/3538/3538 3542/3542/3542 3544/3544/3544
f 3538/3538/3538 3544/3544/3544 3540/3540/3540
f 3539/3539/3539 3543/3543/3543 3541/3541/3541
f 3539/3539/3539 3541/3541/3541 3537/3537/3537
f 3541/3541/3541 3545/3545/3545 3546/3546/3546
f 3541/3541/3541 3546/3546/3546 3542/3542/3542
f 3542/3542/3542 3546/3546/3546 3548/3548/3548
f 3542/3542/3542 3548/3548/3548 3544/3544/3544
f 3543/3543/3543 3547/3547/3547 3545/3545/3545
f 3543/3543/3543 3545/3545/3545 3541/3541/3541
f 3545/3545/3545 3549/3549/3549 3550/3550/3550
f 3545/3545/3545 3550/3550/3550 3546/3546/3546
f 3546/3546/3546 3550/3550/3550 3552/3552/3552
f 3546/3546/3546 3552/3552/3552 3548/3548/3548
f 3547/3547/3547 3551/3551/3551 3549/3549/3549
f 3547/3547/3547 3549/3549/3549 3545/3545/3545
f 3549/3549/3549 3553/3553/3553 3554/3554/3554
f 3549/3549/3549 3554/3554/3554 3550/3550/3550
f 3550/3550/3550 3554/3554/3554 3556/3556/3556
f 3550/3550/3550 3556/3556/3556 3552/3552/3552
f 3551/3551/3551 3555/3555/3555 3553/3553/3553
f 3551/3551/3551 3553/3553/3553 3549/3549/3549
f 3553/3553/3553 3557/3557/3557 3558/3558/3558
f 3553/3553/3553 3558/3558/3558 3554/3554/3554
f 3554/3554/3554 3558/3558/3558 3560/3560/3560
f 3554/3554/3554 3560/3560/3560 3556/3556/3556
f 3555/3555/3555 3559/3559/3559 3557/3557/3557
f 3555/3555/3555 3557/3557/3557 3553/3553/3553
f 3557/3557/3557 3561/3561/3561 3562/3562/3562
f 3557/3557/3557 3562/3562/3562 3558/3558/3558
f 3558/3558/3558 3562/3562/3562 3564/3564/3564
f 3558/3558/3558 3564/3564/3564 3560/3560/3560
f 3559/3559/3559 3563/3563/3563 3561/3561/3561
f 3559/3559/3559 3561/3561/3561 3557/3557/3557
f 3561/3561/3561 3565/3565/3565 3566/3566/3566
f 3561/3561/3561 3566/3566/3566 3562/3562/3562
f 3562/3562/3562 3566/3566/3566 3568/3568/3568
f 3562/3562/3562 3568/3568/3568 3564/3564/3564
f 3563/3563/3563 3567/3567/3567 3565/3565/3565
f 3563/3563/3563 3565/3565/3565 3561/3561/3561
f 3565/3565/3565 3569/3569/3569 3570/3570/3570
f 3565/3565/3565 3570/3570/3570 3566/3566/3566
f 3566/3566/3566 3570/3570/3570 3572/3572/3572
f 3566/3566/3566 3572/3572/3572 3568/3568/3568
f 3567/3567/3567 3571/3571/3571 3569/3569/3569
f 3567/3567/3567 3569/3569/3569 3565/3565/3565
f 3569/3569/3569 3573/3573/3573 3574/3574/3574
f 3569/3569/3569 3574/3574/3574 3570/3570/3570
f 3570/3570/3570 3574/3574/3574 3576/3576/3576
f 3570/3570/3570 3576/3576/3576 3572/3572/3572
f 3571/3571/3571 3575/3575/3575 3573/3573/3573
f 3571/3571/3571 3573/3573/3573 3569/3569/3569
f 3573/3573/3573 3577/3577/3577 3578/3578/3578
f 3573/3573/3573 3578/3578/3578 3574/3574/3574
f 3574/3574/3574 3578/3578/3578 3580/3580/3580
f 3574/3574/3574 3580/3580/3580 3576/3576/3576
f 3575/3575/3575 3579/3579/3579 3577/3577/3577
f 3575/3575/3575 3577/3577/3577 3573/3573/3573
f 3577/3577/3577 3581/3581/3581 3582/3582/3582
f 3577/3577/3577 3582/3582/3582 3578/3578/3578
f 3578/3578/3578 3582/3582/3582 3584/3584/3584
f 3578/3578/3578 3584/3584/3584 3580/3580/3580
f 3579/3579/3579 3583/3583/3583 3581/3581/3581
f 3579/3579/3579 3581/3581/3581 3577/3577/3577
f 3581/3581/3581 3585/3585/3585 3586/3586/3586
f 3581/3581/3581 3586/3586/3586 3582/3582/3582
f 3582/3582/3582 3586/3586/3586 3588/3588/3588
f 3582/3582/3582 3588/3588/3588 3584/3584/3584
f 3583/3583/3583 3587/3587/3587 3585/3585/3585
f 3583/3583/3583 3585/3585/3585 3581/3581/3581
f 3585/3585/3585 3589/3589/3589 3590/3590/3590
f 3585/3585/3585 3590/3590/3590 3586/3586/3586
f 3586/3586/3586 3590/3590/3590 3592/3592/3592
f 3586/3586/3586 3592/3592/3592 3588/3588/3588
f 3587/3587/3587 3591/3591/3591 3589/3589/3589
f 3587/3587/3587 3589/3589/3589 3585/3585/3585
f 3589/3589/3589 3593/3593/3593 3594/3594/3594
f 3589/3589/3589 3594/3594/3594 3590/3590/3590
f 3590/3590/3590 3594/3594/3594 3596/3596/3596
f 3590/3590/3590 3596/3596/3596 3592/3592/3592
f 3591/3591/3591 3595/3595/3595 3593/3593/3593
f 3591/3591/3591 3593/3593/3593 3589/3589/3589
f 3593/3593/3593 3597/3597/3597 3598/3598/3598
f 3593/3593/3593 3598/3598/3598 3594/3594/3594
f 3594/3594/3594 3598/3598/3598 3600/3600/3600
f 3594/3594/3594 3600/3600/3600 3596/3596/3596
f 3595/3595/3595 3599/3599/3599 3597/3597/3597
f 3595/3595/3595 3597/3597/3597 3593/3593/3593
f 3597/3597/3597 3601/3601/3601 3602/3602/3602
f 3597/3597/3597 3602/3602/3602 3598/3598/3598
f 3598/3598/3598 3602/3602/3602 3604/3604/3604
f 3598/3598/3598 3604/3604/3604 3600/3600/3600
f 3599/3599/3599 3603/3603/3603 3601/3601/3601
f 3599/3599/3599 3601/3601/3601 3597/3597/3597
f 3601/3601/3601 3605/3605/3605 3606/3606/3606
f 3601/3601/3601 3606/3606/3606 3602/3602/3602
f 3602/3602/3602 3606/3606/3606 3608/3608/3608
f 3602/3602/3602 3608/3608/3608 3604/3604/3604
f 3603/3603/3603 3607/3607/3607 3605/3605/3605
f 3603/3603/3603 3605/3605/3605 3601/3601/3601
f 3605/3605/3605 3609/3609/3609 3610/3610/3610
f 3605/3605/3605 3610/3610/3610 3606/3606/3606
f 3606/3606/3606 3610/3610/3610 3612/3612/3612
f 3606/3606/3606 3612/3612/3612 3608/3608/3608
f 3607/3607/3607 3611/3611/3611 3609/3609/3609
f 3607/3607/3607 3609/3609/3609 3605/3605/3605
f 3609/3609/3609 3613/3613/3613 3614/3614/3614
f 3609/3609/3609 3614/3614/3614 3610/3610/3610
f 3610/3610/3610 3614/3614/3614 3616/3616/3616
f 3610/3610/3610 3616/3616/3616 3612/3612/3612
f 3611/3611/3611 3615/3615/3615 3613/3613/3613
f 3611/3611/3611 3613/3613/3613 3609/3609/3609
f 3613/3613/3613 3617/3617/3617 3618/3618/3618
f 3613/3613/3613 3618/3618/3618 3614/3614/3614
f 3614/3614/3614 3618/3618/3618 3620/3620/3620
f 3614/3614/3614 3620/3620/3620 3616/3616/3616
f 3615/3615/3615 3619/3619/3619 3617/3617/3617
f 3615/3615/3615 3617/3617/3617 3613/3613/3613
f 3617/3617/3617 3621/3621/3621 3622/3622/3622
f 3617/3617/3617 3622/3622/3622 3618/3618/3618
f 3618/3618/3618 3622/3622/3622 3624/3624/3624
f 3618/3618/3618 3624/3624/3624 3620/3620/3620
f 3619/3619/3619 3623/3623/3623 3621/3621/3621
f 3619/3619/3619 3621/3621/3621 3617/3617/3617
f 3621/3621/3621 3625/3625/3625 3626/3626/3626
f 3621/3621/3621 3626/3626/3626 3622/3622/3622
f 3622/3622/3622 3626/3626/3626 3628/3628/3628
f 3622/3622/3622 3628/3628/3628 3624/3624/3624
f 3623/3623/3623 3627/3627/3627 3625/3625/3625
f 3623/3623/3623 3625/3625/3625 3621/3621/3621
f 3625/3625/3625 3629/3629/3629 3630/3630/3630
f 3625/3625/3625 3630/3630/3630 3626/3626/3626
f 3626/3626/3626 3630/3630/3630 3632/3632/3632
f 3626/3626/3626 3632/3632/3632 3628/3628/3628
f 3627/3627/3627 3631/3631/3631 3629/3629/3629
f 3627/3627/3627 3629/3629/3629 3625/3625/3625
f 3629/3629/3629 3633/3633/3633 3634/3634/3634
f 3629/3629/3629 3634/3634/3634 3630/3630/3630
f 3630/3630/3630 3634/3634/3634 3636/3636/3636
f 3630/3630/3630 3636/3636/3636 3632/3632/3632
f 3631/3631/3631 3635/3635/3635 3633/3633/3633
f 3631/3631/3631 3633/3633/3633 3629/3629/3629
f 3633/3633/3633 3637/3637/3637 3638/3638/3638
f 3633/3633/3633 3638/3638/3638 3634/3634/3634
f 3634/3634/3634 3638/3638/3638 3640/3640/3640
f 3634/3634/3634 3640/3640/3640 3636/3636/3636
f 3635/3635/3635 3639/3639/3639 3637/3637/3637
f 3635/3635/3635 3637/3637/3637 3633/3633/3633
f 3637/3637/3637 3641/3641/3641 3642/3642/3642
f 3637/3637/3637 3642/3642/3642 3638/3638/3638
f 3638/3638/3638 3642/3642/3642 3644/3644/3644
f 3638/3638/3638 3644/3644/3644 3640/3640/3640
f 3639/3639/3639 3643/3643/3643 3641/3641/3641
f 3639/3639/3639 3641/3641/3641 3637/3637/3637
f 3641/3641/3641 3645/3645/3645 3646/3646/3646
f 3641/3641/3641 3646/3646/3646 3642/3642/3642
f 3642/3642/3642 3646/3646/3646 3648/3648/3648
f 3642/3642/3642 3648/3648/3648 3644/3644/3644
f 3643/3643/3643 3647/3647/3647 3645/3645/3645
f 3643/3643/3643 3645/3645/3645 3641/3641/3641
f 3645/3645/3645 3649/3649/3649 3650/3650/3650
f 3645/3645/3645 3650/3650/3650 3646/3646/3646
f 3646/3646/3646 3650/3650/3650 3652/3652/3652
f 3646/3646/3646 3652/3652/3652 3648/3648/3648
f 3647/3647/3647 3651/3651/3651 3649/3649/3649
f 3647/3647/3647 3649/3649/3649 3645/3645/3645
f 3649/3649/3649 3653/3653/3653 3654/3654/3654
f 3649/3649/3649 3654/3654/3654 3650/3650/3650
f 3650/3650/3650 3654/3654/3654 3656/3656/3656
f 3650/3650/3650 3656/3656/3656 3652/3652/3652
f 3651/3651/3651 3655/3655/3655 3653/3653/3653
f 3651/3651/3651 3653/3653/3653 3649/3649/3649
f 3653/3653/3653 3657/3657/3657 3658/3658/3658
f 3653/3653/3653 3658/3658/3658 3654/3654/3654
f 3654/3654/3654 3658/3658/3658 3660/3660/3660
f 3654/3654/3654 3660/3660/3660 3656/3656/3656
f 3655/3655/3655 3659/3659/3659 3657/3657/3657
f 3655/3655/3655 3657/3657/3657 3653/3653/3653
f 3657/3657/3657 3517/3517/3517 3518/3518/3518
f 3657/3657/3657 3518/3518/3518 3658/3658/3658
f 3658/3658/3658 3518/3518/3518 3520/3520/3520
f 3658/3658/3658 3520/3520/3520 3660/3660/3660
f 3659/3659/3659 3519/3519/3519 3517/3517/3517
f 3659/3659/3659 3517/3517/3517 3657/3657/3657
g Chamber_Dark
usemtl Chamber_Dark
f 795/795/795 799/799/799 797/797/797
f 796/796/796 798/798/798 800/800/800
f 797/797/797 799/799/799 800/800/800
f 797/797/797 800/800/800 798/798/798
f 795/795/795 801/801/801 799/799/799
f 796/796/796 800/800/800 802/802/802
f 799/799/799 801/801/801 802/802/802
f 799/799/799 802/802/802 800/800/800
f 795/795/795 803/803/803 801/801/801
f 796/796/796 802/802/802 804/804/804
f 801/801/801 803/803/803 804/804/804
f 801/801/801 804/804/804 802/802/802
f 795/795/795 805/805/805 803/803/803
f 796/796/796 804/804/804 806/806/806
f 803/803/803 805/805/805 806/806/806
f 803/803/803 806/806/806 804/804/804
f 795/795/795 807/807/807 805/805/805
f 796/796/796 806/806/806 808/808/808
f 805/805/805 807/807/807 808/808/808
f 805/805/805 808/808/808 806/806/806
f 795/795/795 809/809/809 807/807/807
f 796/796/796 808/808/808 810/810/810
f 807/807/807 809/809/809 810/810/810
f 807/807/807 810/810/810 808/808/808
f 795/795/795 811/811/811 809/809/809
f 796/796/796 810/810/810 812/812/812
f 809/809/809 811/811/811 812/812/812
f 809/809/809 812/812/812 810/810/810
f 795/795/795 813/813/813 811/811/811
f 796/796/796 812/812/812 814/814/814
f 811/811/811 813/813/813 814/814/814
f 811/811/811 814/814/814 812/812/812
f 795/795/795 815/815/815 813/813/813
f 796/796/796 814/814/814 816/816/816
f 813/813/813 815/815/815 816/816/816
f 813/813/813 816/816/816 814/814/814
f 795/795/795 817/817/817 815/815/815
f 796/796/796 816/816/816 818/818/818
f 815/815/815 817/817/817 818/818/818
f 815/815/815 818/818/818 816/816/816
f 795/795/795 819/819/819 817/817/817
f 796/796/796 818/818/818 820/820/820
f 817/817/817 819/819/819 820/820/820
f 817/817/817 820/820/820 818/818/818
f 795/795/795 821/821/821 819/819/819
f 796/796/796 820/820/820 822/822/822
f 819/819/819 821/821/821 822/822/822
f 819/819/819 822/822/822 820/820/820
f 795/795/795 823/823/823 821/821/821
f 796/796/796 822/822/822 824/824/824
f 821/821/821 823/823/823 824/824/824
f 821/821/821 824/824/824 822/822/822
f 795/795/795 825/825/825 823/823/823
f 796/796/796 824/824/824 826/826/826
f 823/823/823 825/825/825 826/826/826
f 823/823/823 826/826/826 824/824/824
f 795/795/795 827/827/827 825/825/825
f 796/796/796 826/826/826 828/828/828
f 825/825/825 827/827/827 828/828/828
f 825/825/825 828/828/828 826/826/826
f 795/795/795 829/829/829 827/827/827
f 796/796/796 828/828/828 830/830/830
f 827/827/827 829/829/829 830/830/830
f 827/827/827 830/830/830 828/828/828
f 795/795/795 831/831/831 829/829/829
f 796/796/796 830/830/830 832/832/832
f 829/829/829 831/831/831 832/832/832
f 829/829/829 832/832/832 830/830/830
f 795/795/795 833/833/833 831/831/831
f 796/796/796 832/832/832 834/834/834
f 831/831/831 833/833/833 834/834/834
f 831/831/831 834/834/834 832/832/832
f 795/795/795 835/835/835 833/833/833
f 796/796/796 834/834/834 836/836/836
f 833/833/833 835/835/835 836/836/836
f 833/833/833 836/836/836 834/834/834
f 795/795/795 837/837/837 835/835/835
f 796/796/796 836/836/836 838/838/838
f 835/835/835 837/837/837 838/838/838
f 835/835/835 838/838/838 836/836/836
f 795/795/795 839/839/839 837/837/837
f 796/796/796 838/838/838 840/840/840
f 837/837/837 839/839/839 840/840/840
f 837/837/837 840/840/840 838/838/838
f 795/795/795 841/841/841 839/839/839
f 796/796/796 840/840/840 842/842/842
f 839/839/839 841/841/841 842/842/842
f 839/839/839 842/842/842 840/840/840
f 795/795/795 843/843/843 841/841/841
f 796/796/796 842/842/842 844/844/844
f 841/841/841 843/843/843 844/844/844
f 841/841/841 844/844/844 842/842/842
f 795/795/795 845/845/845 843/843/843
f 796/796/796 844/844/844 846/846/846
f 843/843/843 845/845/845 846/846/846
f 843/843/843 846/846/846 844/844/844
f 795/795/795 847/847/847 845/845/845
f 796/796/796 846/846/846 848/848/848
f 845/845/845 847/847/847 848/848/848
f 845/845/845 848/848/848 846/846/846
f 795/795/795 849/849/849 847/847/847
f 796/796/796 848/848/848 850/850/850
f 847/847/847 849/849/849 850/850/850
f 847/847/847 850/850/850 848/848/848
f 795/795/795 851/851/851 849/849/849
f 796/796/796 850/850/850 852/852/852
f 849/849/849 851/851/851 852/852/852
f 849/849/849 852/852/852 850/850/850
f 795/795/795 853/853/853 851/851/851
f 796/796/796 852/852/852 854/854/854
f 851/851/851 853/853/853 854/854/854
f 851/851/851 854/854/854 852/852/852
f 795/795/795 855/855/855 853/853/853
f 796/796/796 854/854/854 856/856/856
f 853/853/853 855/855/855 856/856/856
f 853/853/853 856/856/856 854/854/854
f 795/795/795 857/857/857 855/855/855
f 796/796/796 856/856/856 858/858/858
f 855/855/855 857/857/857 858/858/858
f 855/855/855 858/858/858 856/856/856
f 795/795/795 859/859/859 857/857/857
f 796/796/796 858/858/858 860/860/860
f 857/857/857 859/859/859 860/860/860
f 857/857/857 860/860/860 858/858/858
f 795/795/795 797/797/797 859/859/859
f 796/796/796 860/860/860 798/798/798
f 859/859/859 797/797/797 798/798/798
f 859/859/859 798/798/798 860/860/860
f 1133/1133/1133 1137/1137/1137 1135/1135/1135
f 1134/1134/1134 1136/1136/1136 1138/1138/1138
f 1135/1135/1135 1137/1137/1137 1138/1138/1138
f 1135/1135/1135 1138/1138/1138 1136/1136/1136
f 1133/1133/1133 1139/1139/1139 1137/1137/1137
f 1134/1134/1134 1138/1138/1138 1140/1140/1140
f 1137/1137/1137 1139/1139/1139 1140/1140/1140
f 1137/1137/1137 1140/1140/1140 1138/1138/1138
f 1133/1133/1133 1141/1141/1141 1139/1139/1139
f 1134/1134/1134 1140/1140/1140 1142/1142/1142
f 1139/1139/1139 1141/1141/1141 1142/1142/1142
f 1139/1139/1139 1142/1142/1142 1140/1140/1140
f 1133/1133/1133 1143/1143/1143 1141/1141/1141
f 1134/1134/1134 1142/1142/1142 1144/1144/1144
f 1141/1141/1141 1143/1143/1143 1144/1144/1144
f 1141/1141/1141 1144/1144/1144 1142/1142/1142
f 1133/1133/1133 1145/1145/1145 1143/1143/1143
f 1134/1134/1134 1144/1144/1144 1146/1146/1146
f 1143/1143/1143 1145/1145/1145 1146/1146/1146
f 1143/1143/1143 1146/1146/1146 1144/1144/1144
f 1133/1133/1133 1147/1147/1147 1145/1145/1145
f 1134/1134/1134 1146/1146/1146 1148/1148/1148
f 1145/1145/1145 1147/1147/1147 1148/1148/1148
f 1145/1145/1145 1148/1148/1148 1146/1146/1146
f 1133/1133/1133 1149/1149/1149 1147/1147/1147
f 1134/1134/1134 1148/1148/1148 1150/1150/1150
f 1147/1147/1147 1149/1149/1149 1150/1150/1150
f 1147/1147/1147 1150/1150/1150 1148/1148/1148
f 1133/1133/1133 1151/1151/1151 1149/1149/1149
f 1134/1134/1134 1150/1150/1150 1152/1152/1152
f 1149/1149/1149 1151/1151/1151 1152/1152/1152
f 1149/1149/1149 1152/1152/1152 1150/1150/1150
f 1133/1133/1133 1153/1153/1153 1151/1151/1151
f 1134/1134/1134 1152/1152/1152 1154/1154/1154
f 1151/1151/1151 1153/1153/1153 1154/1154/1154
f 1151/1151/1151 1154/1154/1154 1152/1152/1152
f 1133/1133/1133 1155/1155/1155 1153/1153/1153
f 1134/1134/1134 1154/1154/1154 1156/1156/1156
f 1153/1153/1153 1155/1155/1155 1156/1156/1156
f 1153/1153/1153 1156/1156/1156 1154/1154/1154
f 1133/1133/1133 1157/1157/1157 1155/1155/1155
f 1134/1134/1134 1156/1156/1156 1158/1158/1158
f 1155/1155/1155 1157/1157/1157 1158/1158/1158
f 1155/1155/1155 1158/1158/1158 1156/1156/1156
f 1133/1133/1133 1159/1159/1159 1157/1157/1157
f 1134/1134/1134 1158/1158/1158 1160/1160/1160
f 1157/1157/1157 1159/1159/1159 1160/1160/1160
f 1157/1157/1157 1160/1160/1160 1158/1158/1158
f 1133/1133/1133 1161/1161/1161 1159/1159/1159
f 1134/1134/1134 1160/1160/1160 1162/1162/1162
f 1159/1159/1159 1161/1161/1161 1162/1162/1162
f 1159/1159/1159 1162/1162/1162 1160/1160/1160
f 1133/1133/1133 1163/1163/1163 1161/1161/1161
f 1134/1134/1134 1162/1162/1162 1164/1164/1164
f 1161/1161/1161 1163/1163/1163 1164/1164/1164
f 1161/1161/1161 1164/1164/1164 1162/1162/1162
f 1133/1133/1133 1165/1165/1165 1163/1163/1163
f 1134/1134/1134 1164/1164/1164 1166/1166/1166
f 1163/1163/1163 1165/1165/1165 1166/1166/1166
f 1163/1163/1163 1166/1166/1166 1164/1164/1164
f 1133/1133/1133 1167/1167/1167 1165/1165/1165
f 1134/1134/1134 1166/1166/1166 1168/1168/1168
f 1165/1165/1165 1167/1167/1167 1168/1168/1168
f 1165/1165/1165 1168/1168/1168 1166/1166/1166
f 1133/1133/1133 1169/1169/1169 1167/1167/1167
f 1134/1134/1134 1168/1168/1168 1170/1170/1170
f 1167/1167/1167 1169/1169/1169 1170/1170/1170
f 1167/1167/1167 1170/1170/1170 1168/1168/1168
f 1133/1133/1133 1171/1171/1171 1169/1169/1169
f 1134/1134/1134 1170/1170/1170 1172/1172/1172
f 1169/1169/1169 1171/1171/1171 1172/1172/1172
f 1169/1169/1169 1172/1172/1172 1170/1170/1170
f 1133/1133/1133 1173/1173/1173 1171/1171/1171
f 1134/1134/1134 1172/1172/1172 1174/1174/1174
f 1171/1171/1171 1173/1173/1173 1174/1174/1174
f 1171/1171/1171 1174/1174/1174 1172/1172/1172
f 1133/1133/1133 1175/1175/1175 1173/1173/1173
f 1134/1134/1134 1174/1174/1174 1176/1176/1176
f 1173/1173/1173 1175/1175/1175 1176/1176/1176
f 1173/1173/1173 1176/1176/1176 1174/1174/1174
f 1133/1133/1133 1177/1177/1177 1175/1175/1175
f 1134/1134/1134 1176/1176/1176 1178/1178/1178
f 1175/1175/1175 1177/1177/1177 1178/1178/1178
f 1175/1175/1175 1178/1178/1178 1176/1176/1176
f 1133/1133/1133 1179/1179/1179 1177/1177/1177
f 1134/1134/1134 1178/1178/1178 1180/1180/1180
f 1177/1177/1177 1179/1179/1179 1180/1180/1180
f 1177/1177/1177 1180/1180/1180 1178/1178/1178
f 1133/1133/1133 1181/1181/1181 1179/1179/1179
f 1134/1134/1134 1180/1180/1180 1182/1182/1182
f 1179/1179/1179 1181/1181/1181 1182/1182/1182
f 1179/1179/1179 1182/1182/1182 1180/1180/1180
f 1133/1133/1133 1135/1135/1135 1181/1181/1181
f 1134/1134/1134 1182/1182/1182 1136/1136/1136
f 1181/1181/1181 1135/1135/1135 1136/1136/1136
f 1181/1181/1181 1136/1136/1136 1182/1182/1182
f 1279/1279/1279 1283/1283/1283 1281/1281/1281
f 1280/1280/1280 1282/1282/1282 1284/1284/1284
f 1281/1281/1281 1283/1283/1283 1284/1284/1284
f 1281/1281/1281 1284/1284/1284 1282/1282/1282
f 1279/1279/1279 1285/1285/1285 1283/1283/1283
f 1280/1280/1280 1284/1284/1284 1286/1286/1286
f 1283/1283/1283 1285/1285/1285 1286/1286/1286
f 1283/1283/1283 1286/1286/1286 1284/1284/1284
f 1279/1279/1279 1287/1287/1287 1285/1285/1285
f 1280/1280/1280 1286/1286/1286 1288/1288/1288
f 1285/1285/1285 1287/1287/1287 1288/1288/1288
f 1285/1285/1285 1288/1288/1288 1286/1286/1286
f 1279/1279/1279 1289/1289/1289 1287/1287/1287
f 1280/1280/1280 1288/1288/1288 1290/1290/1290
f 1287/1287/1287 1289/1289/1289 1290/1290/1290
f 1287/1287/1287 1290/1290/1290 1288/1288/1288
f 1279/1279/1279 1291/1291/1291 1289/1289/1289
f 1280/1280/1280 1290/1290/1290 1292/1292/1292
f 1289/1289/1289 1291/1291/1291 1292/1292/1292
f 1289/1289/1289 1292/1292/1292 1290/1290/1290
f 1279/1279/1279 1293/1293/1293 1291/1291/1291
f 1280/1280/1280 1292/1292/1292 1294/1294/1294
f 1291/1291/1291 1293/1293/1293 1294/1294/1294
f 1291/1291/1291 1294/1294/1294 1292/1292/1292
f 1279/1279/1279 1295/1295/1295 1293/1293/1293
f 1280/1280/1280 1294/1294/1294 1296/1296/1296
f 1293/1293/1293 1295/1295/1295 1296/1296/1296
f 1293/1293/1293 1296/1296/1296 1294/1294/1294
f 1279/1279/1279 1297/1297/1297 1295/1295/1295
f 1280/1280/1280 1296/1296/1296 1298/1298/1298
f 1295/1295/1295 1297/1297/1297 1298/1298/1298
f 1295/1295/1295 1298/1298/1298 1296/1296/1296
f 1279/1279/1279 1299/1299/1299 1297/1297/1297
f 1280/1280/1280 1298/1298/1298 1300/1300/1300
f 1297/1297/1297 1299/1299/1299 1300/1300/1300
f 1297/1297/1297 1300/1300/1300 1298/1298/1298
f 1279/1279/1279 1301/1301/1301 1299/1299/1299
f 1280/1280/1280 1300/1300/1300 1302/1302/1302
f 1299/1299/1299 1301/1301/1301 1302/1302/1302
f 1299/1299/1299 1302/1302/1302 1300/1300/1300
f 1279/1279/1279 1303/1303/1303 1301/1301/1301
f 1280/1280/1280 1302/1302/1302 1304/1304/1304
f 1301/1301/1301 1303/1303/1303 1304/1304/1304
f 1301/1301/1301 1304/1304/1304 1302/1302/1302
f 1279/1279/1279 1305/1305/1305 1303/1303/1303
f 1280/1280/1280 1304/1304/1304 1306/1306/1306
f 1303/1303/1303 1305/1305/1305 1306/1306/1306
f 1303/1303/1303 1306/1306/1306 1304/1304/1304
f 1279/1279/1279 1307/1307/1307 1305/1305/1305
f 1280/1280/1280 1306/1306/1306 1308/1308/1308
f 1305/1305/1305 1307/1307/1307 1308/1308/1308
f 1305/1305/1305 1308/1308/1308 1306/1306/1306
f 1279/1279/1279 1309/1309/1309 1307/1307/1307
f 1280/1280/1280 1308/1308/1308 1310/1310/1310
f 1307/1307/1307 1309/1309/1309 1310/1310/1310
f 1307/1307/1307 1310/1310/1310 1308/1308/1308
f 1279/1279/1279 1311/1311/1311 1309/1309/1309
f 1280/1280/1280 1310/1310/1310 1312/1312/1312
f 1309/1309/1309 1311/1311/1311 1312/1312/1312
f 1309/1309/1309 1312/1312/1312 1310/1310/1310
f 1279/1279/1279 1281/1281/1281 1311/1311/1311
f 1280/1280/1280 1312/1312/1312 1282/1282/1282
f 1311/1311/1311 1281/1281/1281 1282/1282/1282
f 1311/1311/1311 1282/1282/1282 1312/1312/1312
f 1377/1377/1377 1381/1381/1381 1379/1379/1379
f 1378/1378/1378 1380/1380/1380 1382/1382/1382
f 1379/1379/1379 1381/1381/1381 1382/1382/1382
f 1379/1379/1379 1382/1382/1382 1380/1380/1380
f 1377/1377/1377 1383/1383/1383 1381/1381/1381
f 1378/1378/1378 1382/1382/1382 1384/1384/1384
f 1381/1381/1381 1383/1383/1383 1384/1384/1384
f 1381/1381/1381 1384/1384/1384 1382/1382/1382
f 1377/1377/1377 1385/1385/1385 1383/1383/1383
f 1378/1378/1378 1384/1384/1384 1386/1386/1386
f 1383/1383/1383 1385/1385/1385 1386/1386/1386
f 1383/1383/1383 1386/1386/1386 1384/1384/1384
f 1377/1377/1377 1387/1387/1387 1385/1385/1385
f 1378/1378/1378 1386/1386/1386 1388/1388/1388
f 1385/1385/1385 1387/1387/1387 1388/1388/1388
f 1385/1385/1385 1388/1388/1388 1386/1386/1386
f 1377/1377/1377 1389/1389/1389 1387/1387/1387
f 1378/1378/1378 1388/1388/1388 1390/1390/1390
f 1387/1387/1387 1389/1389/1389 1390/1390/1390
f 1387/1387/1387 1390/1390/1390 1388/1388/1388
f 1377/1377/1377 1391/1391/1391 1389/1389/1389
f 1378/1378/1378 1390/1390/1390 1392/1392/1392
f 1389/1389/1389 1391/1391/1391 1392/1392/1392
f 1389/1389/1389 1392/1392/1392 1390/1390/1390
f 1377/1377/1377 1393/1393/1393 1391/1391/1391
f 1378/1378/1378 1392/1392/1392 1394/1394/1394
f 1391/1391/1391 1393/1393/1393 1394/1394/1394
f 1391/1391/1391 1394/1394/1394 1392/1392/1392
f 1377/1377/1377 1395/1395/1395 1393/1393/1393
f 1378/1378/1378 1394/1394/1394 1396/1396/1396
f 1393/1393/1393 1395/1395/1395 1396/1396/1396
f 1393/1393/1393 1396/1396/1396 1394/1394/1394
f 1377/1377/1377 1397/1397/1397 1395/1395/1395
f 1378/1378/1378 1396/1396/1396 1398/1398/1398
f 1395/1395/1395 1397/1397/1397 1398/1398/1398
f 1395/1395/1395 1398/1398/1398 1396/1396/1396
f 1377/1377/1377 1399/1399/1399 1397/1397/1397
f 1378/1378/1378 1398/1398/1398 1400/1400/1400
f 1397/1397/1397 1399/1399/1399 1400/1400/1400
f 1397/1397/1397 1400/1400/1400 1398/1398/1398
f 1377/1377/1377 1401/1401/1401 1399/1399/1399
f 1378/1378/1378 1400/1400/1400 1402/1402/1402
f 1399/1399/1399 1401/1401/1401 1402/1402/1402
f 1399/1399/1399 1402/1402/1402 1400/1400/1400
f 1377/1377/1377 1403/1403/1403 1401/1401/1401
f 1378/1378/1378 1402/1402/1402 1404/1404/1404
f 1401/1401/1401 1403/1403/1403 1404/1404/1404
f 1401/1401/1401 1404/1404/1404 1402/1402/1402
f 1377/1377/1377 1405/1405/1405 1403/1403/1403
f 1378/1378/1378 1404/1404/1404 1406/1406/1406
f 1403/1403/1403 1405/1405/1405 1406/1406/1406
f 1403/1403/1403 1406/1406/1406 1404/1404/1404
f 1377/1377/1377 1407/1407/1407 1405/1405/1405
f 1378/1378/1378 1406/1406/1406 1408/1408/1408
f 1405/1405/1405 1407/1407/1407 1408/1408/1408
f 1405/1405/1405 1408/1408/1408 1406/1406/1406
f 1377/1377/1377 1409/1409/1409 1407/1407/1407
f 1378/1378/1378 1408/1408/1408 1410/1410/1410
f 1407/1407/1407 1409/1409/1409 1410/1410/1410
f 1407/1407/1407 1410/1410/1410 1408/1408/1408
f 1377/1377/1377 1379/1379/1379 1409/1409/1409
f 1378/1378/1378 1410/1410/1410 1380/1380/1380
f 1409/1409/1409 1379/1379/1379 1380/1380/1380
f 1409/1409/1409 1380/1380/1380 1410/1410/1410
f 1475/1475/1475 1479/1479/1479 1477/1477/1477
f 1476/1476/1476 1478/1478/1478 1480/1480/1480
f 1477/1477/1477 1479/1479/1479 1480/1480/1480
f 1477/1477/1477 1480/1480/1480 1478/1478/1478
f 1475/1475/1475 1481/1481/1481 1479/1479/1479
f 1476/1476/1476 1480/1480/1480 1482/1482/1482
f 1479/1479/1479 1481/1481/1481 1482/1482/1482
f 1479/1479/1479 1482/1482/1482 1480/1480/1480
f 1475/1475/1475 1483/1483/1483 1481/1481/1481
f 1476/1476/1476 1482/1482/1482 1484/1484/1484
f 1481/1481/1481 1483/1483/1483 1484/1484/1484
f 1481/1481/1481 1484/1484/1484 1482/1482/1482
f 1475/1475/1475 1485/1485/1485 1483/1483/1483
f 1476/1476/1476 1484/1484/1484 1486/1486/1486
f 1483/1483/1483 1485/1485/1485 1486/1486/1486
f 1483/1483/1483 1486/1486/1486 1484/1484/1484
f 1475/1475/1475 1487/1487/1487 1485/1485/1485
f 1476/1476/1476 1486/1486/1486 1488/1488/1488
f 1485/1485/1485 1487/1487/1487 1488/1488/1488
f 1485/1485/1485 1488/1488/1488 1486/1486/1486
f 1475/1475/1475 1489/1489/1489 1487/1487/1487
f 1476/1476/1476 1488/1488/1488 1490/1490/1490
f 1487/1487/1487 1489/1489/1489 1490/1490/1490
f 1487/1487/1487 1490/1490/1490 1488/1488/1488
f 1475/1475/1475 1491/1491/1491 1489/1489/1489
f 1476/1476/1476 1490/1490/1490 1492/1492/1492
f 1489/1489/1489 1491/1491/1491 1492/1492/1492
f 1489/1489/1489 1492/1492/1492 1490/1490/1490
f 1475/1475/1475 1493/1493/1493 1491/1491/1491
f 1476/1476/1476 1492/1492/1492 1494/1494/1494
f 1491/1491/1491 1493/1493/1493 1494/1494/1494
f 1491/1491/1491 1494/1494/1494 1492/1492/1492
f 1475/1475/1475 1495/1495/1495 1493/1493/1493
f 1476/1476/1476 1494/1494/1494 1496/1496/1496
f 1493/1493/1493 1495/1495/1495 1496/1496/1496
f 1493/1493/1493 1496/1496/1496 1494/1494/1494
f 1475/1475/1475 1497/1497/1497 1495/1495/1495
f 1476/1476/1476 1496/1496/1496 1498/1498/1498
f 1495/1495/1495 1497/1497/1497 1498/1498/1498
f 1495/1495/1495 1498/1498/1498 1496/1496/1496
f 1475/1475/1475 1499/1499/1499 1497/1497/1497
f 1476/1476/1476 1498/1498/1498 1500/1500/1500
f 1497/1497/1497 1499/1499/1499 1500/1500/1500
f 1497/1497/1497 1500/1500/1500 1498/1498/1498
f 1475/1475/1475 1501/1501/1501 1499/1499/1499
f 1476/1476/1476 1500/1500/1500 1502/1502/1502
f 1499/1499/1499 1501/1501/1501 1502/1502/1502
f 1499/1499/1499 1502/1502/1502 1500/1500/1500
f 1475/1475/1475 1503/1503/1503 1501/1501/1501
f 1476/1476/1476 1502/1502/1502 1504/1504/1504
f 1501/1501/1501 1503/1503/1503 1504/1504/1504
f 1501/1501/1501 1504/1504/1504 1502/1502/1502
f 1475/1475/1475 1505/1505/1505 1503/1503/1503
f 1476/1476/1476 1504/1504/1504 1506/1506/1506
f 1503/1503/1503 1505/1505/1505 1506/1506/1506
f 1503/1503/1503 1506/1506/1506 1504/1504/1504
f 1475/1475/1475 1507/1507/1507 1505/1505/1505
f 1476/1476/1476 1506/1506/1506 1508/1508/1508
f 1505/1505/1505 1507/1507/1507 1508/1508/1508
f 1505/1505/1505 1508/1508/1508 1506/1506/1506
f 1475/1475/1475 1477/1477/1477 1507/1507/1507
f 1476/1476/1476 1508/1508/1508 1478/1478/1478
f 1507/1507/1507 1477/1477/1477 1478/1478/1478
f 1507/1507/1507 1478/1478/1478 1508/1508/1508
f 1573/1573/1573 1574/1574/1574 1575/1575/1575
f 1573/1573/1573 1575/1575/1575 1576/1576/1576
f 1577/1577/1577 1578/1578/1578 1579/1579/1579
f 1577/1577/1577 1579/1579/1579 1580/1580/1580
f 1581/1581/1581 1582/1582/1582 1583/1583/1583
f 1581/1581/1581 1583/1583/1583 1584/1584/1584
f 1585/1585/1585 1586/1586/1586 1587/1587/1587
f 1585/1585/1585 1587/1587/1587 1588/1588/1588
f 1589/1589/1589 1590/1590/1590 1591/1591/1591
f 1589/1589/1589 1591/1591/1591 1592/1592/1592
f 1593/1593/1593 1594/1594/1594 1595/1595/1595
f 1593/1593/1593 1595/1595/1595 1596/1596/1596
f 1669/1669/1669 1670/1670/1670 1671/1671/1671
f 1669/1669/1669 1671/1671/1671 1672/1672/1672
f 1673/1673/1673 1674/1674/1674 1675/1675/1675
f 1673/1673/1673 1675/1675/1675 1676/1676/1676
f 1677/1677/1677 1678/1678/1678 1679/1679/1679
f 1677/1677/1677 1679/1679/1679 1680/1680/1680
f 1681/1681/1681 1682/1682/1682 1683/1683/1683
f 1681/1681/1681 1683/1683/1683 1684/1684/1684
f 1685/1685/1685 1686/1686/1686 1687/1687/1687
f 1685/1685/1685 1687/1687/1687 1688/1688/1688
f 1689/1689/1689 1690/1690/1690 1691/1691/1691
f 1689/1689/1689 1691/1691/1691 1692/1692/1692
f 1765/1765/1765 1766/1766/1766 1767/1767/1767
f 1765/1765/1765 1767/1767/1767 1768/1768/1768
f 1769/1769/1769 1770/1770/1770 1771/1771/1771
f 1769/1769/1769 1771/1771/1771 1772/1772/1772
f 1773/1773/1773 1774/1774/1774 1775/1775/1775
f 1773/1773/1773 1775/1775/1775 1776/1776/1776
f 1777/1777/1777 1778/1778/1778 1779/1779/1779
f 1777/1777/1777 1779/1779/1779 1780/1780/1780
f 1781/1781/1781 1782/1782/1782 1783/1783/1783
f 1781/1781/1781 1783/1783/1783 1784/1784/1784
f 1785/1785/1785 1786/1786/1786 1787/1787/1787
f 1785/1785/1785 1787/1787/1787 1788/1788/1788
f 1861/1861/1861 1862/1862/1862 1863/1863/1863
f 1861/1861/1861 1863/1863/1863 1864/1864/1864
f 1865/1865/1865 1866/1866/1866 1867/1867/1867
f 1865/1865/1865 1867/1867/1867 1868/1868/1868
f 1869/1869/1869 1870/1870/1870 1871/1871/1871
f 1869/1869/1869 1871/1871/1871 1872/1872/1872
f 1873/1873/1873 1874/1874/1874 1875/1875/1875
f 1873/1873/1873 1875/1875/1875 1876/1876/1876
f 1877/1877/1877 1878/1878/1878 1879/1879/1879
f 1877/1877/1877 1879/1879/1879 1880/1880/1880
f 1881/1881/1881 1882/1882/1882 1883/1883/1883
f 1881/1881/1881 1883/1883/1883 1884/1884/1884
f 1957/1957/1957 1958/1958/1958 1959/1959/1959
f 1957/1957/1957 1959/1959/1959 1960/1960/1960
f 1961/1961/1961 1962/1962/1962 1963/1963/1963
f 1961/1961/1961 1963/1963/1963 1964/1964/1964
f 1965/1965/1965 1966/1966/1966 1967/1967/1967
f 1965/1965/1965 1967/1967/1967 1968/1968/1968
f 1969/1969/1969 1970/1970/1970 1971/1971/1971
f 1969/1969/1969 1971/1971/1971 1972/1972/1972
f 1973/1973/1973 1974/1974/1974 1975/1975/1975
f 1973/1973/1973 1975/1975/1975 1976/1976/1976
f 1977/1977/1977 1978/1978/1978 1979/1979/1979
f 1977/1977/1977 1979/1979/1979 1980/1980/1980
f 2053/2053/2053 2054/2054/2054 2055/2055/2055
f 2053/2053/2053 2055/2055/2055 2056/2056/2056
f 2057/2057/2057 2058/2058/2058 2059/2059/2059
f 2057/2057/2057 2059/2059/2059 2060/2060/2060
f 2061/2061/2061 2062/2062/2062 2063/2063/2063
f 2061/2061/2061 2063/2063/2063 2064/2064/2064
f 2065/2065/2065 2066/2066/2066 2067/2067/2067
f 2065/2065/2065 2067/2067/2067 2068/2068/2068
f 2069/2069/2069 2070/2070/2070 2071/2071/2071
f 2069/2069/2069 2071/2071/2071 2072/2072/2072
f 2073/2073/2073 2074/2074/2074 2075/2075/2075
f 2073/2073/2073 2075/2075/2075 2076/2076/2076
f 2149/2149/2149 2150/2150/2150 2151/2151/2151
f 2149/2149/2149 2151/2151/2151 2152/2152/2152
f 2153/2153/2153 2154/2154/2154 2155/2155/2155
f 2153/2153/2153 2155/2155/2155 2156/2156/2156
f 2157/2157/2157 2158/2158/2158 2159/2159/2159
f 2157/2157/2157 2159/2159/2159 2160/2160/2160
f 2161/2161/2161 2162/2162/2162 2163/2163/2163
f 2161/2161/2161 2163/2163/2163 2164/2164/2164
f 2165/2165/2165 2166/2166/2166 2167/2167/2167
f 2165/2165/2165 2167/2167/2167 2168/2168/2168
f 2169/2169/2169 2170/2170/2170 2171/2171/2171
f 2169/2169/2169 2171/2171/2171 2172/2172/2172
f 2173/2173/2173 2174/2174/2174 2175/2175/2175
f 2173/2173/2173 2175/2175/2175 2176/2176/2176
f 2177/2177/2177 2178/2178/2178 2179/2179/2179
f 2177/2177/2177 2179/2179/2179 2180/2180/2180
f 2181/2181/2181 2182/2182/2182 2183/2183/2183
f 2181/2181/2181 2183/2183/2183 2184/2184/2184
f 2185/2185/2185 2186/2186/2186 2187/2187/2187
f 2185/2185/2185 2187/2187/2187 2188/2188/2188
f 2189/2189/2189 2190/2190/2190 2191/2191/2191
f 2189/2189/2189 2191/2191/2191 2192/2192/2192
f 2193/2193/2193 2194/2194/2194 2195/2195/2195
f 2193/2193/2193 2195/2195/2195 2196/2196/2196
f 2197/2197/2197 2198/2198/2198 2199/2199/2199
f 2197/2197/2197 2199/2199/2199 2200/2200/2200
f 2201/2201/2201 2202/2202/2202 2203/2203/2203
f 2201/2201/2201 2203/2203/2203 2204/2204/2204
f 2205/2205/2205 2206/2206/2206 2207/2207/2207
f 2205/2205/2205 2207/2207/2207 2208/2208/2208
f 2209/2209/2209 2210/2210/2210 2211/2211/2211
f 2209/2209/2209 2211/2211/2211 2212/2212/2212
f 2213/2213/2213 2214/2214/2214 2215/2215/2215
f 2213/2213/2213 2215/2215/2215 2216/2216/2216
f 2217/2217/2217 2218/2218/2218 2219/2219/2219
f 2217/2217/2217 2219/2219/2219 2220/2220/2220
f 2293/2293/2293 2294/2294/2294 2295/2295/2295
f 2293/2293/2293 2295/2295/2295 2296/2296/2296
f 2297/2297/2297 2298/2298/2298 2299/2299/2299
f 2297/2297/2297 2299/2299/2299 2300/2300/2300
f 2301/2301/2301 2302/2302/2302 2303/2303/2303
f 2301/2301/2301 2303/2303/2303 2304/2304/2304
f 2305/2305/2305 2306/2306/2306 2307/2307/2307
f 2305/2305/2305 2307/2307/2307 2308/2308/2308
f 2309/2309/2309 2310/2310/2310 2311/2311/2311
f 2309/2309/2309 2311/2311/2311 2312/2312/2312
f 2313/2313/2313 2314/2314/2314 2315/2315/2315
f 2313/2313/2313 2315/2315/2315 2316/2316/2316
f 2341/2341/2341 2342/2342/2342 2343/2343/2343
f 2341/2341/2341 2343/2343/2343 2344/2344/2344
f 2345/2345/2345 2346/2346/2346 2347/2347/2347
f 2345/2345/2345 2347/2347/2347 2348/2348/2348
f 2349/2349/2349 2350/2350/2350 2351/2351/2351
f 2349/2349/2349 2351/2351/2351 2352/2352/2352
f 2353/2353/2353 2354/2354/2354 2355/2355/2355
f 2353/2353/2353 2355/2355/2355 2356/2356/2356
f 2357/2357/2357 2358/2358/2358 2359/2359/2359
f 2357/2357/2357 2359/2359/2359 2360/2360/2360
f 2361/2361/2361 2362/2362/2362 2363/2363/2363
f 2361/2361/2361 2363/2363/2363 2364/2364/2364
f 2389/2389/2389 2390/2390/2390 2391/2391/2391
f 2389/2389/2389 2391/2391/2391 2392/2392/2392
f 2393/2393/2393 2394/2394/2394 2395/2395/2395
f 2393/2393/2393 2395/2395/2395 2396/2396/2396
f 2397/2397/2397 2398/2398/2398 2399/2399/2399
f 2397/2397/2397 2399/2399/2399 2400/2400/2400
f 2401/2401/2401 2402/2402/2402 2403/2403/2403
f 2401/2401/2401 2403/2403/2403 2404/2404/2404
f 2405/2405/2405 2406/2406/2406 2407/2407/2407
f 2405/2405/2405 2407/2407/2407 2408/2408/2408
f 2409/2409/2409 2410/2410/2410 2411/2411/2411
f 2409/2409/2409 2411/2411/2411 2412/2412/2412
f 2437/2437/2437 2438/2438/2438 2439/2439/2439
f 2437/2437/2437 2439/2439/2439 2440/2440/2440
f 2441/2441/2441 2442/2442/2442 2443/2443/2443
f 2441/2441/2441 2443/2443/2443 2444/2444/2444
f 2445/2445/2445 2446/2446/2446 2447/2447/2447
f 2445/2445/2445 2447/2447/2447 2448/2448/2448
f 2449/2449/2449 2450/2450/2450 2451/2451/2451
f 2449/2449/2449 2451/2451/2451 2452/2452/2452
f 2453/2453/2453 2454/2454/2454 2455/2455/2455
f 2453/2453/2453 2455/2455/2455 2456/2456/2456
f 2457/2457/2457 2458/2458/2458 2459/2459/2459
f 2457/2457/2457 2459/2459/2459 2460/2460/2460
f 2485/2485/2485 2486/2486/2486 2487/2487/2487
f 2485/2485/2485 2487/2487/2487 2488/2488/2488
f 2489/2489/2489 2490/2490/2490 2491/2491/2491
f 2489/2489/2489 2491/2491/2491 2492/2492/2492
f 2493/2493/2493 2494/2494/2494 2495/2495/2495
f 2493/2493/2493 2495/2495/2495 2496/2496/2496
f 2497/2497/2497 2498/2498/2498 2499/2499/2499
f 2497/2497/2497 2499/2499/2499 2500/2500/2500
f 2501/2501/2501 2502/2502/2502 2503/2503/2503
f 2501/2501/2501 2503/2503/2503 2504/2504/2504
f 2505/2505/2505 2506/2506/2506 2507/2507/2507
f 2505/2505/2505 2507/2507/2507 2508/2508/2508
f 2533/2533/2533 2534/2534/2534 2535/2535/2535
f 2533/2533/2533 2535/2535/2535 2536/2536/2536
f 2537/2537/2537 2538/2538/2538 2539/2539/2539
f 2537/2537/2537 2539/2539/2539 2540/2540/2540
f 2541/2541/2541 2542/2542/2542 2543/2543/2543
f 2541/2541/2541 2543/2543/2543 2544/2544/2544
f 2545/2545/2545 2546/2546/2546 2547/2547/2547
f 2545/2545/2545 2547/2547/2547 2548/2548/2548
f 2549/2549/2549 2550/2550/2550 2551/2551/2551
f 2549/2549/2549 2551/2551/2551 2552/2552/2552
f 2553/2553/2553 2554/2554/2554 2555/2555/2555
f 2553/2553/2553 2555/2555/2555 2556/2556/2556
f 2581/2581/2581 2582/2582/2582 2583/2583/2583
f 2581/2581/2581 2583/2583/2583 2584/2584/2584
f 2585/2585/2585 2586/2586/2586 2587/2587/2587
f 2585/2585/2585 2587/2587/2587 2588/2588/2588
f 2589/2589/2589 2590/2590/2590 2591/2591/2591
f 2589/2589/2589 2591/2591/2591 2592/2592/2592
f 2593/2593/2593 2594/2594/2594 2595/2595/2595
f 2593/2593/2593 2595/2595/2595 2596/2596/2596
f 2597/2597/2597 2598/2598/2598 2599/2599/2599
f 2597/2597/2597 2599/2599/2599 2600/2600/2600
f 2601/2601/2601 2602/2602/2602 2603/2603/2603
f 2601/2601/2601 2603/2603/2603 2604/2604/2604
f 2629/2629/2629 2630/2630/2630 2631/2631/2631
f 2629/2629/2629 2631/2631/2631 2632/2632/2632
f 2633/2633/2633 2634/2634/2634 2635/2635/2635
f 2633/2633/2633 2635/2635/2635 2636/2636/2636
f 2637/2637/2637 2638/2638/2638 2639/2639/2639
f 2637/2637/2637 2639/2639/2639 2640/2640/2640
f 2641/2641/2641 2642/2642/2642 2643/2643/2643
f 2641/2641/2641 2643/2643/2643 2644/2644/2644
f 2645/2645/2645 2646/2646/2646 2647/2647/2647
f 2645/2645/2645 2647/2647/2647 2648/2648/2648
f 2649/2649/2649 2650/2650/2650 2651/2651/2651
f 2649/2649/2649 2651/2651/2651 2652/2652/2652
f 2677/2677/2677 2678/2678/2678 2679/2679/2679
f 2677/2677/2677 2679/2679/2679 2680/2680/2680
f 2681/2681/2681 2682/2682/2682 2683/2683/2683
f 2681/2681/2681 2683/2683/2683 2684/2684/2684
f 2685/2685/2685 2686/2686/2686 2687/2687/2687
f 2685/2685/2685 2687/2687/2687 2688/2688/2688
f 2689/2689/2689 2690/2690/2690 2691/2691/2691
f 2689/2689/2689 2691/2691/2691 2692/2692/2692
f 2693/2693/2693 2694/2694/2694 2695/2695/2695
f 2693/2693/2693 2695/2695/2695 2696/2696/2696
f 2697/2697/2697 2698/2698/2698 2699/2699/2699
f 2697/2697/2697 2699/2699/2699 2700/2700/2700
f 2725/2725/2725 2726/2726/2726 2727/2727/2727
f 2725/2725/2725 2727/2727/2727 2728/2728/2728
f 2729/2729/2729 2730/2730/2730 2731/2731/2731
f 2729/2729/2729 2731/2731/2731 2732/2732/2732
f 2733/2733/2733 2734/2734/2734 2735/2735/2735
f 2733/2733/2733 2735/2735/2735 2736/2736/2736
f 2737/2737/2737 2738/2738/2738 2739/2739/2739
f 2737/2737/2737 2739/2739/2739 2740/2740/2740
f 2741/2741/2741 2742/2742/2742 2743/2743/2743
f 2741/2741/2741 2743/2743/2743 2744/2744/2744
f 2745/2745/2745 2746/2746/2746 2747/2747/2747
f 2745/2745/2745 2747/2747/2747 2748/2748/2748
f 2773/2773/2773 2774/2774/2774 2775/2775/2775
f 2773/2773/2773 2775/2775/2775 2776/2776/2776
f 2777/2777/2777 2778/2778/2778 2779/2779/2779
f 2777/2777/2777 2779/2779/2779 2780/2780/2780
f 2781/2781/2781 2782/2782/2782 2783/2783/2783
f 2781/2781/2781 2783/2783/2783 2784/2784/2784
f 2785/2785/2785 2786/2786/2786 2787/2787/2787
f 2785/2785/2785 2787/2787/2787 2788/2788/2788
f 2789/2789/2789 2790/2790/2790 2791/2791/2791
f 2789/2789/2789 2791/2791/2791 2792/2792/2792
f 2793/2793/2793 2794/2794/2794 2795/2795/2795
f 2793/2793/2793 2795/2795/2795 2796/2796/2796
f 2821/2821/2821 2822/2822/2822 2823/2823/2823
f 2821/2821/2821 2823/2823/2823 2824/2824/2824
f 2825/2825/2825 2826/2826/2826 2827/2827/2827
f 2825/2825/2825 2827/2827/2827 2828/2828/2828
f 2829/2829/2829 2830/2830/2830 2831/2831/2831
f 2829/2829/2829 2831/2831/2831 2832/2832/2832
f 2833/2833/2833 2834/2834/2834 2835/2835/2835
f 2833/2833/2833 2835/2835/2835 2836/2836/2836
f 2837/2837/2837 2838/2838/2838 2839/2839/2839
f 2837/2837/2837 2839/2839/2839 2840/2840/2840
f 2841/2841/2841 2842/2842/2842 2843/2843/2843
f 2841/2841/2841 2843/2843/2843 2844/2844/2844
f 2869/2869/2869 2870/2870/2870 2871/2871/2871
f 2869/2869/2869 2871/2871/2871 2872/2872/2872
f 2873/2873/2873 2874/2874/2874 2875/2875/2875
f 2873/2873/2873 2875/2875/2875 2876/2876/2876
f 2877/2877/2877 2878/2878/2878 2879/2879/2879
f 2877/2877/2877 2879/2879/2879 2880/2880/2880
f 2881/2881/2881 2882/2882/2882 2883/2883/2883
f 2881/2881/2881 2883/2883/2883 2884/2884/2884
f 2885/2885/2885 2886/2886/2886 2887/2887/2887
f 2885/2885/2885 2887/2887/2887 2888/2888/2888
f 2889/2889/2889 2890/2890/2890 2891/2891/2891
f 2889/2889/2889 2891/2891/2891 2892/2892/2892
f 2917/2917/2917 2918/2918/2918 2919/2919/2919
f 2917/2917/2917 2919/2919/2919 2920/2920/2920
f 2921/2921/2921 2922/2922/2922 2923/2923/2923
f 2921/2921/2921 2923/2923/2923 2924/2924/2924
f 2925/2925/2925 2926/2926/2926 2927/2927/2927
f 2925/2925/2925 2927/2927/2927 2928/2928/2928
f 2929/2929/2929 2930/2930/2930 2931/2931/2931
f 2929/2929/2929 2931/2931/2931 2932/2932/2932
f 2933/2933/2933 2934/2934/2934 2935/2935/2935
f 2933/2933/2933 2935/2935/2935 2936/2936/2936
f 2937/2937/2937 2938/2938/2938 2939/2939/2939
f 2937/2937/2937 2939/2939/2939 2940/2940/2940
f 2965/2965/2965 2966/2966/2966 2967/2967/2967
f 2965/2965/2965 2967/2967/2967 2968/2968/2968
f 2969/2969/2969 2970/2970/2970 2971/2971/2971
f 2969/2969/2969 2971/2971/2971 2972/2972/2972
f 2973/2973/2973 2974/2974/2974 2975/2975/2975
f 2973/2973/2973 2975/2975/2975 2976/2976/2976
f 2977/2977/2977 2978/2978/2978 2979/2979/2979
f 2977/2977/2977 2979/2979/2979 2980/2980/2980
f 2981/2981/2981 2982/2982/2982 2983/2983/2983
f 2981/2981/2981 2983/2983/2983 2984/2984/2984
f 2985/2985/2985 2986/2986/2986 2987/2987/2987
f 2985/2985/2985 2987/2987/2987 2988/2988/2988
f 3013/3013/3013 3014/3014/3014 3015/3015/3015
f 3013/3013/3013 3015/3015/3015 3016/3016/3016
f 3017/3017/3017 3018/3018/3018 3019/3019/3019
f 3017/3017/3017 3019/3019/3019 3020/3020/3020
f 3021/3021/3021 3022/3022/3022 3023/3023/3023
f 3021/3021/3021 3023/3023/3023 3024/3024/3024
f 3025/3025/3025 3026/3026/3026 3027/3027/3027
f 3025/3025/3025 3027/3027/3027 3028/3028/3028
f 3029/3029/3029 3030/3030/3030 3031/3031/3031
f 3029/3029/3029 3031/3031/3031 3032/3032/3032
f 3033/3033/3033 3034/3034/3034 3035/3035/3035
f 3033/3033/3033 3035/3035/3035 3036/3036/3036
f 3061/3061/3061 3062/3062/3062 3063/3063/3063
f 3061/3061/3061 3063/3063/3063 3064/3064/3064
f 3065/3065/3065 3066/3066/3066 3067/3067/3067
f 3065/3065/3065 3067/3067/3067 3068/3068/3068
f 3069/3069/3069 3070/3070/3070 3071/3071/3071
f 3069/3069/3069 3071/3071/3071 3072/3072/3072
f 3073/3073/3073 3074/3074/3074 3075/3075/3075
f 3073/3073/3073 3075/3075/3075 3076/3076/3076
f 3077/3077/3077 3078/3078/3078 3079/3079/3079
f 3077/3077/3077 3079/3079/3079 3080/3080/3080
f 3081/3081/3081 3082/3082/3082 3083/3083/3083
f 3081/3081/3081 3083/3083/3083 3084/3084/3084
f 3109/3109/3109 3110/3110/3110 3111/3111/3111
f 3109/3109/3109 3111/3111/3111 3112/3112/3112
f 3113/3113/3113 3114/3114/3114 3115/3115/3115
f 3113/3113/3113 3115/3115/3115 3116/3116/3116
f 3117/3117/3117 3118/3118/3118 3119/3119/3119
f 3117/3117/3117 3119/3119/3119 3120/3120/3120
f 3121/3121/3121 3122/3122/3122 3123/3123/3123
f 3121/3121/3121 3123/3123/3123 3124/3124/3124
f 3125/3125/3125 3126/3126/3126 3127/3127/3127
f 3125/3125/3125 3127/3127/3127 3128/3128/3128
f 3129/3129/3129 3130/3130/3130 3131/3131/3131
f 3129/3129/3129 3131/3131/3131 3132/3132/3132
f 3157/3157/3157 3158/3158/3158 3159/3159/3159
f 3157/3157/3157 3159/3159/3159 3160/3160/3160
f 3161/3161/3161 3162/3162/3162 3163/3163/3163
f 3161/3161/3161 3163/3163/3163 3164/3164/3164
f 3165/3165/3165 3166/3166/3166 3167/3167/3167
f 3165/3165/3165 3167/3167/3167 3168/3168/3168
f 3169/3169/3169 3170/3170/3170 3171/3171/3171
f 3169/3169/3169 3171/3171/3171 3172/3172/3172
f 3173/3173/3173 3174/3174/3174 3175/3175/3175
f 3173/3173/3173 3175/3175/3175 3176/3176/3176
f 3177/3177/3177 3178/3178/3178 3179/3179/3179
f 3177/3177/3177 3179/3179/3179 3180/3180/3180
f 3181/3181/3181 3182/3182/3182 3183/3183/3183
f 3181/3181/3181 3183/3183/3183 3184/3184/3184
f 3185/3185/3185 3186/3186/3186 3187/3187/3187
f 3185/3185/3185 3187/3187/3187 3188/3188/3188
f 3189/3189/3189 3190/3190/3190 3191/3191/3191
f 3189/3189/3189 3191/3191/3191 3192/3192/3192
f 3193/3193/3193 3194/3194/3194 3195/3195/3195
f 3193/3193/3193 3195/3195/3195 3196/3196/3196
f 3197/3197/3197 3198/3198/3198 3199/3199/3199
f 3197/3197/3197 3199/3199/3199 3200/3200/3200
f 3201/3201/3201 3202/3202/3202 3203/3203/3203
f 3201/3201/3201 3203/3203/3203 3204/3204/3204
f 3205/3205/3205 3206/3206/3206 3207/3207/3207
f 3205/3205/3205 3207/3207/3207 3208/3208/3208
f 3209/3209/3209 3210/3210/3210 3211/3211/3211
f 3209/3209/3209 3211/3211/3211 3212/3212/3212
f 3213/3213/3213 3214/3214/3214 3215/3215/3215
f 3213/3213/3213 3215/3215/3215 3216/3216/3216
f 3217/3217/3217 3218/3218/3218 3219/3219/3219
f 3217/3217/3217 3219/3219/3219 3220/3220/3220
f 3221/3221/3221 3222/3222/3222 3223/3223/3223
f 3221/3221/3221 3223/3223/3223 3224/3224/3224
f 3225/3225/3225 3226/3226/3226 3227/3227/3227
f 3225/3225/3225 3227/3227/3227 3228/3228/3228
f 3229/3229/3229 3230/3230/3230 3231/3231/3231
f 3229/3229/3229 3231/3231/3231 3232/3232/3232
f 3233/3233/3233 3234/3234/3234 3235/3235/3235
f 3233/3233/3233 3235/3235/3235 3236/3236/3236
f 3237/3237/3237 3238/3238/3238 3239/3239/3239
f 3237/3237/3237 3239/3239/3239 3240/3240/3240
f 3241/3241/3241 3242/3242/3242 3243/3243/3243
f 3241/3241/3241 3243/3243/3243 3244/3244/3244
f 3245/3245/3245 3246/3246/3246 3247/3247/3247
f 3245/3245/3245 3247/3247/3247 3248/3248/3248
f 3249/3249/3249 3250/3250/3250 3251/3251/3251
f 3249/3249/3249 3251/3251/3251 3252/3252/3252
f 3253/3253/3253 3254/3254/3254 3255/3255/3255
f 3253/3253/3253 3255/3255/3255 3256/3256/3256
f 3257/3257/3257 3258/3258/3258 3259/3259/3259
f 3257/3257/3257 3259/3259/3259 3260/3260/3260
f 3261/3261/3261 3262/3262/3262 3263/3263/3263
f 3261/3261/3261 3263/3263/3263 3264/3264/3264
f 3265/3265/3265 3266/3266/3266 3267/3267/3267
f 3265/3265/3265 3267/3267/3267 3268/3268/3268
f 3269/3269/3269 3270/3270/3270 3271/3271/3271
f 3269/3269/3269 3271/3271/3271 3272/3272/3272
f 3273/3273/3273 3274/3274/3274 3275/3275/3275
f 3273/3273/3273 3275/3275/3275 3276/3276/3276
f 3277/3277/3277 3278/3278/3278 3279/3279/3279
f 3277/3277/3277 3279/3279/3279 3280/3280/3280
f 3281/3281/3281 3282/3282/3282 3283/3283/3283
f 3281/3281/3281 3283/3283/3283 3284/3284/3284
f 3285/3285/3285 3286/3286/3286 3287/3287/3287
f 3285/3285/3285 3287/3287/3287 3288/3288/3288
f 3289/3289/3289 3290/3290/3290 3291/3291/3291
f 3289/3289/3289 3291/3291/3291 3292/3292/3292
f 3293/3293/3293 3294/3294/3294 3295/3295/3295
f 3293/3293/3293 3295/3295/3295 3296/3296/3296
f 3297/3297/3297 3298/3298/3298 3299/3299/3299
f 3297/3297/3297 3299/3299/3299 3300/3300/3300
f 3301/3301/3301 3302/3302/3302 3303/3303/3303
f 3301/3301/3301 3303/3303/3303 3304/3304/3304
f 3305/3305/3305 3306/3306/3306 3307/3307/3307
f 3305/3305/3305 3307/3307/3307 3308/3308/3308
f 3309/3309/3309 3310/3310/3310 3311/3311/3311
f 3309/3309/3309 3311/3311/3311 3312/3312/3312
f 3313/3313/3313 3314/3314/3314 3315/3315/3315
f 3313/3313/3313 3315/3315/3315 3316/3316/3316
f 3317/3317/3317 3318/3318/3318 3319/3319/3319
f 3317/3317/3317 3319/3319/3319 3320/3320/3320
f 3321/3321/3321 3322/3322/3322 3323/3323/3323
f 3321/3321/3321 3323/3323/3323 3324/3324/3324
f 3325/3325/3325 3326/3326/3326 3327/3327/3327
f 3325/3325/3325 3327/3327/3327 3328/3328/3328
f 3329/3329/3329 3330/3330/3330 3331/3331/3331
f 3329/3329/3329 3331/3331/3331 3332/3332/3332
f 3333/3333/3333 3334/3334/3334 3335/3335/3335
f 3333/3333/3333 3335/3335/3335 3336/3336/3336
f 3337/3337/3337 3338/3338/3338 3339/3339/3339
f 3337/3337/3337 3339/3339/3339 3340/3340/3340
f 3341/3341/3341 3342/3342/3342 3343/3343/3343
f 3341/3341/3341 3343/3343/3343 3344/3344/3344
f 3345/3345/3345 3346/3346/3346 3347/3347/3347
f 3345/3345/3345 3347/3347/3347 3348/3348/3348
f 3349/3349/3349 3350/3350/3350 3351/3351/3351
f 3349/3349/3349 3351/3351/3351 3352/3352/3352
f 3353/3353/3353 3354/3354/3354 3355/3355/3355
f 3353/3353/3353 3355/3355/3355 3356/3356/3356
f 3357/3357/3357 3358/3358/3358 3359/3359/3359
f 3357/3357/3357 3359/3359/3359 3360/3360/3360
f 3361/3361/3361 3362/3362/3362 3363/3363/3363
f 3361/3361/3361 3363/3363/3363 3364/3364/3364
f 3365/3365/3365 3366/3366/3366 3367/3367/3367
f 3365/3365/3365 3367/3367/3367 3368/3368/3368
f 3369/3369/3369 3370/3370/3370 3371/3371/3371
f 3369/3369/3369 3371/3371/3371 3372/3372/3372
f 3373/3373/3373 3377/3377/3377 3378/3378/3378
f 3373/3373/3373 3378/3378/3378 3374/3374/3374
f 3374/3374/3374 3378/3378/3378 3380/3380/3380
f 3374/3374/3374 3380/3380/3380 3376/3376/3376
f 3375/3375/3375 3379/3379/3379 3377/3377/3377
f 3375/3375/3375 3377/3377/3377 3373/3373/3373
f 3377/3377/3377 3381/3381/3381 3382/3382/3382
f 3377/3377/3377 3382/3382/3382 3378/3378/3378
f 3378/3378/3378 3382/3382/3382 3384/3384/3384
f 3378/3378/3378 3384/3384/3384 3380/3380/3380
f 3379/3379/3379 3383/3383/3383 3381/3381/3381
f 3379/3379/3379 3381/3381/3381 3377/3377/3377
f 3381/3381/3381 3385/3385/3385 3386/3386/3386
f 3381/3381/3381 3386/3386/3386 3382/3382/3382
f 3382/3382/3382 3386/3386/3386 3388/3388/3388
f 3382/3382/3382 3388/3388/3388 3384/3384/3384
f 3383/3383/3383 3387/3387/3387 3385/3385/3385
f 3383/3383/3383 3385/3385/3385 3381/3381/3381
f 3385/3385/3385 3389/3389/3389 3390/3390/3390
f 3385/3385/3385 3390/3390/3390 3386/3386/3386
f 3386/3386/3386 3390/3390/3390 3392/3392/3392
f 3386/3386/3386 3392/3392/3392 3388/3388/3388
f 3387/3387/3387 3391/3391/3391 3389/3389/3389
f 3387/3387/3387 3389/3389/3389 3385/3385/3385
f 3389/3389/3389 3393/3393/3393 3394/3394/3394
f 3389/3389/3389 3394/3394/3394 3390/3390/3390
f 3390/3390/3390 3394/3394/3394 3396/3396/3396
f 3390/3390/3390 3396/3396/3396 3392/3392/3392
f 3391/3391/3391 3395/3395/3395 3393/3393/3393
f 3391/3391/3391 3393/3393/3393 3389/3389/3389
f 3393/3393/3393 3397/3397/3397 3398/3398/3398
f 3393/3393/3393 3398/3398/3398 3394/3394/3394
f 3394/3394/3394 3398/3398/3398 3400/3400/3400
f 3394/3394/3394 3400/3400/3400 3396/3396/3396
f 3395/3395/3395 3399/3399/3399 3397/3397/3397
f 3395/3395/3395 3397/3397/3397 3393/3393/3393
f 3397/3397/3397 3401/3401/3401 3402/3402/3402
f 3397/3397/3397 3402/3402/3402 3398/3398/3398
f 3398/3398/3398 3402/3402/3402 3404/3404/3404
f 3398/3398/3398 3404/3404/3404 3400/3400/3400
f 3399/3399/3399 3403/3403/3403 3401/3401/3401
f 3399/3399/3399 3401/3401/3401 3397/3397/3397
f 3401/3401/3401 3405/3405/3405 3406/3406/3406
f 3401/3401/3401 3406/3406/3406 3402/3402/3402
f 3402/3402/3402 3406/3406/3406 3408/3408/3408
f 3402/3402/3402 3408/3408/3408 3404/3404/3404
f 3403/3403/3403 3407/3407/3407 3405/3405/3405
f 3403/3403/3403 3405/3405/3405 3401/3401/3401
f 3405/3405/3405 3409/3409/3409 3410/3410/3410
f 3405/3405/3405 3410/3410/3410 3406/3406/3406
f 3406/3406/3406 3410/3410/3410 3412/3412/3412
f 3406/3406/3406 3412/3412/3412 3408/3408/3408
f 3407/3407/3407 3411/3411/3411 3409/3409/3409
f 3407/3407/3407 3409/3409/3409 3405/3405/3405
f 3409/3409/3409 3413/3413/3413 3414/3414/3414
f 3409/3409/3409 3414/3414/3414 3410/3410/3410
f 3410/3410/3410 3414/3414/3414 3416/3416/3416
f 3410/3410/3410 3416/3416/3416 3412/3412/3412
f 3411/3411/3411 3415/3415/3415 3413/3413/3413
f 3411/3411/3411 3413/3413/3413 3409/3409/3409
f 3413/3413/3413 3417/3417/3417 3418/3418/3418
f 3413/3413/3413 3418/3418/3418 3414/3414/3414
f 3414/3414/3414 3418/3418/3418 3420/3420/3420
f 3414/3414/3414 3420/3420/3420 3416/3416/3416
f 3415/3415/3415 3419/3419/3419 3417/3417/3417
f 3415/3415/3415 3417/3417/3417 3413/3413/3413
f 3417/3417/3417 3421/3421/3421 3422/3422/3422
f 3417/3417/3417 3422/3422/3422 3418/3418/3418
f 3418/3418/3418 3422/3422/3422 3424/3424/3424
f 3418/3418/3418 3424/3424/3424 3420/3420/3420
f 3419/3419/3419 3423/3423/3423 3421/3421/3421
f 3419/3419/3419 3421/3421/3421 3417/3417/3417
f 3421/3421/3421 3425/3425/3425 3426/3426/3426
f 3421/3421/3421 3426/3426/3426 3422/3422/3422
f 3422/3422/3422 3426/3426/3426 3428/3428/3428
f 3422/3422/3422 3428/3428/3428 3424/3424/3424
f 3423/3423/3423 3427/3427/3427 3425/3425/3425
f 3423/3423/3423 3425/3425/3425 3421/3421/3421
f 3425/3425/3425 3429/3429/3429 3430/3430/3430
f 3425/3425/3425 3430/3430/3430 3426/3426/3426
f 3426/3426/3426 3430/3430/3430 3432/3432/3432
f 3426/3426/3426 3432/3432/3432 3428/3428/3428
f 3427/3427/3427 3431/3431/3431 3429/3429/3429
f 3427/3427/3427 3429/3429/3429 3425/3425/3425
f 3429/3429/3429 3433/3433/3433 3434/3434/3434
f 3429/3429/3429 3434/3434/3434 3430/3430/3430
f 3430/3430/3430 3434/3434/3434 3436/3436/3436
f 3430/3430/3430 3436/3436/3436 3432/3432/3432
f 3431/3431/3431 3435/3435/3435 3433/3433/3433
f 3431/3431/3431 3433/3433/3433 3429/3429/3429
f 3433/3433/3433 3437/3437/3437 3438/3438/3438
f 3433/3433/3433 3438/3438/3438 3434/3434/3434
f 3434/3434/3434 3438/3438/3438 3440/3440/3440
f 3434/3434/3434 3440/3440/3440 3436/3436/3436
f 3435/3435/3435 3439/3439/3439 3437/3437/3437
f 3435/3435/3435 3437/3437/3437 3433/3433/3433
f 3437/3437/3437 3441/3441/3441 3442/3442/3442
f 3437/3437/3437 3442/3442/3442 3438/3438/3438
f 3438/3438/3438 3442/3442/3442 3444/3444/3444
f 3438/3438/3438 3444/3444/3444 3440/3440/3440
f 3439/3439/3439 3443/3443/3443 3441/3441/3441
f 3439/3439/3439 3441/3441/3441 3437/3437/3437
f 3441/3441/3441 3445/3445/3445 3446/3446/3446
f 3441/3441/3441 3446/3446/3446 3442/3442/3442
f 3442/3442/3442 3446/3446/3446 3448/3448/3448
f 3442/3442/3442 3448/3448/3448 3444/3444/3444
f 3443/3443/3443 3447/3447/3447 3445/3445/3445
f 3443/3443/3443 3445/3445/3445 3441/3441/3441
f 3445/3445/3445 3449/3449/3449 3450/3450/3450
f 3445/3445/3445 3450/3450/3450 3446/3446/3446
f 3446/3446/3446 3450/3450/3450 3452/3452/3452
f 3446/3446/3446 3452/3452/3452 3448/3448/3448
f 3447/3447/3447 3451/3451/3451 3449/3449/3449
f 3447/3447/3447 3449/3449/3449 3445/3445/3445
f 3449/3449/3449 3453/3453/3453 3454/3454/3454
f 3449/3449/3449 3454/3454/3454 3450/3450/3450
f 3450/3450/3450 3454/3454/3454 3456/3456/3456
f 3450/3450/3450 3456/3456/3456 3452/3452/3452
f 3451/3451/3451 3455/3455/3455 3453/3453/3453
f 3451/3451/3451 3453/3453/3453 3449/3449/3449
f 3453/3453/3453 3457/3457/3457 3458/3458/3458
f 3453/3453/3453 3458/3458/3458 3454/3454/3454
f 3454/3454/3454 3458/3458/3458 3460/3460/3460
f 3454/3454/3454 3460/3460/3460 3456/3456/3456
f 3455/3455/3455 3459/3459/3459 3457/3457/3457
f 3455/3455/3455 3457/3457/3457 3453/3453/3453
f 3457/3457/3457 3461/3461/3461 3462/3462/3462
f 3457/3457/3457 3462/3462/3462 3458/3458/3458
f 3458/3458/3458 3462/3462/3462 3464/3464/3464
f 3458/3458/3458 3464/3464/3464 3460/3460/3460
f 3459/3459/3459 3463/3463/3463 3461/3461/3461
f 3459/3459/3459 3461/3461/3461 3457/3457/3457
f 3461/3461/3461 3465/3465/3465 3466/3466/3466
f 3461/3461/3461 3466/3466/3466 3462/3462/3462
f 3462/3462/3462 3466/3466/3466 3468/3468/3468
f 3462/3462/3462 3468/3468/3468 3464/3464/3464
f 3463/3463/3463 3467/3467/3467 3465/3465/3465
f 3463/3463/3463 3465/3465/3465 3461/3461/3461
f 3465/3465/3465 3469/3469/3469 3470/3470/3470
f 3465/3465/3465 3470/3470/3470 3466/3466/3466
f 3466/3466/3466 3470/3470/3470 3472/3472/3472
f 3466/3466/3466 3472/3472/3472 3468/3468/3468
f 3467/3467/3467 3471/3471/3471 3469/3469/3469
f 3467/3467/3467 3469/3469/3469 3465/3465/3465
f 3469/3469/3469 3473/3473/3473 3474/3474/3474
f 3469/3469/3469 3474/3474/3474 3470/3470/3470
f 3470/3470/3470 3474/3474/3474 3476/3476/3476
f 3470/3470/3470 3476/3476/3476 3472/3472/3472
f 3471/3471/3471 3475/3475/3475 3473/3473/3473
f 3471/3471/3471 3473/3473/3473 3469/3469/3469
f 3473/3473/3473 3477/3477/3477 3478/3478/3478
f 3473/3473/3473 3478/3478/3478 3474/3474/3474
f 3474/3474/3474 3478/3478/3478 3480/3480/3480
f 3474/3474/3474 3480/3480/3480 3476/3476/3476
f 3475/3475/3475 3479/3479/3479 3477/3477/3477
f 3475/3475/3475 3477/3477/3477 3473/3473/3473
f 3477/3477/3477 3481/3481/3481 3482/3482/3482
f 3477/3477/3477 3482/3482/3482 3478/3478/3478
f 3478/3478/3478 3482/3482/3482 3484/3484/3484
f 3478/3478/3478 3484/3484/3484 3480/3480/3480
f 3479/3479/3479 3483/3483/3483 3481/3481/3481
f 3479/3479/3479 3481/3481/3481 3477/3477/3477
f 3481/3481/3481 3485/3485/3485 3486/3486/3486
f 3481/3481/3481 3486/3486/3486 3482/3482/3482
f 3482/3482/3482 3486/3486/3486 3488/3488/3488
f 3482/3482/3482 3488/3488/3488 3484/3484/3484
f 3483/3483/3483 3487/3487/3487 3485/3485/3485
f 3483/3483/3483 3485/3485/3485 3481/3481/3481
f 3485/3485/3485 3489/3489/3489 3490/3490/3490
f 3485/3485/3485 3490/3490/3490 3486/3486/3486
f 3486/3486/3486 3490/3490/3490 3492/3492/3492
f 3486/3486/3486 3492/3492/3492 3488/3488/3488
f 3487/3487/3487 3491/3491/3491 3489/3489/3489
f 3487/3487/3487 3489/3489/3489 3485/3485/3485
f 3489/3489/3489 3493/3493/3493 3494/3494/3494
f 3489/3489/3489 3494/3494/3494 3490/3490/3490
f 3490/3490/3490 3494/3494/3494 3496/3496/3496
f 3490/3490/3490 3496/3496/3496 3492/3492/3492
f 3491/3491/3491 3495/3495/3495 3493/3493/3493
f 3491/3491/3491 3493/3493/3493 3489/3489/3489
f 3493/3493/3493 3497/3497/3497 3498/3498/3498
f 3493/3493/3493 3498/3498/3498 3494/3494/3494
f 3494/3494/3494 3498/3498/3498 3500/3500/3500
f 3494/3494/3494 3500/3500/3500 3496/3496/3496
f 3495/3495/3495 3499/3499/3499 3497/3497/3497
f 3495/3495/3495 3497/3497/3497 3493/3493/3493
f 3497/3497/3497 3501/3501/3501 3502/3502/3502
f 3497/3497/3497 3502/3502/3502 3498/3498/3498
f 3498/3498/3498 3502/3502/3502 3504/3504/3504
f 3498/3498/3498 3504/3504/3504 3500/3500/3500
f 3499/3499/3499 3503/3503/3503 3501/3501/3501
f 3499/3499/3499 3501/3501/3501 3497/3497/3497
f 3501/3501/3501 3505/3505/3505 3506/3506/3506
f 3501/3501/3501 3506/3506/3506 3502/3502/3502
f 3502/3502/3502 3506/3506/3506 3508/3508/3508
f 3502/3502/3502 3508/3508/3508 3504/3504/3504
f 3503/3503/3503 3507/3507/3507 3505/3505/3505
f 3503/3503/3503 3505/3505/3505 3501/3501/3501
f 3505/3505/3505 3509/3509/3509 3510/3510/3510
f 3505/3505/3505 3510/3510/3510 3506/3506/3506
f 3506/3506/3506 3510/3510/3510 3512/3512/3512
f 3506/3506/3506 3512/3512/3512 3508/3508/3508
f 3507/3507/3507 3511/3511/3511 3509/3509/3509
f 3507/3507/3507 3509/3509/3509 3505/3505/3505
f 3509/3509/3509 3513/3513/3513 3514/3514/3514
f 3509/3509/3509 3514/3514/3514 3510/3510/3510
f 3510/3510/3510 3514/3514/3514 3516/3516/3516
f 3510/3510/3510 3516/3516/3516 3512/3512/3512
f 3511/3511/3511 3515/3515/3515 3513/3513/3513
f 3511/3511/3511 3513/3513/3513 3509/3509/3509
f 3513/3513/3513 3373/3373/3373 3374/3374/3374
f 3513/3513/3513 3374/3374/3374 3514/3514/3514
f 3514/3514/3514 3374/3374/3374 3376/3376/3376
f 3514/3514/3514 3376/3376/3376 3516/3516/3516
f 3515/3515/3515 3375/3375/3375 3373/3373/3373
f 3515/3515/3515 3373/3373/3373 3513/3513/3513
f 3735/3735/3735 3736/3736/3736 3737/3737/3737
f 3735/3735/3735 3737/3737/3737 3738/3738/3738
f 3739/3739/3739 3740/3740/3740 3741/3741/3741
f 3739/3739/3739 3741/3741/3741 3742/3742/3742
f 3743/3743/3743 3744/3744/3744 3745/3745/3745
f 3743/3743/3743 3745/3745/3745 3746/3746/3746
f 3747/3747/3747 3748/3748/3748 3749/3749/3749
f 3747/3747/3747 3749/3749/3749 3750/3750/3750
f 3751/3751/3751 3752/3752/3752 3753/3753/3753
f 3751/3751/3751 3753/3753/3753 3754/3754/3754
f 3755/3755/3755 3756/3756/3756 3757/3757/3757
f 3755/3755/3755 3757/3757/3757 3758/3758/3758
f 3759/3759/3759 3760/3760/3760 3761/3761/3761
f 3759/3759/3759 3761/3761/3761 3762/3762/3762
f 3763/3763/3763 3764/3764/3764 3765/3765/3765
f 3763/3763/3763 3765/3765/3765 3766/3766/3766
f 3767/3767/3767 3768/3768/3768 3769/3769/3769
f 3767/3767/3767 3769/3769/3769 3770/3770/3770
f 3771/3771/3771 3772/3772/3772 3773/3773/3773
f 3771/3771/3771 3773/3773/3773 3774/3774/3774
f 3775/3775/3775 3776/3776/3776 3777/3777/3777
f 3775/3775/3775 3777/3777/3777 3778/3778/3778
f 3779/3779/3779 3780/3780/3780 3781/3781/3781
f 3779/3779/3779 3781/3781/3781 3782/3782/3782
f 3783/3783/3783 3784/3784/3784 3785/3785/3785
f 3783/3783/3783 3785/3785/3785 3786/3786/3786
f 3787/3787/3787 3788/3788/3788 3789/3789/3789
f 3787/3787/3787 3789/3789/3789 3790/3790/3790
f 3791/3791/3791 3792/3792/3792 3793/3793/3793
f 3791/3791/3791 3793/3793/3793 3794/3794/3794
f 3795/3795/3795 3796/3796/3796 3797/3797/3797
f 3795/3795/3795 3797/3797/3797 3798/3798/3798
f 3799/3799/3799 3800/3800/3800 3801/3801/3801
f 3799/3799/3799 3801/3801/3801 3802/3802/3802
f 3803/3803/3803 3804/3804/3804 3805/3805/3805
f 3803/3803/3803 3805/3805/3805 3806/3806/3806
f 3807/3807/3807 3808/3808/3808 3809/3809/3809
f 3807/3807/3807 3809/3809/3809 3810/3810/3810
f 3811/3811/3811 3812/3812/3812 3813/3813/3813
f 3811/3811/3811 3813/3813/3813 3814/3814/3814
f 3815/3815/3815 3816/3816/3816 3817/3817/3817
f 3815/3815/3815 3817/3817/3817 3818/3818/3818
f 3819/3819/3819 3820/3820/3820 3821/3821/3821
f 3819/3819/3819 3821/3821/3821 3822/3822/3822
f 3823/3823/3823 3824/3824/3824 3825/3825/3825
f 3823/3823/3823 3825/3825/3825 3826/3826/3826
f 3827/3827/3827 3828/3828/3828 3829/3829/3829
f 3827/3827/3827 3829/3829/3829 3830/3830/3830
f 3831/3831/3831 3832/3832/3832 3833/3833/3833
f 3831/3831/3831 3833/3833/3833 3834/3834/3834
f 3835/3835/3835 3836/3836/3836 3837/3837/3837
f 3835/3835/3835 3837/3837/3837 3838/3838/3838
f 3839/3839/3839 3840/3840/3840 3841/3841/3841
f 3839/3839/3839 3841/3841/3841 3842/3842/3842
f 3843/3843/3843 3844/3844/3844 3845/3845/3845
f 3843/3843/3843 3845/3845/3845 3846/3846/3846
f 3847/3847/3847 3848/3848/3848 3849/3849/3849
f 3847/3847/3847 3849/3849/3849 3850/3850/3850
f 3851/3851/3851 3852/3852/3852 3853/3853/3853
f 3851/3851/3851 3853/3853/3853 3854/3854/3854
f 3855/3855/3855 3856/3856/3856 3857/3857/3857
f 3855/3855/3855 3857/3857/3857 3858/3858/3858
f 3859/3859/3859 3860/3860/3860 3861/3861/3861
f 3859/3859/3859 3861/3861/3861 3862/3862/3862
f 3863/3863/3863 3864/3864/3864 3865/3865/3865
f 3863/3863/3863 3865/3865/3865 3866/3866/3866
f 3867/3867/3867 3868/3868/3868 3869/3869/3869
f 3867/3867/3867 3869/3869/3869 3870/3870/3870
f 3871/3871/3871 3872/3872/3872 3873/3873/3873
f 3871/3871/3871 3873/3873/3873 3874/3874/3874
f 3875/3875/3875 3876/3876/3876 3877/3877/3877
f 3875/3875/3875 3877/3877/3877 3878/3878/3878
f 3879/3879/3879 3880/3880/3880 3881/3881/3881
f 3879/3879/3879 3881/3881/3881 3882/3882/3882
f 3883/3883/3883 3884/3884/3884 3885/3885/3885
f 3883/3883/3883 3885/3885/3885 3886/3886/3886
f 3887/3887/3887 3888/3888/3888 3889/3889/3889
f 3887/3887/3887 3889/3889/3889 3890/3890/3890
f 3891/3891/3891 3892/3892/3892 3893/3893/3893
f 3891/3891/3891 3893/3893/3893 3894/3894/3894
f 3895/3895/3895 3896/3896/3896 3897/3897/3897
f 3895/3895/3895 3897/3897/3897 3898/3898/3898
f 3899/3899/3899 3900/3900/3900 3901/3901/3901
f 3899/3899/3899 3901/3901/3901 3902/3902/3902
f 3903/3903/3903 3904/3904/3904 3905/3905/3905
f 3903/3903/3903 3905/3905/3905 3906/3906/3906
f 3907/3907/3907 3908/3908/3908 3909/3909/3909
f 3907/3907/3907 3909/3909/3909 3910/3910/3910
f 3911/3911/3911 3912/3912/3912 3913/3913/3913
f 3911/3911/3911 3913/3913/3913 3914/3914/3914
f 3915/3915/3915 3916/3916/3916 3917/3917/3917
f 3915/3915/3915 3917/3917/3917 3918/3918/3918
f 3919/3919/3919 3920/3920/3920 3921/3921/3921
f 3919/3919/3919 3921/3921/3921 3922/3922/3922
f 3923/3923/3923 3924/3924/3924 3925/3925/3925
f 3923/3923/3923 3925/3925/3925 3926/3926/3926
g Chamber_White
usemtl Chamber_White
f 1621/1621/1621 1622/1622/1622 1623/1623/1623
f 1621/1621/1621 1623/1623/1623 1624/1624/1624
f 1625/1625/1625 1626/1626/1626 1627/1627/1627
f 1625/1625/1625 1627/1627/1627 1628/1628/1628
f 1629/1629/1629 1630/1630/1630 1631/1631/1631
f 1629/1629/1629 1631/1631/1631 1632/1632/1632
f 1633/1633/1633 1634/1634/1634 1635/1635/1635
f 1633/1633/1633 1635/1635/1635 1636/1636/1636
f 1637/1637/1637 1638/1638/1638 1639/1639/1639
f 1637/1637/1637 1639/1639/1639 1640/1640/1640
f 1641/1641/1641 1642/1642/1642 1643/1643/1643
f 1641/1641/1641 1643/1643/1643 1644/1644/1644
f 1717/1717/1717 1718/1718/1718 1719/1719/1719
f 1717/1717/1717 1719/1719/1719 1720/1720/1720
f 1721/1721/1721 1722/1722/1722 1723/1723/1723
f 1721/1721/1721 1723/1723/1723 1724/1724/1724
f 1725/1725/1725 1726/1726/1726 1727/1727/1727
f 1725/1725/1725 1727/1727/1727 1728/1728/1728
f 1729/1729/1729 1730/1730/1730 1731/1731/1731
f 1729/1729/1729 1731/1731/1731 1732/1732/1732
f 1733/1733/1733 1734/1734/1734 1735/1735/1735
f 1733/1733/1733 1735/1735/1735 1736/1736/1736
f 1737/1737/1737 1738/1738/1738 1739/1739/1739
f 1737/1737/1737 1739/1739/1739 1740/1740/1740
f 1813/1813/1813 1814/1814/1814 1815/1815/1815
f 1813/1813/1813 1815/1815/1815 1816/1816/1816
f 1817/1817/1817 1818/1818/1818 1819/1819/1819
f 1817/1817/1817 1819/1819/1819 1820/1820/1820
f 1821/1821/1821 1822/1822/1822 1823/1823/1823
f 1821/1821/1821 1823/1823/1823 1824/1824/1824
f 1825/1825/1825 1826/1826/1826 1827/1827/1827
f 1825/1825/1825 1827/1827/1827 1828/1828/1828
f 1829/1829/1829 1830/1830/1830 1831/1831/1831
f 1829/1829/1829 1831/1831/1831 1832/1832/1832
f 1833/1833/1833 1834/1834/1834 1835/1835/1835
f 1833/1833/1833 1835/1835/1835 1836/1836/1836
f 1909/1909/1909 1910/1910/1910 1911/1911/1911
f 1909/1909/1909 1911/1911/1911 1912/1912/1912
f 1913/1913/1913 1914/1914/1914 1915/1915/1915
f 1913/1913/1913 1915/1915/1915 1916/1916/1916
f 1917/1917/1917 1918/1918/1918 1919/1919/1919
f 1917/1917/1917 1919/1919/1919 1920/1920/1920
f 1921/1921/1921 1922/1922/1922 1923/1923/1923
f 1921/1921/1921 1923/1923/1923 1924/1924/1924
f 1925/1925/1925 1926/1926/1926 1927/1927/1927
f 1925/1925/1925 1927/1927/1927 1928/1928/1928
f 1929/1929/1929 1930/1930/1930 1931/1931/1931
f 1929/1929/1929 1931/1931/1931 1932/1932/1932
f 2005/2005/2005 2006/2006/2006 2007/2007/2007
f 2005/2005/2005 2007/2007/2007 2008/2008/2008
f 2009/2009/2009 2010/2010/2010 2011/2011/2011
f 2009/2009/2009 2011/2011/2011 2012/2012/2012
f 2013/2013/2013 2014/2014/2014 2015/2015/2015
f 2013/2013/2013 2015/2015/2015 2016/2016/2016
f 2017/2017/2017 2018/2018/2018 2019/2019/2019
f 2017/2017/2017 2019/2019/2019 2020/2020/2020
f 2021/2021/2021 2022/2022/2022 2023/2023/2023
f 2021/2021/2021 2023/2023/2023 2024/2024/2024
f 2025/2025/2025 2026/2026/2026 2027/2027/2027
f 2025/2025/2025 2027/2027/2027 2028/2028/2028
f 2101/2101/2101 2102/2102/2102 2103/2103/2103
f 2101/2101/2101 2103/2103/2103 2104/2104/2104
f 2105/2105/2105 2106/2106/2106 2107/2107/2107
f 2105/2105/2105 2107/2107/2107 2108/2108/2108
f 2109/2109/2109 2110/2110/2110 2111/2111/2111
f 2109/2109/2109 2111/2111/2111 2112/2112/2112
f 2113/2113/2113 2114/2114/2114 2115/2115/2115
f 2113/2113/2113 2115/2115/2115 2116/2116/2116
f 2117/2117/2117 2118/2118/2118 2119/2119/2119
f 2117/2117/2117 2119/2119/2119 2120/2120/2120
f 2121/2121/2121 2122/2122/2122 2123/2123/2123
f 2121/2121/2121 2123/2123/2123 2124/2124/2124
f 2245/2245/2245 2246/2246/2246 2247/2247/2247
f 2245/2245/2245 2247/2247/2247 2248/2248/2248
f 2249/2249/2249 2250/2250/2250 2251/2251/2251
f 2249/2249/2249 2251/2251/2251 2252/2252/2252
f 2253/2253/2253 2254/2254/2254 2255/2255/2255
f 2253/2253/2253 2255/2255/2255 2256/2256/2256
f 2257/2257/2257 2258/2258/2258 2259/2259/2259
f 2257/2257/2257 2259/2259/2259 2260/2260/2260
f 2261/2261/2261 2262/2262/2262 2263/2263/2263
f 2261/2261/2261 2263/2263/2263 2264/2264/2264
f 2265/2265/2265 2266/2266/2266 2267/2267/2267
f 2265/2265/2265 2267/2267/2267 2268/2268/2268
f 2269/2269/2269 2270/2270/2270 2271/2271/2271
f 2269/2269/2269 2271/2271/2271 2272/2272/2272
f 2273/2273/2273 2274/2274/2274 2275/2275/2275
f 2273/2273/2273 2275/2275/2275 2276/2276/2276
f 2277/2277/2277 2278/2278/2278 2279/2279/2279
f 2277/2277/2277 2279/2279/2279 2280/2280/2280
f 2281/2281/2281 2282/2282/2282 2283/2283/2283
f 2281/2281/2281 2283/2283/2283 2284/2284/2284
f 2285/2285/2285 2286/2286/2286 2287/2287/2287
f 2285/2285/2285 2287/2287/2287 2288/2288/2288
f 2289/2289/2289 2290/2290/2290 2291/2291/2291
f 2289/2289/2289 2291/2291/2291 2292/2292/2292
g Chamber_Glass
usemtl Chamber_Glass
f 2365/2365/2365 2366/2366/2366 2367/2367/2367
f 2365/2365/2365 2367/2367/2367 2368/2368/2368
f 2369/2369/2369 2370/2370/2370 2371/2371/2371
f 2369/2369/2369 2371/2371/2371 2372/2372/2372
f 2373/2373/2373 2374/2374/2374 2375/2375/2375
f 2373/2373/2373 2375/2375/2375 2376/2376/2376
f 2377/2377/2377 2378/2378/2378 2379/2379/2379
f 2377/2377/2377 2379/2379/2379 2380/2380/2380
f 2381/2381/2381 2382/2382/2382 2383/2383/2383
f 2381/2381/2381 2383/2383/2383 2384/2384/2384
f 2385/2385/2385 2386/2386/2386 2387/2387/2387
f 2385/2385/2385 2387/2387/2387 2388/2388/2388
f 2461/2461/2461 2462/2462/2462 2463/2463/2463
f 2461/2461/2461 2463/2463/2463 2464/2464/2464
f 2465/2465/2465 2466/2466/2466 2467/2467/2467
f 2465/2465/2465 2467/2467/2467 2468/2468/2468
f 2469/2469/2469 2470/2470/2470 2471/2471/2471
f 2469/2469/2469 2471/2471/2471 2472/2472/2472
f 2473/2473/2473 2474/2474/2474 2475/2475/2475
f 2473/2473/2473 2475/2475/2475 2476/2476/2476
f 2477/2477/2477 2478/2478/2478 2479/2479/2479
f 2477/2477/2477 2479/2479/2479 2480/2480/2480
f 2481/2481/2481 2482/2482/2482 2483/2483/2483
f 2481/2481/2481 2483/2483/2483 2484/2484/2484
f 2557/2557/2557 2558/2558/2558 2559/2559/2559
f 2557/2557/2557 2559/2559/2559 2560/2560/2560
f 2561/2561/2561 2562/2562/2562 2563/2563/2563
f 2561/2561/2561 2563/2563/2563 2564/2564/2564
f 2565/2565/2565 2566/2566/2566 2567/2567/2567
f 2565/2565/2565 2567/2567/2567 2568/2568/2568
f 2569/2569/2569 2570/2570/2570 2571/2571/2571
f 2569/2569/2569 2571/2571/2571 2572/2572/2572
f 2573/2573/2573 2574/2574/2574 2575/2575/2575
f 2573/2573/2573 2575/2575/2575 2576/2576/2576
f 2577/2577/2577 2578/2578/2578 2579/2579/2579
f 2577/2577/2577 2579/2579/2579 2580/2580/2580
f 2653/2653/2653 2654/2654/2654 2655/2655/2655
f 2653/2653/2653 2655/2655/2655 2656/2656/2656
f 2657/2657/2657 2658/2658/2658 2659/2659/2659
f 2657/2657/2657 2659/2659/2659 2660/2660/2660
f 2661/2661/2661 2662/2662/2662 2663/2663/2663
f 2661/2661/2661 2663/2663/2663 2664/2664/2664
f 2665/2665/2665 2666/2666/2666 2667/2667/2667
f 2665/2665/2665 2667/2667/2667 2668/2668/2668
f 2669/2669/2669 2670/2670/2670 2671/2671/2671
f 2669/2669/2669 2671/2671/2671 2672/2672/2672
f 2673/2673/2673 2674/2674/2674 2675/2675/2675
f 2673/2673/2673 2675/2675/2675 2676/2676/2676
f 2749/2749/2749 2750/2750/2750 2751/2751/2751
f 2749/2749/2749 2751/2751/2751 2752/2752/2752
f 2753/2753/2753 2754/2754/2754 2755/2755/2755
f 2753/2753/2753 2755/2755/2755 2756/2756/2756
f 2757/2757/2757 2758/2758/2758 2759/2759/2759
f 2757/2757/2757 2759/2759/2759 2760/2760/2760
f 2761/2761/2761 2762/2762/2762 2763/2763/2763
f 2761/2761/2761 2763/2763/2763 2764/2764/2764
f 2765/2765/2765 2766/2766/2766 2767/2767/2767
f 2765/2765/2765 2767/2767/2767 2768/2768/2768
f 2769/2769/2769 2770/2770/2770 2771/2771/2771
f 2769/2769/2769 2771/2771/2771 2772/2772/2772
f 2845/2845/2845 2846/2846/2846 2847/2847/2847
f 2845/2845/2845 2847/2847/2847 2848/2848/2848
f 2849/2849/2849 2850/2850/2850 2851/2851/2851
f 2849/2849/2849 2851/2851/2851 2852/2852/2852
f 2853/2853/2853 2854/2854/2854 2855/2855/2855
f 2853/2853/2853 2855/2855/2855 2856/2856/2856
f 2857/2857/2857 2858/2858/2858 2859/2859/2859
f 2857/2857/2857 2859/2859/2859 2860/2860/2860
f 2861/2861/2861 2862/2862/2862 2863/2863/2863
f 2861/2861/2861 2863/2863/2863 2864/2864/2864
f 2865/2865/2865 2866/2866/2866 2867/2867/2867
f 2865/2865/2865 2867/2867/2867 2868/2868/2868
f 2941/2941/2941 2942/2942/2942 2943/2943/2943
f 2941/2941/2941 2943/2943/2943 2944/2944/2944
f 2945/2945/2945 2946/2946/2946 2947/2947/2947
f 2945/2945/2945 2947/2947/2947 2948/2948/2948
f 2949/2949/2949 2950/2950/2950 2951/2951/2951
f 2949/2949/2949 2951/2951/2951 2952/2952/2952
f 2953/2953/2953 2954/2954/2954 2955/2955/2955
f 2953/2953/2953 2955/2955/2955 2956/2956/2956
f 2957/2957/2957 2958/2958/2958 2959/2959/2959
f 2957/2957/2957 2959/2959/2959 2960/2960/2960
f 2961/2961/2961 2962/2962/2962 2963/2963/2963
f 2961/2961/2961 2963/2963/2963 2964/2964/2964
f 3037/3037/3037 3038/3038/3038 3039/3039/3039
f 3037/3037/3037 3039/3039/3039 3040/3040/3040
f 3041/3041/3041 3042/3042/3042 3043/3043/3043
f 3041/3041/3041 3043/3043/3043 3044/3044/3044
f 3045/3045/3045 3046/3046/3046 3047/3047/3047
f 3045/3045/3045 3047/3047/3047 3048/3048/3048
f 3049/3049/3049 3050/3050/3050 3051/3051/3051
f 3049/3049/3049 3051/3051/3051 3052/3052/3052
f 3053/3053/3053 3054/3054/3054 3055/3055/3055
f 3053/3053/3053 3055/3055/3055 3056/3056/3056
f 3057/3057/3057 3058/3058/3058 3059/3059/3059
f 3057/3057/3057 3059/3059/3059 3060/3060/3060
f 3133/3133/3133 3134/3134/3134 3135/3135/3135
f 3133/3133/3133 3135/3135/3135 3136/3136/3136
f 3137/3137/3137 3138/3138/3138 3139/3139/3139
f 3137/3137/3137 3139/3139/3139 3140/3140/3140
f 3141/3141/3141 3142/3142/3142 3143/3143/3143
f 3141/3141/3141 3143/3143/3143 3144/3144/3144
f 3145/3145/3145 3146/3146/3146 3147/3147/3147
f 3145/3145/3145 3147/3147/3147 3148/3148/3148
f 3149/3149/3149 3150/3150/3150 3151/3151/3151
f 3149/3149/3149 3151/3151/3151 3152/3152/3152
f 3153/3153/3153 3154/3154/3154 3155/3155/3155
f 3153/3153/3153 3155/3155/3155 3156/3156/3156
f 3661/3661/3661 3665/3665/3665 3663/3663/3663
f 3662/3662/3662 3664/3664/3664 3666/3666/3666
f 3663/3663/3663 3665/3665/3665 3666/3666/3666
f 3663/3663/3663 3666/3666/3666 3664/3664/3664
f 3661/3661/3661 3667/3667/3667 3665/3665/3665
f 3662/3662/3662 3666/3666/3666 3668/3668/3668
f 3665/3665/3665 3667/3667/3667 3668/3668/3668
f 3665/3665/3665 3668/3668/3668 3666/3666/3666
f 3661/3661/3661 3669/3669/3669 3667/3667/3667
f 3662/3662/3662 3668/3668/3668 3670/3670/3670
f 3667/3667/3667 3669/3669/3669 3670/3670/3670
f 3667/3667/3667 3670/3670/3670 3668/3668/3668
f 3661/3661/3661 3671/3671/3671 3669/3669/3669
f 3662/3662/3662 3670/3670/3670 3672/3672/3672
f 3669/3669/3669 3671/3671/3671 3672/3672/3672
f 3669/3669/3669 3672/3672/3672 3670/3670/3670
f 3661/3661/3661 3673/3673/3673 3671/3671/3671
f 3662/3662/3662 3672/3672/3672 3674/3674/3674
f 3671/3671/3671 3673/3673/3673 3674/3674/3674
f 3671/3671/3671 3674/3674/3674 3672/3672/3672
f 3661/3661/3661 3675/3675/3675 3673/3673/3673
f 3662/3662/3662 3674/3674/3674 3676/3676/3676
f 3673/3673/3673 3675/3675/3675 3676/3676/3676
f 3673/3673/3673 3676/3676/3676 3674/3674/3674
f 3661/3661/3661 3677/3677/3677 3675/3675/3675
f 3662/3662/3662 3676/3676/3676 3678/3678/3678
f 3675/3675/3675 3677/3677/3677 3678/3678/3678
f 3675/3675/3675 3678/3678/3678 3676/3676/3676
f 3661/3661/3661 3679/3679/3679 3677/3677/3677
f 3662/3662/3662 3678/3678/3678 3680/3680/3680
f 3677/3677/3677 3679/3679/3679 3680/3680/3680
f 3677/3677/3677 3680/3680/3680 3678/3678/3678
f 3661/3661/3661 3681/3681/3681 3679/3679/3679
f 3662/3662/3662 3680/3680/3680 3682/3682/3682
f 3679/3679/3679 3681/3681/3681 3682/3682/3682
f 3679/3679/3679 3682/3682/3682 3680/3680/3680
f 3661/3661/3661 3683/3683/3683 3681/3681/3681
f 3662/3662/3662 3682/3682/3682 3684/3684/3684
f 3681/3681/3681 3683/3683/3683 3684/3684/3684
f 3681/3681/3681 3684/3684/3684 3682/3682/3682
f 3661/3661/3661 3685/3685/3685 3683/3683/3683
f 3662/3662/3662 3684/3684/3684 3686/3686/3686
f 3683/3683/3683 3685/3685/3685 3686/3686/3686
f 3683/3683/3683 3686/3686/3686 3684/3684/3684
f 3661/3661/3661 3687/3687/3687 3685/3685/3685
f 3662/3662/3662 3686/3686/3686 3688/3688/3688
f 3685/3685/3685 3687/3687/3687 3688/3688/3688
f 3685/3685/3685 3688/3688/3688 3686/3686/3686
f 3661/3661/3661 3689/3689/3689 3687/3687/3687
f 3662/3662/3662 3688/3688/3688 3690/3690/3690
f 3687/3687/3687 3689/3689/3689 3690/3690/3690
f 3687/3687/3687 3690/3690/3690 3688/3688/3688
f 3661/3661/3661 3691/3691/3691 3689/3689/3689
f 3662/3662/3662 3690/3690/3690 3692/3692/3692
f 3689/3689/3689 3691/3691/3691 3692/3692/3692
f 3689/3689/3689 3692/3692/3692 3690/3690/3690
f 3661/3661/3661 3693/3693/3693 3691/3691/3691
f 3662/3662/3662 3692/3692/3692 3694/3694/3694
f 3691/3691/3691 3693/3693/3693 3694/3694/3694
f 3691/3691/3691 3694/3694/3694 3692/3692/3692
f 3661/3661/3661 3695/3695/3695 3693/3693/3693
f 3662/3662/3662 3694/3694/3694 3696/3696/3696
f 3693/3693/3693 3695/3695/3695 3696/3696/3696
f 3693/3693/3693 3696/3696/3696 3694/3694/3694
f 3661/3661/3661 3697/3697/3697 3695/3695/3695
f 3662/3662/3662 3696/3696/3696 3698/3698/3698
f 3695/3695/3695 3697/3697/3697 3698/3698/3698
f 3695/3695/3695 3698/3698/3698 3696/3696/3696
f 3661/3661/3661 3699/3699/3699 3697/3697/3697
f 3662/3662/3662 3698/3698/3698 3700/3700/3700
f 3697/3697/3697 3699/3699/3699 3700/3700/3700
f 3697/3697/3697 3700/3700/3700 3698/3698/3698
f 3661/3661/3661 3701/3701/3701 3699/3699/3699
f 3662/3662/3662 3700/3700/3700 3702/3702/3702
f 3699/3699/3699 3701/3701/3701 3702/3702/3702
f 3699/3699/3699 3702/3702/3702 3700/3700/3700
f 3661/3661/3661 3703/3703/3703 3701/3701/3701
f 3662/3662/3662 3702/3702/3702 3704/3704/3704
f 3701/3701/3701 3703/3703/3703 3704/3704/3704
f 3701/3701/3701 3704/3704/3704 3702/3702/3702
f 3661/3661/3661 3705/3705/3705 3703/3703/3703
f 3662/3662/3662 3704/3704/3704 3706/3706/3706
f 3703/3703/3703 3705/3705/3705 3706/3706/3706
f 3703/3703/3703 3706/3706/3706 3704/3704/3704
f 3661/3661/3661 3707/3707/3707 3705/3705/3705
f 3662/3662/3662 3706/3706/3706 3708/3708/3708
f 3705/3705/3705 3707/3707/3707 3708/3708/3708
f 3705/3705/3705 3708/3708/3708 3706/3706/3706
f 3661/3661/3661 3709/3709/3709 3707/3707/3707
f 3662/3662/3662 3708/3708/3708 3710/3710/3710
f 3707/3707/3707 3709/3709/3709 3710/3710/3710
f 3707/3707/3707 3710/3710/3710 3708/3708/3708
f 3661/3661/3661 3711/3711/3711 3709/3709/3709
f 3662/3662/3662 3710/3710/3710 3712/3712/3712
f 3709/3709/3709 3711/3711/3711 3712/3712/3712
f 3709/3709/3709 3712/3712/3712 3710/3710/3710
f 3661/3661/3661 3713/3713/3713 3711/3711/3711
f 3662/3662/3662 3712/3712/3712 3714/3714/3714
f 3711/3711/3711 3713/3713/3713 3714/3714/3714
f 3711/3711/3711 3714/3714/3714 3712/3712/3712
f 3661/3661/3661 3715/3715/3715 3713/3713/3713
f 3662/3662/3662 3714/3714/3714 3716/3716/3716
f 3713/3713/3713 3715/3715/3715 3716/3716/3716
f 3713/3713/3713 3716/3716/3716 3714/3714/3714
f 3661/3661/3661 3717/3717/3717 3715/3715/3715
f 3662/3662/3662 3716/3716/3716 3718/3718/3718
f 3715/3715/3715 3717/3717/3717 3718/3718/3718
f 3715/3715/3715 3718/3718/3718 3716/3716/3716
f 3661/3661/3661 3719/3719/3719 3717/3717/3717
f 3662/3662/3662 3718/3718/3718 3720/3720/3720
f 3717/3717/3717 3719/3719/3719 3720/3720/3720
f 3717/3717/3717 3720/3720/3720 3718/3718/3718
f 3661/3661/3661 3721/3721/3721 3719/3719/3719
f 3662/3662/3662 3720/3720/3720 3722/3722/3722
f 3719/3719/3719 3721/3721/3721 3722/3722/3722
f 3719/3719/3719 3722/3722/3722 3720/3720/3720
f 3661/3661/3661 3723/3723/3723 3721/3721/3721
f 3662/3662/3662 3722/3722/3722 3724/3724/3724
f 3721/3721/3721 3723/3723/3723 3724/3724/3724
f 3721/3721/3721 3724/3724/3724 3722/3722/3722
f 3661/3661/3661 3725/3725/3725 3723/3723/3723
f 3662/3662/3662 3724/3724/3724 3726/3726/3726
f 3723/3723/3723 3725/3725/3725 3726/3726/3726
f 3723/3723/3723 3726/3726/3726 3724/3724/3724
f 3661/3661/3661 3727/3727/3727 3725/3725/3725
f 3662/3662/3662 3726/3726/3726 3728/3728/3728
f 3725/3725/3725 3727/3727/3727 3728/3728/3728
f 3725/3725/3725 3728/3728/3728 3726/3726/3726
f 3661/3661/3661 3729/3729/3729 3727/3727/3727
f 3662/3662/3662 3728/3728/3728 3730/3730/3730
f 3727/3727/3727 3729/3729/3729 3730/3730/3730
f 3727/3727/3727 3730/3730/3730 3728/3728/3728
f 3661/3661/3661 3731/3731/3731 3729/3729/3729
f 3662/3662/3662 3730/3730/3730 3732/3732/3732
f 3729/3729/3729 3731/3731/3731 3732/3732/3732
f 3729/3729/3729 3732/3732/3732 3730/3730/3730
f 3661/3661/3661 3733/3733/3733 3731/3731/3731
f 3662/3662/3662 3732/3732/3732 3734/3734/3734
f 3731/3731/3731 3733/3733/3733 3734/3734/3734
f 3731/3731/3731 3734/3734/3734 3732/3732/3732
f 3661/3661/3661 3663/3663/3663 3733/3733/3733
f 3662/3662/3662 3734/3734/3734 3664/3664/3664
f 3733/3733/3733 3663/3663/3663 3664/3664/3664
f 3733/3733/3733 3664/3664/3664 3734/3734/3734
